sample_path,sample_name,true_label,true_label_idx,pred_label,pred_label_idx,prob_cancer,prob_normal
Epithelial_cells_7_1_2_2900_500_500/train/cancer/tlung__ACTGAACAGTGGTAGC_LUNG_T19/vectors,vectors,cancer,0,cancer,0,0.6466276049613953,0.35337239503860474
Epithelial_cells_7_1_2_2900_500_500/train/cancer/tlung__GACGTTATCCCAACGG_LUNG_T28/vectors,vectors,cancer,0,cancer,0,0.8281410932540894,0.17185890674591064
Epithelial_cells_7_1_2_2900_500_500/train/cancer/tlung__AACGTTGGTAGCTTGT_LUNG_T20/vectors,vectors,cancer,0,cancer,0,0.6731649041175842,0.32683518528938293
Epithelial_cells_7_1_2_2900_500_500/train/cancer/tlung__TCAGATGCAGACTCGC_LUNG_T28/vectors,vectors,cancer,0,cancer,0,0.850235641002655,0.14976437389850616
Epithelial_cells_7_1_2_2900_500_500/train/cancer/tlung__ACATGGTAGTCCCACG_LUNG_T18/vectors,vectors,cancer,0,cancer,0,0.8106851577758789,0.18931491672992706
Epithelial_cells_7_1_2_2900_500_500/train/cancer/tlung__TGGCCAGCAGCTGTGC_LUNG_T28/vectors,vectors,cancer,0,cancer,0,0.8296473622322083,0.17035266757011414
Epithelial_cells_7_1_2_2900_500_500/train/cancer/tlung__CACACAAAGAGCTGGT_LUNG_T06/vectors,vectors,cancer,0,cancer,0,0.7264255881309509,0.2735744118690491
Epithelial_cells_7_1_2_2900_500_500/train/cancer/tlung__CCTTCCCTCGGAGCAA_LUNG_T06/vectors,vectors,cancer,0,cancer,0,0.7606507539749146,0.239349365234375
Epithelial_cells_7_1_2_2900_500_500/train/cancer/tlung__AAATGCCTCGGCTTGG_LUNG_T20/vectors,vectors,cancer,0,cancer,0,0.7732805609703064,0.2267194241285324
Epithelial_cells_7_1_2_2900_500_500/train/cancer/tlung__CGGACTGGTGAAGGCT_LUNG_T06/vectors,vectors,cancer,0,cancer,0,0.5268905162811279,0.4731094539165497
Epithelial_cells_7_1_2_2900_500_500/train/cancer/tlung__AGAATAGGTACAGTTC_LUNG_T06/vectors,vectors,cancer,0,normal,1,0.35222962498664856,0.6477704048156738
Epithelial_cells_7_1_2_2900_500_500/train/cancer/tlung__TTCGGTCTCGGATGTT_LUNG_T18/vectors,vectors,cancer,0,cancer,0,0.7525812387466431,0.24741874635219574
Epithelial_cells_7_1_2_2900_500_500/train/cancer/tlung__TCGAGGCGTGTTGAGG_LUNG_T18/vectors,vectors,cancer,0,cancer,0,0.7383626103401184,0.2616373896598816
Epithelial_cells_7_1_2_2900_500_500/train/cancer/tlung__GAAATGATCTCTTATG_LUNG_T20/vectors,vectors,cancer,0,cancer,0,0.5487339496612549,0.4512660801410675
Epithelial_cells_7_1_2_2900_500_500/train/cancer/tlung__AACACGTGTTGTTTGG_LUNG_T18/vectors,vectors,cancer,0,cancer,0,0.7727665901184082,0.22723346948623657
Epithelial_cells_7_1_2_2900_500_500/train/cancer/tlung__AGGGTGAAGAATCTCC_LUNG_T30/vectors,vectors,cancer,0,cancer,0,0.7523084282875061,0.24769160151481628
Epithelial_cells_7_1_2_2900_500_500/train/cancer/tlung__GGCAATTCACCTCGGA_LUNG_T30/vectors,vectors,cancer,0,cancer,0,0.653541624546051,0.346458375453949
Epithelial_cells_7_1_2_2900_500_500/train/cancer/tlung__CGATTGAAGCACAGGT_LUNG_T28/vectors,vectors,cancer,0,cancer,0,0.7568520903587341,0.24314787983894348
Epithelial_cells_7_1_2_2900_500_500/train/cancer/tlung__CCTTCGAAGGCTCATT_LUNG_T30/vectors,vectors,cancer,0,normal,1,0.4985962212085724,0.50140380859375
Epithelial_cells_7_1_2_2900_500_500/train/cancer/tlung__CAAGATCAGTTGAGTA_LUNG_T06/vectors,vectors,cancer,0,cancer,0,0.7978523373603821,0.2021477222442627
Epithelial_cells_7_1_2_2900_500_500/train/cancer/tlung__CGTGTCTCATTACCTT_LUNG_T30/vectors,vectors,cancer,0,cancer,0,0.663205623626709,0.3367944657802582
Epithelial_cells_7_1_2_2900_500_500/train/cancer/tlung__TGACAACTCTGATTCT_LUNG_T20/vectors,vectors,cancer,0,cancer,0,0.7913780212402344,0.20862196385860443
Epithelial_cells_7_1_2_2900_500_500/train/cancer/tlung__GGTGAAGTCGGCATCG_LUNG_T30/vectors,vectors,cancer,0,cancer,0,0.502532958984375,0.4974670708179474
Epithelial_cells_7_1_2_2900_500_500/train/cancer/tlung__CTCATTACAGTAAGAT_LUNG_T28/vectors,vectors,cancer,0,cancer,0,0.8150669932365417,0.18493305146694183
Epithelial_cells_7_1_2_2900_500_500/train/cancer/tlung__CGATTGAAGGCATTGG_LUNG_T19/vectors,vectors,cancer,0,cancer,0,0.6805868148803711,0.3194132149219513
Epithelial_cells_7_1_2_2900_500_500/train/cancer/tlung__GACCAATGTTCGGGCT_LUNG_T18/vectors,vectors,cancer,0,cancer,0,0.8021489977836609,0.19785098731517792
Epithelial_cells_7_1_2_2900_500_500/train/cancer/tlung__GTTCATTAGCTACCGC_LUNG_T18/vectors,vectors,cancer,0,cancer,0,0.7029635310173035,0.29703646898269653
Epithelial_cells_7_1_2_2900_500_500/train/cancer/tlung__CGCGGTAAGCTAGGCA_LUNG_T18/vectors,vectors,cancer,0,cancer,0,0.7041856050491333,0.2958144247531891
Epithelial_cells_7_1_2_2900_500_500/train/cancer/tlung__CGAGAAGGTTATCCGA_LUNG_T20/vectors,vectors,cancer,0,cancer,0,0.7549149990081787,0.24508503079414368
Epithelial_cells_7_1_2_2900_500_500/train/cancer/tlung__ATAAGAGGTTCATGGT_LUNG_T09/vectors,vectors,cancer,0,cancer,0,0.6433013081550598,0.3566987216472626
Epithelial_cells_7_1_2_2900_500_500/train/cancer/tlung__CCCATACCACTACAGT_LUNG_T20/vectors,vectors,cancer,0,cancer,0,0.8287137150764465,0.17128632962703705
Epithelial_cells_7_1_2_2900_500_500/train/cancer/tlung__TATGCCCCAACAACCT_LUNG_T19/vectors,vectors,cancer,0,cancer,0,0.75837641954422,0.24162358045578003
Epithelial_cells_7_1_2_2900_500_500/train/cancer/tlung__GCGACCAAGGCCCGTT_LUNG_T09/vectors,vectors,cancer,0,cancer,0,0.5832329988479614,0.4167669713497162
Epithelial_cells_7_1_2_2900_500_500/train/cancer/tlung__ACGAGGAGTCTAAAGA_LUNG_T18/vectors,vectors,cancer,0,cancer,0,0.882529079914093,0.11747085303068161
Epithelial_cells_7_1_2_2900_500_500/train/cancer/tlung__TTTCCTCTCAGTCAGT_LUNG_T30/vectors,vectors,cancer,0,cancer,0,0.6872365474700928,0.31276342272758484
Epithelial_cells_7_1_2_2900_500_500/train/cancer/tlung__TAGTGGTCAGCTGTAT_LUNG_T18/vectors,vectors,cancer,0,cancer,0,0.8048281073570251,0.19517187774181366
Epithelial_cells_7_1_2_2900_500_500/train/cancer/tlung__CTGCGGAAGTATCTCG_LUNG_T06/vectors,vectors,cancer,0,cancer,0,0.7115312218666077,0.2884688675403595
Epithelial_cells_7_1_2_2900_500_500/train/cancer/tlung__ACCTTTAAGTCGCCGT_LUNG_T09/vectors,vectors,cancer,0,cancer,0,0.6356465816497803,0.36435338854789734
Epithelial_cells_7_1_2_2900_500_500/train/cancer/tlung__GTACTCCGTAAGGATT_LUNG_T18/vectors,vectors,cancer,0,cancer,0,0.6818857192993164,0.318114310503006
Epithelial_cells_7_1_2_2900_500_500/train/cancer/tlung__GGAATAACAAATTGCC_LUNG_T06/vectors,vectors,cancer,0,cancer,0,0.6020030379295349,0.3979968726634979
Epithelial_cells_7_1_2_2900_500_500/train/cancer/tlung__CGTCCATAGAAACCTA_LUNG_T20/vectors,vectors,cancer,0,cancer,0,0.8019552230834961,0.1980447918176651
Epithelial_cells_7_1_2_2900_500_500/train/cancer/tlung__CCGTTCATCCTAAGTG_LUNG_T30/vectors,vectors,cancer,0,cancer,0,0.7042109966278076,0.2957890033721924
Epithelial_cells_7_1_2_2900_500_500/train/cancer/tlung__CATTCGCGTTACTGAC_LUNG_T30/vectors,vectors,cancer,0,cancer,0,0.8383491635322571,0.16165082156658173
Epithelial_cells_7_1_2_2900_500_500/train/cancer/tlung__GTTAAGCGTTGGTAAA_LUNG_T28/vectors,vectors,cancer,0,cancer,0,0.7272254228591919,0.2727745771408081
Epithelial_cells_7_1_2_2900_500_500/train/cancer/tlung__GTGCTTCCACCTCGGA_LUNG_T06/vectors,vectors,cancer,0,cancer,0,0.7194576263427734,0.2805424630641937
Epithelial_cells_7_1_2_2900_500_500/train/cancer/tlung__CTAATGGTCGCGGATC_LUNG_T30/vectors,vectors,cancer,0,cancer,0,0.7148769497871399,0.2851230800151825
Epithelial_cells_7_1_2_2900_500_500/train/cancer/tlung__AGTGAGGGTCATACTG_LUNG_T28/vectors,vectors,cancer,0,cancer,0,0.7223067283630371,0.2776932716369629
Epithelial_cells_7_1_2_2900_500_500/train/cancer/tlung__GGCGACTGTTTACTCT_LUNG_T18/vectors,vectors,cancer,0,cancer,0,0.6542046666145325,0.34579530358314514
Epithelial_cells_7_1_2_2900_500_500/train/cancer/tlung__TCAGCTCTCTCTGCTG_LUNG_T18/vectors,vectors,cancer,0,cancer,0,0.7955191731452942,0.2044808566570282
Epithelial_cells_7_1_2_2900_500_500/train/cancer/tlung__TCAGGTACAGAGCCAA_LUNG_T30/vectors,vectors,cancer,0,cancer,0,0.7903280854225159,0.20967188477516174
Epithelial_cells_7_1_2_2900_500_500/train/cancer/tlung__CAGGTGCAGTGGCACA_LUNG_T19/vectors,vectors,cancer,0,cancer,0,0.582164466381073,0.4178355634212494
Epithelial_cells_7_1_2_2900_500_500/train/cancer/tlung__GAACGGAAGCACACAG_LUNG_T19/vectors,vectors,cancer,0,cancer,0,0.5130585432052612,0.4869414269924164
Epithelial_cells_7_1_2_2900_500_500/train/cancer/tlung__CGCGGTACACCAGGTC_LUNG_T20/vectors,vectors,cancer,0,cancer,0,0.7674720883369446,0.2325279265642166
Epithelial_cells_7_1_2_2900_500_500/train/cancer/tlung__CTGCGGATCAGCTCTC_LUNG_T19/vectors,vectors,cancer,0,cancer,0,0.5874993801116943,0.4125005900859833
Epithelial_cells_7_1_2_2900_500_500/train/cancer/tlung__TTCGAAGTCAGGCAAG_LUNG_T20/vectors,vectors,cancer,0,cancer,0,0.6936545372009277,0.30634546279907227
Epithelial_cells_7_1_2_2900_500_500/train/cancer/tlung__GACGTTATCGTTACGA_LUNG_T20/vectors,vectors,cancer,0,cancer,0,0.6527119278907776,0.34728798270225525
Epithelial_cells_7_1_2_2900_500_500/train/cancer/tlung__TCAACGAGTAGCCTAT_LUNG_T30/vectors,vectors,cancer,0,cancer,0,0.7151753902435303,0.28482457995414734
Epithelial_cells_7_1_2_2900_500_500/train/cancer/tlung__GGACGTCTCACTGGGC_LUNG_T18/vectors,vectors,cancer,0,cancer,0,0.6478817462921143,0.35211825370788574
Epithelial_cells_7_1_2_2900_500_500/train/cancer/tlung__AGTAGTCCAACACCTA_LUNG_T28/vectors,vectors,cancer,0,cancer,0,0.7848761081695557,0.21512393653392792
Epithelial_cells_7_1_2_2900_500_500/train/cancer/tlung__TGAGGGAAGACGACGT_LUNG_T18/vectors,vectors,cancer,0,cancer,0,0.7666869163513184,0.23331308364868164
Epithelial_cells_7_1_2_2900_500_500/train/cancer/tlung__GCAATCATCCCAAGAT_LUNG_T30/vectors,vectors,cancer,0,cancer,0,0.6022078394889832,0.39779219031333923
Epithelial_cells_7_1_2_2900_500_500/train/cancer/tlung__TACACGACATGTAAGA_LUNG_T19/vectors,vectors,cancer,0,cancer,0,0.7159953117370605,0.2840047776699066
Epithelial_cells_7_1_2_2900_500_500/train/cancer/tlung__CTCTGGTGTCTCCATC_LUNG_T28/vectors,vectors,cancer,0,cancer,0,0.7960349321365356,0.20396506786346436
Epithelial_cells_7_1_2_2900_500_500/train/cancer/tlung__CCCAGTTGTGTAAGTA_LUNG_T30/vectors,vectors,cancer,0,cancer,0,0.6816737651824951,0.3183261752128601
Epithelial_cells_7_1_2_2900_500_500/train/cancer/tlung__ACGTCAACACGGCGTT_LUNG_T30/vectors,vectors,cancer,0,cancer,0,0.7420480847358704,0.257951945066452
Epithelial_cells_7_1_2_2900_500_500/train/cancer/tlung__CATGACAGTACGCTGC_LUNG_T19/vectors,vectors,cancer,0,cancer,0,0.7662936449050903,0.23370636999607086
Epithelial_cells_7_1_2_2900_500_500/train/cancer/tlung__TGAGCCGAGGTTCCTA_LUNG_T18/vectors,vectors,cancer,0,cancer,0,0.792865514755249,0.20713451504707336
Epithelial_cells_7_1_2_2900_500_500/train/cancer/tlung__TCTTTCCGTCAGAGGT_LUNG_T09/vectors,vectors,cancer,0,normal,1,0.4162032902240753,0.5837966203689575
Epithelial_cells_7_1_2_2900_500_500/train/cancer/tlung__GGCCGATGTGTGGCTC_LUNG_T30/vectors,vectors,cancer,0,cancer,0,0.6044572591781616,0.395542711019516
Epithelial_cells_7_1_2_2900_500_500/train/cancer/tlung__CTCATTACATTGAGCT_LUNG_T06/vectors,vectors,cancer,0,cancer,0,0.6004812717437744,0.39951878786087036
Epithelial_cells_7_1_2_2900_500_500/train/cancer/tlung__GGCGACTCAGCTGTTA_LUNG_T28/vectors,vectors,cancer,0,cancer,0,0.7521036267280579,0.24789640307426453
Epithelial_cells_7_1_2_2900_500_500/train/cancer/tlung__TGGGCGTCACTCAGGC_LUNG_T06/vectors,vectors,cancer,0,cancer,0,0.8269389867782593,0.17306096851825714
Epithelial_cells_7_1_2_2900_500_500/train/cancer/tlung__AAAGCAACAAGGTGTG_LUNG_T20/vectors,vectors,cancer,0,cancer,0,0.7440757155418396,0.25592437386512756
Epithelial_cells_7_1_2_2900_500_500/train/cancer/tlung__TCTGGAAGTCATGCCG_LUNG_T18/vectors,vectors,cancer,0,cancer,0,0.7740715146064758,0.22592857480049133
Epithelial_cells_7_1_2_2900_500_500/train/cancer/tlung__CTAAGACAGCCCAACC_LUNG_T20/vectors,vectors,cancer,0,cancer,0,0.8486118316650391,0.15138815343379974
Epithelial_cells_7_1_2_2900_500_500/train/cancer/tlung__CGGACACTCTGTCTAT_LUNG_T20/vectors,vectors,cancer,0,cancer,0,0.7918211221694946,0.20817893743515015
Epithelial_cells_7_1_2_2900_500_500/train/cancer/tlung__ACTGCTCGTTACGACT_LUNG_T30/vectors,vectors,cancer,0,normal,1,0.4774323105812073,0.5225676894187927
Epithelial_cells_7_1_2_2900_500_500/train/cancer/tlung__CGATCGGCACGACGAA_LUNG_T28/vectors,vectors,cancer,0,cancer,0,0.5807384848594666,0.41926154494285583
Epithelial_cells_7_1_2_2900_500_500/train/cancer/tlung__GCTGCAGCACATGGGA_LUNG_T20/vectors,vectors,cancer,0,cancer,0,0.5536561012268066,0.44634389877319336
Epithelial_cells_7_1_2_2900_500_500/train/cancer/tlung__ACCTTTACAGACGCAA_LUNG_T28/vectors,vectors,cancer,0,cancer,0,0.8028262257575989,0.19717378914356232
Epithelial_cells_7_1_2_2900_500_500/train/cancer/tlung__TGCCCATGTTTCCACC_LUNG_T06/vectors,vectors,cancer,0,cancer,0,0.7590022087097168,0.2409978210926056
Epithelial_cells_7_1_2_2900_500_500/train/cancer/tlung__TGCTGCTTCAGCAACT_LUNG_T06/vectors,vectors,cancer,0,cancer,0,0.8326622843742371,0.16733768582344055
Epithelial_cells_7_1_2_2900_500_500/train/cancer/tlung__CGTGTAAAGGAATGGA_LUNG_T19/vectors,vectors,cancer,0,cancer,0,0.5820753574371338,0.4179246425628662
Epithelial_cells_7_1_2_2900_500_500/train/cancer/tlung__CCAATCCAGTACGTTC_LUNG_T06/vectors,vectors,cancer,0,cancer,0,0.8575595021247864,0.14244051277637482
Epithelial_cells_7_1_2_2900_500_500/train/cancer/tlung__CCATTCGTCTATGTGG_LUNG_T09/vectors,vectors,cancer,0,cancer,0,0.5591696500778198,0.4408303201198578
Epithelial_cells_7_1_2_2900_500_500/train/cancer/tlung__CGTTAGATCTCGTATT_LUNG_T18/vectors,vectors,cancer,0,cancer,0,0.7326396107673645,0.2673603296279907
Epithelial_cells_7_1_2_2900_500_500/train/cancer/tlung__AGTAGTCAGACTAAGT_LUNG_T30/vectors,vectors,cancer,0,cancer,0,0.828488290309906,0.171511709690094
Epithelial_cells_7_1_2_2900_500_500/train/cancer/tlung__TACGGATAGCTAACAA_LUNG_T20/vectors,vectors,cancer,0,cancer,0,0.8236122727394104,0.17638766765594482
Epithelial_cells_7_1_2_2900_500_500/train/cancer/tlung__TTCTACACAATGAATG_LUNG_T18/vectors,vectors,cancer,0,cancer,0,0.7394224405288696,0.26057758927345276
Epithelial_cells_7_1_2_2900_500_500/train/cancer/tlung__ATGAGGGCACCTGGTG_LUNG_T20/vectors,vectors,cancer,0,cancer,0,0.6896714568138123,0.31032848358154297
Epithelial_cells_7_1_2_2900_500_500/train/cancer/tlung__GTTACAGTCCATTCTA_LUNG_T28/vectors,vectors,cancer,0,cancer,0,0.8923868536949158,0.10761319100856781
Epithelial_cells_7_1_2_2900_500_500/train/cancer/tlung__TTATGCTTCCAATGGT_LUNG_T30/vectors,vectors,cancer,0,cancer,0,0.6259812712669373,0.37401872873306274
Epithelial_cells_7_1_2_2900_500_500/train/cancer/tlung__TGCACCTGTTCAACCA_LUNG_T20/vectors,vectors,cancer,0,cancer,0,0.6654648780822754,0.33453503251075745
Epithelial_cells_7_1_2_2900_500_500/train/cancer/tlung__TGACTAGCATCGGGTC_LUNG_T06/vectors,vectors,cancer,0,cancer,0,0.6819651126861572,0.31803491711616516
Epithelial_cells_7_1_2_2900_500_500/train/cancer/tlung__AGTTGGTGTGACTACT_LUNG_T30/vectors,vectors,cancer,0,cancer,0,0.756964385509491,0.24303556978702545
Epithelial_cells_7_1_2_2900_500_500/train/cancer/tlung__AGGTCCGCAGGGAGAG_LUNG_T30/vectors,vectors,cancer,0,cancer,0,0.808785617351532,0.19121438264846802
Epithelial_cells_7_1_2_2900_500_500/train/cancer/tlung__GAACGGATCTAACCGA_LUNG_T20/vectors,vectors,cancer,0,cancer,0,0.7559749484062195,0.2440250664949417
Epithelial_cells_7_1_2_2900_500_500/train/cancer/tlung__GCGCCAATCTTGAGAC_LUNG_T18/vectors,vectors,cancer,0,cancer,0,0.8815767168998718,0.11842332035303116
Epithelial_cells_7_1_2_2900_500_500/train/cancer/tlung__GGCGACTAGCCAACAG_LUNG_T30/vectors,vectors,cancer,0,cancer,0,0.6640231013298035,0.3359769284725189
Epithelial_cells_7_1_2_2900_500_500/train/cancer/tlung__CGGACGTGTCGGGTCT_LUNG_T18/vectors,vectors,cancer,0,cancer,0,0.7940857410430908,0.20591427385807037
Epithelial_cells_7_1_2_2900_500_500/train/cancer/tlung__CGTAGCGGTACTCTCC_LUNG_T30/vectors,vectors,cancer,0,cancer,0,0.5830252766609192,0.4169746935367584
Epithelial_cells_7_1_2_2900_500_500/train/cancer/tlung__TAGACCATCTTGGGTA_LUNG_T30/vectors,vectors,cancer,0,cancer,0,0.5332455039024353,0.46675440669059753
Epithelial_cells_7_1_2_2900_500_500/train/cancer/tlung__CTCGTACGTTTGTGTG_LUNG_T19/vectors,vectors,cancer,0,cancer,0,0.7434009909629822,0.2565990686416626
Epithelial_cells_7_1_2_2900_500_500/train/cancer/tlung__TGTGTTTAGCCACCTG_LUNG_T28/vectors,vectors,cancer,0,cancer,0,0.8304566740989685,0.1695433259010315
Epithelial_cells_7_1_2_2900_500_500/train/cancer/tlung__TTGACTTGTACCGGCT_LUNG_T09/vectors,vectors,cancer,0,cancer,0,0.5668578743934631,0.4331420660018921
Epithelial_cells_7_1_2_2900_500_500/train/cancer/tlung__CGGTTAAGTAACGCGA_LUNG_T20/vectors,vectors,cancer,0,cancer,0,0.6420398354530334,0.35796019434928894
Epithelial_cells_7_1_2_2900_500_500/train/cancer/tlung__TACCTTACAGATGGGT_LUNG_T18/vectors,vectors,cancer,0,cancer,0,0.8850117325782776,0.11498820036649704
Epithelial_cells_7_1_2_2900_500_500/train/cancer/tlung__AGTCTTTGTTCAGCGC_LUNG_T09/vectors,vectors,cancer,0,cancer,0,0.724090576171875,0.2759094536304474
Epithelial_cells_7_1_2_2900_500_500/train/cancer/tlung__TTAGGCAAGCTCCTCT_LUNG_T20/vectors,vectors,cancer,0,cancer,0,0.581303060054779,0.41869691014289856
Epithelial_cells_7_1_2_2900_500_500/train/cancer/tlung__TTTCCTCGTATCGCAT_LUNG_T18/vectors,vectors,cancer,0,cancer,0,0.7161937952041626,0.283806174993515
Epithelial_cells_7_1_2_2900_500_500/train/cancer/tlung__CACACCTGTTCGTTGA_LUNG_T20/vectors,vectors,cancer,0,cancer,0,0.7867047786712646,0.21329523622989655
Epithelial_cells_7_1_2_2900_500_500/train/cancer/tlung__CCCAATCTCATGTGGT_LUNG_T18/vectors,vectors,cancer,0,cancer,0,0.8124026656150818,0.1875973343849182
Epithelial_cells_7_1_2_2900_500_500/train/cancer/tlung__GACGTGCCAAGTTCTG_LUNG_T19/vectors,vectors,cancer,0,cancer,0,0.7134565114974976,0.28654342889785767
Epithelial_cells_7_1_2_2900_500_500/train/cancer/tlung__CTCATTATCTGCGACG_LUNG_T18/vectors,vectors,cancer,0,cancer,0,0.8095584511756897,0.1904415786266327
Epithelial_cells_7_1_2_2900_500_500/train/cancer/tlung__GTGCTTCTCTCTAAGG_LUNG_T06/vectors,vectors,cancer,0,cancer,0,0.8317247629165649,0.16827528178691864
Epithelial_cells_7_1_2_2900_500_500/train/cancer/tlung__CGTTGGGTCCTCGCAT_LUNG_T19/vectors,vectors,cancer,0,cancer,0,0.6512717008590698,0.34872832894325256
Epithelial_cells_7_1_2_2900_500_500/train/cancer/tlung__TGACAACTCATTGCCC_LUNG_T30/vectors,vectors,cancer,0,cancer,0,0.7383626103401184,0.2616373896598816
Epithelial_cells_7_1_2_2900_500_500/train/cancer/tlung__TAGAGCTCAGCCAATT_LUNG_T06/vectors,vectors,cancer,0,cancer,0,0.811358630657196,0.18864138424396515
Epithelial_cells_7_1_2_2900_500_500/train/cancer/tlung__AAAGATGAGAAGCCCA_LUNG_T30/vectors,vectors,cancer,0,cancer,0,0.7295920252799988,0.27040794491767883
Epithelial_cells_7_1_2_2900_500_500/train/cancer/tlung__AAAGCAAAGGACCACA_LUNG_T09/vectors,vectors,cancer,0,cancer,0,0.6322757005691528,0.36772429943084717
Epithelial_cells_7_1_2_2900_500_500/train/cancer/tlung__AGGTCATAGTTCGCGC_LUNG_T06/vectors,vectors,cancer,0,cancer,0,0.8057277202606201,0.1942722499370575
Epithelial_cells_7_1_2_2900_500_500/train/cancer/tlung__GTTCATTCACTCTGTC_LUNG_T18/vectors,vectors,cancer,0,cancer,0,0.837171196937561,0.16282883286476135
Epithelial_cells_7_1_2_2900_500_500/train/cancer/tlung__TTTGGTTTCCTCAACC_LUNG_T30/vectors,vectors,cancer,0,cancer,0,0.6462090611457825,0.35379093885421753
Epithelial_cells_7_1_2_2900_500_500/train/cancer/tlung__GCAAACTAGTGAATTG_LUNG_T30/vectors,vectors,cancer,0,cancer,0,0.5851307511329651,0.4148692190647125
Epithelial_cells_7_1_2_2900_500_500/train/cancer/tlung__CATCGGGTCTCCGGTT_LUNG_T28/vectors,vectors,cancer,0,cancer,0,0.8895888328552246,0.11041118204593658
Epithelial_cells_7_1_2_2900_500_500/train/cancer/tlung__CCACCTACATGAAGTA_LUNG_T06/vectors,vectors,cancer,0,normal,1,0.4870329201221466,0.512967050075531
Epithelial_cells_7_1_2_2900_500_500/train/cancer/tlung__GACAGAGCAGCAGTTT_LUNG_T20/vectors,vectors,cancer,0,cancer,0,0.8072897791862488,0.19271020591259003
Epithelial_cells_7_1_2_2900_500_500/train/cancer/tlung__CCTAAAGCAATCACAC_LUNG_T09/vectors,vectors,cancer,0,cancer,0,0.662987470626831,0.3370126187801361
Epithelial_cells_7_1_2_2900_500_500/train/cancer/tlung__TGAGAGGAGGAGCGTT_LUNG_T18/vectors,vectors,cancer,0,cancer,0,0.730818510055542,0.269181489944458
Epithelial_cells_7_1_2_2900_500_500/train/cancer/tlung__CCTTCGACAATAGCAA_LUNG_T09/vectors,vectors,cancer,0,cancer,0,0.5372234582901001,0.4627765417098999
Epithelial_cells_7_1_2_2900_500_500/train/cancer/tlung__GGGCATCAGACCTAGG_LUNG_T28/vectors,vectors,cancer,0,cancer,0,0.7914384603500366,0.2085614949464798
Epithelial_cells_7_1_2_2900_500_500/train/cancer/tlung__TGAGGGATCACCATAG_LUNG_T28/vectors,vectors,cancer,0,cancer,0,0.8528741598129272,0.14712578058242798
Epithelial_cells_7_1_2_2900_500_500/train/cancer/tlung__GCATGCGTCGTGACAT_LUNG_T18/vectors,vectors,cancer,0,cancer,0,0.7891931533813477,0.2108069211244583
Epithelial_cells_7_1_2_2900_500_500/train/cancer/tlung__TAGGCATGTCAAGCGA_LUNG_T06/vectors,vectors,cancer,0,cancer,0,0.5231766700744629,0.47682324051856995
Epithelial_cells_7_1_2_2900_500_500/train/cancer/tlung__AAGGCAGAGTGCCAGA_LUNG_T09/vectors,vectors,cancer,0,cancer,0,0.6366637945175171,0.3633362352848053
Epithelial_cells_7_1_2_2900_500_500/train/cancer/tlung__ATCTGCCGTGTCTGAT_LUNG_T20/vectors,vectors,cancer,0,cancer,0,0.7525585293769836,0.24744148552417755
Epithelial_cells_7_1_2_2900_500_500/train/cancer/tlung__GTGCATAGTCACCTAA_LUNG_T30/vectors,vectors,cancer,0,cancer,0,0.548764169216156,0.451235830783844
Epithelial_cells_7_1_2_2900_500_500/train/cancer/tlung__GTAACTGTCGTTGCCT_LUNG_T20/vectors,vectors,cancer,0,cancer,0,0.8064718842506409,0.19352813065052032
Epithelial_cells_7_1_2_2900_500_500/train/cancer/tlung__CGGCTAGGTATAATGG_LUNG_T30/vectors,vectors,cancer,0,cancer,0,0.5963449478149414,0.40365496277809143
Epithelial_cells_7_1_2_2900_500_500/train/cancer/tlung__GTAGGCCCAGACGCAA_LUNG_T18/vectors,vectors,cancer,0,cancer,0,0.7990505695343018,0.20094940066337585
Epithelial_cells_7_1_2_2900_500_500/train/cancer/tlung__GCATACACATCACGAT_LUNG_T19/vectors,vectors,cancer,0,cancer,0,0.7838230133056641,0.21617698669433594
Epithelial_cells_7_1_2_2900_500_500/train/cancer/tlung__CGCTGGACAAGGACTG_LUNG_T06/vectors,vectors,cancer,0,cancer,0,0.6303436160087585,0.3696563243865967
Epithelial_cells_7_1_2_2900_500_500/train/cancer/tlung__AGTGGGACAGTAAGCG_LUNG_T09/vectors,vectors,cancer,0,cancer,0,0.5417119264602661,0.4582880437374115
Epithelial_cells_7_1_2_2900_500_500/train/cancer/tlung__CATGGCGGTAGTGAAT_LUNG_T19/vectors,vectors,cancer,0,cancer,0,0.7037530541419983,0.2962469160556793
Epithelial_cells_7_1_2_2900_500_500/train/cancer/tlung__GGTATTGTCAGTTGAC_LUNG_T30/vectors,vectors,cancer,0,cancer,0,0.8294920325279236,0.17050801217556
Epithelial_cells_7_1_2_2900_500_500/train/cancer/tlung__CTCACACAGGGCTTCC_LUNG_T18/vectors,vectors,cancer,0,cancer,0,0.7290136218070984,0.27098631858825684
Epithelial_cells_7_1_2_2900_500_500/train/cancer/tlung__TGTGGTAGTCGGATCC_LUNG_T18/vectors,vectors,cancer,0,cancer,0,0.7989134192466736,0.2010866403579712
Epithelial_cells_7_1_2_2900_500_500/train/cancer/tlung__CAGGTGCTCCTAAGTG_LUNG_T28/vectors,vectors,cancer,0,cancer,0,0.796173632144928,0.20382636785507202
Epithelial_cells_7_1_2_2900_500_500/train/cancer/tlung__TCGTAGAGTCTGGAGA_LUNG_T20/vectors,vectors,cancer,0,cancer,0,0.5661984086036682,0.4338015615940094
Epithelial_cells_7_1_2_2900_500_500/train/cancer/tlung__TCTGAGAAGCTGTCTA_LUNG_T28/vectors,vectors,cancer,0,cancer,0,0.8419394493103027,0.15806062519550323
Epithelial_cells_7_1_2_2900_500_500/train/cancer/tlung__CGGACTGAGATCCCAT_LUNG_T06/vectors,vectors,cancer,0,cancer,0,0.6626054644584656,0.3373945355415344
Epithelial_cells_7_1_2_2900_500_500/train/cancer/tlung__CCGGTAGGTAACGACG_LUNG_T30/vectors,vectors,cancer,0,cancer,0,0.6435813903808594,0.3564186692237854
Epithelial_cells_7_1_2_2900_500_500/train/cancer/tlung__GATCTAGGTCACCCAG_LUNG_T20/vectors,vectors,cancer,0,cancer,0,0.6397360563278198,0.3602639436721802
Epithelial_cells_7_1_2_2900_500_500/train/cancer/tlung__GTATTCTTCCAAGTAC_LUNG_T30/vectors,vectors,cancer,0,cancer,0,0.6873414516448975,0.31265848875045776
Epithelial_cells_7_1_2_2900_500_500/train/cancer/tlung__CAGATCAGTGAAAGAG_LUNG_T18/vectors,vectors,cancer,0,cancer,0,0.7422349452972412,0.2577650845050812
Epithelial_cells_7_1_2_2900_500_500/train/cancer/tlung__CAGCTGGTCTTAGAGC_LUNG_T28/vectors,vectors,cancer,0,cancer,0,0.5978133678436279,0.40218669176101685
Epithelial_cells_7_1_2_2900_500_500/train/cancer/tlung__ACAGCCGCACCTTGTC_LUNG_T19/vectors,vectors,cancer,0,cancer,0,0.6925640106201172,0.3074359595775604
Epithelial_cells_7_1_2_2900_500_500/train/cancer/tlung__ACTGAACCACCAGGTC_LUNG_T19/vectors,vectors,cancer,0,cancer,0,0.5748423337936401,0.4251576364040375
Epithelial_cells_7_1_2_2900_500_500/train/cancer/tlung__TACGGGCAGTTAACGA_LUNG_T19/vectors,vectors,cancer,0,cancer,0,0.7199746370315552,0.28002530336380005
Epithelial_cells_7_1_2_2900_500_500/train/cancer/tlung__GAGCAGAGTACTTAGC_LUNG_T18/vectors,vectors,cancer,0,cancer,0,0.8466252684593201,0.15337473154067993
Epithelial_cells_7_1_2_2900_500_500/train/cancer/tlung__TACAGTGAGCTAGCCC_LUNG_T19/vectors,vectors,cancer,0,cancer,0,0.7097489833831787,0.2902510464191437
Epithelial_cells_7_1_2_2900_500_500/train/cancer/tlung__GGGCACTGTCGCGAAA_LUNG_T30/vectors,vectors,cancer,0,cancer,0,0.50091552734375,0.4990845024585724
Epithelial_cells_7_1_2_2900_500_500/train/cancer/tlung__GTCACGGAGACTTTCG_LUNG_T30/vectors,vectors,cancer,0,cancer,0,0.676513135433197,0.32348698377609253
Epithelial_cells_7_1_2_2900_500_500/train/cancer/tlung__CTGATAGGTGAGTGAC_LUNG_T18/vectors,vectors,cancer,0,cancer,0,0.7002290487289429,0.2997709810733795
Epithelial_cells_7_1_2_2900_500_500/train/cancer/tlung__AGGGTGAAGAGCCCAA_LUNG_T06/vectors,vectors,cancer,0,cancer,0,0.781726598739624,0.2182733714580536
Epithelial_cells_7_1_2_2900_500_500/train/cancer/tlung__GTCACAAGTGTGAAAT_LUNG_T18/vectors,vectors,cancer,0,cancer,0,0.7863973379135132,0.21360263228416443
Epithelial_cells_7_1_2_2900_500_500/train/cancer/tlung__GGACAAGCATGTCTCC_LUNG_T18/vectors,vectors,cancer,0,cancer,0,0.6901154518127441,0.30988454818725586
Epithelial_cells_7_1_2_2900_500_500/train/cancer/tlung__CTAATGGTCATTATCC_LUNG_T18/vectors,vectors,cancer,0,cancer,0,0.8168451189994812,0.1831549108028412
Epithelial_cells_7_1_2_2900_500_500/train/cancer/tlung__GATGAGGCAAGTACCT_LUNG_T30/vectors,vectors,cancer,0,cancer,0,0.7147524952888489,0.28524747490882874
Epithelial_cells_7_1_2_2900_500_500/train/cancer/tlung__GTAGGCCTCTAACTGG_LUNG_T09/vectors,vectors,cancer,0,cancer,0,0.7127823233604431,0.28721773624420166
Epithelial_cells_7_1_2_2900_500_500/train/cancer/tlung__TGGCCAGTCTGATACG_LUNG_T06/vectors,vectors,cancer,0,cancer,0,0.6553360223770142,0.3446640074253082
Epithelial_cells_7_1_2_2900_500_500/train/cancer/tlung__AATCGGTTCTCGTATT_LUNG_T19/vectors,vectors,cancer,0,cancer,0,0.7145035266876221,0.28549641370773315
Epithelial_cells_7_1_2_2900_500_500/train/cancer/tlung__ACTGATGTCGCTAGCG_LUNG_T19/vectors,vectors,cancer,0,cancer,0,0.6899327039718628,0.3100672960281372
Epithelial_cells_7_1_2_2900_500_500/train/cancer/tlung__TCAACGACAACAACCT_LUNG_T18/vectors,vectors,cancer,0,cancer,0,0.855323314666748,0.14467675983905792
Epithelial_cells_7_1_2_2900_500_500/train/cancer/tlung__AGGCCACAGTAGTGCG_LUNG_T18/vectors,vectors,cancer,0,cancer,0,0.7189892530441284,0.28101083636283875
Epithelial_cells_7_1_2_2900_500_500/train/cancer/tlung__ATAGACCGTTTGTTGG_LUNG_T19/vectors,vectors,cancer,0,cancer,0,0.7871142029762268,0.21288587152957916
Epithelial_cells_7_1_2_2900_500_500/train/cancer/tlung__CCTAAAGCAGACTCGC_LUNG_T18/vectors,vectors,cancer,0,cancer,0,0.893425703048706,0.10657430440187454
Epithelial_cells_7_1_2_2900_500_500/train/cancer/tlung__CACACAATCCTGCTTG_LUNG_T09/vectors,vectors,cancer,0,cancer,0,0.7126573324203491,0.2873426675796509
Epithelial_cells_7_1_2_2900_500_500/train/cancer/tlung__CGGACGTTCTCATTCA_LUNG_T19/vectors,vectors,cancer,0,cancer,0,0.6015057563781738,0.3984942138195038
Epithelial_cells_7_1_2_2900_500_500/train/cancer/tlung__CACTCCAGTCTAGTGT_LUNG_T18/vectors,vectors,cancer,0,cancer,0,0.7416506409645081,0.25834935903549194
Epithelial_cells_7_1_2_2900_500_500/train/cancer/tlung__ACGGAGAAGTATCTCG_LUNG_T06/vectors,vectors,cancer,0,cancer,0,0.8223140239715576,0.17768597602844238
Epithelial_cells_7_1_2_2900_500_500/train/cancer/tlung__GTTCTCGGTCTAAACC_LUNG_T20/vectors,vectors,cancer,0,cancer,0,0.753534734249115,0.24646534025669098
Epithelial_cells_7_1_2_2900_500_500/train/cancer/tlung__GGAATAATCAGGTAAA_LUNG_T20/vectors,vectors,cancer,0,cancer,0,0.7470858097076416,0.252914160490036
Epithelial_cells_7_1_2_2900_500_500/train/cancer/tlung__TTGTAGGCATTCCTGC_LUNG_T30/vectors,vectors,cancer,0,cancer,0,0.6974801421165466,0.30251985788345337
Epithelial_cells_7_1_2_2900_500_500/train/cancer/tlung__GTACTCCTCATAGCAC_LUNG_T18/vectors,vectors,cancer,0,cancer,0,0.7904090881347656,0.20959100127220154
Epithelial_cells_7_1_2_2900_500_500/train/cancer/tlung__TCTCTAACAATGAATG_LUNG_T18/vectors,vectors,cancer,0,cancer,0,0.8937970399856567,0.10620293766260147
Epithelial_cells_7_1_2_2900_500_500/train/cancer/tlung__AGGCCGTTCGGAGGTA_LUNG_T18/vectors,vectors,cancer,0,cancer,0,0.8212772011756897,0.17872284352779388
Epithelial_cells_7_1_2_2900_500_500/train/cancer/tlung__GATCTAGGTAGCCTAT_LUNG_T20/vectors,vectors,cancer,0,cancer,0,0.8178110122680664,0.18218894302845
Epithelial_cells_7_1_2_2900_500_500/train/cancer/tlung__GGGACCTAGGCACATG_LUNG_T30/vectors,vectors,cancer,0,cancer,0,0.7687548995018005,0.23124511539936066
Epithelial_cells_7_1_2_2900_500_500/train/cancer/tlung__TGGCTGGTCCACTGGG_LUNG_T18/vectors,vectors,cancer,0,cancer,0,0.7060131430625916,0.2939869165420532
Epithelial_cells_7_1_2_2900_500_500/train/cancer/tlung__TGGGAAGCACGAAAGC_LUNG_T19/vectors,vectors,cancer,0,cancer,0,0.6751223802566528,0.32487764954566956
Epithelial_cells_7_1_2_2900_500_500/train/cancer/tlung__ACTGCTCTCAACACCA_LUNG_T28/vectors,vectors,cancer,0,cancer,0,0.7761354446411133,0.22386451065540314
Epithelial_cells_7_1_2_2900_500_500/train/cancer/tlung__GTAGTCAAGCGATATA_LUNG_T18/vectors,vectors,cancer,0,cancer,0,0.7832018136978149,0.21679812669754028
Epithelial_cells_7_1_2_2900_500_500/train/cancer/tlung__GTCGTAAGTTCACCTC_LUNG_T30/vectors,vectors,cancer,0,cancer,0,0.8202176094055176,0.179782435297966
Epithelial_cells_7_1_2_2900_500_500/train/cancer/tlung__ATTACTCTCATAACCG_LUNG_T28/vectors,vectors,cancer,0,cancer,0,0.7063677310943604,0.29363229870796204
Epithelial_cells_7_1_2_2900_500_500/train/cancer/tlung__CAACCAAAGCATGGCA_LUNG_T19/vectors,vectors,cancer,0,cancer,0,0.7634396553039551,0.23656031489372253
Epithelial_cells_7_1_2_2900_500_500/train/cancer/tlung__AACTTTCGTATATCCG_LUNG_T09/vectors,vectors,cancer,0,cancer,0,0.5943452715873718,0.40565475821495056
Epithelial_cells_7_1_2_2900_500_500/train/cancer/tlung__AGTAGTCCAATGGACG_LUNG_T18/vectors,vectors,cancer,0,cancer,0,0.9044924974441528,0.09550751745700836
Epithelial_cells_7_1_2_2900_500_500/train/cancer/tlung__ACTATCTCAGACAGGT_LUNG_T09/vectors,vectors,cancer,0,cancer,0,0.6796572804450989,0.3203427195549011
Epithelial_cells_7_1_2_2900_500_500/train/cancer/tlung__TCAATCTCATGCCTAA_LUNG_T30/vectors,vectors,cancer,0,cancer,0,0.8760390877723694,0.12396092712879181
Epithelial_cells_7_1_2_2900_500_500/train/cancer/tlung__TACGGGCGTAATCGTC_LUNG_T18/vectors,vectors,cancer,0,cancer,0,0.8802706003189087,0.11972938477993011
Epithelial_cells_7_1_2_2900_500_500/train/cancer/tlung__GCGACCAGTTCCGGCA_LUNG_T09/vectors,vectors,cancer,0,cancer,0,0.724797248840332,0.27520275115966797
Epithelial_cells_7_1_2_2900_500_500/train/cancer/tlung__AGATCTGGTCCAGTGC_LUNG_T19/vectors,vectors,cancer,0,normal,1,0.4579850137233734,0.5420149564743042
Epithelial_cells_7_1_2_2900_500_500/train/cancer/tlung__GTCATTTCATTAGCCA_LUNG_T18/vectors,vectors,cancer,0,cancer,0,0.8943981528282166,0.10560190677642822
Epithelial_cells_7_1_2_2900_500_500/train/cancer/tlung__CGACCTTAGTCTCCTC_LUNG_T30/vectors,vectors,cancer,0,cancer,0,0.8701428174972534,0.12985724210739136
Epithelial_cells_7_1_2_2900_500_500/train/cancer/tlung__CACTCCACACTTCGAA_LUNG_T09/vectors,vectors,cancer,0,cancer,0,0.6315943002700806,0.36840569972991943
Epithelial_cells_7_1_2_2900_500_500/train/cancer/tlung__AACTTTCTCGGACAAG_LUNG_T06/vectors,vectors,cancer,0,cancer,0,0.8222070336341858,0.17779302597045898
Epithelial_cells_7_1_2_2900_500_500/train/cancer/tlung__ATCGAGTTCCGAGCCA_LUNG_T18/vectors,vectors,cancer,0,cancer,0,0.8232395648956299,0.17676037549972534
Epithelial_cells_7_1_2_2900_500_500/train/cancer/tlung__CTCTACGTCCGTTGTC_LUNG_T19/vectors,vectors,cancer,0,cancer,0,0.8247620463371277,0.17523793876171112
Epithelial_cells_7_1_2_2900_500_500/train/cancer/tlung__TGGTTCCTCATGTGGT_LUNG_T18/vectors,vectors,cancer,0,cancer,0,0.7846699357032776,0.21533015370368958
Epithelial_cells_7_1_2_2900_500_500/train/cancer/tlung__CCATGTCTCTCTGTCG_LUNG_T18/vectors,vectors,cancer,0,cancer,0,0.8531956076622009,0.14680440723896027
Epithelial_cells_7_1_2_2900_500_500/train/cancer/tlung__CGAGCCAGTGCAGGTA_LUNG_T20/vectors,vectors,cancer,0,cancer,0,0.8417769074440002,0.15822312235832214
Epithelial_cells_7_1_2_2900_500_500/train/cancer/tlung__AGCGTATTCTTCTGGC_LUNG_T09/vectors,vectors,cancer,0,cancer,0,0.6476868391036987,0.35231319069862366
Epithelial_cells_7_1_2_2900_500_500/train/cancer/tlung__ACGCCGAAGATCCTGT_LUNG_T28/vectors,vectors,cancer,0,cancer,0,0.805842399597168,0.19415763020515442
Epithelial_cells_7_1_2_2900_500_500/train/cancer/tlung__GCGCAGTGTCTTGCGG_LUNG_T28/vectors,vectors,cancer,0,cancer,0,0.8522143363952637,0.14778564870357513
Epithelial_cells_7_1_2_2900_500_500/train/cancer/tlung__CATTCGCCAGGTGGAT_LUNG_T30/vectors,vectors,cancer,0,cancer,0,0.7075815200805664,0.2924184501171112
Epithelial_cells_7_1_2_2900_500_500/train/cancer/tlung__AGTCTTTTCACCGGGT_LUNG_T20/vectors,vectors,cancer,0,cancer,0,0.656272828578949,0.34372708201408386
Epithelial_cells_7_1_2_2900_500_500/train/cancer/tlung__CGGACTGAGAATCTCC_LUNG_T28/vectors,vectors,cancer,0,cancer,0,0.7107789516448975,0.2892211079597473
Epithelial_cells_7_1_2_2900_500_500/train/cancer/tlung__GCAGTTAGTAAGTGTA_LUNG_T28/vectors,vectors,cancer,0,cancer,0,0.720835268497467,0.27916476130485535
Epithelial_cells_7_1_2_2900_500_500/train/cancer/tlung__GCGCGATCAGTTAACC_LUNG_T20/vectors,vectors,cancer,0,cancer,0,0.7943650484085083,0.2056349813938141
Epithelial_cells_7_1_2_2900_500_500/train/cancer/tlung__GTATTCTAGCGTTTAC_LUNG_T30/vectors,vectors,cancer,0,cancer,0,0.7442848086357117,0.2557152211666107
Epithelial_cells_7_1_2_2900_500_500/train/cancer/tlung__CAAGTTGGTCTGATTG_LUNG_T19/vectors,vectors,cancer,0,cancer,0,0.7938660979270935,0.2061339020729065
Epithelial_cells_7_1_2_2900_500_500/train/cancer/tlung__CTTGGCTGTCCGTGAC_LUNG_T18/vectors,vectors,cancer,0,cancer,0,0.8166440725326538,0.18335586786270142
Epithelial_cells_7_1_2_2900_500_500/train/cancer/tlung__CTGGTCTTCTACCTGC_LUNG_T20/vectors,vectors,cancer,0,cancer,0,0.8321855068206787,0.1678144931793213
Epithelial_cells_7_1_2_2900_500_500/train/cancer/tlung__ATTTCTGCAGGGAGAG_LUNG_T06/vectors,vectors,cancer,0,cancer,0,0.8888674378395081,0.1111326515674591
Epithelial_cells_7_1_2_2900_500_500/train/cancer/tlung__TGGCTGGCAACTGCTA_LUNG_T19/vectors,vectors,cancer,0,cancer,0,0.8294920325279236,0.17050801217556
Epithelial_cells_7_1_2_2900_500_500/train/cancer/tlung__TGACTTTAGCTCCCAG_LUNG_T09/vectors,vectors,cancer,0,cancer,0,0.608535885810852,0.39146408438682556
Epithelial_cells_7_1_2_2900_500_500/train/cancer/tlung__GCTGCTTTCTACCAGA_LUNG_T19/vectors,vectors,cancer,0,cancer,0,0.6355335116386414,0.36446645855903625
Epithelial_cells_7_1_2_2900_500_500/train/cancer/tlung__ATCCGAACAGCCAATT_LUNG_T18/vectors,vectors,cancer,0,cancer,0,0.6534587144851685,0.34654128551483154
Epithelial_cells_7_1_2_2900_500_500/train/cancer/tlung__CACCACTCAGCTGCTG_LUNG_T30/vectors,vectors,cancer,0,cancer,0,0.7392576932907104,0.2607422471046448
Epithelial_cells_7_1_2_2900_500_500/train/cancer/tlung__GACCAATTCAGAGCTT_LUNG_T20/vectors,vectors,cancer,0,cancer,0,0.7096483707427979,0.29035165905952454
Epithelial_cells_7_1_2_2900_500_500/train/cancer/tlung__CAGCAGCTCTATGTGG_LUNG_T28/vectors,vectors,cancer,0,cancer,0,0.8345081210136414,0.16549193859100342
Epithelial_cells_7_1_2_2900_500_500/train/cancer/tlung__TGCTACCCATGGTCTA_LUNG_T06/vectors,vectors,cancer,0,cancer,0,0.8591327667236328,0.14086724817752838
Epithelial_cells_7_1_2_2900_500_500/train/cancer/tlung__CTCCTAGTCATAGCAC_LUNG_T28/vectors,vectors,cancer,0,cancer,0,0.7527630925178528,0.247236967086792
Epithelial_cells_7_1_2_2900_500_500/train/cancer/tlung__TATGCCCAGCTAGTCT_LUNG_T06/vectors,vectors,cancer,0,cancer,0,0.5815109610557556,0.4184889495372772
Epithelial_cells_7_1_2_2900_500_500/train/cancer/tlung__GCAATCAGTAGGGACT_LUNG_T28/vectors,vectors,cancer,0,cancer,0,0.8573804497718811,0.1426195651292801
Epithelial_cells_7_1_2_2900_500_500/train/cancer/tlung__TACACGAAGTTAAGTG_LUNG_T30/vectors,vectors,cancer,0,cancer,0,0.5455883741378784,0.45441168546676636
Epithelial_cells_7_1_2_2900_500_500/train/cancer/tlung__CATGACATCATGCATG_LUNG_T18/vectors,vectors,cancer,0,cancer,0,0.8099721074104309,0.1900278627872467
Epithelial_cells_7_1_2_2900_500_500/train/cancer/tlung__AGGTCATTCTGCGTAA_LUNG_T28/vectors,vectors,cancer,0,cancer,0,0.7631088495254517,0.23689116537570953
Epithelial_cells_7_1_2_2900_500_500/train/cancer/tlung__ACGATACGTCAAACTC_LUNG_T18/vectors,vectors,cancer,0,cancer,0,0.814385175704956,0.18561482429504395
Epithelial_cells_7_1_2_2900_500_500/train/cancer/tlung__GTGCTTCGTGTGAATA_LUNG_T30/vectors,vectors,cancer,0,cancer,0,0.7264499068260193,0.2735501229763031
Epithelial_cells_7_1_2_2900_500_500/train/cancer/tlung__TGGCCAGTCCGAACGC_LUNG_T06/vectors,vectors,cancer,0,cancer,0,0.8314683437347412,0.16853170096874237
Epithelial_cells_7_1_2_2900_500_500/train/cancer/tlung__CTTAGGATCGGCGCTA_LUNG_T09/vectors,vectors,cancer,0,normal,1,0.48718544840812683,0.5128145813941956
Epithelial_cells_7_1_2_2900_500_500/train/cancer/tlung__AAACCTGCATGGTCTA_LUNG_T30/vectors,vectors,cancer,0,cancer,0,0.7402448058128357,0.2597552239894867
Epithelial_cells_7_1_2_2900_500_500/train/cancer/tlung__CGGTTAACAATTCCTT_LUNG_T18/vectors,vectors,cancer,0,cancer,0,0.833967924118042,0.1660321056842804
Epithelial_cells_7_1_2_2900_500_500/train/cancer/tlung__ATAAGAGTCTAACTGG_LUNG_T20/vectors,vectors,cancer,0,cancer,0,0.8293883800506592,0.17061161994934082
Epithelial_cells_7_1_2_2900_500_500/train/cancer/tlung__TTCTCCTGTCTAAAGA_LUNG_T20/vectors,vectors,cancer,0,cancer,0,0.8597815632820129,0.14021846652030945
Epithelial_cells_7_1_2_2900_500_500/train/cancer/tlung__GTTCATTGTTTGACTG_LUNG_T30/vectors,vectors,cancer,0,cancer,0,0.8065861463546753,0.1934138387441635
Epithelial_cells_7_1_2_2900_500_500/train/cancer/tlung__GTACTCCGTCTTCGTC_LUNG_T28/vectors,vectors,cancer,0,cancer,0,0.857036828994751,0.1429632157087326
Epithelial_cells_7_1_2_2900_500_500/train/cancer/tlung__AGTGTCATCCAGATCA_LUNG_T19/vectors,vectors,cancer,0,cancer,0,0.6921480298042297,0.30785199999809265
Epithelial_cells_7_1_2_2900_500_500/train/cancer/tlung__CATTATCAGTTGAGTA_LUNG_T28/vectors,vectors,cancer,0,cancer,0,0.6399048566818237,0.36009517312049866
Epithelial_cells_7_1_2_2900_500_500/train/cancer/tlung__AACACGTCAACGATGG_LUNG_T28/vectors,vectors,cancer,0,cancer,0,0.8646965622901917,0.13530346751213074
Epithelial_cells_7_1_2_2900_500_500/train/cancer/tlung__ATTTCTGTCAGGATCT_LUNG_T09/vectors,vectors,cancer,0,cancer,0,0.5758265256881714,0.4241734445095062
Epithelial_cells_7_1_2_2900_500_500/train/cancer/tlung__AGTGTCAAGGAGCGTT_LUNG_T30/vectors,vectors,cancer,0,cancer,0,0.666089653968811,0.3339103162288666
Epithelial_cells_7_1_2_2900_500_500/train/cancer/tlung__TGACGGCGTGTGAAAT_LUNG_T20/vectors,vectors,cancer,0,cancer,0,0.8241790533065796,0.17582091689109802
Epithelial_cells_7_1_2_2900_500_500/train/cancer/tlung__CAGTAACCAGACGCTC_LUNG_T30/vectors,vectors,cancer,0,cancer,0,0.5765718221664429,0.4234282374382019
Epithelial_cells_7_1_2_2900_500_500/train/cancer/tlung__GGACATTGTCAACATC_LUNG_T18/vectors,vectors,cancer,0,cancer,0,0.7624903917312622,0.237509623169899
Epithelial_cells_7_1_2_2900_500_500/train/cancer/tlung__CGCGTTTGTATGAATG_LUNG_T09/vectors,vectors,cancer,0,cancer,0,0.6067315340042114,0.39326852560043335
Epithelial_cells_7_1_2_2900_500_500/train/cancer/tlung__GGAACTTAGGTGATTA_LUNG_T30/vectors,vectors,cancer,0,cancer,0,0.7223067283630371,0.2776932716369629
Epithelial_cells_7_1_2_2900_500_500/train/cancer/tlung__TTAACTCGTGCCTGTG_LUNG_T06/vectors,vectors,cancer,0,cancer,0,0.6827853322029114,0.317214697599411
Epithelial_cells_7_1_2_2900_500_500/train/cancer/tlung__CGTGAGCTCCACGTTC_LUNG_T30/vectors,vectors,cancer,0,cancer,0,0.8416142463684082,0.15838578343391418
Epithelial_cells_7_1_2_2900_500_500/train/cancer/tlung__AACTCAGCATGTAAGA_LUNG_T18/vectors,vectors,cancer,0,cancer,0,0.8178474307060242,0.18215258419513702
Epithelial_cells_7_1_2_2900_500_500/train/cancer/tlung__ACGCCAGGTGGCTCCA_LUNG_T18/vectors,vectors,cancer,0,cancer,0,0.8496596813201904,0.15034043788909912
Epithelial_cells_7_1_2_2900_500_500/train/cancer/tlung__TTGGCAACATGCATGT_LUNG_T06/vectors,vectors,cancer,0,normal,1,0.4739919900894165,0.5260080099105835
Epithelial_cells_7_1_2_2900_500_500/train/cancer/tlung__GACAGAGTCACAAACC_LUNG_T18/vectors,vectors,cancer,0,cancer,0,0.8622937798500061,0.13770632445812225
Epithelial_cells_7_1_2_2900_500_500/train/cancer/tlung__TGGACGCAGATGTAAC_LUNG_T30/vectors,vectors,cancer,0,cancer,0,0.7552762031555176,0.2447238266468048
Epithelial_cells_7_1_2_2900_500_500/train/cancer/tlung__TGACGGCCATGGATGG_LUNG_T18/vectors,vectors,cancer,0,cancer,0,0.7657685875892639,0.23423144221305847
Epithelial_cells_7_1_2_2900_500_500/train/cancer/tlung__TATCTCAGTCCTCCAT_LUNG_T30/vectors,vectors,cancer,0,cancer,0,0.5688649415969849,0.4311350882053375
Epithelial_cells_7_1_2_2900_500_500/train/cancer/tlung__CATGACAGTCCCGACA_LUNG_T18/vectors,vectors,cancer,0,cancer,0,0.7757534980773926,0.22424648702144623
Epithelial_cells_7_1_2_2900_500_500/train/cancer/tlung__CGTCCATGTAAACACA_LUNG_T19/vectors,vectors,cancer,0,normal,1,0.4670279324054718,0.5329720973968506
Epithelial_cells_7_1_2_2900_500_500/train/cancer/tlung__GTAGTCATCCACTGGG_LUNG_T18/vectors,vectors,cancer,0,cancer,0,0.7594931125640869,0.24050693213939667
Epithelial_cells_7_1_2_2900_500_500/train/cancer/tlung__CTTACCGCAGTAGAGC_LUNG_T30/vectors,vectors,cancer,0,cancer,0,0.8308173418045044,0.16918271780014038
Epithelial_cells_7_1_2_2900_500_500/train/cancer/tlung__TAAGCGTGTTTAAGCC_LUNG_T20/vectors,vectors,cancer,0,cancer,0,0.7778276801109314,0.2221723198890686
Epithelial_cells_7_1_2_2900_500_500/train/cancer/tlung__GGACATTAGATGTGTA_LUNG_T18/vectors,vectors,cancer,0,cancer,0,0.7988937497138977,0.2011062502861023
Epithelial_cells_7_1_2_2900_500_500/train/cancer/tlung__CTGATAGAGAGAACAG_LUNG_T30/vectors,vectors,cancer,0,cancer,0,0.7680814862251282,0.23191849887371063
Epithelial_cells_7_1_2_2900_500_500/train/cancer/tlung__ACATACGGTAAGGGAA_LUNG_T20/vectors,vectors,cancer,0,cancer,0,0.8108910918235779,0.1891089230775833
Epithelial_cells_7_1_2_2900_500_500/train/cancer/tlung__TGGGCGTGTAGAGTGC_LUNG_T28/vectors,vectors,cancer,0,cancer,0,0.7305302619934082,0.2694697678089142
Epithelial_cells_7_1_2_2900_500_500/train/cancer/tlung__TGTGTTTTCTCGCATC_LUNG_T20/vectors,vectors,cancer,0,cancer,0,0.6939916610717773,0.30600833892822266
Epithelial_cells_7_1_2_2900_500_500/train/cancer/tlung__ATGTGTGTCTTGTTTG_LUNG_T30/vectors,vectors,cancer,0,cancer,0,0.7522173523902893,0.24778258800506592
Epithelial_cells_7_1_2_2900_500_500/train/cancer/tlung__GCGCGATGTCCGAAGA_LUNG_T19/vectors,vectors,cancer,0,cancer,0,0.6960615515708923,0.3039383590221405
Epithelial_cells_7_1_2_2900_500_500/train/cancer/tlung__TACTTGTAGAGACGAA_LUNG_T09/vectors,vectors,cancer,0,cancer,0,0.7475929260253906,0.2524070739746094
Epithelial_cells_7_1_2_2900_500_500/train/cancer/tlung__GTCGTAACATGACGGA_LUNG_T20/vectors,vectors,cancer,0,cancer,0,0.8965122103691101,0.10348785668611526
Epithelial_cells_7_1_2_2900_500_500/train/cancer/tlung__GTCGGGTAGTGGAGTC_LUNG_T30/vectors,vectors,cancer,0,cancer,0,0.7140551209449768,0.2859448790550232
Epithelial_cells_7_1_2_2900_500_500/train/cancer/tlung__CTAAGACCAGCCTTGG_LUNG_T28/vectors,vectors,cancer,0,cancer,0,0.8050772547721863,0.19492274522781372
Epithelial_cells_7_1_2_2900_500_500/train/cancer/tlung__GATTCAGAGACCCACC_LUNG_T18/vectors,vectors,cancer,0,cancer,0,0.7819139957427979,0.21808595955371857
Epithelial_cells_7_1_2_2900_500_500/train/cancer/tlung__CACTCCATCCGAACGC_LUNG_T30/vectors,vectors,cancer,0,cancer,0,0.6633418202400208,0.3366580903530121
Epithelial_cells_7_1_2_2900_500_500/train/cancer/tlung__CTTAACTAGATCCTGT_LUNG_T18/vectors,vectors,cancer,0,cancer,0,0.8576191067695618,0.14238089323043823
Epithelial_cells_7_1_2_2900_500_500/train/cancer/tlung__AGAGCGATCGAGCCCA_LUNG_T28/vectors,vectors,cancer,0,cancer,0,0.7764111161231995,0.22358891367912292
Epithelial_cells_7_1_2_2900_500_500/train/cancer/tlung__TACGGTACACCTCGTT_LUNG_T30/vectors,vectors,cancer,0,cancer,0,0.7945444583892822,0.20545558631420135
Epithelial_cells_7_1_2_2900_500_500/train/cancer/tlung__TACAGTGCAGATGAGC_LUNG_T18/vectors,vectors,cancer,0,cancer,0,0.8580806255340576,0.14191943407058716
Epithelial_cells_7_1_2_2900_500_500/train/cancer/tlung__CGGAGCTTCAGCGACC_LUNG_T28/vectors,vectors,cancer,0,cancer,0,0.7377254366874695,0.2622745931148529
Epithelial_cells_7_1_2_2900_500_500/train/cancer/tlung__GTTCATTGTAAGGGCT_LUNG_T06/vectors,vectors,cancer,0,cancer,0,0.6607198715209961,0.3392800986766815
Epithelial_cells_7_1_2_2900_500_500/train/cancer/tlung__GTTACAGCATCACGAT_LUNG_T18/vectors,vectors,cancer,0,cancer,0,0.7219637632369995,0.2780361771583557
Epithelial_cells_7_1_2_2900_500_500/train/cancer/tlung__AACGTTGTCCATGCTC_LUNG_T28/vectors,vectors,cancer,0,cancer,0,0.8231152892112732,0.17688480019569397
Epithelial_cells_7_1_2_2900_500_500/train/cancer/tlung__TGCACCTGTACAGCAG_LUNG_T18/vectors,vectors,cancer,0,cancer,0,0.7746260762214661,0.2253739982843399
Epithelial_cells_7_1_2_2900_500_500/train/cancer/tlung__TAGACCAGTAAGTGTA_LUNG_T28/vectors,vectors,cancer,0,cancer,0,0.8507323265075684,0.14926767349243164
Epithelial_cells_7_1_2_2900_500_500/train/cancer/tlung__TTTCCTCTCCGCGGTA_LUNG_T30/vectors,vectors,cancer,0,cancer,0,0.8751481771469116,0.12485182285308838
Epithelial_cells_7_1_2_2900_500_500/train/cancer/tlung__ATCATCTCACGGTGTC_LUNG_T30/vectors,vectors,cancer,0,cancer,0,0.8426690697669983,0.1573309600353241
Epithelial_cells_7_1_2_2900_500_500/train/cancer/tlung__CTAAGACCAGATGGCA_LUNG_T18/vectors,vectors,cancer,0,cancer,0,0.8021878004074097,0.19781222939491272
Epithelial_cells_7_1_2_2900_500_500/train/cancer/tlung__CTCGTCAGTGTTAAGA_LUNG_T28/vectors,vectors,cancer,0,cancer,0,0.8577085137367249,0.14229147136211395
Epithelial_cells_7_1_2_2900_500_500/train/cancer/tlung__GTGAAGGTCTCTAAGG_LUNG_T20/vectors,vectors,cancer,0,cancer,0,0.8459106087684631,0.15408939123153687
Epithelial_cells_7_1_2_2900_500_500/train/cancer/tlung__CGCGTTTCAGTCAGAG_LUNG_T20/vectors,vectors,cancer,0,cancer,0,0.5491268634796143,0.45087310671806335
Epithelial_cells_7_1_2_2900_500_500/train/cancer/tlung__ACCTTTAAGTCGTACT_LUNG_T19/vectors,vectors,cancer,0,cancer,0,0.7170366644859314,0.2829633355140686
Epithelial_cells_7_1_2_2900_500_500/train/cancer/tlung__TACTTACAGCTAGCCC_LUNG_T30/vectors,vectors,cancer,0,cancer,0,0.8537604212760925,0.14623959362506866
Epithelial_cells_7_1_2_2900_500_500/train/cancer/tlung__TGTGTTTAGTGTCCAT_LUNG_T20/vectors,vectors,cancer,0,cancer,0,0.7957572937011719,0.20424267649650574
Epithelial_cells_7_1_2_2900_500_500/train/cancer/tlung__GTTCGGGGTAGCTAAA_LUNG_T28/vectors,vectors,cancer,0,cancer,0,0.9188450574874878,0.08115491271018982
Epithelial_cells_7_1_2_2900_500_500/train/cancer/tlung__GATCAGTAGGATTCGG_LUNG_T18/vectors,vectors,cancer,0,cancer,0,0.8685762286186218,0.13142386078834534
Epithelial_cells_7_1_2_2900_500_500/train/cancer/tlung__CTGAAACTCCCTTGTG_LUNG_T30/vectors,vectors,cancer,0,cancer,0,0.6955965161323547,0.3044034242630005
Epithelial_cells_7_1_2_2900_500_500/train/cancer/tlung__TTAACTCCACGACTCG_LUNG_T09/vectors,vectors,cancer,0,cancer,0,0.6700957417488098,0.3299042582511902
Epithelial_cells_7_1_2_2900_500_500/train/cancer/tlung__CCTTCGATCAGTCCCT_LUNG_T20/vectors,vectors,cancer,0,cancer,0,0.7397515773773193,0.26024842262268066
Epithelial_cells_7_1_2_2900_500_500/train/cancer/tlung__CGATCGGTCTGGTTCC_LUNG_T30/vectors,vectors,cancer,0,cancer,0,0.7839264869689941,0.21607358753681183
Epithelial_cells_7_1_2_2900_500_500/train/cancer/tlung__GGACAAGTCATGTCTT_LUNG_T18/vectors,vectors,cancer,0,cancer,0,0.7542819976806641,0.24571792781352997
Epithelial_cells_7_1_2_2900_500_500/train/cancer/tlung__AGATCTGTCGCAGGCT_LUNG_T20/vectors,vectors,cancer,0,cancer,0,0.7542141675949097,0.24578581750392914
Epithelial_cells_7_1_2_2900_500_500/train/cancer/tlung__TTAGGCAGTGTCAATC_LUNG_T20/vectors,vectors,cancer,0,cancer,0,0.8023427128791809,0.19765731692314148
Epithelial_cells_7_1_2_2900_500_500/train/cancer/tlung__CTGAAGTTCGGAATCT_LUNG_T30/vectors,vectors,cancer,0,cancer,0,0.7244806289672852,0.27551940083503723
Epithelial_cells_7_1_2_2900_500_500/train/cancer/tlung__TTTATGCGTTATGTGC_LUNG_T28/vectors,vectors,cancer,0,cancer,0,0.7892336845397949,0.21076630055904388
Epithelial_cells_7_1_2_2900_500_500/train/cancer/tlung__AAACCTGCAACTGCGC_LUNG_T28/vectors,vectors,cancer,0,cancer,0,0.7341910600662231,0.26580899953842163
Epithelial_cells_7_1_2_2900_500_500/train/cancer/tlung__TATCTCATCGCAGGCT_LUNG_T30/vectors,vectors,cancer,0,cancer,0,0.8082565069198608,0.19174353778362274
Epithelial_cells_7_1_2_2900_500_500/train/cancer/tlung__GGGTTGCCATCGTCGG_LUNG_T30/vectors,vectors,cancer,0,cancer,0,0.8418581485748291,0.1581418514251709
Epithelial_cells_7_1_2_2900_500_500/train/cancer/tlung__CAAGATCGTTGGTTTG_LUNG_T09/vectors,vectors,cancer,0,cancer,0,0.7410420775413513,0.25895798206329346
Epithelial_cells_7_1_2_2900_500_500/train/cancer/tlung__TTGTAGGCAGATTGCT_LUNG_T20/vectors,vectors,cancer,0,cancer,0,0.6391450762748718,0.36085498332977295
Epithelial_cells_7_1_2_2900_500_500/train/cancer/tlung__TCGCGTTGTATTCTCT_LUNG_T18/vectors,vectors,cancer,0,cancer,0,0.7958961725234985,0.20410384237766266
Epithelial_cells_7_1_2_2900_500_500/train/cancer/tlung__CTGTGCTGTAGCTGCC_LUNG_T28/vectors,vectors,cancer,0,cancer,0,0.7669488787651062,0.23305116593837738
Epithelial_cells_7_1_2_2900_500_500/train/cancer/tlung__AGTGGGACAAAGAATC_LUNG_T09/vectors,vectors,cancer,0,normal,1,0.4599553644657135,0.5400446653366089
Epithelial_cells_7_1_2_2900_500_500/train/cancer/tlung__CTTTGCGCATCGGGTC_LUNG_T30/vectors,vectors,cancer,0,cancer,0,0.7879515886306763,0.21204838156700134
Epithelial_cells_7_1_2_2900_500_500/train/cancer/tlung__GGGTTGCAGCTTATCG_LUNG_T28/vectors,vectors,cancer,0,cancer,0,0.8099533915519714,0.19004665315151215
Epithelial_cells_7_1_2_2900_500_500/train/cancer/tlung__GTACTTTCAGCTTCGG_LUNG_T09/vectors,vectors,cancer,0,cancer,0,0.6340903043746948,0.36590975522994995
Epithelial_cells_7_1_2_2900_500_500/train/cancer/tlung__CACCAGGGTATAATGG_LUNG_T30/vectors,vectors,cancer,0,cancer,0,0.804923951625824,0.19507601857185364
Epithelial_cells_7_1_2_2900_500_500/train/cancer/tlung__TACTTACTCTTTAGGG_LUNG_T30/vectors,vectors,cancer,0,cancer,0,0.8313485980033875,0.1686514914035797
Epithelial_cells_7_1_2_2900_500_500/train/cancer/tlung__AGCGGTCCAGGAACGT_LUNG_T19/vectors,vectors,cancer,0,cancer,0,0.5643686056137085,0.4356314241886139
Epithelial_cells_7_1_2_2900_500_500/train/cancer/tlung__AACCATGTCAACGAAA_LUNG_T18/vectors,vectors,cancer,0,cancer,0,0.8254314064979553,0.1745685189962387
Epithelial_cells_7_1_2_2900_500_500/train/cancer/tlung__TAGTGGTTCCGCTGTT_LUNG_T30/vectors,vectors,cancer,0,cancer,0,0.7631750106811523,0.23682500422000885
Epithelial_cells_7_1_2_2900_500_500/train/cancer/tlung__GTGTGCGCAAGGTTTC_LUNG_T28/vectors,vectors,cancer,0,cancer,0,0.8309544920921326,0.16904549300670624
Epithelial_cells_7_1_2_2900_500_500/train/cancer/tlung__CAAGTTGCATATACGC_LUNG_T19/vectors,vectors,cancer,0,cancer,0,0.6987664103507996,0.30123353004455566
Epithelial_cells_7_1_2_2900_500_500/train/cancer/tlung__TTGCGTCGTCTCATCC_LUNG_T18/vectors,vectors,cancer,0,cancer,0,0.7074552178382874,0.29254475235939026
Epithelial_cells_7_1_2_2900_500_500/train/cancer/tlung__TAAGTGCGTGCCTTGG_LUNG_T20/vectors,vectors,cancer,0,cancer,0,0.7568072080612183,0.24319280683994293
Epithelial_cells_7_1_2_2900_500_500/train/cancer/tlung__AATCGGTGTCAGCTAT_LUNG_T28/vectors,vectors,cancer,0,cancer,0,0.8616401553153992,0.1383599042892456
Epithelial_cells_7_1_2_2900_500_500/train/cancer/tlung__TCAACGAGTAGAGTGC_LUNG_T20/vectors,vectors,cancer,0,cancer,0,0.5663483142852783,0.4336516559123993
Epithelial_cells_7_1_2_2900_500_500/train/cancer/tlung__CAACTAGAGGTGTGGT_LUNG_T18/vectors,vectors,cancer,0,cancer,0,0.777553379535675,0.22244668006896973
Epithelial_cells_7_1_2_2900_500_500/train/cancer/tlung__GGCTGGTCACTGTCGG_LUNG_T28/vectors,vectors,cancer,0,cancer,0,0.7941656112670898,0.20583446323871613
Epithelial_cells_7_1_2_2900_500_500/train/cancer/tlung__CACACCTGTGATGATA_LUNG_T19/vectors,vectors,cancer,0,cancer,0,0.7947037816047668,0.20529620349407196
Epithelial_cells_7_1_2_2900_500_500/train/cancer/tlung__GTGAAGGAGGAGCGAG_LUNG_T28/vectors,vectors,cancer,0,cancer,0,0.8891083598136902,0.1108916848897934
Epithelial_cells_7_1_2_2900_500_500/train/cancer/tlung__GGCTGGTCATTGTGCA_LUNG_T30/vectors,vectors,cancer,0,cancer,0,0.7607173323631287,0.23928269743919373
Epithelial_cells_7_1_2_2900_500_500/train/cancer/tlung__TCGGGACTCCATGAAC_LUNG_T20/vectors,vectors,cancer,0,cancer,0,0.8349123001098633,0.1650877445936203
Epithelial_cells_7_1_2_2900_500_500/train/cancer/tlung__TCCCGATCACGTCTCT_LUNG_T19/vectors,vectors,cancer,0,normal,1,0.44146227836608887,0.5585376620292664
Epithelial_cells_7_1_2_2900_500_500/train/cancer/tlung__GCTTGAAGTCGCGTGT_LUNG_T28/vectors,vectors,cancer,0,cancer,0,0.8345417976379395,0.16545823216438293
Epithelial_cells_7_1_2_2900_500_500/train/cancer/tlung__GGCTGGTGTGATGATA_LUNG_T20/vectors,vectors,cancer,0,cancer,0,0.8903300166130066,0.10967002063989639
Epithelial_cells_7_1_2_2900_500_500/train/cancer/tlung__TGACGGCTCTGTGCAA_LUNG_T28/vectors,vectors,cancer,0,cancer,0,0.8486118316650391,0.15138815343379974
Epithelial_cells_7_1_2_2900_500_500/train/cancer/tlung__GACACGCGTAGAGTGC_LUNG_T18/vectors,vectors,cancer,0,cancer,0,0.748467206954956,0.25153276324272156
Epithelial_cells_7_1_2_2900_500_500/train/cancer/tlung__TTAGGCAAGCGTGTCC_LUNG_T30/vectors,vectors,cancer,0,cancer,0,0.9228916168212891,0.07710839062929153
Epithelial_cells_7_1_2_2900_500_500/train/cancer/tlung__CGGACTGAGAGTTGGC_LUNG_T30/vectors,vectors,cancer,0,cancer,0,0.8560769557952881,0.1439231038093567
Epithelial_cells_7_1_2_2900_500_500/train/cancer/tlung__GGGCACTCACGTCTCT_LUNG_T20/vectors,vectors,cancer,0,cancer,0,0.7074552178382874,0.29254475235939026
Epithelial_cells_7_1_2_2900_500_500/train/cancer/tlung__GGAATAAGTCAAGCGA_LUNG_T30/vectors,vectors,cancer,0,cancer,0,0.6972997784614563,0.3027001917362213
Epithelial_cells_7_1_2_2900_500_500/train/cancer/tlung__AAGGTTCCAAGCCGCT_LUNG_T30/vectors,vectors,cancer,0,cancer,0,0.7317061424255371,0.2682938873767853
Epithelial_cells_7_1_2_2900_500_500/train/cancer/tlung__CTGAAGTAGGCAATTA_LUNG_T19/vectors,vectors,cancer,0,cancer,0,0.6102793216705322,0.38972073793411255
Epithelial_cells_7_1_2_2900_500_500/train/cancer/tlung__CGTGTAACAATCGAAA_LUNG_T09/vectors,vectors,cancer,0,cancer,0,0.6222010850906372,0.377798855304718
Epithelial_cells_7_1_2_2900_500_500/train/cancer/tlung__AACTCAGTCTCATTCA_LUNG_T19/vectors,vectors,cancer,0,cancer,0,0.7111049890518188,0.28889498114585876
Epithelial_cells_7_1_2_2900_500_500/train/cancer/tlung__GGCTCGACACATCTTT_LUNG_T18/vectors,vectors,cancer,0,cancer,0,0.7207861542701721,0.27921390533447266
Epithelial_cells_7_1_2_2900_500_500/train/cancer/tlung__CGCCAAGGTTAAGACA_LUNG_T28/vectors,vectors,cancer,0,cancer,0,0.7832641005516052,0.21673598885536194
Epithelial_cells_7_1_2_2900_500_500/train/cancer/tlung__AAATGCCCATGGTCTA_LUNG_T19/vectors,vectors,cancer,0,cancer,0,0.5214407444000244,0.47855931520462036
Epithelial_cells_7_1_2_2900_500_500/train/cancer/tlung__ACATGGTGTGGTCCGT_LUNG_T19/vectors,vectors,cancer,0,cancer,0,0.5839745998382568,0.4160253703594208
Epithelial_cells_7_1_2_2900_500_500/train/cancer/tlung__TGACGGCGTAGTACCT_LUNG_T30/vectors,vectors,cancer,0,cancer,0,0.7536706924438477,0.24632933735847473
Epithelial_cells_7_1_2_2900_500_500/train/cancer/tlung__CTTTGCGTCTATGTGG_LUNG_T30/vectors,vectors,cancer,0,cancer,0,0.7347623705863953,0.26523762941360474
Epithelial_cells_7_1_2_2900_500_500/train/cancer/tlung__GAAACTCAGAAGGTTT_LUNG_T20/vectors,vectors,cancer,0,cancer,0,0.6731649041175842,0.32683518528938293
Epithelial_cells_7_1_2_2900_500_500/train/cancer/tlung__TGAAAGAAGAGCTGGT_LUNG_T18/vectors,vectors,cancer,0,cancer,0,0.7160696983337402,0.28393030166625977
Epithelial_cells_7_1_2_2900_500_500/train/cancer/tlung__AAAGTAGAGCTAGGCA_LUNG_T09/vectors,vectors,cancer,0,cancer,0,0.675791323184967,0.32420864701271057
Epithelial_cells_7_1_2_2900_500_500/train/cancer/tlung__GTGTTAGCACAGACAG_LUNG_T28/vectors,vectors,cancer,0,cancer,0,0.5134549736976624,0.48654496669769287
Epithelial_cells_7_1_2_2900_500_500/train/cancer/tlung__TAGTGGTTCCAGAGGA_LUNG_T06/vectors,vectors,cancer,0,cancer,0,0.6151745319366455,0.3848254382610321
Epithelial_cells_7_1_2_2900_500_500/train/cancer/tlung__CATTATCTCAGGATCT_LUNG_T30/vectors,vectors,cancer,0,cancer,0,0.7247486114501953,0.27525144815444946
Epithelial_cells_7_1_2_2900_500_500/train/cancer/tlung__CGAGAAGGTTCAACCA_LUNG_T20/vectors,vectors,cancer,0,cancer,0,0.5695832967758179,0.43041667342185974
Epithelial_cells_7_1_2_2900_500_500/train/cancer/tlung__TACTCATAGGCCCTCA_LUNG_T18/vectors,vectors,cancer,0,cancer,0,0.7343815565109253,0.2656185030937195
Epithelial_cells_7_1_2_2900_500_500/train/cancer/tlung__TACGGGCTCAGCCTAA_LUNG_T06/vectors,vectors,cancer,0,cancer,0,0.6600080728530884,0.3399919271469116
Epithelial_cells_7_1_2_2900_500_500/train/cancer/tlung__CTACCCATCCGCAGTG_LUNG_T30/vectors,vectors,cancer,0,cancer,0,0.8801419138908386,0.11985811591148376
Epithelial_cells_7_1_2_2900_500_500/train/cancer/tlung__TCACGAAAGGAATGGA_LUNG_T20/vectors,vectors,cancer,0,cancer,0,0.7820804715156555,0.2179194837808609
Epithelial_cells_7_1_2_2900_500_500/train/cancer/tlung__ACGATGTCAAGGACTG_LUNG_T20/vectors,vectors,cancer,0,cancer,0,0.8350468277931213,0.16495317220687866
Epithelial_cells_7_1_2_2900_500_500/train/cancer/tlung__CAAGGCCCACCAGCAC_LUNG_T19/vectors,vectors,cancer,0,cancer,0,0.7268620729446411,0.2731379270553589
Epithelial_cells_7_1_2_2900_500_500/train/cancer/tlung__CTAGTGATCTTTAGGG_LUNG_T19/vectors,vectors,cancer,0,cancer,0,0.7289171814918518,0.2710828185081482
Epithelial_cells_7_1_2_2900_500_500/train/cancer/tlung__AGCATACAGGGTCGAT_LUNG_T09/vectors,vectors,cancer,0,cancer,0,0.7130821347236633,0.28691789507865906
Epithelial_cells_7_1_2_2900_500_500/train/cancer/tlung__TAAACCGAGCGGCTTC_LUNG_T06/vectors,vectors,cancer,0,cancer,0,0.6705273985862732,0.3294726312160492
Epithelial_cells_7_1_2_2900_500_500/train/cancer/tlung__CTAGCCTAGCTCCCAG_LUNG_T20/vectors,vectors,cancer,0,cancer,0,0.7332847714424133,0.26671522855758667
Epithelial_cells_7_1_2_2900_500_500/train/cancer/tlung__CGAACATGTGCGCTTG_LUNG_T30/vectors,vectors,cancer,0,cancer,0,0.8062431216239929,0.1937568485736847
Epithelial_cells_7_1_2_2900_500_500/train/cancer/tlung__GATTCAGCACACTGCG_LUNG_T28/vectors,vectors,cancer,0,cancer,0,0.8497998714447021,0.15020014345645905
Epithelial_cells_7_1_2_2900_500_500/train/cancer/tlung__CAGCTAAAGACAAAGG_LUNG_T20/vectors,vectors,cancer,0,cancer,0,0.5879430770874023,0.41205689311027527
Epithelial_cells_7_1_2_2900_500_500/train/cancer/tlung__CATGCCTGTCGCGGTT_LUNG_T09/vectors,vectors,cancer,0,cancer,0,0.6402704119682312,0.3597295880317688
Epithelial_cells_7_1_2_2900_500_500/train/cancer/tlung__TGGGAAGTCGAGAACG_LUNG_T28/vectors,vectors,cancer,0,cancer,0,0.7493165731430054,0.25068339705467224
Epithelial_cells_7_1_2_2900_500_500/train/cancer/tlung__CGTTAGACACGGACAA_LUNG_T09/vectors,vectors,cancer,0,cancer,0,0.6143361926078796,0.38566386699676514
Epithelial_cells_7_1_2_2900_500_500/train/cancer/tlung__ACGGAGAGTCCGTCAG_LUNG_T30/vectors,vectors,cancer,0,cancer,0,0.5628373622894287,0.4371626079082489
Epithelial_cells_7_1_2_2900_500_500/train/cancer/tlung__GGTGCGTGTGGTCCGT_LUNG_T18/vectors,vectors,cancer,0,cancer,0,0.8381009101867676,0.1618991196155548
Epithelial_cells_7_1_2_2900_500_500/train/cancer/tlung__AGGCCACAGGCGACAT_LUNG_T30/vectors,vectors,cancer,0,cancer,0,0.8621921539306641,0.13780780136585236
Epithelial_cells_7_1_2_2900_500_500/train/cancer/tlung__GAAACTCAGCCTCGTG_LUNG_T18/vectors,vectors,cancer,0,cancer,0,0.905133843421936,0.09486619383096695
Epithelial_cells_7_1_2_2900_500_500/train/cancer/tlung__AAATGCCCAAGGACTG_LUNG_T18/vectors,vectors,cancer,0,cancer,0,0.730770468711853,0.269229531288147
Epithelial_cells_7_1_2_2900_500_500/train/cancer/tlung__TAGACCAAGGCAGGTT_LUNG_T06/vectors,vectors,cancer,0,cancer,0,0.5219585299491882,0.47804147005081177
Epithelial_cells_7_1_2_2900_500_500/train/cancer/tlung__GCATGCGGTACACCGC_LUNG_T20/vectors,vectors,cancer,0,cancer,0,0.761804461479187,0.23819561302661896
Epithelial_cells_7_1_2_2900_500_500/train/cancer/tlung__GCGCCAAGTGACGCCT_LUNG_T18/vectors,vectors,cancer,0,cancer,0,0.8411091566085815,0.15889085829257965
Epithelial_cells_7_1_2_2900_500_500/train/cancer/tlung__CGTCCATGTCACTGGC_LUNG_T18/vectors,vectors,cancer,0,cancer,0,0.7947834730148315,0.20521655678749084
Epithelial_cells_7_1_2_2900_500_500/train/cancer/tlung__CACACCTTCTCGGACG_LUNG_T28/vectors,vectors,cancer,0,cancer,0,0.8586742281913757,0.14132586121559143
Epithelial_cells_7_1_2_2900_500_500/train/cancer/tlung__ACGGAGACACCGTTGG_LUNG_T18/vectors,vectors,cancer,0,cancer,0,0.8278107643127441,0.17218925058841705
Epithelial_cells_7_1_2_2900_500_500/train/cancer/tlung__CGTCAGGGTATATGAG_LUNG_T18/vectors,vectors,cancer,0,cancer,0,0.5063167810440063,0.49368318915367126
Epithelial_cells_7_1_2_2900_500_500/train/cancer/tlung__TACGGATCAGTTCCCT_LUNG_T18/vectors,vectors,cancer,0,cancer,0,0.7607395648956299,0.2392604798078537
Epithelial_cells_7_1_2_2900_500_500/train/cancer/tlung__CCTAGCTCACGTCTCT_LUNG_T06/vectors,vectors,cancer,0,cancer,0,0.7483752369880676,0.25162473320961
Epithelial_cells_7_1_2_2900_500_500/train/cancer/tlung__TGACGGCTCTCCAGGG_LUNG_T20/vectors,vectors,cancer,0,cancer,0,0.7701625227928162,0.2298375964164734
Epithelial_cells_7_1_2_2900_500_500/train/cancer/tlung__TCTCTAACAAGGCTCC_LUNG_T20/vectors,vectors,cancer,0,cancer,0,0.7036258578300476,0.2963741719722748
Epithelial_cells_7_1_2_2900_500_500/train/cancer/tlung__CGGCTAGGTAAGTAGT_LUNG_T18/vectors,vectors,cancer,0,cancer,0,0.7022238373756409,0.29777613282203674
Epithelial_cells_7_1_2_2900_500_500/train/cancer/tlung__ACTGAACGTTCAGCGC_LUNG_T28/vectors,vectors,cancer,0,cancer,0,0.8459106087684631,0.15408939123153687
Epithelial_cells_7_1_2_2900_500_500/train/cancer/tlung__CCACGGATCGCAAACT_LUNG_T18/vectors,vectors,cancer,0,cancer,0,0.7967475056648254,0.20325249433517456
Epithelial_cells_7_1_2_2900_500_500/train/cancer/tlung__CGGAGCTGTCCGAATT_LUNG_T30/vectors,vectors,cancer,0,cancer,0,0.6821768879890442,0.3178231120109558
Epithelial_cells_7_1_2_2900_500_500/train/cancer/tlung__CGTCTACTCGTCTGCT_LUNG_T20/vectors,vectors,cancer,0,cancer,0,0.6710126399993896,0.3289874196052551
Epithelial_cells_7_1_2_2900_500_500/train/cancer/tlung__AAGTCTGAGTTGTAGA_LUNG_T20/vectors,vectors,cancer,0,cancer,0,0.8230974078178406,0.17690253257751465
Epithelial_cells_7_1_2_2900_500_500/train/cancer/tlung__ATTATCCGTACAGTGG_LUNG_T18/vectors,vectors,cancer,0,cancer,0,0.7324962019920349,0.2675038278102875
Epithelial_cells_7_1_2_2900_500_500/train/cancer/tlung__GTCTCGTGTTAGATGA_LUNG_T28/vectors,vectors,cancer,0,cancer,0,0.8050197958946228,0.1949802190065384
Epithelial_cells_7_1_2_2900_500_500/train/cancer/tlung__GCTCCTACAGAGCCAA_LUNG_T30/vectors,vectors,cancer,0,cancer,0,0.5407419800758362,0.45925799012184143
Epithelial_cells_7_1_2_2900_500_500/train/cancer/tlung__TTTGCGCCAACAACCT_LUNG_T18/vectors,vectors,cancer,0,cancer,0,0.8013340830802917,0.19866593182086945
Epithelial_cells_7_1_2_2900_500_500/train/cancer/tlung__AGCGGTCCAAACGCGA_LUNG_T09/vectors,vectors,cancer,0,cancer,0,0.6672019362449646,0.3327981233596802
Epithelial_cells_7_1_2_2900_500_500/train/cancer/tlung__GCGCCAATCCCTAACC_LUNG_T28/vectors,vectors,cancer,0,cancer,0,0.7591138482093811,0.24088621139526367
Epithelial_cells_7_1_2_2900_500_500/train/cancer/tlung__GGACAGAGTAGCACGA_LUNG_T20/vectors,vectors,cancer,0,cancer,0,0.7107036113739014,0.28929638862609863
Epithelial_cells_7_1_2_2900_500_500/train/cancer/tlung__CTGATCCTCGCAGGCT_LUNG_T06/vectors,vectors,cancer,0,cancer,0,0.7218167781829834,0.278183251619339
Epithelial_cells_7_1_2_2900_500_500/train/cancer/tlung__CGATTGAGTATATGAG_LUNG_T20/vectors,vectors,cancer,0,cancer,0,0.6186076998710632,0.38139235973358154
Epithelial_cells_7_1_2_2900_500_500/train/cancer/tlung__ACACTGACACCGCTAG_LUNG_T20/vectors,vectors,cancer,0,cancer,0,0.8087479472160339,0.19125212728977203
Epithelial_cells_7_1_2_2900_500_500/train/cancer/tlung__GCATGATCAGACGCTC_LUNG_T18/vectors,vectors,cancer,0,cancer,0,0.7143043279647827,0.2856956720352173
Epithelial_cells_7_1_2_2900_500_500/train/cancer/tlung__CCTATTAGTCGGCTCA_LUNG_T09/vectors,vectors,cancer,0,cancer,0,0.700946033000946,0.29905402660369873
Epithelial_cells_7_1_2_2900_500_500/train/cancer/tlung__GGGAGATCAAACTGTC_LUNG_T18/vectors,vectors,cancer,0,cancer,0,0.7923036217689514,0.20769640803337097
Epithelial_cells_7_1_2_2900_500_500/train/cancer/tlung__AGCTCCTGTGACTCAT_LUNG_T20/vectors,vectors,cancer,0,cancer,0,0.7793849110603333,0.2206152081489563
Epithelial_cells_7_1_2_2900_500_500/train/cancer/tlung__ACAGCCGCATTCTCAT_LUNG_T28/vectors,vectors,cancer,0,cancer,0,0.6620321273803711,0.3379678726196289
Epithelial_cells_7_1_2_2900_500_500/train/cancer/tlung__TACTTACTCATGGTCA_LUNG_T19/vectors,vectors,cancer,0,cancer,0,0.7235293388366699,0.27647072076797485
Epithelial_cells_7_1_2_2900_500_500/train/cancer/tlung__CCCTCCTCAATGGAGC_LUNG_T28/vectors,vectors,cancer,0,cancer,0,0.8617419600486755,0.13825805485248566
Epithelial_cells_7_1_2_2900_500_500/train/cancer/tlung__TGCCAAATCTGGTATG_LUNG_T28/vectors,vectors,cancer,0,cancer,0,0.7529674768447876,0.2470325380563736
Epithelial_cells_7_1_2_2900_500_500/train/cancer/tlung__CTGAAACTCTGTACGA_LUNG_T06/vectors,vectors,cancer,0,cancer,0,0.7860691547393799,0.2139309048652649
Epithelial_cells_7_1_2_2900_500_500/train/cancer/tlung__CCTTCGAAGGCAAAGA_LUNG_T30/vectors,vectors,cancer,0,cancer,0,0.6111209392547607,0.38887909054756165
Epithelial_cells_7_1_2_2900_500_500/train/cancer/tlung__GCTTGAAAGTGTCCCG_LUNG_T18/vectors,vectors,cancer,0,cancer,0,0.8421828746795654,0.15781709551811218
Epithelial_cells_7_1_2_2900_500_500/train/cancer/tlung__GAACGGAGTAGCGTAG_LUNG_T30/vectors,vectors,cancer,0,cancer,0,0.8021103143692017,0.19788973033428192
Epithelial_cells_7_1_2_2900_500_500/train/cancer/tlung__GGGACCTCAAGACACG_LUNG_T18/vectors,vectors,cancer,0,cancer,0,0.7669270038604736,0.23307296633720398
Epithelial_cells_7_1_2_2900_500_500/train/cancer/tlung__ACTTGTTCACCGGAAA_LUNG_T19/vectors,vectors,cancer,0,cancer,0,0.6537074446678162,0.34629255533218384
Epithelial_cells_7_1_2_2900_500_500/train/cancer/tlung__CTTCTCTCACAACGTT_LUNG_T20/vectors,vectors,cancer,0,cancer,0,0.7391871809959412,0.2608128488063812
Epithelial_cells_7_1_2_2900_500_500/train/cancer/tlung__GAGCAGAGTTCCGGCA_LUNG_T18/vectors,vectors,cancer,0,cancer,0,0.7963716983795166,0.20362834632396698
Epithelial_cells_7_1_2_2900_500_500/train/cancer/tlung__TACCTATTCCGCATCT_LUNG_T18/vectors,vectors,cancer,0,cancer,0,0.7017130851745605,0.29828694462776184
Epithelial_cells_7_1_2_2900_500_500/train/cancer/tlung__CCTTACGCACCCTATC_LUNG_T18/vectors,vectors,cancer,0,cancer,0,0.6782736778259277,0.32172632217407227
Epithelial_cells_7_1_2_2900_500_500/train/cancer/tlung__GGGTCTGGTAGCCTAT_LUNG_T18/vectors,vectors,cancer,0,cancer,0,0.7401508688926697,0.2598491311073303
Epithelial_cells_7_1_2_2900_500_500/train/cancer/tlung__GAGTCCGGTTGTTTGG_LUNG_T30/vectors,vectors,cancer,0,cancer,0,0.7486740350723267,0.2513259947299957
Epithelial_cells_7_1_2_2900_500_500/train/cancer/tlung__AAGACCTTCGTAGGTT_LUNG_T19/vectors,vectors,cancer,0,cancer,0,0.8899839520454407,0.11001615971326828
Epithelial_cells_7_1_2_2900_500_500/train/cancer/tlung__CCTACACGTCCAGTTA_LUNG_T30/vectors,vectors,cancer,0,cancer,0,0.7132818102836609,0.28671813011169434
Epithelial_cells_7_1_2_2900_500_500/train/cancer/tlung__GCGGGTTCAGCGATCC_LUNG_T20/vectors,vectors,cancer,0,cancer,0,0.8845015168190002,0.11549851298332214
Epithelial_cells_7_1_2_2900_500_500/train/cancer/tlung__CTGAAACGTCATCGGC_LUNG_T20/vectors,vectors,cancer,0,cancer,0,0.7773633003234863,0.22263675928115845
Epithelial_cells_7_1_2_2900_500_500/train/cancer/tlung__GACGTGCCAATCGAAA_LUNG_T06/vectors,vectors,cancer,0,cancer,0,0.6713359355926514,0.32866406440734863
Epithelial_cells_7_1_2_2900_500_500/train/cancer/tlung__GTGCTTCTCGGTGTCG_LUNG_T19/vectors,vectors,cancer,0,cancer,0,0.5749915242195129,0.42500850558280945
Epithelial_cells_7_1_2_2900_500_500/train/cancer/tlung__CACCTTGTCGGAAATA_LUNG_T30/vectors,vectors,cancer,0,normal,1,0.48270344734191895,0.517296552658081
Epithelial_cells_7_1_2_2900_500_500/train/cancer/tlung__AGAGCTTGTCGGATCC_LUNG_T28/vectors,vectors,cancer,0,cancer,0,0.6817798018455505,0.3182202875614166
Epithelial_cells_7_1_2_2900_500_500/train/cancer/tlung__GACGTGCTCGAGCCCA_LUNG_T19/vectors,vectors,cancer,0,cancer,0,0.5107405185699463,0.4892594814300537
Epithelial_cells_7_1_2_2900_500_500/train/cancer/tlung__GGCTCGACAAGGACAC_LUNG_T30/vectors,vectors,cancer,0,cancer,0,0.7118817567825317,0.2881181836128235
Epithelial_cells_7_1_2_2900_500_500/train/cancer/tlung__GATTCAGAGGACAGCT_LUNG_T20/vectors,vectors,cancer,0,cancer,0,0.8557758331298828,0.1442241668701172
Epithelial_cells_7_1_2_2900_500_500/train/cancer/tlung__ACCCACTAGTGAATTG_LUNG_T18/vectors,vectors,cancer,0,cancer,0,0.8241260051727295,0.1758739948272705
Epithelial_cells_7_1_2_2900_500_500/train/cancer/tlung__TAAACCGTCTGCCAGG_LUNG_T30/vectors,vectors,cancer,0,cancer,0,0.8506082892417908,0.14939172565937042
Epithelial_cells_7_1_2_2900_500_500/train/cancer/tlung__AACACGTAGAATGTGT_LUNG_T30/vectors,vectors,cancer,0,cancer,0,0.6791786551475525,0.3208213150501251
Epithelial_cells_7_1_2_2900_500_500/train/cancer/tlung__ATTGGACCAATGACCT_LUNG_T20/vectors,vectors,cancer,0,cancer,0,0.7690151929855347,0.23098480701446533
Epithelial_cells_7_1_2_2900_500_500/train/cancer/tlung__CAGCATAAGACTGTAA_LUNG_T06/vectors,vectors,cancer,0,cancer,0,0.6379335522651672,0.36206650733947754
Epithelial_cells_7_1_2_2900_500_500/train/cancer/tlung__TCATTTGAGTCAAGCG_LUNG_T06/vectors,vectors,cancer,0,cancer,0,0.6996136903762817,0.30038630962371826
Epithelial_cells_7_1_2_2900_500_500/train/cancer/tlung__ATTGGTGAGCCTTGAT_LUNG_T06/vectors,vectors,cancer,0,cancer,0,0.6966552734375,0.3033447265625
Epithelial_cells_7_1_2_2900_500_500/train/cancer/tlung__AGATCTGCACGTCAGC_LUNG_T18/vectors,vectors,cancer,0,cancer,0,0.7737724781036377,0.22622759640216827
Epithelial_cells_7_1_2_2900_500_500/train/cancer/tlung__CTACACCTCCGTCAAA_LUNG_T09/vectors,vectors,cancer,0,cancer,0,0.6405796408653259,0.3594203293323517
Epithelial_cells_7_1_2_2900_500_500/train/cancer/tlung__GTCGTAAGTCCCTACT_LUNG_T20/vectors,vectors,cancer,0,cancer,0,0.8904848694801331,0.10951516032218933
Epithelial_cells_7_1_2_2900_500_500/train/cancer/tlung__CAAGAAAGTGTTTGTG_LUNG_T30/vectors,vectors,cancer,0,cancer,0,0.7313705086708069,0.2686295509338379
Epithelial_cells_7_1_2_2900_500_500/train/cancer/tlung__AGACGTTGTACAGTGG_LUNG_T06/vectors,vectors,cancer,0,cancer,0,0.6003348231315613,0.3996652066707611
Epithelial_cells_7_1_2_2900_500_500/train/cancer/tlung__GGCCGATTCTTTACAC_LUNG_T06/vectors,vectors,cancer,0,cancer,0,0.5577549338340759,0.4422450363636017
Epithelial_cells_7_1_2_2900_500_500/train/cancer/tlung__CGTGTCTCAAGCCTAT_LUNG_T20/vectors,vectors,cancer,0,cancer,0,0.7171357274055481,0.2828642725944519
Epithelial_cells_7_1_2_2900_500_500/train/cancer/tlung__TACTCGCAGGCTCTTA_LUNG_T20/vectors,vectors,cancer,0,cancer,0,0.666089653968811,0.3339103162288666
Epithelial_cells_7_1_2_2900_500_500/train/cancer/tlung__CGGAGTCTCAGCTCGG_LUNG_T09/vectors,vectors,cancer,0,cancer,0,0.5886231064796448,0.41137683391571045
Epithelial_cells_7_1_2_2900_500_500/train/cancer/tlung__ATCGAGTGTTCAGACT_LUNG_T09/vectors,vectors,cancer,0,cancer,0,0.706342339515686,0.2936576008796692
Epithelial_cells_7_1_2_2900_500_500/train/cancer/tlung__CTAGAGTCACAGACTT_LUNG_T20/vectors,vectors,cancer,0,cancer,0,0.8715569376945496,0.1284431368112564
Epithelial_cells_7_1_2_2900_500_500/train/cancer/tlung__CTGCCTACAAGGTTTC_LUNG_T20/vectors,vectors,cancer,0,cancer,0,0.811564028263092,0.18843595683574677
Epithelial_cells_7_1_2_2900_500_500/train/cancer/tlung__AGATTGCTCTGCTGTC_LUNG_T20/vectors,vectors,cancer,0,cancer,0,0.5883275270462036,0.41167253255844116
Epithelial_cells_7_1_2_2900_500_500/train/cancer/tlung__TGGCTGGCAGGGCATA_LUNG_T20/vectors,vectors,cancer,0,cancer,0,0.7640123963356018,0.2359876185655594
Epithelial_cells_7_1_2_2900_500_500/train/cancer/tlung__AAGTCTGAGCGAAGGG_LUNG_T18/vectors,vectors,cancer,0,cancer,0,0.697402834892273,0.30259713530540466
Epithelial_cells_7_1_2_2900_500_500/train/cancer/tlung__AAACCTGCATGCCTAA_LUNG_T20/vectors,vectors,cancer,0,cancer,0,0.8869600296020508,0.11303996294736862
Epithelial_cells_7_1_2_2900_500_500/train/cancer/tlung__GTACTCCTCCTTTCGG_LUNG_T19/vectors,vectors,cancer,0,cancer,0,0.7860280275344849,0.21397195756435394
Epithelial_cells_7_1_2_2900_500_500/train/cancer/tlung__TACGGATGTTGGGACA_LUNG_T28/vectors,vectors,cancer,0,cancer,0,0.799970269203186,0.20002974569797516
Epithelial_cells_7_1_2_2900_500_500/train/cancer/tlung__GCTCTGTTCGTCGTTC_LUNG_T28/vectors,vectors,cancer,0,cancer,0,0.8132754564285278,0.18672451376914978
Epithelial_cells_7_1_2_2900_500_500/train/cancer/tlung__ACTATCTTCGCGTTTC_LUNG_T18/vectors,vectors,cancer,0,cancer,0,0.7377490997314453,0.26225098967552185
Epithelial_cells_7_1_2_2900_500_500/train/cancer/tlung__CATGCCTTCGGATGGA_LUNG_T28/vectors,vectors,cancer,0,cancer,0,0.8097089529037476,0.19029104709625244
Epithelial_cells_7_1_2_2900_500_500/train/cancer/tlung__GGTATTGAGTGTCCAT_LUNG_T19/vectors,vectors,cancer,0,cancer,0,0.6617862582206726,0.3382136821746826
Epithelial_cells_7_1_2_2900_500_500/train/cancer/tlung__GGGTTGCAGATCGATA_LUNG_T30/vectors,vectors,cancer,0,normal,1,0.4019518792629242,0.5980480909347534
Epithelial_cells_7_1_2_2900_500_500/train/cancer/tlung__TGCTACCTCTTATCTG_LUNG_T28/vectors,vectors,cancer,0,cancer,0,0.8222783803939819,0.17772166430950165
Epithelial_cells_7_1_2_2900_500_500/train/cancer/tlung__GAAATGAAGACTTGAA_LUNG_T30/vectors,vectors,cancer,0,cancer,0,0.7767923474311829,0.22320769727230072
Epithelial_cells_7_1_2_2900_500_500/train/cancer/tlung__TCAACGACACGGCTAC_LUNG_T19/vectors,vectors,cancer,0,cancer,0,0.8397668600082397,0.16023318469524384
Epithelial_cells_7_1_2_2900_500_500/train/cancer/tlung__CTAGTGAGTCATATCG_LUNG_T30/vectors,vectors,cancer,0,cancer,0,0.8560017347335815,0.14399832487106323
Epithelial_cells_7_1_2_2900_500_500/train/cancer/tlung__AACCATGTCAGTCCCT_LUNG_T19/vectors,vectors,cancer,0,cancer,0,0.7774266004562378,0.2225733995437622
Epithelial_cells_7_1_2_2900_500_500/train/cancer/tlung__TTGCCGTAGCGTGAAC_LUNG_T30/vectors,vectors,cancer,0,cancer,0,0.8220463395118713,0.17795369029045105
Epithelial_cells_7_1_2_2900_500_500/train/cancer/tlung__CTGAAGTGTCGAAAGC_LUNG_T28/vectors,vectors,cancer,0,cancer,0,0.8650104403495789,0.13498957455158234
Epithelial_cells_7_1_2_2900_500_500/train/cancer/tlung__TGTTCCGGTAAGTTCC_LUNG_T18/vectors,vectors,cancer,0,cancer,0,0.8760523796081543,0.12394766509532928
Epithelial_cells_7_1_2_2900_500_500/train/cancer/tlung__GAAATGAGTTCTGGTA_LUNG_T20/vectors,vectors,cancer,0,cancer,0,0.7762627005577087,0.22373729944229126
Epithelial_cells_7_1_2_2900_500_500/train/cancer/tlung__GCTCTGTGTCATCGGC_LUNG_T30/vectors,vectors,cancer,0,cancer,0,0.8510729670524597,0.14892695844173431
Epithelial_cells_7_1_2_2900_500_500/train/cancer/tlung__CGTCCATGTGACGGTA_LUNG_T18/vectors,vectors,cancer,0,cancer,0,0.8194422125816345,0.1805577576160431
Epithelial_cells_7_1_2_2900_500_500/train/cancer/tlung__TTCGAAGAGCTCCTCT_LUNG_T18/vectors,vectors,cancer,0,cancer,0,0.7197039723396301,0.2802961468696594
Epithelial_cells_7_1_2_2900_500_500/train/cancer/tlung__GGACGTCCACATGACT_LUNG_T28/vectors,vectors,cancer,0,cancer,0,0.7332131266593933,0.2667868733406067
Epithelial_cells_7_1_2_2900_500_500/train/cancer/tlung__ATCTACTCAGTAACGG_LUNG_T20/vectors,vectors,cancer,0,cancer,0,0.7466473579406738,0.25335264205932617
Epithelial_cells_7_1_2_2900_500_500/train/cancer/tlung__CATTATCGTTACAGAA_LUNG_T20/vectors,vectors,cancer,0,cancer,0,0.8509956002235413,0.14900434017181396
Epithelial_cells_7_1_2_2900_500_500/train/cancer/tlung__CAGCTAAAGACCGGAT_LUNG_T30/vectors,vectors,cancer,0,cancer,0,0.7796366214752197,0.22036342322826385
Epithelial_cells_7_1_2_2900_500_500/train/cancer/tlung__CATATGGAGAGTCGGT_LUNG_T20/vectors,vectors,cancer,0,cancer,0,0.615521252155304,0.38447871804237366
Epithelial_cells_7_1_2_2900_500_500/train/cancer/tlung__GTGAAGGGTCTTGCGG_LUNG_T28/vectors,vectors,cancer,0,cancer,0,0.7382683157920837,0.26173171401023865
Epithelial_cells_7_1_2_2900_500_500/train/cancer/tlung__TGACTAGTCGTTGCCT_LUNG_T30/vectors,vectors,cancer,0,cancer,0,0.7572787404060364,0.2427213042974472
Epithelial_cells_7_1_2_2900_500_500/train/cancer/tlung__ATCCGAAGTAGAGCTG_LUNG_T06/vectors,vectors,cancer,0,cancer,0,0.5080559253692627,0.4919440746307373
Epithelial_cells_7_1_2_2900_500_500/train/cancer/tlung__CACACAACAACGATCT_LUNG_T18/vectors,vectors,cancer,0,cancer,0,0.8347607851028442,0.16523922979831696
Epithelial_cells_7_1_2_2900_500_500/train/cancer/tlung__CCCAGTTGTATCACCA_LUNG_T18/vectors,vectors,cancer,0,cancer,0,0.6814618706703186,0.3185381293296814
Epithelial_cells_7_1_2_2900_500_500/train/cancer/tlung__CAAGAAACAAGCCGCT_LUNG_T20/vectors,vectors,cancer,0,cancer,0,0.8453369140625,0.1546630710363388
Epithelial_cells_7_1_2_2900_500_500/train/cancer/tlung__ACGGCCAAGCGATGAC_LUNG_T19/vectors,vectors,cancer,0,normal,1,0.4422149062156677,0.5577850937843323
Epithelial_cells_7_1_2_2900_500_500/train/cancer/tlung__AACCGCGAGTGGAGTC_LUNG_T20/vectors,vectors,cancer,0,cancer,0,0.7758384943008423,0.22416159510612488
Epithelial_cells_7_1_2_2900_500_500/train/cancer/tlung__TACTTGTTCCACGTTC_LUNG_T30/vectors,vectors,cancer,0,cancer,0,0.5951984524726868,0.40480151772499084
Epithelial_cells_7_1_2_2900_500_500/train/cancer/tlung__TCGTACCCATGTTCCC_LUNG_T19/vectors,vectors,cancer,0,cancer,0,0.7479612827301025,0.2520386874675751
Epithelial_cells_7_1_2_2900_500_500/train/cancer/tlung__ATTGGACGTCTCGTTC_LUNG_T20/vectors,vectors,cancer,0,cancer,0,0.5860195159912109,0.41398054361343384
Epithelial_cells_7_1_2_2900_500_500/train/cancer/tlung__GGGCATCGTCCAAGTT_LUNG_T18/vectors,vectors,cancer,0,cancer,0,0.875853419303894,0.12414661794900894
Epithelial_cells_7_1_2_2900_500_500/train/cancer/tlung__TGCCAAACACAGATTC_LUNG_T18/vectors,vectors,cancer,0,cancer,0,0.74956876039505,0.25043126940727234
Epithelial_cells_7_1_2_2900_500_500/train/cancer/tlung__AGCGTATGTGGTCTCG_LUNG_T20/vectors,vectors,cancer,0,cancer,0,0.8620616793632507,0.13793841004371643
Epithelial_cells_7_1_2_2900_500_500/train/cancer/tlung__CGTTGGGCAGAAGCAC_LUNG_T28/vectors,vectors,cancer,0,cancer,0,0.714154839515686,0.28584519028663635
Epithelial_cells_7_1_2_2900_500_500/train/cancer/tlung__TCTATTGAGATCTGCT_LUNG_T28/vectors,vectors,cancer,0,cancer,0,0.7997943758964539,0.20020562410354614
Epithelial_cells_7_1_2_2900_500_500/train/cancer/tlung__TCACGAATCGCCTGTT_LUNG_T18/vectors,vectors,cancer,0,cancer,0,0.8865432739257812,0.11345673352479935
Epithelial_cells_7_1_2_2900_500_500/train/cancer/tlung__AGAATAGAGCGTCAAG_LUNG_T28/vectors,vectors,cancer,0,cancer,0,0.6828117370605469,0.3171882927417755
Epithelial_cells_7_1_2_2900_500_500/train/cancer/tlung__GCATGCGAGGTGCAAC_LUNG_T18/vectors,vectors,cancer,0,cancer,0,0.8981093168258667,0.10189066082239151
Epithelial_cells_7_1_2_2900_500_500/train/cancer/tlung__GATGCTAGTCATGCAT_LUNG_T19/vectors,vectors,cancer,0,cancer,0,0.5673373937606812,0.43266257643699646
Epithelial_cells_7_1_2_2900_500_500/train/cancer/tlung__AAAGTAGCACCAGGTC_LUNG_T09/vectors,vectors,cancer,0,cancer,0,0.6983551383018494,0.30164480209350586
Epithelial_cells_7_1_2_2900_500_500/train/cancer/tlung__ACTTACTTCACAATGC_LUNG_T20/vectors,vectors,cancer,0,cancer,0,0.8656222820281982,0.1343778520822525
Epithelial_cells_7_1_2_2900_500_500/train/cancer/tlung__CCAGCGAGTAGCACGA_LUNG_T18/vectors,vectors,cancer,0,cancer,0,0.7958763241767883,0.20412364602088928
Epithelial_cells_7_1_2_2900_500_500/train/cancer/tlung__CTAAGACGTCTTGCGG_LUNG_T30/vectors,vectors,cancer,0,cancer,0,0.7833262085914612,0.2166738361120224
Epithelial_cells_7_1_2_2900_500_500/train/cancer/tlung__TAGAGCTGTACCGCTG_LUNG_T18/vectors,vectors,cancer,0,cancer,0,0.8749346137046814,0.1250653713941574
Epithelial_cells_7_1_2_2900_500_500/train/cancer/tlung__ACGATACTCTAACTCT_LUNG_T20/vectors,vectors,cancer,0,cancer,0,0.8324240446090698,0.16757597029209137
Epithelial_cells_7_1_2_2900_500_500/train/cancer/tlung__ACTGAGTTCTGCGGCA_LUNG_T09/vectors,vectors,cancer,0,cancer,0,0.7178038358688354,0.28219616413116455
Epithelial_cells_7_1_2_2900_500_500/train/cancer/tlung__CAACTAGCAAAGCAAT_LUNG_T30/vectors,vectors,cancer,0,cancer,0,0.8327813148498535,0.1672186553478241
Epithelial_cells_7_1_2_2900_500_500/train/cancer/tlung__CACAGGCCAAAGGCGT_LUNG_T19/vectors,vectors,cancer,0,cancer,0,0.7055568695068359,0.29444313049316406
Epithelial_cells_7_1_2_2900_500_500/train/cancer/tlung__TTAGGCATCCATGAAC_LUNG_T18/vectors,vectors,cancer,0,cancer,0,0.8062431216239929,0.1937568485736847
Epithelial_cells_7_1_2_2900_500_500/train/cancer/tlung__GGGATGACAGTGACAG_LUNG_T19/vectors,vectors,cancer,0,cancer,0,0.6637507081031799,0.33624932169914246
Epithelial_cells_7_1_2_2900_500_500/train/cancer/tlung__TCGTACCCATGCATGT_LUNG_T30/vectors,vectors,cancer,0,cancer,0,0.7872164249420166,0.2127835899591446
Epithelial_cells_7_1_2_2900_500_500/train/cancer/tlung__TTCTACAAGTTAACGA_LUNG_T28/vectors,vectors,cancer,0,cancer,0,0.7591584324836731,0.2408415526151657
Epithelial_cells_7_1_2_2900_500_500/train/cancer/tlung__GGATGTTTCACGAAGG_LUNG_T06/vectors,vectors,cancer,0,cancer,0,0.7657467126846313,0.23425333201885223
Epithelial_cells_7_1_2_2900_500_500/train/cancer/tlung__ACACCAACATCGACGC_LUNG_T30/vectors,vectors,cancer,0,cancer,0,0.6984837055206299,0.30151626467704773
Epithelial_cells_7_1_2_2900_500_500/train/cancer/tlung__CGTCCATTCACTCTTA_LUNG_T18/vectors,vectors,cancer,0,cancer,0,0.718001663684845,0.2819984257221222
Epithelial_cells_7_1_2_2900_500_500/train/cancer/tlung__CCCTCCTGTTCCGTCT_LUNG_T28/vectors,vectors,cancer,0,cancer,0,0.8197490572929382,0.18025092780590057
Epithelial_cells_7_1_2_2900_500_500/train/cancer/tlung__CAACCTCCAGAGCCAA_LUNG_T19/vectors,vectors,cancer,0,cancer,0,0.565028727054596,0.43497130274772644
Epithelial_cells_7_1_2_2900_500_500/train/cancer/tlung__CCTTTCTGTAACGCGA_LUNG_T30/vectors,vectors,cancer,0,cancer,0,0.518729031085968,0.48127099871635437
Epithelial_cells_7_1_2_2900_500_500/train/cancer/tlung__GTACTCCAGTGCTGCC_LUNG_T20/vectors,vectors,cancer,0,normal,1,0.43761318922042847,0.5623867511749268
Epithelial_cells_7_1_2_2900_500_500/train/cancer/tlung__TGCCAAAGTGACAAAT_LUNG_T09/vectors,vectors,cancer,0,cancer,0,0.6621413230895996,0.3378585875034332
Epithelial_cells_7_1_2_2900_500_500/train/cancer/tlung__GGAACTTGTTTAGGAA_LUNG_T30/vectors,vectors,cancer,0,cancer,0,0.7438896298408508,0.25611037015914917
Epithelial_cells_7_1_2_2900_500_500/train/cancer/tlung__CACAGTAGTCTAGTGT_LUNG_T30/vectors,vectors,cancer,0,cancer,0,0.7192111611366272,0.28078892827033997
Epithelial_cells_7_1_2_2900_500_500/train/cancer/tlung__ACGGCCAAGTGGAGTC_LUNG_T28/vectors,vectors,cancer,0,cancer,0,0.8451293706893921,0.1548706591129303
Epithelial_cells_7_1_2_2900_500_500/train/cancer/tlung__CACCACTAGGATTCGG_LUNG_T19/vectors,vectors,cancer,0,cancer,0,0.5969324707984924,0.4030674397945404
Epithelial_cells_7_1_2_2900_500_500/train/cancer/tlung__AAAGCAAGTCCTGCTT_LUNG_T20/vectors,vectors,cancer,0,cancer,0,0.7407373785972595,0.2592625916004181
Epithelial_cells_7_1_2_2900_500_500/train/cancer/tlung__AGGGATGCATACAGCT_LUNG_T28/vectors,vectors,cancer,0,cancer,0,0.6538732051849365,0.3461267650127411
Epithelial_cells_7_1_2_2900_500_500/train/cancer/tlung__CTCGTACGTGTGGTTT_LUNG_T06/vectors,vectors,cancer,0,cancer,0,0.7434009909629822,0.2565990686416626
Epithelial_cells_7_1_2_2900_500_500/train/cancer/tlung__TTGAACGTCCAAACAC_LUNG_T28/vectors,vectors,cancer,0,cancer,0,0.6763795018196106,0.3236205279827118
Epithelial_cells_7_1_2_2900_500_500/train/cancer/tlung__GAATGAACATCTACGA_LUNG_T18/vectors,vectors,cancer,0,cancer,0,0.7763051390647888,0.22369489073753357
Epithelial_cells_7_1_2_2900_500_500/train/cancer/tlung__GATCTAGAGTGGAGAA_LUNG_T18/vectors,vectors,cancer,0,cancer,0,0.7413229942321777,0.2586769461631775
Epithelial_cells_7_1_2_2900_500_500/train/cancer/tlung__GACTACACAGTCGTGC_LUNG_T18/vectors,vectors,cancer,0,cancer,0,0.7281447052955627,0.2718554139137268
Epithelial_cells_7_1_2_2900_500_500/train/cancer/tlung__TTGAACGGTAGCGCTC_LUNG_T30/vectors,vectors,cancer,0,cancer,0,0.7080864310264587,0.29191356897354126
Epithelial_cells_7_1_2_2900_500_500/train/cancer/tlung__TGTGGTATCTCTAAGG_LUNG_T18/vectors,vectors,cancer,0,cancer,0,0.8247973322868347,0.17520266771316528
Epithelial_cells_7_1_2_2900_500_500/train/cancer/tlung__CAACCTCCATGGTAGG_LUNG_T30/vectors,vectors,cancer,0,cancer,0,0.8172100782394409,0.18278992176055908
Epithelial_cells_7_1_2_2900_500_500/train/cancer/tlung__GCGCGATGTGTTAAGA_LUNG_T09/vectors,vectors,cancer,0,cancer,0,0.5176622867584229,0.48233768343925476
Epithelial_cells_7_1_2_2900_500_500/train/cancer/tlung__GCATGCGAGGTAAACT_LUNG_T20/vectors,vectors,cancer,0,cancer,0,0.7678639888763428,0.23213601112365723
Epithelial_cells_7_1_2_2900_500_500/train/cancer/tlung__TCAACGACACGGCCAT_LUNG_T09/vectors,vectors,cancer,0,cancer,0,0.6630691885948181,0.3369307816028595
Epithelial_cells_7_1_2_2900_500_500/train/cancer/tlung__ACTTGTTCATAAAGGT_LUNG_T09/vectors,vectors,cancer,0,cancer,0,0.5467381477355957,0.4532618820667267
Epithelial_cells_7_1_2_2900_500_500/train/cancer/tlung__CGTGTCTGTTAAGTAG_LUNG_T18/vectors,vectors,cancer,0,cancer,0,0.8325942158699036,0.16740573942661285
Epithelial_cells_7_1_2_2900_500_500/train/cancer/tlung__GCTGCTTAGCGTGAAC_LUNG_T20/vectors,vectors,cancer,0,cancer,0,0.81967693567276,0.18032307922840118
Epithelial_cells_7_1_2_2900_500_500/train/cancer/tlung__CGGAGCTTCGTCACGG_LUNG_T06/vectors,vectors,cancer,0,cancer,0,0.5980774760246277,0.4019225537776947
Epithelial_cells_7_1_2_2900_500_500/train/cancer/tlung__GCACTCTTCTCGTTTA_LUNG_T19/vectors,vectors,cancer,0,cancer,0,0.5079338550567627,0.49206608533859253
Epithelial_cells_7_1_2_2900_500_500/train/cancer/tlung__ACGCCGAGTAGGACAC_LUNG_T06/vectors,vectors,cancer,0,cancer,0,0.730410099029541,0.26958993077278137
Epithelial_cells_7_1_2_2900_500_500/train/cancer/tlung__CCTTTCTGTTCTGTTT_LUNG_T18/vectors,vectors,cancer,0,cancer,0,0.7255271077156067,0.2744728922843933
Epithelial_cells_7_1_2_2900_500_500/train/cancer/tlung__CACCAGGAGCGTTGCC_LUNG_T20/vectors,vectors,cancer,0,cancer,0,0.80935138463974,0.19064867496490479
Epithelial_cells_7_1_2_2900_500_500/train/cancer/tlung__TCAGCTCAGGAATCGC_LUNG_T30/vectors,vectors,cancer,0,cancer,0,0.7166402339935303,0.2833597958087921
Epithelial_cells_7_1_2_2900_500_500/train/cancer/tlung__AAGGAGCGTACCGGCT_LUNG_T28/vectors,vectors,cancer,0,cancer,0,0.9075378179550171,0.09246216714382172
Epithelial_cells_7_1_2_2900_500_500/train/cancer/tlung__AGAGTGGCACGAGAGT_LUNG_T19/vectors,vectors,cancer,0,normal,1,0.37756937742233276,0.6224306225776672
Epithelial_cells_7_1_2_2900_500_500/train/cancer/tlung__GTTACAGCAAACTGTC_LUNG_T30/vectors,vectors,cancer,0,normal,1,0.487856388092041,0.5121435523033142
Epithelial_cells_7_1_2_2900_500_500/train/cancer/tlung__GATCTAGCAGCTGTTA_LUNG_T18/vectors,vectors,cancer,0,cancer,0,0.8182289600372314,0.18177101016044617
Epithelial_cells_7_1_2_2900_500_500/train/cancer/tlung__AGATTGCTCTTGTATC_LUNG_T18/vectors,vectors,cancer,0,cancer,0,0.7246024012565613,0.27539756894111633
Epithelial_cells_7_1_2_2900_500_500/train/cancer/tlung__GGCTCGATCACCCTCA_LUNG_T19/vectors,vectors,cancer,0,cancer,0,0.8586593866348267,0.14134065806865692
Epithelial_cells_7_1_2_2900_500_500/train/cancer/tlung__GTGCATAGTAGGAGTC_LUNG_T18/vectors,vectors,cancer,0,cancer,0,0.7515342235565186,0.24846579134464264
Epithelial_cells_7_1_2_2900_500_500/train/cancer/tlung__AGATCTGTCAAGAAGT_LUNG_T18/vectors,vectors,cancer,0,cancer,0,0.757570207118988,0.24242974817752838
Epithelial_cells_7_1_2_2900_500_500/train/cancer/tlung__CAACCAAGTGTTGAGG_LUNG_T09/vectors,vectors,cancer,0,cancer,0,0.5276817083358765,0.4723184108734131
Epithelial_cells_7_1_2_2900_500_500/train/cancer/tlung__GTATCTTAGGGTCTCC_LUNG_T20/vectors,vectors,cancer,0,cancer,0,0.7928053140640259,0.20719465613365173
Epithelial_cells_7_1_2_2900_500_500/train/cancer/tlung__GCATACACACCAGGTC_LUNG_T18/vectors,vectors,cancer,0,cancer,0,0.7351428270339966,0.2648572027683258
Epithelial_cells_7_1_2_2900_500_500/train/cancer/tlung__TCAGATGTCACCGTAA_LUNG_T30/vectors,vectors,cancer,0,cancer,0,0.80935138463974,0.19064867496490479
Epithelial_cells_7_1_2_2900_500_500/train/cancer/tlung__GGGCATCCAGCTGTGC_LUNG_T20/vectors,vectors,cancer,0,cancer,0,0.7314903736114502,0.2685096263885498
Epithelial_cells_7_1_2_2900_500_500/train/cancer/tlung__ACTGTCCTCCAGGGCT_LUNG_T06/vectors,vectors,cancer,0,cancer,0,0.7667306661605835,0.23326942324638367
Epithelial_cells_7_1_2_2900_500_500/train/cancer/tlung__ACGGAGAGTATGAAAC_LUNG_T20/vectors,vectors,cancer,0,cancer,0,0.8015671968460083,0.1984328180551529
Epithelial_cells_7_1_2_2900_500_500/train/cancer/tlung__ACTGAACCAGTATCTG_LUNG_T30/vectors,vectors,cancer,0,cancer,0,0.7138805985450745,0.28611934185028076
Epithelial_cells_7_1_2_2900_500_500/train/cancer/tlung__GCGAGAAAGGATTCGG_LUNG_T20/vectors,vectors,cancer,0,cancer,0,0.6763527393341064,0.32364726066589355
Epithelial_cells_7_1_2_2900_500_500/train/cancer/tlung__CTCTACGCACAGACAG_LUNG_T28/vectors,vectors,cancer,0,cancer,0,0.8421180844306946,0.15788200497627258
Epithelial_cells_7_1_2_2900_500_500/train/cancer/tlung__TCAATCTGTGAAATCA_LUNG_T30/vectors,vectors,cancer,0,cancer,0,0.7106785178184509,0.28932151198387146
Epithelial_cells_7_1_2_2900_500_500/train/cancer/tlung__AAGCCGCGTCTCTCTG_LUNG_T30/vectors,vectors,cancer,0,cancer,0,0.7996966242790222,0.2003033459186554
Epithelial_cells_7_1_2_2900_500_500/train/cancer/tlung__CGGAGTCGTCAATACC_LUNG_T30/vectors,vectors,cancer,0,cancer,0,0.8101599216461182,0.18984004855155945
Epithelial_cells_7_1_2_2900_500_500/train/cancer/tlung__AACTCCCCAGACAAGC_LUNG_T06/vectors,vectors,cancer,0,cancer,0,0.6628510355949402,0.3371489644050598
Epithelial_cells_7_1_2_2900_500_500/train/cancer/tlung__GACTAACGTGCACCAC_LUNG_T06/vectors,vectors,cancer,0,cancer,0,0.6490504741668701,0.3509494960308075
Epithelial_cells_7_1_2_2900_500_500/train/cancer/tlung__GCAGTTACACCCTATC_LUNG_T20/vectors,vectors,cancer,0,cancer,0,0.6611576080322266,0.3388424217700958
Epithelial_cells_7_1_2_2900_500_500/train/cancer/tlung__ACTTGTTGTTCGGGCT_LUNG_T20/vectors,vectors,cancer,0,cancer,0,0.8419880867004395,0.15801186859607697
Epithelial_cells_7_1_2_2900_500_500/train/cancer/tlung__GTGCATATCAACGGGA_LUNG_T20/vectors,vectors,cancer,0,cancer,0,0.8101599216461182,0.18984004855155945
Epithelial_cells_7_1_2_2900_500_500/train/cancer/tlung__CATCAGAGTGCAGTAG_LUNG_T09/vectors,vectors,cancer,0,cancer,0,0.5588386654853821,0.4411613345146179
Epithelial_cells_7_1_2_2900_500_500/train/cancer/tlung__GTCACGGGTGAGTGAC_LUNG_T19/vectors,vectors,cancer,0,cancer,0,0.6527672410011292,0.3472326397895813
Epithelial_cells_7_1_2_2900_500_500/train/cancer/tlung__TCAGCTCAGAGACTTA_LUNG_T09/vectors,vectors,cancer,0,cancer,0,0.5958747863769531,0.40412527322769165
Epithelial_cells_7_1_2_2900_500_500/train/cancer/tlung__CTCAGAACAGGGCATA_LUNG_T06/vectors,vectors,cancer,0,cancer,0,0.9201821684837341,0.07981787621974945
Epithelial_cells_7_1_2_2900_500_500/train/cancer/tlung__TATCTCATCCGCTGTT_LUNG_T18/vectors,vectors,cancer,0,cancer,0,0.8152141571044922,0.1847859025001526
Epithelial_cells_7_1_2_2900_500_500/train/cancer/tlung__ACACTGATCTCACATT_LUNG_T18/vectors,vectors,cancer,0,cancer,0,0.7643862962722778,0.2356136590242386
Epithelial_cells_7_1_2_2900_500_500/train/cancer/tlung__CTAAGACGTTCGTTGA_LUNG_T20/vectors,vectors,cancer,0,cancer,0,0.6553635597229004,0.3446364104747772
Epithelial_cells_7_1_2_2900_500_500/train/cancer/tlung__GACAGAGGTACCGTTA_LUNG_T20/vectors,vectors,cancer,0,cancer,0,0.7443776726722717,0.2556222677230835
Epithelial_cells_7_1_2_2900_500_500/train/cancer/tlung__ATTATCCAGAGGTTAT_LUNG_T19/vectors,vectors,cancer,0,cancer,0,0.8188454508781433,0.1811545193195343
Epithelial_cells_7_1_2_2900_500_500/train/cancer/tlung__TGCACCTCAAGAGGCT_LUNG_T18/vectors,vectors,cancer,0,cancer,0,0.8371046185493469,0.16289541125297546
Epithelial_cells_7_1_2_2900_500_500/train/cancer/tlung__ACGGGTCCAGTCACTA_LUNG_T28/vectors,vectors,cancer,0,cancer,0,0.6859757304191589,0.3140242099761963
Epithelial_cells_7_1_2_2900_500_500/train/cancer/tlung__GCGCAACAGAGATGAG_LUNG_T19/vectors,vectors,cancer,0,cancer,0,0.6701227426528931,0.32987725734710693
Epithelial_cells_7_1_2_2900_500_500/train/cancer/tlung__TCGCGAGGTTCGTGAT_LUNG_T20/vectors,vectors,cancer,0,cancer,0,0.8974483609199524,0.10255161672830582
Epithelial_cells_7_1_2_2900_500_500/train/cancer/tlung__CGCTGGACAAGGACTG_LUNG_T20/vectors,vectors,cancer,0,cancer,0,0.7572787404060364,0.2427213042974472
Epithelial_cells_7_1_2_2900_500_500/train/cancer/tlung__GTTACAGAGTGTCCAT_LUNG_T06/vectors,vectors,cancer,0,cancer,0,0.7341433763504028,0.26585665345191956
Epithelial_cells_7_1_2_2900_500_500/train/cancer/tlung__TCAGCTCCATCCGCGA_LUNG_T28/vectors,vectors,cancer,0,cancer,0,0.7432145476341248,0.25678539276123047
Epithelial_cells_7_1_2_2900_500_500/train/cancer/tlung__TCAACGAGTACCCAAT_LUNG_T30/vectors,vectors,cancer,0,cancer,0,0.7180757522583008,0.281924307346344
Epithelial_cells_7_1_2_2900_500_500/train/cancer/tlung__ATGCGATGTAGGGTAC_LUNG_T06/vectors,vectors,cancer,0,cancer,0,0.8434119820594788,0.15658792853355408
Epithelial_cells_7_1_2_2900_500_500/train/cancer/tlung__ACCGTAAGTGGACGAT_LUNG_T20/vectors,vectors,cancer,0,cancer,0,0.8783403635025024,0.12165965884923935
Epithelial_cells_7_1_2_2900_500_500/train/cancer/tlung__AGGGATGTCGTGGACC_LUNG_T28/vectors,vectors,cancer,0,cancer,0,0.7056583166122437,0.29434171319007874
Epithelial_cells_7_1_2_2900_500_500/train/cancer/tlung__TAAGCGTCATTTCAGG_LUNG_T20/vectors,vectors,cancer,0,cancer,0,0.8614363074302673,0.13856375217437744
Epithelial_cells_7_1_2_2900_500_500/train/cancer/tlung__TGTGTTTGTAGCCTAT_LUNG_T28/vectors,vectors,cancer,0,cancer,0,0.873673677444458,0.12632639706134796
Epithelial_cells_7_1_2_2900_500_500/train/cancer/tlung__GTCACAAAGGCCATAG_LUNG_T09/vectors,vectors,cancer,0,cancer,0,0.7212280631065369,0.27877187728881836
Epithelial_cells_7_1_2_2900_500_500/train/cancer/tlung__ATAAGAGCAGTCTTCC_LUNG_T19/vectors,vectors,cancer,0,cancer,0,0.8052688241004944,0.19473125040531158
Epithelial_cells_7_1_2_2900_500_500/train/cancer/tlung__AACCATGAGCCACTAT_LUNG_T20/vectors,vectors,cancer,0,cancer,0,0.8102163076400757,0.1897837370634079
Epithelial_cells_7_1_2_2900_500_500/train/cancer/tlung__TCGGTAAAGTGGTAGC_LUNG_T20/vectors,vectors,cancer,0,cancer,0,0.7711763978004456,0.22882358729839325
Epithelial_cells_7_1_2_2900_500_500/train/cancer/tlung__AGGGATGCAAGGACTG_LUNG_T20/vectors,vectors,cancer,0,cancer,0,0.7250649929046631,0.2749350070953369
Epithelial_cells_7_1_2_2900_500_500/train/cancer/tlung__GGCGACTCATGCAATC_LUNG_T30/vectors,vectors,cancer,0,cancer,0,0.7953404188156128,0.20465964078903198
Epithelial_cells_7_1_2_2900_500_500/train/cancer/tlung__TACTTACTCTTACCGC_LUNG_T18/vectors,vectors,cancer,0,cancer,0,0.7491101026535034,0.2508898377418518
Epithelial_cells_7_1_2_2900_500_500/train/cancer/tlung__ATTACTCCATAAAGGT_LUNG_T30/vectors,vectors,cancer,0,cancer,0,0.7988937497138977,0.2011062502861023
Epithelial_cells_7_1_2_2900_500_500/train/cancer/tlung__CTCACACCAAATTGCC_LUNG_T18/vectors,vectors,cancer,0,cancer,0,0.8108536005020142,0.18914635479450226
Epithelial_cells_7_1_2_2900_500_500/train/cancer/tlung__CAGCGACTCTTGTACT_LUNG_T19/vectors,vectors,cancer,0,cancer,0,0.7823508381843567,0.21764913201332092
Epithelial_cells_7_1_2_2900_500_500/train/cancer/tlung__GAACATCTCTGCTGCT_LUNG_T06/vectors,vectors,cancer,0,cancer,0,0.565028727054596,0.43497130274772644
Epithelial_cells_7_1_2_2900_500_500/train/cancer/tlung__CTCATTAAGGGATACC_LUNG_T30/vectors,vectors,cancer,0,cancer,0,0.7178780436515808,0.2821219861507416
Epithelial_cells_7_1_2_2900_500_500/train/cancer/tlung__CGCTTCAGTCTAACGT_LUNG_T20/vectors,vectors,cancer,0,cancer,0,0.7454447150230408,0.25455528497695923
Epithelial_cells_7_1_2_2900_500_500/train/cancer/tlung__ACCGTAATCACAAACC_LUNG_T06/vectors,vectors,cancer,0,cancer,0,0.7737938165664673,0.2262062281370163
Epithelial_cells_7_1_2_2900_500_500/train/cancer/tlung__AAAGTAGTCTATGTGG_LUNG_T20/vectors,vectors,cancer,0,cancer,0,0.5603428483009338,0.4396570920944214
Epithelial_cells_7_1_2_2900_500_500/train/cancer/tlung__GTCACGGTCTCAAGTG_LUNG_T28/vectors,vectors,cancer,0,cancer,0,0.825835645198822,0.1741643249988556
Epithelial_cells_7_1_2_2900_500_500/train/cancer/tlung__CTAGCCTGTTGATTGC_LUNG_T30/vectors,vectors,cancer,0,cancer,0,0.730362057685852,0.2696380317211151
Epithelial_cells_7_1_2_2900_500_500/train/cancer/tlung__ACGCCGAAGTCTCCTC_LUNG_T20/vectors,vectors,cancer,0,cancer,0,0.7277578115463257,0.27224215865135193
Epithelial_cells_7_1_2_2900_500_500/train/cancer/tlung__TACAGTGAGGATGGAA_LUNG_T28/vectors,vectors,cancer,0,cancer,0,0.6255238652229309,0.3744760751724243
Epithelial_cells_7_1_2_2900_500_500/train/cancer/tlung__CCTTCCCAGATATGGT_LUNG_T20/vectors,vectors,cancer,0,cancer,0,0.7890304923057556,0.21096941828727722
Epithelial_cells_7_1_2_2900_500_500/train/cancer/tlung__GTCGGGTAGAGGTAGA_LUNG_T30/vectors,vectors,cancer,0,normal,1,0.4793208837509155,0.5206791162490845
Epithelial_cells_7_1_2_2900_500_500/train/cancer/tlung__CCACCTAAGCGCCTTG_LUNG_T20/vectors,vectors,cancer,0,cancer,0,0.7040075659751892,0.2959924638271332
Epithelial_cells_7_1_2_2900_500_500/train/cancer/tlung__TCGCGTTCACATTAGC_LUNG_T20/vectors,vectors,cancer,0,cancer,0,0.7860691547393799,0.2139309048652649
Epithelial_cells_7_1_2_2900_500_500/train/cancer/tlung__CACACCTGTGCGAAAC_LUNG_T20/vectors,vectors,cancer,0,cancer,0,0.7435406446456909,0.25645938515663147
Epithelial_cells_7_1_2_2900_500_500/train/cancer/tlung__TTGGAACCATTATCTC_LUNG_T18/vectors,vectors,cancer,0,cancer,0,0.8393063545227051,0.16069363057613373
Epithelial_cells_7_1_2_2900_500_500/train/cancer/tlung__AACTCCCGTAGCCTAT_LUNG_T28/vectors,vectors,cancer,0,cancer,0,0.7742421627044678,0.22575782239437103
Epithelial_cells_7_1_2_2900_500_500/train/cancer/tlung__GATGAGGAGTCCATAC_LUNG_T18/vectors,vectors,cancer,0,cancer,0,0.6935766935348511,0.30642327666282654
Epithelial_cells_7_1_2_2900_500_500/train/cancer/tlung__CATGGCGTCCAAACAC_LUNG_T06/vectors,vectors,cancer,0,normal,1,0.498199462890625,0.501800537109375
Epithelial_cells_7_1_2_2900_500_500/train/cancer/tlung__TTATGCTCACCAGGTC_LUNG_T30/vectors,vectors,cancer,0,cancer,0,0.8164063692092896,0.18359361588954926
Epithelial_cells_7_1_2_2900_500_500/train/cancer/tlung__CTGATAGTCAAACGGG_LUNG_T30/vectors,vectors,cancer,0,cancer,0,0.7753710150718689,0.2246289849281311
Epithelial_cells_7_1_2_2900_500_500/train/cancer/tlung__TCTGAGATCGAGAACG_LUNG_T28/vectors,vectors,cancer,0,cancer,0,0.7625346183776855,0.23746538162231445
Epithelial_cells_7_1_2_2900_500_500/train/cancer/tlung__CTCGAGGAGCCGCCTA_LUNG_T28/vectors,vectors,cancer,0,cancer,0,0.6522691249847412,0.3477308750152588
Epithelial_cells_7_1_2_2900_500_500/train/cancer/tlung__CCTCTGAAGAGCAATT_LUNG_T20/vectors,vectors,cancer,0,cancer,0,0.7656371593475342,0.23436282575130463
Epithelial_cells_7_1_2_2900_500_500/train/cancer/tlung__GCGCAACTCACCATAG_LUNG_T09/vectors,vectors,cancer,0,cancer,0,0.7625346183776855,0.23746538162231445
Epithelial_cells_7_1_2_2900_500_500/train/cancer/tlung__CGTCTACCATGCCCGA_LUNG_T09/vectors,vectors,cancer,0,cancer,0,0.6546187996864319,0.3453812003135681
Epithelial_cells_7_1_2_2900_500_500/train/cancer/tlung__TGCCCATCAGTAAGAT_LUNG_T28/vectors,vectors,cancer,0,cancer,0,0.7139554619789124,0.2860445976257324
Epithelial_cells_7_1_2_2900_500_500/train/cancer/tlung__AAAGCAAGTACCAGTT_LUNG_T18/vectors,vectors,cancer,0,cancer,0,0.8781183958053589,0.12188158184289932
Epithelial_cells_7_1_2_2900_500_500/train/cancer/tlung__TACACGAGTTACGTCA_LUNG_T20/vectors,vectors,cancer,0,normal,1,0.48849692940711975,0.5115031003952026
Epithelial_cells_7_1_2_2900_500_500/train/cancer/tlung__GACGTTACAATCCAAC_LUNG_T06/vectors,vectors,cancer,0,cancer,0,0.7273223400115967,0.2726777493953705
Epithelial_cells_7_1_2_2900_500_500/train/cancer/tlung__GCATGCGCACGGACAA_LUNG_T18/vectors,vectors,cancer,0,cancer,0,0.7781018018722534,0.22189821302890778
Epithelial_cells_7_1_2_2900_500_500/train/cancer/tlung__GTTAAGCTCATTTGGG_LUNG_T18/vectors,vectors,cancer,0,cancer,0,0.7984619140625,0.2015380710363388
Epithelial_cells_7_1_2_2900_500_500/train/cancer/tlung__GGGTTGCGTGCCTTGG_LUNG_T18/vectors,vectors,cancer,0,cancer,0,0.8107600212097168,0.1892399936914444
Epithelial_cells_7_1_2_2900_500_500/train/cancer/tlung__GCTTCCACACCAGCAC_LUNG_T20/vectors,vectors,cancer,0,cancer,0,0.7982261776924133,0.20177389681339264
Epithelial_cells_7_1_2_2900_500_500/train/cancer/tlung__GGATGTTTCACCACCT_LUNG_T28/vectors,vectors,cancer,0,cancer,0,0.7539877891540527,0.24601218104362488
Epithelial_cells_7_1_2_2900_500_500/train/cancer/tlung__GATCGATCATTCCTCG_LUNG_T06/vectors,vectors,cancer,0,cancer,0,0.5387405753135681,0.46125948429107666
Epithelial_cells_7_1_2_2900_500_500/train/cancer/tlung__CGATGGCTCACAACGT_LUNG_T28/vectors,vectors,cancer,0,cancer,0,0.7854732275009155,0.21452683210372925
Epithelial_cells_7_1_2_2900_500_500/train/cancer/tlung__GACCAATCAGCCTTTC_LUNG_T18/vectors,vectors,cancer,0,cancer,0,0.7645841240882874,0.23541587591171265
Epithelial_cells_7_1_2_2900_500_500/train/cancer/tlung__GGCTGGTTCGTTACGA_LUNG_T28/vectors,vectors,cancer,0,cancer,0,0.7382683157920837,0.26173171401023865
Epithelial_cells_7_1_2_2900_500_500/train/cancer/tlung__GCAGTTACAGCTGGCT_LUNG_T28/vectors,vectors,cancer,0,cancer,0,0.8523833155632019,0.14761660993099213
Epithelial_cells_7_1_2_2900_500_500/train/cancer/tlung__ATGAGGGCATCCGGGT_LUNG_T30/vectors,vectors,cancer,0,cancer,0,0.6883637309074402,0.3116363286972046
Epithelial_cells_7_1_2_2900_500_500/train/cancer/tlung__GCTTCCAAGGGTCGAT_LUNG_T30/vectors,vectors,cancer,0,cancer,0,0.8420530557632446,0.15794692933559418
Epithelial_cells_7_1_2_2900_500_500/train/cancer/tlung__GCGCCAAGTTGCGCAC_LUNG_T18/vectors,vectors,cancer,0,cancer,0,0.583618700504303,0.416381299495697
Epithelial_cells_7_1_2_2900_500_500/train/cancer/tlung__CTCGAAACAGCCAATT_LUNG_T18/vectors,vectors,cancer,0,cancer,0,0.8449375033378601,0.1550624966621399
Epithelial_cells_7_1_2_2900_500_500/train/cancer/tlung__AACTCCCAGTTAGGTA_LUNG_T28/vectors,vectors,cancer,0,cancer,0,0.6111499667167664,0.3888500928878784
Epithelial_cells_7_1_2_2900_500_500/train/cancer/tlung__GGGACCTCAAAGGCGT_LUNG_T09/vectors,vectors,cancer,0,cancer,0,0.6883898973464966,0.3116101026535034
Epithelial_cells_7_1_2_2900_500_500/train/cancer/tlung__ATTGGACAGACTAGGC_LUNG_T09/vectors,vectors,cancer,0,cancer,0,0.6462928056716919,0.3537072241306305
Epithelial_cells_7_1_2_2900_500_500/train/cancer/tlung__CACACTCGTGTGAATA_LUNG_T30/vectors,vectors,cancer,0,cancer,0,0.766555905342102,0.23344412446022034
Epithelial_cells_7_1_2_2900_500_500/train/cancer/tlung__AGTTGGTTCGGATGGA_LUNG_T20/vectors,vectors,cancer,0,cancer,0,0.7762839794158936,0.22371608018875122
Epithelial_cells_7_1_2_2900_500_500/train/cancer/tlung__CGAATGTGTGTTCTTT_LUNG_T18/vectors,vectors,cancer,0,cancer,0,0.8226348757743835,0.17736515402793884
Epithelial_cells_7_1_2_2900_500_500/train/cancer/tlung__GGAGCAAGTCCCTTGT_LUNG_T19/vectors,vectors,cancer,0,cancer,0,0.7347623705863953,0.26523762941360474
Epithelial_cells_7_1_2_2900_500_500/train/cancer/tlung__ACATCAGTCCCACTTG_LUNG_T19/vectors,vectors,cancer,0,cancer,0,0.6188668608665466,0.38113319873809814
Epithelial_cells_7_1_2_2900_500_500/train/cancer/tlung__CCTCTGAGTACCATCA_LUNG_T19/vectors,vectors,cancer,0,cancer,0,0.8478418588638306,0.15215817093849182
Epithelial_cells_7_1_2_2900_500_500/train/cancer/tlung__TTGGAACCACAAGTAA_LUNG_T09/vectors,vectors,cancer,0,cancer,0,0.5887413024902344,0.41125863790512085
Epithelial_cells_7_1_2_2900_500_500/train/cancer/tlung__AAGTCTGGTCTCCACT_LUNG_T09/vectors,vectors,cancer,0,cancer,0,0.6203629374504089,0.37963709235191345
Epithelial_cells_7_1_2_2900_500_500/train/cancer/tlung__CATCAGATCACTCTTA_LUNG_T28/vectors,vectors,cancer,0,cancer,0,0.7454678416252136,0.254532128572464
Epithelial_cells_7_1_2_2900_500_500/train/cancer/tlung__CTCGGAGCAGGTCTCG_LUNG_T18/vectors,vectors,cancer,0,cancer,0,0.8228662610054016,0.1771337389945984
Epithelial_cells_7_1_2_2900_500_500/train/cancer/tlung__CCAGCGACATGAGCGA_LUNG_T30/vectors,vectors,cancer,0,cancer,0,0.688416063785553,0.31158390641212463
Epithelial_cells_7_1_2_2900_500_500/train/cancer/tlung__CGCGGTATCACGGTTA_LUNG_T18/vectors,vectors,cancer,0,cancer,0,0.7689284682273865,0.2310715764760971
Epithelial_cells_7_1_2_2900_500_500/train/cancer/tlung__TGACAACCAGGGAGAG_LUNG_T30/vectors,vectors,cancer,0,cancer,0,0.8379020094871521,0.1620979756116867
Epithelial_cells_7_1_2_2900_500_500/train/cancer/tlung__ACGCAGCTCAAGGCTT_LUNG_T09/vectors,vectors,cancer,0,cancer,0,0.5988108515739441,0.4011891782283783
Epithelial_cells_7_1_2_2900_500_500/train/cancer/tlung__TACGGATGTAGTGAAT_LUNG_T28/vectors,vectors,cancer,0,cancer,0,0.9036349058151245,0.09636510908603668
Epithelial_cells_7_1_2_2900_500_500/train/cancer/tlung__TCAACGATCACCTTAT_LUNG_T19/vectors,vectors,cancer,0,cancer,0,0.7379379272460938,0.26206207275390625
Epithelial_cells_7_1_2_2900_500_500/train/cancer/tlung__TCTCTAACAGACAAAT_LUNG_T06/vectors,vectors,cancer,0,cancer,0,0.7009204030036926,0.2990795969963074
Epithelial_cells_7_1_2_2900_500_500/train/cancer/tlung__CGGAGTCAGCTGCAAG_LUNG_T20/vectors,vectors,cancer,0,cancer,0,0.7871754765510559,0.2128244936466217
Epithelial_cells_7_1_2_2900_500_500/train/cancer/tlung__AACCATGCAGCGTCCA_LUNG_T18/vectors,vectors,cancer,0,cancer,0,0.8151956796646118,0.1848042756319046
Epithelial_cells_7_1_2_2900_500_500/train/cancer/tlung__GATCAGTCAGTCAGAG_LUNG_T18/vectors,vectors,cancer,0,cancer,0,0.8746271133422852,0.12537293136119843
Epithelial_cells_7_1_2_2900_500_500/train/cancer/tlung__GCGACCAGTAGCTGCC_LUNG_T18/vectors,vectors,cancer,0,cancer,0,0.7965893149375916,0.20341067016124725
Epithelial_cells_7_1_2_2900_500_500/train/cancer/tlung__CCGTGGAAGCTGATAA_LUNG_T30/vectors,vectors,cancer,0,cancer,0,0.6064110994338989,0.39358898997306824
Epithelial_cells_7_1_2_2900_500_500/train/cancer/tlung__CGTGAGCGTGGCGAAT_LUNG_T28/vectors,vectors,cancer,0,cancer,0,0.8259936571121216,0.1740063726902008
Epithelial_cells_7_1_2_2900_500_500/train/cancer/tlung__GACGTGCAGACCCACC_LUNG_T19/vectors,vectors,cancer,0,cancer,0,0.7019685506820679,0.2980314791202545
Epithelial_cells_7_1_2_2900_500_500/train/cancer/tlung__CTCGAGGAGATATGCA_LUNG_T06/vectors,vectors,cancer,0,cancer,0,0.5162296891212463,0.48377037048339844
Epithelial_cells_7_1_2_2900_500_500/train/cancer/tlung__GAGTCCGCAAGCGAGT_LUNG_T28/vectors,vectors,cancer,0,cancer,0,0.7468782067298889,0.2531217932701111
Epithelial_cells_7_1_2_2900_500_500/train/cancer/tlung__CCAGCGATCTTGAGAC_LUNG_T06/vectors,vectors,cancer,0,cancer,0,0.566168487071991,0.4338315725326538
Epithelial_cells_7_1_2_2900_500_500/train/cancer/tlung__ACCCACTAGAATCTCC_LUNG_T18/vectors,vectors,cancer,0,cancer,0,0.8187187314033508,0.18128132820129395
Epithelial_cells_7_1_2_2900_500_500/train/cancer/tlung__CAAGATCTCTTGAGGT_LUNG_T30/vectors,vectors,cancer,0,cancer,0,0.6517705917358398,0.34822940826416016
Epithelial_cells_7_1_2_2900_500_500/train/cancer/tlung__TAGTGGTGTCTAGTGT_LUNG_T20/vectors,vectors,cancer,0,cancer,0,0.8374539017677307,0.16254612803459167
Epithelial_cells_7_1_2_2900_500_500/train/cancer/tlung__CTCACACCACATTCGA_LUNG_T20/vectors,vectors,cancer,0,cancer,0,0.7164914608001709,0.2835085093975067
Epithelial_cells_7_1_2_2900_500_500/train/cancer/tlung__TGCTACCGTCCCTTGT_LUNG_T30/vectors,vectors,cancer,0,cancer,0,0.7074298858642578,0.292570024728775
Epithelial_cells_7_1_2_2900_500_500/train/cancer/tlung__TCAGCAATCTGTGCAA_LUNG_T18/vectors,vectors,cancer,0,cancer,0,0.7526949644088745,0.24730512499809265
Epithelial_cells_7_1_2_2900_500_500/train/cancer/tlung__TCAGCAAGTGTATGGG_LUNG_T30/vectors,vectors,cancer,0,cancer,0,0.6742650866508484,0.3257350027561188
Epithelial_cells_7_1_2_2900_500_500/train/cancer/tlung__AGAGTGGCAAGGGTCA_LUNG_T09/vectors,vectors,cancer,0,cancer,0,0.5376179814338684,0.4623819887638092
Epithelial_cells_7_1_2_2900_500_500/train/cancer/tlung__GAACGGAAGGAGTAGA_LUNG_T30/vectors,vectors,cancer,0,cancer,0,0.533306360244751,0.4666936993598938
Epithelial_cells_7_1_2_2900_500_500/train/cancer/tlung__CTCTGGTGTCTCTCGT_LUNG_T18/vectors,vectors,cancer,0,cancer,0,0.7127823233604431,0.28721773624420166
Epithelial_cells_7_1_2_2900_500_500/train/cancer/tlung__TGGACGCAGATCACGG_LUNG_T30/vectors,vectors,cancer,0,cancer,0,0.7949824929237366,0.20501752197742462
Epithelial_cells_7_1_2_2900_500_500/train/cancer/tlung__GGTGCGTTCCGAGCCA_LUNG_T30/vectors,vectors,cancer,0,cancer,0,0.5449224710464478,0.45507749915122986
Epithelial_cells_7_1_2_2900_500_500/train/cancer/tlung__CTTCTCTCAATCTACG_LUNG_T28/vectors,vectors,cancer,0,cancer,0,0.8049048185348511,0.19509518146514893
Epithelial_cells_7_1_2_2900_500_500/train/cancer/tlung__GCATGATAGGCCGAAT_LUNG_T28/vectors,vectors,cancer,0,cancer,0,0.7885832190513611,0.2114168256521225
Epithelial_cells_7_1_2_2900_500_500/train/cancer/tlung__GCGCCAAAGCCCAGCT_LUNG_T18/vectors,vectors,cancer,0,cancer,0,0.87111896276474,0.1288810521364212
Epithelial_cells_7_1_2_2900_500_500/train/cancer/tlung__ACGAGGAGTGCATCTA_LUNG_T09/vectors,vectors,cancer,0,cancer,0,0.5903069972991943,0.40969306230545044
Epithelial_cells_7_1_2_2900_500_500/train/cancer/tlung__GTCGGGTTCTAGAGTC_LUNG_T06/vectors,vectors,cancer,0,cancer,0,0.7138805985450745,0.28611934185028076
Epithelial_cells_7_1_2_2900_500_500/train/cancer/tlung__TAAGCGTGTCCAGTAT_LUNG_T30/vectors,vectors,cancer,0,normal,1,0.3885020315647125,0.6114979982376099
Epithelial_cells_7_1_2_2900_500_500/train/cancer/tlung__ATCGAGTTCACCATAG_LUNG_T18/vectors,vectors,cancer,0,cancer,0,0.7772576212882996,0.22274242341518402
Epithelial_cells_7_1_2_2900_500_500/train/cancer/tlung__CTTCTCTAGGCCCGTT_LUNG_T20/vectors,vectors,cancer,0,normal,1,0.41935068368911743,0.5806493163108826
Epithelial_cells_7_1_2_2900_500_500/train/cancer/tlung__ACCCACTCAATGCCAT_LUNG_T28/vectors,vectors,cancer,0,cancer,0,0.7702272534370422,0.22977277636528015
Epithelial_cells_7_1_2_2900_500_500/train/cancer/tlung__CTTGGCTGTAGCGCTC_LUNG_T18/vectors,vectors,cancer,0,cancer,0,0.8266768455505371,0.17332318425178528
Epithelial_cells_7_1_2_2900_500_500/train/cancer/tlung__TCAGGTAGTTCAACCA_LUNG_T30/vectors,vectors,cancer,0,cancer,0,0.6707430481910706,0.32925692200660706
Epithelial_cells_7_1_2_2900_500_500/train/cancer/tlung__AGCTCCTCACATCTTT_LUNG_T30/vectors,vectors,cancer,0,cancer,0,0.8794059157371521,0.12059406191110611
Epithelial_cells_7_1_2_2900_500_500/train/cancer/tlung__CACAGGCGTCCGTTAA_LUNG_T30/vectors,vectors,cancer,0,cancer,0,0.895339846611023,0.10466022044420242
Epithelial_cells_7_1_2_2900_500_500/train/cancer/tlung__TGTGTTTGTGCGGTAA_LUNG_T30/vectors,vectors,cancer,0,cancer,0,0.7999311685562134,0.20006884634494781
Epithelial_cells_7_1_2_2900_500_500/train/cancer/tlung__AGCCTAACAGCTCGAC_LUNG_T06/vectors,vectors,cancer,0,cancer,0,0.5572429895401001,0.4427569508552551
Epithelial_cells_7_1_2_2900_500_500/train/cancer/tlung__CCTACCAAGGCATGGT_LUNG_T06/vectors,vectors,cancer,0,cancer,0,0.735119104385376,0.2648809552192688
Epithelial_cells_7_1_2_2900_500_500/train/cancer/tlung__AAGGCAGTCCTCTAGC_LUNG_T06/vectors,vectors,cancer,0,cancer,0,0.7359501123428345,0.26404985785484314
Epithelial_cells_7_1_2_2900_500_500/train/cancer/tlung__GTTAAGCCATGCTAGT_LUNG_T20/vectors,vectors,cancer,0,cancer,0,0.7640123963356018,0.2359876185655594
Epithelial_cells_7_1_2_2900_500_500/train/cancer/tlung__GGCAATTTCAGTCAGT_LUNG_T30/vectors,vectors,cancer,0,cancer,0,0.646683394908905,0.35331660509109497
Epithelial_cells_7_1_2_2900_500_500/train/cancer/tlung__GTATTCTGTTGTGGAG_LUNG_T06/vectors,vectors,cancer,0,cancer,0,0.6934729218482971,0.3065270185470581
Epithelial_cells_7_1_2_2900_500_500/train/cancer/tlung__GAACCTAGTTATCGGT_LUNG_T09/vectors,vectors,cancer,0,cancer,0,0.6917576789855957,0.3082422912120819
Epithelial_cells_7_1_2_2900_500_500/train/cancer/tlung__TTAACTCCACAAGACG_LUNG_T19/vectors,vectors,cancer,0,cancer,0,0.5254296660423279,0.47457030415534973
Epithelial_cells_7_1_2_2900_500_500/train/cancer/tlung__CCGTACTCATGTAAGA_LUNG_T18/vectors,vectors,cancer,0,cancer,0,0.7743701934814453,0.22562983632087708
Epithelial_cells_7_1_2_2900_500_500/train/cancer/tlung__TACCTTATCCGTTGTC_LUNG_T18/vectors,vectors,cancer,0,cancer,0,0.8427984714508057,0.15720152854919434
Epithelial_cells_7_1_2_2900_500_500/train/cancer/tlung__ACGTCAACAATGTAAG_LUNG_T18/vectors,vectors,cancer,0,cancer,0,0.7779754400253296,0.22202469408512115
Epithelial_cells_7_1_2_2900_500_500/train/cancer/tlung__ACACCCTGTCCGTTAA_LUNG_T18/vectors,vectors,cancer,0,cancer,0,0.7771519422531128,0.2228481024503708
Epithelial_cells_7_1_2_2900_500_500/train/cancer/tlung__TGGCTGGCATGTAAGA_LUNG_T18/vectors,vectors,cancer,0,cancer,0,0.9001573324203491,0.0998426005244255
Epithelial_cells_7_1_2_2900_500_500/train/cancer/tlung__TGGGCGTTCTAGAGTC_LUNG_T09/vectors,vectors,cancer,0,cancer,0,0.701431930065155,0.2985680401325226
Epithelial_cells_7_1_2_2900_500_500/train/cancer/tlung__GTTCGGGCAACACCTA_LUNG_T18/vectors,vectors,cancer,0,cancer,0,0.7327353358268738,0.2672646939754486
Epithelial_cells_7_1_2_2900_500_500/train/cancer/tlung__GCGAGAATCGCGCCAA_LUNG_T18/vectors,vectors,cancer,0,cancer,0,0.9144245982170105,0.08557544648647308
Epithelial_cells_7_1_2_2900_500_500/train/cancer/tlung__AATCCAGTCTAACTGG_LUNG_T28/vectors,vectors,cancer,0,cancer,0,0.827479898929596,0.17252008616924286
Epithelial_cells_7_1_2_2900_500_500/train/cancer/tlung__TTAGGACAGCCACGCT_LUNG_T09/vectors,vectors,cancer,0,cancer,0,0.7168136835098267,0.28318628668785095
Epithelial_cells_7_1_2_2900_500_500/train/cancer/tlung__CCTAGCTCACGAGGTA_LUNG_T06/vectors,vectors,cancer,0,cancer,0,0.8737545013427734,0.12624558806419373
Epithelial_cells_7_1_2_2900_500_500/train/cancer/tlung__GGAGCAACATATGGTC_LUNG_T19/vectors,vectors,cancer,0,cancer,0,0.6517428755760193,0.3482571542263031
Epithelial_cells_7_1_2_2900_500_500/train/cancer/tlung__TGAAAGACAAGCCTAT_LUNG_T06/vectors,vectors,cancer,0,cancer,0,0.7894163727760315,0.2105836123228073
Epithelial_cells_7_1_2_2900_500_500/train/cancer/tlung__GGGAGATTCGGACAAG_LUNG_T09/vectors,vectors,cancer,0,cancer,0,0.716541051864624,0.283458948135376
Epithelial_cells_7_1_2_2900_500_500/train/cancer/tlung__CATGGCGGTCTACCTC_LUNG_T30/vectors,vectors,cancer,0,cancer,0,0.6421239376068115,0.3578760623931885
Epithelial_cells_7_1_2_2900_500_500/train/cancer/tlung__CCCAGTTGTCCTAGCG_LUNG_T18/vectors,vectors,cancer,0,cancer,0,0.782163679599762,0.21783629059791565
Epithelial_cells_7_1_2_2900_500_500/train/cancer/tlung__CAGCTGGAGGACAGAA_LUNG_T30/vectors,vectors,cancer,0,cancer,0,0.6819651126861572,0.31803491711616516
Epithelial_cells_7_1_2_2900_500_500/train/cancer/tlung__GTCGTAAAGCTAGTTC_LUNG_T28/vectors,vectors,cancer,0,normal,1,0.4970703423023224,0.5029296875
Epithelial_cells_7_1_2_2900_500_500/train/cancer/tlung__CAAGGCCAGATGCCAG_LUNG_T09/vectors,vectors,cancer,0,cancer,0,0.7130321860313416,0.2869679033756256
Epithelial_cells_7_1_2_2900_500_500/train/cancer/tlung__CATTATCTCCTGTAGA_LUNG_T30/vectors,vectors,cancer,0,cancer,0,0.6406920552253723,0.3593079447746277
Epithelial_cells_7_1_2_2900_500_500/train/cancer/tlung__CTCTAATAGTTGCAGG_LUNG_T19/vectors,vectors,cancer,0,cancer,0,0.6242076754570007,0.37579238414764404
Epithelial_cells_7_1_2_2900_500_500/train/cancer/tlung__TCGTACCGTTGGAGGT_LUNG_T20/vectors,vectors,cancer,0,cancer,0,0.6811968684196472,0.31880319118499756
Epithelial_cells_7_1_2_2900_500_500/train/cancer/tlung__GGCCGATGTGCGAAAC_LUNG_T30/vectors,vectors,cancer,0,cancer,0,0.7408546209335327,0.2591454088687897
Epithelial_cells_7_1_2_2900_500_500/train/cancer/tlung__TAGCCGGTCTATCCCG_LUNG_T19/vectors,vectors,cancer,0,cancer,0,0.5928139686584473,0.4071860909461975
Epithelial_cells_7_1_2_2900_500_500/train/cancer/tlung__GTATCTTAGGTGTGGT_LUNG_T20/vectors,vectors,cancer,0,cancer,0,0.782683253288269,0.21731677651405334
Epithelial_cells_7_1_2_2900_500_500/train/cancer/tlung__ATCTGCCTCCGCGCAA_LUNG_T18/vectors,vectors,cancer,0,cancer,0,0.7452594041824341,0.2547406256198883
Epithelial_cells_7_1_2_2900_500_500/train/cancer/tlung__TTGGCAAGTGCAGTAG_LUNG_T19/vectors,vectors,cancer,0,cancer,0,0.5605533719062805,0.43944665789604187
Epithelial_cells_7_1_2_2900_500_500/train/cancer/tlung__CACCAGGGTCCGAATT_LUNG_T19/vectors,vectors,cancer,0,cancer,0,0.6568233966827393,0.34317660331726074
Epithelial_cells_7_1_2_2900_500_500/train/cancer/tlung__GGGACCTTCAAGGCTT_LUNG_T18/vectors,vectors,cancer,0,cancer,0,0.7605172991752625,0.23948274552822113
Epithelial_cells_7_1_2_2900_500_500/train/cancer/tlung__CAGCTGGGTGCTGTAT_LUNG_T18/vectors,vectors,cancer,0,cancer,0,0.848846971988678,0.1511530727148056
Epithelial_cells_7_1_2_2900_500_500/train/cancer/tlung__GTGAAGGTCTGTCCGT_LUNG_T06/vectors,vectors,cancer,0,cancer,0,0.7107789516448975,0.2892211079597473
Epithelial_cells_7_1_2_2900_500_500/train/cancer/tlung__TCAGATGGTTAGTGGG_LUNG_T09/vectors,vectors,cancer,0,cancer,0,0.6270095705986023,0.37299036979675293
Epithelial_cells_7_1_2_2900_500_500/train/cancer/tlung__GATCGCGCACTCGACG_LUNG_T18/vectors,vectors,cancer,0,cancer,0,0.6422642469406128,0.35773584246635437
Epithelial_cells_7_1_2_2900_500_500/train/cancer/tlung__ATGAGGGCACATCTTT_LUNG_T18/vectors,vectors,cancer,0,cancer,0,0.7598273754119873,0.2401726096868515
Epithelial_cells_7_1_2_2900_500_500/train/cancer/tlung__CACAGTACATCCCACT_LUNG_T20/vectors,vectors,cancer,0,cancer,0,0.8277759552001953,0.1722240447998047
Epithelial_cells_7_1_2_2900_500_500/train/cancer/tlung__TGAGGGATCTACTATC_LUNG_T18/vectors,vectors,cancer,0,cancer,0,0.8187549114227295,0.1812451034784317
Epithelial_cells_7_1_2_2900_500_500/train/cancer/tlung__CACAGTACAGCCTATA_LUNG_T18/vectors,vectors,cancer,0,cancer,0,0.7295438647270203,0.27045613527297974
Epithelial_cells_7_1_2_2900_500_500/train/cancer/tlung__CTAAGACGTATTACCG_LUNG_T09/vectors,vectors,cancer,0,normal,1,0.49786376953125,0.50213623046875
Epithelial_cells_7_1_2_2900_500_500/train/cancer/tlung__AACTCCCTCCGTAGGC_LUNG_T19/vectors,vectors,cancer,0,cancer,0,0.7456993460655212,0.2543005645275116
Epithelial_cells_7_1_2_2900_500_500/train/cancer/tlung__GAATGAAAGCCCTAAT_LUNG_T20/vectors,vectors,cancer,0,cancer,0,0.65102219581604,0.34897786378860474
Epithelial_cells_7_1_2_2900_500_500/train/cancer/tlung__ACTTACTGTGCACGAA_LUNG_T20/vectors,vectors,cancer,0,cancer,0,0.7980884313583374,0.2019115537405014
Epithelial_cells_7_1_2_2900_500_500/train/cancer/tlung__TGCCCATCATAGGATA_LUNG_T28/vectors,vectors,cancer,0,cancer,0,0.7731735706329346,0.22682645916938782
Epithelial_cells_7_1_2_2900_500_500/train/cancer/tlung__CAAGGCCCATGTCGAT_LUNG_T18/vectors,vectors,cancer,0,cancer,0,0.7827246785163879,0.2172752171754837
Epithelial_cells_7_1_2_2900_500_500/train/cancer/tlung__GATGCTAGTCTGCGGT_LUNG_T20/vectors,vectors,cancer,0,cancer,0,0.7454447150230408,0.25455528497695923
Epithelial_cells_7_1_2_2900_500_500/train/cancer/tlung__CTCAGAATCCATGAAC_LUNG_T18/vectors,vectors,cancer,0,cancer,0,0.8109285235404968,0.18907149136066437
Epithelial_cells_7_1_2_2900_500_500/train/cancer/tlung__GGCCGATGTCAACATC_LUNG_T06/vectors,vectors,cancer,0,cancer,0,0.6611576080322266,0.3388424217700958
Epithelial_cells_7_1_2_2900_500_500/train/cancer/tlung__TCGGTAAAGAGTTGGC_LUNG_T09/vectors,vectors,cancer,0,cancer,0,0.5776145458221436,0.4223855435848236
Epithelial_cells_7_1_2_2900_500_500/train/cancer/tlung__TCACGAATCTGGCGAC_LUNG_T18/vectors,vectors,cancer,0,cancer,0,0.7897409200668335,0.2102591097354889
Epithelial_cells_7_1_2_2900_500_500/train/cancer/tlung__AGAATAGGTTCGTCTC_LUNG_T30/vectors,vectors,cancer,0,cancer,0,0.807346761226654,0.19265325367450714
Epithelial_cells_7_1_2_2900_500_500/train/cancer/tlung__TGATTTCCAATCCAAC_LUNG_T20/vectors,vectors,cancer,0,cancer,0,0.760205864906311,0.23979410529136658
Epithelial_cells_7_1_2_2900_500_500/train/cancer/tlung__CTTACCGTCCAAGTAC_LUNG_T19/vectors,vectors,cancer,0,cancer,0,0.8016059994697571,0.19839400053024292
Epithelial_cells_7_1_2_2900_500_500/train/cancer/tlung__GAATGAAGTCCATCCT_LUNG_T30/vectors,vectors,cancer,0,cancer,0,0.8226526975631714,0.1773473471403122
Epithelial_cells_7_1_2_2900_500_500/train/cancer/tlung__GTGCAGCGTCGACTGC_LUNG_T30/vectors,vectors,cancer,0,cancer,0,0.8112464547157288,0.18875351548194885
Epithelial_cells_7_1_2_2900_500_500/train/cancer/tlung__CAGCCGATCCTGCCAT_LUNG_T09/vectors,vectors,cancer,0,cancer,0,0.8475738763809204,0.1524260938167572
Epithelial_cells_7_1_2_2900_500_500/train/cancer/tlung__AAAGATGGTGATAAAC_LUNG_T18/vectors,vectors,cancer,0,cancer,0,0.7902674078941345,0.20973259210586548
Epithelial_cells_7_1_2_2900_500_500/train/cancer/tlung__GCTGCGAGTTCGGCAC_LUNG_T28/vectors,vectors,cancer,0,cancer,0,0.8843392729759216,0.11566071957349777
Epithelial_cells_7_1_2_2900_500_500/train/cancer/tlung__CTGCTGTGTGCAACGA_LUNG_T28/vectors,vectors,cancer,0,cancer,0,0.891657829284668,0.10834214836359024
Epithelial_cells_7_1_2_2900_500_500/train/cancer/tlung__ATTCTACTCAGTTGAC_LUNG_T09/vectors,vectors,cancer,0,cancer,0,0.700177788734436,0.29982224106788635
Epithelial_cells_7_1_2_2900_500_500/train/cancer/tlung__TTTACTGAGTTGCAGG_LUNG_T28/vectors,vectors,cancer,0,cancer,0,0.8802449107170105,0.11975514143705368
Epithelial_cells_7_1_2_2900_500_500/train/cancer/tlung__AATCCAGTCTTTCCTC_LUNG_T30/vectors,vectors,cancer,0,cancer,0,0.7332370281219482,0.26676300168037415
Epithelial_cells_7_1_2_2900_500_500/train/cancer/tlung__CGCGTTTTCTCAAGTG_LUNG_T18/vectors,vectors,cancer,0,cancer,0,0.8282105922698975,0.17178942263126373
Epithelial_cells_7_1_2_2900_500_500/train/cancer/tlung__TACTCATTCTTACCGC_LUNG_T20/vectors,vectors,cancer,0,cancer,0,0.8302331566810608,0.1697668880224228
Epithelial_cells_7_1_2_2900_500_500/train/cancer/tlung__AGCATACGTGCCTGTG_LUNG_T20/vectors,vectors,cancer,0,cancer,0,0.7671887874603271,0.23281124234199524
Epithelial_cells_7_1_2_2900_500_500/train/cancer/tlung__AGAGCTTTCAAACCGT_LUNG_T19/vectors,vectors,cancer,0,cancer,0,0.7527403235435486,0.24725966155529022
Epithelial_cells_7_1_2_2900_500_500/train/cancer/tlung__TTAGGACTCCAACCAA_LUNG_T18/vectors,vectors,cancer,0,cancer,0,0.7713486552238464,0.22865130007266998
Epithelial_cells_7_1_2_2900_500_500/train/cancer/tlung__CTAGCCTTCAGCAACT_LUNG_T30/vectors,vectors,cancer,0,cancer,0,0.5117166042327881,0.4882833659648895
Epithelial_cells_7_1_2_2900_500_500/train/cancer/tlung__CCTATTAAGGTGATTA_LUNG_T18/vectors,vectors,cancer,0,cancer,0,0.6682581305503845,0.3317418098449707
Epithelial_cells_7_1_2_2900_500_500/train/cancer/tlung__TTGCGTCCAACGATCT_LUNG_T20/vectors,vectors,cancer,0,cancer,0,0.7453984022140503,0.2546016275882721
Epithelial_cells_7_1_2_2900_500_500/train/cancer/tlung__GATCGCGTCACGATGT_LUNG_T30/vectors,vectors,cancer,0,cancer,0,0.7898219227790833,0.21017804741859436
Epithelial_cells_7_1_2_2900_500_500/train/cancer/tlung__CACAGTATCTGTCTCG_LUNG_T20/vectors,vectors,cancer,0,cancer,0,0.8296300768852234,0.1703699380159378
Epithelial_cells_7_1_2_2900_500_500/train/cancer/tlung__ACGCAGCTCAGCGATT_LUNG_T19/vectors,vectors,cancer,0,cancer,0,0.5212579369544983,0.4787420630455017
Epithelial_cells_7_1_2_2900_500_500/train/cancer/tlung__TCGGGACGTCTGGTCG_LUNG_T30/vectors,vectors,cancer,0,cancer,0,0.7304341793060303,0.2695658802986145
Epithelial_cells_7_1_2_2900_500_500/train/cancer/tlung__CACAGGCGTTCTCATT_LUNG_T20/vectors,vectors,cancer,0,cancer,0,0.7128322720527649,0.2871677577495575
Epithelial_cells_7_1_2_2900_500_500/train/cancer/tlung__CCTCTGACACATCTTT_LUNG_T19/vectors,vectors,cancer,0,cancer,0,0.633976936340332,0.3660230040550232
Epithelial_cells_7_1_2_2900_500_500/train/cancer/tlung__TACTTACTCAAAGTAG_LUNG_T18/vectors,vectors,cancer,0,cancer,0,0.790671706199646,0.20932821929454803
Epithelial_cells_7_1_2_2900_500_500/train/cancer/tlung__GGGACCTCACGAAAGC_LUNG_T19/vectors,vectors,cancer,0,cancer,0,0.6997932195663452,0.3002067804336548
Epithelial_cells_7_1_2_2900_500_500/train/cancer/tlung__ATCTGCCGTTGCCTCT_LUNG_T30/vectors,vectors,cancer,0,cancer,0,0.7410185933113098,0.2589813768863678
Epithelial_cells_7_1_2_2900_500_500/train/cancer/tlung__AATCCAGGTATTACCG_LUNG_T20/vectors,vectors,cancer,0,cancer,0,0.6025002002716064,0.39749982953071594
Epithelial_cells_7_1_2_2900_500_500/train/cancer/tlung__GCTCTGTAGCTAAGAT_LUNG_T20/vectors,vectors,cancer,0,cancer,0,0.8920229077339172,0.10797713696956635
Epithelial_cells_7_1_2_2900_500_500/train/cancer/tlung__CGAACATAGACATAAC_LUNG_T19/vectors,vectors,cancer,0,cancer,0,0.5308446288108826,0.4691554307937622
Epithelial_cells_7_1_2_2900_500_500/train/cancer/tlung__GCCAAATGTGTGACGA_LUNG_T30/vectors,vectors,cancer,0,cancer,0,0.7483983039855957,0.2516017258167267
Epithelial_cells_7_1_2_2900_500_500/train/cancer/tlung__ATTGGTGCACGAAAGC_LUNG_T19/vectors,vectors,cancer,0,cancer,0,0.7581974864006042,0.24180258810520172
Epithelial_cells_7_1_2_2900_500_500/train/cancer/tlung__GCTGCTTAGTCCTCCT_LUNG_T30/vectors,vectors,cancer,0,cancer,0,0.7671887874603271,0.23281124234199524
Epithelial_cells_7_1_2_2900_500_500/train/cancer/tlung__ATGTGTGAGACCTTTG_LUNG_T28/vectors,vectors,cancer,0,cancer,0,0.6534863114356995,0.34651365876197815
Epithelial_cells_7_1_2_2900_500_500/train/cancer/tlung__TGCCCATGTTGAACTC_LUNG_T18/vectors,vectors,cancer,0,cancer,0,0.8490660786628723,0.1509339064359665
Epithelial_cells_7_1_2_2900_500_500/train/cancer/tlung__TAGTTGGAGACCTAGG_LUNG_T18/vectors,vectors,cancer,0,cancer,0,0.8547179698944092,0.14528201520442963
Epithelial_cells_7_1_2_2900_500_500/train/cancer/tlung__ACACCGGTCCAAAGTC_LUNG_T18/vectors,vectors,cancer,0,cancer,0,0.8131642937660217,0.18683576583862305
Epithelial_cells_7_1_2_2900_500_500/train/cancer/tlung__GGAAAGCCACTGAAGG_LUNG_T19/vectors,vectors,cancer,0,cancer,0,0.736755907535553,0.263244092464447
Epithelial_cells_7_1_2_2900_500_500/train/cancer/tlung__AACTGGTGTTACCGAT_LUNG_T20/vectors,vectors,cancer,0,cancer,0,0.8409623503684998,0.1590377390384674
Epithelial_cells_7_1_2_2900_500_500/train/cancer/tlung__CAGAATCGTCCGCTGA_LUNG_T30/vectors,vectors,cancer,0,cancer,0,0.6720089316368103,0.3279910683631897
Epithelial_cells_7_1_2_2900_500_500/train/cancer/tlung__CGTAGCGCAAGTACCT_LUNG_T18/vectors,vectors,cancer,0,cancer,0,0.8620616793632507,0.13793841004371643
Epithelial_cells_7_1_2_2900_500_500/train/cancer/tlung__CGTCAGGGTTGGTGGA_LUNG_T19/vectors,vectors,cancer,0,cancer,0,0.7422349452972412,0.2577650845050812
Epithelial_cells_7_1_2_2900_500_500/train/cancer/tlung__TGCCCATGTAGGCTGA_LUNG_T30/vectors,vectors,cancer,0,cancer,0,0.7633073329925537,0.2366926223039627
Epithelial_cells_7_1_2_2900_500_500/train/cancer/tlung__CCCTCCTCAAATTGCC_LUNG_T30/vectors,vectors,cancer,0,cancer,0,0.6887825131416321,0.3112174868583679
Epithelial_cells_7_1_2_2900_500_500/train/cancer/tlung__CCATGTCGTACAAGTA_LUNG_T06/vectors,vectors,cancer,0,cancer,0,0.7596268653869629,0.2403731644153595
Epithelial_cells_7_1_2_2900_500_500/train/cancer/tlung__CTCGGAGCAACTGGCC_LUNG_T19/vectors,vectors,cancer,0,cancer,0,0.6586645841598511,0.3413354754447937
Epithelial_cells_7_1_2_2900_500_500/train/cancer/tlung__CAGCTGGGTCACCTAA_LUNG_T18/vectors,vectors,cancer,0,cancer,0,0.856422483921051,0.14357751607894897
Epithelial_cells_7_1_2_2900_500_500/train/cancer/tlung__CAGCTAACAGCCAATT_LUNG_T18/vectors,vectors,cancer,0,cancer,0,0.7312505841255188,0.268749475479126
Epithelial_cells_7_1_2_2900_500_500/train/cancer/tlung__GCAAACTCACAACTGT_LUNG_T20/vectors,vectors,cancer,0,cancer,0,0.8847880363464355,0.11521198600530624
Epithelial_cells_7_1_2_2900_500_500/train/cancer/tlung__CTGTTTAAGAATGTTG_LUNG_T30/vectors,vectors,cancer,0,cancer,0,0.5691643357276917,0.43083569407463074
Epithelial_cells_7_1_2_2900_500_500/train/cancer/tlung__CTTTGCGTCCTTGGTC_LUNG_T30/vectors,vectors,cancer,0,cancer,0,0.5719159841537476,0.4280839264392853
Epithelial_cells_7_1_2_2900_500_500/train/cancer/tlung__AAACGGGTCGGATGTT_LUNG_T18/vectors,vectors,cancer,0,cancer,0,0.8231152892112732,0.17688480019569397
Epithelial_cells_7_1_2_2900_500_500/train/cancer/tlung__GCGCAACTCGTCCAGG_LUNG_T18/vectors,vectors,cancer,0,cancer,0,0.8808995485305786,0.1191004142165184
Epithelial_cells_7_1_2_2900_500_500/train/cancer/tlung__ATGAGGGTCTGCGGCA_LUNG_T18/vectors,vectors,cancer,0,cancer,0,0.7398690581321716,0.26013094186782837
Epithelial_cells_7_1_2_2900_500_500/train/cancer/tlung__ATCCACCAGATGTGTA_LUNG_T20/vectors,vectors,cancer,0,cancer,0,0.8313656449317932,0.16863436996936798
Epithelial_cells_7_1_2_2900_500_500/train/cancer/tlung__CGTAGGCAGTCCATAC_LUNG_T18/vectors,vectors,cancer,0,cancer,0,0.7416506409645081,0.25834935903549194
Epithelial_cells_7_1_2_2900_500_500/train/cancer/tlung__TCTGGAAGTGGTACAG_LUNG_T28/vectors,vectors,cancer,0,cancer,0,0.9000476598739624,0.09995237737894058
Epithelial_cells_7_1_2_2900_500_500/train/cancer/tlung__GACTAACAGGCGCTCT_LUNG_T06/vectors,vectors,cancer,0,cancer,0,0.7709393501281738,0.22906062006950378
Epithelial_cells_7_1_2_2900_500_500/train/cancer/tlung__GTATTCTGTATGGTTC_LUNG_T06/vectors,vectors,cancer,0,cancer,0,0.6067315340042114,0.39326852560043335
Epithelial_cells_7_1_2_2900_500_500/train/cancer/tlung__GCGCAACCAAGAAAGG_LUNG_T20/vectors,vectors,cancer,0,cancer,0,0.75895756483078,0.24104246497154236
Epithelial_cells_7_1_2_2900_500_500/train/cancer/tlung__ACGTCAACAGTAAGCG_LUNG_T20/vectors,vectors,cancer,0,cancer,0,0.8611882925033569,0.1388116478919983
Epithelial_cells_7_1_2_2900_500_500/train/cancer/tlung__CCTTTCTGTCTAGGTT_LUNG_T30/vectors,vectors,cancer,0,cancer,0,0.8174652457237244,0.18253478407859802
Epithelial_cells_7_1_2_2900_500_500/train/cancer/tlung__CCTATTACAGATGGGT_LUNG_T30/vectors,vectors,cancer,0,cancer,0,0.6556392312049866,0.3443607687950134
Epithelial_cells_7_1_2_2900_500_500/train/cancer/tlung__CTACACCAGCGCCTCA_LUNG_T30/vectors,vectors,cancer,0,cancer,0,0.512113094329834,0.48788687586784363
Epithelial_cells_7_1_2_2900_500_500/train/cancer/tlung__CCACGGAGTCATGCAT_LUNG_T20/vectors,vectors,cancer,0,cancer,0,0.7505984902381897,0.24940155446529388
Epithelial_cells_7_1_2_2900_500_500/train/cancer/tlung__CAGCAGCCAGTAGAGC_LUNG_T19/vectors,vectors,cancer,0,cancer,0,0.6159833669662476,0.38401660323143005
Epithelial_cells_7_1_2_2900_500_500/train/cancer/tlung__TATCAGGCATGCCCGA_LUNG_T19/vectors,vectors,cancer,0,cancer,0,0.6850020289421082,0.31499797105789185
Epithelial_cells_7_1_2_2900_500_500/train/cancer/tlung__AGTAGTCAGTGTGGCA_LUNG_T28/vectors,vectors,cancer,0,cancer,0,0.7705510854721069,0.22944888472557068
Epithelial_cells_7_1_2_2900_500_500/train/cancer/tlung__GCCTCTAAGCATCATC_LUNG_T18/vectors,vectors,cancer,0,cancer,0,0.8212054371833801,0.1787945181131363
Epithelial_cells_7_1_2_2900_500_500/train/cancer/tlung__GAATGAATCCACGAAT_LUNG_T28/vectors,vectors,cancer,0,cancer,0,0.7543951869010925,0.24560485780239105
Epithelial_cells_7_1_2_2900_500_500/train/cancer/tlung__CTCGAGGTCGGAATCT_LUNG_T06/vectors,vectors,cancer,0,cancer,0,0.725891649723053,0.2741084396839142
Epithelial_cells_7_1_2_2900_500_500/train/cancer/tlung__GAACATCTCTCCTATA_LUNG_T30/vectors,vectors,cancer,0,normal,1,0.48139286041259766,0.5186071395874023
Epithelial_cells_7_1_2_2900_500_500/train/cancer/tlung__TTCTTAGAGTGCCAGA_LUNG_T20/vectors,vectors,cancer,0,cancer,0,0.6631511449813843,0.3368489742279053
Epithelial_cells_7_1_2_2900_500_500/train/cancer/tlung__CTTTGCGCATGGATGG_LUNG_T30/vectors,vectors,cancer,0,cancer,0,0.7671887874603271,0.23281124234199524
Epithelial_cells_7_1_2_2900_500_500/train/cancer/tlung__CGGGTCAAGACCTTTG_LUNG_T09/vectors,vectors,cancer,0,cancer,0,0.6917576789855957,0.3082422912120819
Epithelial_cells_7_1_2_2900_500_500/train/cancer/tlung__ATTGGACTCAACCATG_LUNG_T18/vectors,vectors,cancer,0,cancer,0,0.7988741397857666,0.2011258602142334
Epithelial_cells_7_1_2_2900_500_500/train/cancer/tlung__TTAGGACTCGAGAGCA_LUNG_T20/vectors,vectors,cancer,0,cancer,0,0.7469704747200012,0.2530295252799988
Epithelial_cells_7_1_2_2900_500_500/train/cancer/tlung__ACGTCAATCATTCACT_LUNG_T30/vectors,vectors,cancer,0,cancer,0,0.7378199100494385,0.2621801495552063
Epithelial_cells_7_1_2_2900_500_500/train/cancer/tlung__AGGGTGAGTTCTCATT_LUNG_T06/vectors,vectors,cancer,0,cancer,0,0.6706622242927551,0.32933780550956726
Epithelial_cells_7_1_2_2900_500_500/train/cancer/tlung__CGCGGTAGTGGACGAT_LUNG_T28/vectors,vectors,cancer,0,cancer,0,0.7658999562263489,0.2341001033782959
Epithelial_cells_7_1_2_2900_500_500/train/cancer/tlung__TCACGAATCCAACCAA_LUNG_T09/vectors,vectors,cancer,0,cancer,0,0.6715782880783081,0.3284217417240143
Epithelial_cells_7_1_2_2900_500_500/train/cancer/tlung__GTTTCTAAGCTGATAA_LUNG_T06/vectors,vectors,cancer,0,cancer,0,0.8691325783729553,0.13086745142936707
Epithelial_cells_7_1_2_2900_500_500/train/cancer/tlung__ATTTCTGTCGTACCGG_LUNG_T20/vectors,vectors,cancer,0,cancer,0,0.7956779599189758,0.20432202517986298
Epithelial_cells_7_1_2_2900_500_500/train/cancer/tlung__TTCGAAGGTGTTCGAT_LUNG_T30/vectors,vectors,cancer,0,cancer,0,0.7676898241043091,0.23231014609336853
Epithelial_cells_7_1_2_2900_500_500/train/cancer/tlung__TATCTCACAGATTGCT_LUNG_T19/vectors,vectors,cancer,0,cancer,0,0.7339765429496765,0.2660234570503235
Epithelial_cells_7_1_2_2900_500_500/train/cancer/tlung__ACATCAGGTACCATCA_LUNG_T28/vectors,vectors,cancer,0,cancer,0,0.8691464066505432,0.1308535635471344
Epithelial_cells_7_1_2_2900_500_500/train/cancer/tlung__GACGTGCTCCAAATGC_LUNG_T18/vectors,vectors,cancer,0,cancer,0,0.8175380229949951,0.1824619174003601
Epithelial_cells_7_1_2_2900_500_500/train/cancer/tlung__CAAGATCGTGCAGACA_LUNG_T28/vectors,vectors,cancer,0,cancer,0,0.7048971056938171,0.29510295391082764
Epithelial_cells_7_1_2_2900_500_500/train/cancer/tlung__TTAGTTCAGAATAGGG_LUNG_T30/vectors,vectors,cancer,0,cancer,0,0.7657685875892639,0.23423144221305847
Epithelial_cells_7_1_2_2900_500_500/train/cancer/tlung__TAGGCATTCCCTAATT_LUNG_T28/vectors,vectors,cancer,0,cancer,0,0.7785019874572754,0.22149799764156342
Epithelial_cells_7_1_2_2900_500_500/train/cancer/tlung__TCGCGAGGTACAGCAG_LUNG_T18/vectors,vectors,cancer,0,cancer,0,0.869617760181427,0.13038226962089539
Epithelial_cells_7_1_2_2900_500_500/train/cancer/tlung__GTGAAGGTCGTTTATC_LUNG_T20/vectors,vectors,cancer,0,cancer,0,0.7336427569389343,0.26635727286338806
Epithelial_cells_7_1_2_2900_500_500/train/cancer/tlung__GCATGCGTCCTAAGTG_LUNG_T19/vectors,vectors,cancer,0,cancer,0,0.810591459274292,0.18940863013267517
Epithelial_cells_7_1_2_2900_500_500/train/cancer/tlung__TGCCCATGTTAAGGGC_LUNG_T18/vectors,vectors,cancer,0,cancer,0,0.7439594268798828,0.25604063272476196
Epithelial_cells_7_1_2_2900_500_500/train/cancer/tlung__CCTATTAGTGAGGGAG_LUNG_T19/vectors,vectors,cancer,0,cancer,0,0.6561351418495178,0.3438648283481598
Epithelial_cells_7_1_2_2900_500_500/train/cancer/tlung__ACTTGTTAGGTGTTAA_LUNG_T28/vectors,vectors,cancer,0,cancer,0,0.9051756858825684,0.09482427686452866
Epithelial_cells_7_1_2_2900_500_500/train/cancer/tlung__CGTCACTAGTACTTGC_LUNG_T28/vectors,vectors,cancer,0,cancer,0,0.5571526885032654,0.442847341299057
Epithelial_cells_7_1_2_2900_500_500/train/cancer/tlung__AAACGGGTCACCGTAA_LUNG_T20/vectors,vectors,cancer,0,cancer,0,0.835063636302948,0.164936363697052
Epithelial_cells_7_1_2_2900_500_500/train/cancer/tlung__TCAACGAAGTTGAGAT_LUNG_T20/vectors,vectors,cancer,0,cancer,0,0.7927050590515137,0.20729494094848633
Epithelial_cells_7_1_2_2900_500_500/train/cancer/tlung__GATCGATTCCTAGTGA_LUNG_T20/vectors,vectors,cancer,0,cancer,0,0.8726325631141663,0.12736743688583374
Epithelial_cells_7_1_2_2900_500_500/train/cancer/tlung__TACACGAGTGCACTTA_LUNG_T19/vectors,vectors,cancer,0,cancer,0,0.7485131621360779,0.2514868378639221
Epithelial_cells_7_1_2_2900_500_500/train/cancer/tlung__CAGCATAGTACAGCAG_LUNG_T20/vectors,vectors,cancer,0,cancer,0,0.8479048609733582,0.15209521353244781
Epithelial_cells_7_1_2_2900_500_500/train/cancer/tlung__TAGACCAAGTTCGCAT_LUNG_T09/vectors,vectors,cancer,0,cancer,0,0.6240071654319763,0.3759928047657013
Epithelial_cells_7_1_2_2900_500_500/train/cancer/tlung__TTCCCAGTCACAATGC_LUNG_T20/vectors,vectors,cancer,0,cancer,0,0.7794687151908875,0.22053122520446777
Epithelial_cells_7_1_2_2900_500_500/train/cancer/tlung__CGCGGTATCGCATGAT_LUNG_T28/vectors,vectors,cancer,0,cancer,0,0.8052496314048767,0.19475038349628448
Epithelial_cells_7_1_2_2900_500_500/train/cancer/tlung__TGAGCATCAGGATTGG_LUNG_T18/vectors,vectors,cancer,0,cancer,0,0.8252379298210144,0.17476211488246918
Epithelial_cells_7_1_2_2900_500_500/train/cancer/tlung__TTTGCGCCAATGGACG_LUNG_T30/vectors,vectors,cancer,0,cancer,0,0.556037962436676,0.4439620077610016
Epithelial_cells_7_1_2_2900_500_500/train/cancer/tlung__ATTGGTGCACTCAGGC_LUNG_T20/vectors,vectors,cancer,0,cancer,0,0.8411580920219421,0.15884190797805786
Epithelial_cells_7_1_2_2900_500_500/train/cancer/tlung__CTAGCCTTCAATCACG_LUNG_T30/vectors,vectors,cancer,0,cancer,0,0.7131071090698242,0.28689295053482056
Epithelial_cells_7_1_2_2900_500_500/train/cancer/tlung__CGACTTCTCATTTGGG_LUNG_T18/vectors,vectors,cancer,0,cancer,0,0.7301696538925171,0.2698303759098053
Epithelial_cells_7_1_2_2900_500_500/train/cancer/tlung__ACCAGTACAATGCCAT_LUNG_T28/vectors,vectors,cancer,0,cancer,0,0.8672888875007629,0.13271115720272064
Epithelial_cells_7_1_2_2900_500_500/train/cancer/tlung__TGCTACCCAGCCTATA_LUNG_T28/vectors,vectors,cancer,0,cancer,0,0.8834624290466309,0.11653758585453033
Epithelial_cells_7_1_2_2900_500_500/train/cancer/tlung__GTGTGCGCACCGAATT_LUNG_T06/vectors,vectors,cancer,0,cancer,0,0.7150511145591736,0.2849489450454712
Epithelial_cells_7_1_2_2900_500_500/train/cancer/tlung__AGCTTGAAGTCAAGCG_LUNG_T18/vectors,vectors,cancer,0,cancer,0,0.7925444841384888,0.20745544135570526
Epithelial_cells_7_1_2_2900_500_500/train/cancer/tlung__GGGTCTGTCGATGAGG_LUNG_T18/vectors,vectors,cancer,0,cancer,0,0.7170119285583496,0.2829881012439728
Epithelial_cells_7_1_2_2900_500_500/train/cancer/tlung__GCTCTGTTCATTCACT_LUNG_T18/vectors,vectors,cancer,0,cancer,0,0.8569769263267517,0.1430230289697647
Epithelial_cells_7_1_2_2900_500_500/train/cancer/tlung__AAGTCTGGTACACCGC_LUNG_T19/vectors,vectors,cancer,0,cancer,0,0.7194576263427734,0.2805424630641937
Epithelial_cells_7_1_2_2900_500_500/train/cancer/tlung__CCAGCGATCGTAGATC_LUNG_T28/vectors,vectors,cancer,0,cancer,0,0.7896192073822021,0.21038073301315308
Epithelial_cells_7_1_2_2900_500_500/train/cancer/tlung__CTCAGAACACCTCGTT_LUNG_T18/vectors,vectors,cancer,0,cancer,0,0.767581045627594,0.23241902887821198
Epithelial_cells_7_1_2_2900_500_500/train/cancer/tlung__TATCTCACAAGCTGTT_LUNG_T06/vectors,vectors,cancer,0,cancer,0,0.8131642937660217,0.18683576583862305
Epithelial_cells_7_1_2_2900_500_500/train/cancer/tlung__CCAGCGAGTCAAGCGA_LUNG_T20/vectors,vectors,cancer,0,cancer,0,0.7514885663986206,0.24851137399673462
Epithelial_cells_7_1_2_2900_500_500/train/cancer/tlung__AGTGTCAAGCCCTAAT_LUNG_T06/vectors,vectors,cancer,0,cancer,0,0.7860485315322876,0.21395143866539001
Epithelial_cells_7_1_2_2900_500_500/train/cancer/tlung__TCAGGTAAGGCAATTA_LUNG_T30/vectors,vectors,cancer,0,cancer,0,0.7818307280540466,0.21816924214363098
Epithelial_cells_7_1_2_2900_500_500/train/cancer/tlung__CAACCTCAGAGTCTGG_LUNG_T20/vectors,vectors,cancer,0,cancer,0,0.7736870050430298,0.22631306946277618
Epithelial_cells_7_1_2_2900_500_500/train/cancer/tlung__ATGCGATCAAGCCTAT_LUNG_T30/vectors,vectors,cancer,0,cancer,0,0.8579021096229553,0.14209792017936707
Epithelial_cells_7_1_2_2900_500_500/train/cancer/tlung__GGAGCAAAGCTCCTTC_LUNG_T30/vectors,vectors,cancer,0,cancer,0,0.6100760698318481,0.38992398977279663
Epithelial_cells_7_1_2_2900_500_500/train/cancer/tlung__TGGGCGTGTAAGGGCT_LUNG_T06/vectors,vectors,cancer,0,cancer,0,0.5067134499549866,0.4932865500450134
Epithelial_cells_7_1_2_2900_500_500/train/cancer/tlung__CTCGTACAGAGCTATA_LUNG_T30/vectors,vectors,cancer,0,cancer,0,0.8423288464546204,0.15767110884189606
Epithelial_cells_7_1_2_2900_500_500/train/cancer/tlung__CCCATACGTATAAACG_LUNG_T20/vectors,vectors,cancer,0,cancer,0,0.6962682008743286,0.3037317991256714
Epithelial_cells_7_1_2_2900_500_500/train/cancer/tlung__TTGGAACAGCTTTGGT_LUNG_T28/vectors,vectors,cancer,0,cancer,0,0.7325440049171448,0.2674559950828552
Epithelial_cells_7_1_2_2900_500_500/train/cancer/tlung__CGTGAGCAGCCCTAAT_LUNG_T20/vectors,vectors,cancer,0,cancer,0,0.6635599136352539,0.3364400565624237
Epithelial_cells_7_1_2_2900_500_500/train/cancer/tlung__CTGAAACAGACATAAC_LUNG_T20/vectors,vectors,cancer,0,cancer,0,0.7840091586112976,0.21599087119102478
Epithelial_cells_7_1_2_2900_500_500/train/cancer/tlung__AGCATACAGGATGGAA_LUNG_T20/vectors,vectors,cancer,0,cancer,0,0.8160401582717896,0.18395985662937164
Epithelial_cells_7_1_2_2900_500_500/train/cancer/tlung__CATATTCTCCTTCAAT_LUNG_T18/vectors,vectors,cancer,0,cancer,0,0.7373000979423523,0.2626999616622925
Epithelial_cells_7_1_2_2900_500_500/train/cancer/tlung__CTTTGCGAGCTGTCTA_LUNG_T19/vectors,vectors,cancer,0,cancer,0,0.5985468626022339,0.4014531075954437
Epithelial_cells_7_1_2_2900_500_500/train/cancer/tlung__GACACGCGTCCGAACC_LUNG_T30/vectors,vectors,cancer,0,cancer,0,0.6410573720932007,0.35894277691841125
Epithelial_cells_7_1_2_2900_500_500/train/cancer/tlung__TAGCCGGGTAAAGGAG_LUNG_T19/vectors,vectors,cancer,0,cancer,0,0.6726543307304382,0.32734566926956177
Epithelial_cells_7_1_2_2900_500_500/train/cancer/tlung__GAGGTGATCATGTGGT_LUNG_T28/vectors,vectors,cancer,0,cancer,0,0.7748177647590637,0.22518225014209747
Epithelial_cells_7_1_2_2900_500_500/train/cancer/tlung__AGAGCGAGTTACAGAA_LUNG_T18/vectors,vectors,cancer,0,cancer,0,0.8547179698944092,0.14528201520442963
Epithelial_cells_7_1_2_2900_500_500/train/cancer/tlung__TACTTACTCTACCAGA_LUNG_T18/vectors,vectors,cancer,0,cancer,0,0.7293270826339722,0.2706729471683502
Epithelial_cells_7_1_2_2900_500_500/train/cancer/tlung__ACACCCTCAGCTGTTA_LUNG_T18/vectors,vectors,cancer,0,cancer,0,0.849534809589386,0.1504652053117752
Epithelial_cells_7_1_2_2900_500_500/train/cancer/tlung__ATCGAGTTCATATCGG_LUNG_T20/vectors,vectors,cancer,0,cancer,0,0.6844749450683594,0.31552502512931824
Epithelial_cells_7_1_2_2900_500_500/train/cancer/tlung__GCTTCCATCCACGCAG_LUNG_T19/vectors,vectors,cancer,0,cancer,0,0.7554115653038025,0.24458850920200348
Epithelial_cells_7_1_2_2900_500_500/train/cancer/tlung__CTCTGGTAGCTAGTGG_LUNG_T28/vectors,vectors,cancer,0,cancer,0,0.708035945892334,0.29196402430534363
Epithelial_cells_7_1_2_2900_500_500/train/cancer/tlung__GTTCGGGGTTAAGTAG_LUNG_T18/vectors,vectors,cancer,0,cancer,0,0.6072556972503662,0.3927443325519562
Epithelial_cells_7_1_2_2900_500_500/train/cancer/tlung__AGCGTCGGTAGTACCT_LUNG_T30/vectors,vectors,cancer,0,cancer,0,0.7753497362136841,0.22465026378631592
Epithelial_cells_7_1_2_2900_500_500/train/cancer/tlung__CTGCGGAGTAGCGTCC_LUNG_T30/vectors,vectors,cancer,0,cancer,0,0.7895786762237549,0.21042132377624512
Epithelial_cells_7_1_2_2900_500_500/train/cancer/tlung__AGTGAGGGTTACTGAC_LUNG_T20/vectors,vectors,cancer,0,cancer,0,0.7719295024871826,0.22807055711746216
Epithelial_cells_7_1_2_2900_500_500/train/cancer/tlung__CGCCAAGCAGGTGCCT_LUNG_T19/vectors,vectors,cancer,0,cancer,0,0.820001482963562,0.17999853193759918
Epithelial_cells_7_1_2_2900_500_500/train/cancer/tlung__CGGAGCTTCGTAGATC_LUNG_T30/vectors,vectors,cancer,0,cancer,0,0.6847121715545654,0.3152877688407898
Epithelial_cells_7_1_2_2900_500_500/train/cancer/tlung__GTACTCCTCAGGTAAA_LUNG_T19/vectors,vectors,cancer,0,cancer,0,0.6493284702301025,0.3506714701652527
Epithelial_cells_7_1_2_2900_500_500/train/cancer/tlung__CTCGAAACAGTCAGAG_LUNG_T18/vectors,vectors,cancer,0,cancer,0,0.8243205547332764,0.17567946016788483
Epithelial_cells_7_1_2_2900_500_500/train/cancer/tlung__TCATTACCATACGCTA_LUNG_T19/vectors,vectors,cancer,0,cancer,0,0.7840297818183899,0.2159702181816101
Epithelial_cells_7_1_2_2900_500_500/train/cancer/tlung__AACTCTTTCCGAACGC_LUNG_T09/vectors,vectors,cancer,0,cancer,0,0.6522414088249207,0.34775859117507935
Epithelial_cells_7_1_2_2900_500_500/train/cancer/tlung__TTCTACATCGCAAACT_LUNG_T20/vectors,vectors,cancer,0,cancer,0,0.7832018136978149,0.21679812669754028
Epithelial_cells_7_1_2_2900_500_500/train/cancer/tlung__AGCATACCAGACAAAT_LUNG_T18/vectors,vectors,cancer,0,cancer,0,0.8121607303619385,0.1878393143415451
Epithelial_cells_7_1_2_2900_500_500/train/cancer/tlung__TCACGAAAGGTCGGAT_LUNG_T19/vectors,vectors,cancer,0,cancer,0,0.7976159453392029,0.2023840695619583
Epithelial_cells_7_1_2_2900_500_500/train/cancer/tlung__TGGTTAGCATTAACCG_LUNG_T20/vectors,vectors,cancer,0,cancer,0,0.8379185199737549,0.16208140552043915
Epithelial_cells_7_1_2_2900_500_500/train/cancer/tlung__CACAGTATCGATCCCT_LUNG_T28/vectors,vectors,cancer,0,cancer,0,0.9181138873100281,0.08188609033823013
Epithelial_cells_7_1_2_2900_500_500/train/cancer/tlung__TTGGAACTCGTGTAGT_LUNG_T30/vectors,vectors,cancer,0,cancer,0,0.7389517426490784,0.26104825735092163
Epithelial_cells_7_1_2_2900_500_500/train/cancer/tlung__AAATGCCTCAACACAC_LUNG_T09/vectors,vectors,cancer,0,cancer,0,0.7755410671234131,0.2244589477777481
Epithelial_cells_7_1_2_2900_500_500/train/cancer/tlung__CGGACACAGTGCCAGA_LUNG_T19/vectors,vectors,cancer,0,cancer,0,0.7823092341423035,0.21769073605537415
Epithelial_cells_7_1_2_2900_500_500/train/cancer/tlung__GACGTGCTCGGCCGAT_LUNG_T28/vectors,vectors,cancer,0,cancer,0,0.834693431854248,0.16530658304691315
Epithelial_cells_7_1_2_2900_500_500/train/cancer/tlung__GTAGTCACAGCCACCA_LUNG_T06/vectors,vectors,cancer,0,cancer,0,0.7635719180107117,0.23642808198928833
Epithelial_cells_7_1_2_2900_500_500/train/cancer/tlung__GAACATCCACAACGTT_LUNG_T20/vectors,vectors,cancer,0,cancer,0,0.7985994219779968,0.20140059292316437
Epithelial_cells_7_1_2_2900_500_500/train/cancer/tlung__CATCGGGGTTCCACTC_LUNG_T19/vectors,vectors,cancer,0,cancer,0,0.8681156039237976,0.13188436627388
Epithelial_cells_7_1_2_2900_500_500/train/cancer/tlung__CCGGGATTCACCGTAA_LUNG_T30/vectors,vectors,cancer,0,cancer,0,0.8602076768875122,0.13979223370552063
Epithelial_cells_7_1_2_2900_500_500/train/cancer/tlung__AAAGCAATCCAAACTG_LUNG_T18/vectors,vectors,cancer,0,cancer,0,0.843234658241272,0.15676535665988922
Epithelial_cells_7_1_2_2900_500_500/train/cancer/tlung__AAAGTAGGTACCGAGA_LUNG_T06/vectors,vectors,cancer,0,cancer,0,0.791720449924469,0.2082795351743698
Epithelial_cells_7_1_2_2900_500_500/train/cancer/tlung__AAGTCTGGTAGCGTCC_LUNG_T28/vectors,vectors,cancer,0,cancer,0,0.8893007040023804,0.11069927364587784
Epithelial_cells_7_1_2_2900_500_500/train/cancer/tlung__CACATTTCAGCCACCA_LUNG_T28/vectors,vectors,cancer,0,cancer,0,0.8756675124168396,0.12433257699012756
Epithelial_cells_7_1_2_2900_500_500/train/cancer/tlung__CAGGTGCAGTACGACG_LUNG_T19/vectors,vectors,cancer,0,cancer,0,0.6963198184967041,0.3036801517009735
Epithelial_cells_7_1_2_2900_500_500/train/cancer/tlung__TTCGGTCAGGCCCTCA_LUNG_T18/vectors,vectors,cancer,0,cancer,0,0.8180474042892456,0.18195265531539917
Epithelial_cells_7_1_2_2900_500_500/train/cancer/tlung__TGCACCTCACATGACT_LUNG_T28/vectors,vectors,cancer,0,cancer,0,0.6305142641067505,0.3694857060909271
Epithelial_cells_7_1_2_2900_500_500/train/cancer/tlung__CGAGCACCACAGAGGT_LUNG_T20/vectors,vectors,cancer,0,cancer,0,0.7606284022331238,0.23937156796455383
Epithelial_cells_7_1_2_2900_500_500/train/cancer/tlung__TAGCCGGCATCCCACT_LUNG_T18/vectors,vectors,cancer,0,cancer,0,0.6966036558151245,0.3033962845802307
Epithelial_cells_7_1_2_2900_500_500/train/cancer/tlung__TGTTCCGTCTTGGGTA_LUNG_T30/vectors,vectors,cancer,0,cancer,0,0.6670933961868286,0.3329065144062042
Epithelial_cells_7_1_2_2900_500_500/train/cancer/tlung__TAGACCAGTGAAGGCT_LUNG_T06/vectors,vectors,cancer,0,cancer,0,0.7793428897857666,0.22065718472003937
Epithelial_cells_7_1_2_2900_500_500/train/cancer/tlung__TACCTTAGTGCACCAC_LUNG_T30/vectors,vectors,cancer,0,cancer,0,0.7690151929855347,0.23098480701446533
Epithelial_cells_7_1_2_2900_500_500/train/cancer/tlung__ATCATCTGTCTCAACA_LUNG_T28/vectors,vectors,cancer,0,cancer,0,0.7936262488365173,0.20637375116348267
Epithelial_cells_7_1_2_2900_500_500/train/cancer/tlung__AGCTTGAGTGAACCTT_LUNG_T20/vectors,vectors,cancer,0,cancer,0,0.8024201393127441,0.19757987558841705
Epithelial_cells_7_1_2_2900_500_500/train/cancer/tlung__CGTTGGGTCTTGCATT_LUNG_T28/vectors,vectors,cancer,0,cancer,0,0.6568784117698669,0.34312158823013306
Epithelial_cells_7_1_2_2900_500_500/train/cancer/tlung__AGCTCCTGTAAGTTCC_LUNG_T09/vectors,vectors,cancer,0,cancer,0,0.6552533507347107,0.34474673867225647
Epithelial_cells_7_1_2_2900_500_500/train/cancer/tlung__GTTCTCGGTAACGTTC_LUNG_T18/vectors,vectors,cancer,0,cancer,0,0.8258708119392395,0.17412921786308289
Epithelial_cells_7_1_2_2900_500_500/train/cancer/tlung__CAGCTAACATACAGCT_LUNG_T18/vectors,vectors,cancer,0,cancer,0,0.7779120802879333,0.22208796441555023
Epithelial_cells_7_1_2_2900_500_500/train/cancer/tlung__CCTACACAGAGTCGGT_LUNG_T09/vectors,vectors,cancer,0,cancer,0,0.5849233269691467,0.41507667303085327
Epithelial_cells_7_1_2_2900_500_500/train/cancer/tlung__ATTACTCTCACTTACT_LUNG_T19/vectors,vectors,cancer,0,cancer,0,0.7223801612854004,0.277619868516922
Epithelial_cells_7_1_2_2900_500_500/train/cancer/tlung__GAGGTGATCTATCCTA_LUNG_T28/vectors,vectors,cancer,0,cancer,0,0.8144221305847168,0.18557792901992798
Epithelial_cells_7_1_2_2900_500_500/train/cancer/tlung__CAGCTAAAGAACTCGG_LUNG_T30/vectors,vectors,cancer,0,cancer,0,0.7189399003982544,0.281060129404068
Epithelial_cells_7_1_2_2900_500_500/train/cancer/tlung__TGGCGCACAGGATTGG_LUNG_T28/vectors,vectors,cancer,0,cancer,0,0.7793428897857666,0.22065718472003937
Epithelial_cells_7_1_2_2900_500_500/train/cancer/tlung__CTAGAGTGTTACCAGT_LUNG_T19/vectors,vectors,cancer,0,cancer,0,0.7027086615562439,0.2972913980484009
Epithelial_cells_7_1_2_2900_500_500/train/cancer/tlung__GGAAAGCGTTAAAGTG_LUNG_T30/vectors,vectors,cancer,0,cancer,0,0.5385888814926147,0.46141111850738525
Epithelial_cells_7_1_2_2900_500_500/train/cancer/tlung__CGACCTTAGGATGCGT_LUNG_T06/vectors,vectors,cancer,0,cancer,0,0.6290058493614197,0.3709942102432251
Epithelial_cells_7_1_2_2900_500_500/train/cancer/tlung__GCCAAATCATTATCTC_LUNG_T06/vectors,vectors,cancer,0,cancer,0,0.5927255153656006,0.407274454832077
Epithelial_cells_7_1_2_2900_500_500/train/cancer/tlung__ACCCACTAGACGACGT_LUNG_T30/vectors,vectors,cancer,0,cancer,0,0.6208227872848511,0.37917718291282654
Epithelial_cells_7_1_2_2900_500_500/train/cancer/tlung__GTGGGTCAGAAAGTGG_LUNG_T28/vectors,vectors,cancer,0,cancer,0,0.7151505351066589,0.28484946489334106
Epithelial_cells_7_1_2_2900_500_500/train/cancer/tlung__TCTCATACATACGCCG_LUNG_T18/vectors,vectors,cancer,0,cancer,0,0.822474479675293,0.17752552032470703
Epithelial_cells_7_1_2_2900_500_500/train/cancer/tlung__GTCTTCGTCGCAAACT_LUNG_T19/vectors,vectors,cancer,0,cancer,0,0.7937861084938049,0.2062138468027115
Epithelial_cells_7_1_2_2900_500_500/train/cancer/tlung__TATTACCGTAGAAAGG_LUNG_T18/vectors,vectors,cancer,0,cancer,0,0.7368506193161011,0.2631494104862213
Epithelial_cells_7_1_2_2900_500_500/train/cancer/tlung__CGTCTACAGTTAGCGG_LUNG_T09/vectors,vectors,cancer,0,cancer,0,0.6236634254455566,0.37633657455444336
Epithelial_cells_7_1_2_2900_500_500/train/cancer/tlung__TTAGTTCAGACGCAAC_LUNG_T20/vectors,vectors,cancer,0,cancer,0,0.8047705888748169,0.1952294111251831
Epithelial_cells_7_1_2_2900_500_500/train/cancer/tlung__GCAAACTTCCAACCAA_LUNG_T30/vectors,vectors,cancer,0,cancer,0,0.6793913841247559,0.320608526468277
Epithelial_cells_7_1_2_2900_500_500/train/cancer/tlung__TTCTACATCCGAGCCA_LUNG_T20/vectors,vectors,cancer,0,cancer,0,0.8319979310035706,0.16800208389759064
Epithelial_cells_7_1_2_2900_500_500/train/cancer/tlung__TGCGTGGCAGATGAGC_LUNG_T18/vectors,vectors,cancer,0,cancer,0,0.6964488625526428,0.3035511374473572
Epithelial_cells_7_1_2_2900_500_500/train/cancer/tlung__CAGAATCTCAACGCTA_LUNG_T18/vectors,vectors,cancer,0,cancer,0,0.7029126286506653,0.2970874309539795
Epithelial_cells_7_1_2_2900_500_500/train/cancer/tlung__GGGCATCCAATGTAAG_LUNG_T06/vectors,vectors,cancer,0,cancer,0,0.81976717710495,0.18023288249969482
Epithelial_cells_7_1_2_2900_500_500/train/cancer/tlung__CGGAGTCCATGCCTAA_LUNG_T20/vectors,vectors,cancer,0,cancer,0,0.730506181716919,0.26949378848075867
Epithelial_cells_7_1_2_2900_500_500/train/cancer/tlung__CGCGTTTCAATGGATA_LUNG_T06/vectors,vectors,cancer,0,cancer,0,0.7575926184654236,0.24240732192993164
Epithelial_cells_7_1_2_2900_500_500/train/cancer/tlung__TTAGGCAAGTTTCCTT_LUNG_T28/vectors,vectors,cancer,0,cancer,0,0.8103663921356201,0.18963360786437988
Epithelial_cells_7_1_2_2900_500_500/train/cancer/tlung__CTTGGCTAGTTACGGG_LUNG_T18/vectors,vectors,cancer,0,cancer,0,0.8291983008384705,0.17080171406269073
Epithelial_cells_7_1_2_2900_500_500/train/cancer/tlung__AAATGCCCAGGTCGTC_LUNG_T19/vectors,vectors,cancer,0,cancer,0,0.5734097361564636,0.42659032344818115
Epithelial_cells_7_1_2_2900_500_500/train/cancer/tlung__CTGAAACAGTGTGGCA_LUNG_T30/vectors,vectors,cancer,0,cancer,0,0.6316227316856384,0.36837732791900635
Epithelial_cells_7_1_2_2900_500_500/train/cancer/tlung__GTAACGTCAATAGCGG_LUNG_T09/vectors,vectors,cancer,0,cancer,0,0.7145035266876221,0.28549641370773315
Epithelial_cells_7_1_2_2900_500_500/train/cancer/tlung__CTTAACTTCTTTACGT_LUNG_T19/vectors,vectors,cancer,0,cancer,0,0.8436698317527771,0.1563301533460617
Epithelial_cells_7_1_2_2900_500_500/train/cancer/tlung__CCCATACCAAAGCGGT_LUNG_T20/vectors,vectors,cancer,0,cancer,0,0.868687629699707,0.13131241500377655
Epithelial_cells_7_1_2_2900_500_500/train/cancer/tlung__TTTCCTCAGGTGGGTT_LUNG_T20/vectors,vectors,cancer,0,cancer,0,0.7885832190513611,0.2114168256521225
Epithelial_cells_7_1_2_2900_500_500/train/cancer/tlung__CTACGTCGTTCGAATC_LUNG_T20/vectors,vectors,cancer,0,cancer,0,0.7262799739837646,0.2737199366092682
Epithelial_cells_7_1_2_2900_500_500/train/cancer/tlung__GACTAACGTGAGTATA_LUNG_T30/vectors,vectors,cancer,0,cancer,0,0.6600629091262817,0.33993715047836304
Epithelial_cells_7_1_2_2900_500_500/train/cancer/tlung__GTGAAGGCATGCAATC_LUNG_T18/vectors,vectors,cancer,0,cancer,0,0.7842984199523926,0.215701624751091
Epithelial_cells_7_1_2_2900_500_500/train/cancer/tlung__TAGTGGTTCTTGCAAG_LUNG_T18/vectors,vectors,cancer,0,cancer,0,0.8461332321166992,0.1538667380809784
Epithelial_cells_7_1_2_2900_500_500/train/cancer/tlung__GTACGTAGTATGAATG_LUNG_T30/vectors,vectors,cancer,0,cancer,0,0.6474360823631287,0.3525639474391937
Epithelial_cells_7_1_2_2900_500_500/train/cancer/tlung__GGGAATGAGGATATAC_LUNG_T06/vectors,vectors,cancer,0,cancer,0,0.6644314527511597,0.33556854724884033
Epithelial_cells_7_1_2_2900_500_500/train/cancer/tlung__CTGTTTAGTTGCGTTA_LUNG_T20/vectors,vectors,cancer,0,cancer,0,0.7568520903587341,0.24314787983894348
Epithelial_cells_7_1_2_2900_500_500/train/cancer/tlung__AACTGGTAGCGATGAC_LUNG_T30/vectors,vectors,cancer,0,cancer,0,0.7006388306617737,0.2993611693382263
Epithelial_cells_7_1_2_2900_500_500/train/cancer/tlung__CATGACATCGAATGCT_LUNG_T20/vectors,vectors,cancer,0,cancer,0,0.7584434747695923,0.24155646562576294
Epithelial_cells_7_1_2_2900_500_500/train/cancer/tlung__TTAACTCGTGTCTGAT_LUNG_T06/vectors,vectors,cancer,0,cancer,0,0.5769591331481934,0.42304083704948425
Epithelial_cells_7_1_2_2900_500_500/train/cancer/tlung__TGTGGTAGTCTAGTCA_LUNG_T19/vectors,vectors,cancer,0,cancer,0,0.7264741063117981,0.2735258638858795
Epithelial_cells_7_1_2_2900_500_500/train/cancer/tlung__GATCGATCAAGCGATG_LUNG_T09/vectors,vectors,cancer,0,cancer,0,0.7581079006195068,0.24189209938049316
Epithelial_cells_7_1_2_2900_500_500/train/cancer/tlung__GTCGGGTGTCGGCACT_LUNG_T30/vectors,vectors,cancer,0,cancer,0,0.6933172345161438,0.3066827356815338
Epithelial_cells_7_1_2_2900_500_500/train/cancer/tlung__AAAGTAGAGCTGGAAC_LUNG_T20/vectors,vectors,cancer,0,cancer,0,0.7647159099578857,0.23528406023979187
Epithelial_cells_7_1_2_2900_500_500/train/cancer/tlung__CTTCTCTAGTCTCAAC_LUNG_T09/vectors,vectors,cancer,0,cancer,0,0.6729767918586731,0.3270231783390045
Epithelial_cells_7_1_2_2900_500_500/train/cancer/tlung__CGAGCCAAGATAGGAG_LUNG_T18/vectors,vectors,cancer,0,cancer,0,0.6825472712516785,0.31745272874832153
Epithelial_cells_7_1_2_2900_500_500/train/cancer/tlung__AATCCAGAGTAGCGGT_LUNG_T20/vectors,vectors,cancer,0,cancer,0,0.8099721074104309,0.1900278627872467
Epithelial_cells_7_1_2_2900_500_500/train/cancer/tlung__AGTGGGACAAGAGGCT_LUNG_T28/vectors,vectors,cancer,0,cancer,0,0.8595606088638306,0.14043937623500824
Epithelial_cells_7_1_2_2900_500_500/train/cancer/tlung__GACACGCTCTCTTGAT_LUNG_T28/vectors,vectors,cancer,0,cancer,0,0.7963122725486755,0.20368772745132446
Epithelial_cells_7_1_2_2900_500_500/train/cancer/tlung__GTCACGGAGATCTGCT_LUNG_T20/vectors,vectors,cancer,0,cancer,0,0.8066813349723816,0.19331863522529602
Epithelial_cells_7_1_2_2900_500_500/train/cancer/tlung__TTCCCAGCAATCTGCA_LUNG_T06/vectors,vectors,cancer,0,cancer,0,0.672493040561676,0.327506959438324
Epithelial_cells_7_1_2_2900_500_500/train/cancer/tlung__CACATTTAGACTAAGT_LUNG_T18/vectors,vectors,cancer,0,cancer,0,0.8793022632598877,0.12069766968488693
Epithelial_cells_7_1_2_2900_500_500/train/cancer/tlung__TCGGGACAGTCTTGCA_LUNG_T30/vectors,vectors,cancer,0,cancer,0,0.7920423150062561,0.2079576700925827
Epithelial_cells_7_1_2_2900_500_500/train/cancer/tlung__TCAGGATCACCACCAG_LUNG_T19/vectors,vectors,cancer,0,cancer,0,0.735855221748352,0.26414474844932556
Epithelial_cells_7_1_2_2900_500_500/train/cancer/tlung__TCTCATATCTCCTATA_LUNG_T09/vectors,vectors,cancer,0,cancer,0,0.685949444770813,0.314050555229187
Epithelial_cells_7_1_2_2900_500_500/train/cancer/tlung__TGTTCCGTCTGTCTCG_LUNG_T30/vectors,vectors,cancer,0,cancer,0,0.748076319694519,0.25192365050315857
Epithelial_cells_7_1_2_2900_500_500/train/cancer/tlung__AGCTCTCTCTAACTCT_LUNG_T30/vectors,vectors,cancer,0,cancer,0,0.7742421627044678,0.22575782239437103
Epithelial_cells_7_1_2_2900_500_500/train/cancer/tlung__CATGACAAGTATTGGA_LUNG_T06/vectors,vectors,cancer,0,cancer,0,0.6318783164024353,0.3681217432022095
Epithelial_cells_7_1_2_2900_500_500/train/cancer/tlung__AACACGTCACGAAACG_LUNG_T28/vectors,vectors,cancer,0,cancer,0,0.852751612663269,0.14724835753440857
Epithelial_cells_7_1_2_2900_500_500/train/cancer/tlung__ACTTGTTGTGCACTTA_LUNG_T18/vectors,vectors,cancer,0,cancer,0,0.812588632106781,0.1874113529920578
Epithelial_cells_7_1_2_2900_500_500/train/cancer/tlung__TACTCATCACACAGAG_LUNG_T28/vectors,vectors,cancer,0,cancer,0,0.9208074808120728,0.07919251918792725
Epithelial_cells_7_1_2_2900_500_500/train/cancer/tlung__CAAGTTGAGTACGACG_LUNG_T28/vectors,vectors,cancer,0,cancer,0,0.8397010564804077,0.1602988988161087
Epithelial_cells_7_1_2_2900_500_500/train/cancer/tlung__ACACCGGCATGAACCT_LUNG_T28/vectors,vectors,cancer,0,cancer,0,0.829440176486969,0.17055979371070862
Epithelial_cells_7_1_2_2900_500_500/train/cancer/tlung__CGGACTGAGTTGTAGA_LUNG_T18/vectors,vectors,cancer,0,cancer,0,0.8247620463371277,0.17523793876171112
Epithelial_cells_7_1_2_2900_500_500/train/cancer/tlung__CATATTCTCGAGCCCA_LUNG_T19/vectors,vectors,cancer,0,cancer,0,0.6643497347831726,0.3356502056121826
Epithelial_cells_7_1_2_2900_500_500/train/cancer/tlung__CGTGTCTTCGGCGCAT_LUNG_T20/vectors,vectors,cancer,0,cancer,0,0.8258004784584045,0.1741994321346283
Epithelial_cells_7_1_2_2900_500_500/train/cancer/tlung__ATGAGGGGTCTAAAGA_LUNG_T30/vectors,vectors,cancer,0,cancer,0,0.7212772369384766,0.2787228226661682
Epithelial_cells_7_1_2_2900_500_500/train/cancer/tlung__CCAATCCTCAGCTTAG_LUNG_T20/vectors,vectors,cancer,0,cancer,0,0.8150485157966614,0.18495145440101624
Epithelial_cells_7_1_2_2900_500_500/train/cancer/tlung__ATCGAGTAGCCACGTC_LUNG_T28/vectors,vectors,cancer,0,cancer,0,0.8636649250984192,0.13633506000041962
Epithelial_cells_7_1_2_2900_500_500/train/cancer/tlung__AAACCTGGTCTAGCCG_LUNG_T19/vectors,vectors,cancer,0,cancer,0,0.7748177647590637,0.22518225014209747
Epithelial_cells_7_1_2_2900_500_500/train/cancer/tlung__CAGCGACAGTACGTTC_LUNG_T28/vectors,vectors,cancer,0,cancer,0,0.819622814655304,0.18037720024585724
Epithelial_cells_7_1_2_2900_500_500/train/cancer/tlung__GCGCAGTAGGTCGGAT_LUNG_T06/vectors,vectors,cancer,0,cancer,0,0.9217370748519897,0.07826288789510727
Epithelial_cells_7_1_2_2900_500_500/train/cancer/tlung__ACCTTTAGTGAGTATA_LUNG_T28/vectors,vectors,cancer,0,cancer,0,0.8424423933029175,0.1575576812028885
Epithelial_cells_7_1_2_2900_500_500/train/cancer/tlung__ACATACGTCCAAATGC_LUNG_T18/vectors,vectors,cancer,0,cancer,0,0.770205557346344,0.22979436814785004
Epithelial_cells_7_1_2_2900_500_500/train/cancer/tlung__CAGAGAGCAAGCGCTC_LUNG_T19/vectors,vectors,cancer,0,cancer,0,0.6933691501617432,0.30663082003593445
Epithelial_cells_7_1_2_2900_500_500/train/cancer/tlung__TGATTTCCATACGCCG_LUNG_T18/vectors,vectors,cancer,0,cancer,0,0.8029228448867798,0.1970771849155426
Epithelial_cells_7_1_2_2900_500_500/train/cancer/tlung__ACATCAGTCCCTCTTT_LUNG_T20/vectors,vectors,cancer,0,cancer,0,0.7543951869010925,0.24560485780239105
Epithelial_cells_7_1_2_2900_500_500/train/cancer/tlung__AAGGCAGTCACCTTAT_LUNG_T19/vectors,vectors,cancer,0,cancer,0,0.7493853569030762,0.2506146728992462
Epithelial_cells_7_1_2_2900_500_500/train/cancer/tlung__GGAAAGCAGCATCATC_LUNG_T30/vectors,vectors,cancer,0,cancer,0,0.7002290487289429,0.2997709810733795
Epithelial_cells_7_1_2_2900_500_500/train/cancer/tlung__CGTTGGGGTATGAATG_LUNG_T20/vectors,vectors,cancer,0,cancer,0,0.7619152069091797,0.23808486759662628
Epithelial_cells_7_1_2_2900_500_500/train/cancer/tlung__AGGCCGTTCGGTTAAC_LUNG_T20/vectors,vectors,cancer,0,cancer,0,0.7704432010650635,0.22955678403377533
Epithelial_cells_7_1_2_2900_500_500/train/cancer/tlung__CGTAGGCAGGGCTTGA_LUNG_T18/vectors,vectors,cancer,0,cancer,0,0.7181746363639832,0.2818254828453064
Epithelial_cells_7_1_2_2900_500_500/train/cancer/tlung__CAGCGACAGCCACGCT_LUNG_T19/vectors,vectors,cancer,0,cancer,0,0.639876663684845,0.36012327671051025
Epithelial_cells_7_1_2_2900_500_500/train/cancer/tlung__AACTTTCCAATCACAC_LUNG_T19/vectors,vectors,cancer,0,cancer,0,0.862308144569397,0.13769181072711945
Epithelial_cells_7_1_2_2900_500_500/train/cancer/tlung__AGTCTTTGTAGAGTGC_LUNG_T19/vectors,vectors,cancer,0,cancer,0,0.8122910857200623,0.1877089887857437
Epithelial_cells_7_1_2_2900_500_500/train/cancer/tlung__GGTATTGAGCTAACTC_LUNG_T18/vectors,vectors,cancer,0,cancer,0,0.792865514755249,0.20713451504707336
Epithelial_cells_7_1_2_2900_500_500/train/cancer/tlung__TTCTACAGTCTTCGTC_LUNG_T06/vectors,vectors,cancer,0,cancer,0,0.7744981646537781,0.2255018949508667
Epithelial_cells_7_1_2_2900_500_500/train/cancer/tlung__CGTAGGCTCGCATGGC_LUNG_T18/vectors,vectors,cancer,0,cancer,0,0.8638517260551453,0.13614831864833832
Epithelial_cells_7_1_2_2900_500_500/train/cancer/tlung__CATATGGGTATAATGG_LUNG_T19/vectors,vectors,cancer,0,cancer,0,0.5980188250541687,0.4019812345504761
Epithelial_cells_7_1_2_2900_500_500/train/cancer/tlung__GCACATAGTCGGCTCA_LUNG_T20/vectors,vectors,cancer,0,cancer,0,0.773430347442627,0.22656966745853424
Epithelial_cells_7_1_2_2900_500_500/train/cancer/tlung__GTCGTAAAGATGGGTC_LUNG_T30/vectors,vectors,cancer,0,cancer,0,0.7732378244400024,0.22676223516464233
Epithelial_cells_7_1_2_2900_500_500/train/cancer/tlung__AGCATACGTCTCCACT_LUNG_T09/vectors,vectors,cancer,0,cancer,0,0.6390324234962463,0.36096757650375366
Epithelial_cells_7_1_2_2900_500_500/train/cancer/tlung__AGTTGGTGTAGCGTAG_LUNG_T18/vectors,vectors,cancer,0,cancer,0,0.73045814037323,0.26954185962677
Epithelial_cells_7_1_2_2900_500_500/train/cancer/tlung__TGGGCGTAGAATGTGT_LUNG_T28/vectors,vectors,cancer,0,cancer,0,0.7065448760986328,0.2934550642967224
Epithelial_cells_7_1_2_2900_500_500/train/cancer/tlung__CTTGGCTCACATGTGT_LUNG_T18/vectors,vectors,cancer,0,cancer,0,0.7824132442474365,0.21758681535720825
Epithelial_cells_7_1_2_2900_500_500/train/cancer/tlung__CACTCCACAATGAATG_LUNG_T20/vectors,vectors,cancer,0,cancer,0,0.7448883652687073,0.2551116347312927
Epithelial_cells_7_1_2_2900_500_500/train/cancer/tlung__CTACATTGTCTTCTCG_LUNG_T18/vectors,vectors,cancer,0,cancer,0,0.8120675683021545,0.18793241679668427
Epithelial_cells_7_1_2_2900_500_500/train/cancer/tlung__AGGCCACAGTGCCATT_LUNG_T20/vectors,vectors,cancer,0,cancer,0,0.8163148164749146,0.18368512392044067
Epithelial_cells_7_1_2_2900_500_500/train/cancer/tlung__GCGAGAATCTCTAAGG_LUNG_T30/vectors,vectors,cancer,0,cancer,0,0.6660353541374207,0.33396461606025696
Epithelial_cells_7_1_2_2900_500_500/train/cancer/tlung__CATTATCAGCGTTGCC_LUNG_T20/vectors,vectors,cancer,0,cancer,0,0.7437500953674316,0.25624993443489075
Epithelial_cells_7_1_2_2900_500_500/train/cancer/tlung__GTAACTGGTCTCATCC_LUNG_T06/vectors,vectors,cancer,0,cancer,0,0.5977546572685242,0.4022453725337982
Epithelial_cells_7_1_2_2900_500_500/train/cancer/tlung__GTCACAATCGCTGATA_LUNG_T18/vectors,vectors,cancer,0,cancer,0,0.735784113407135,0.26421594619750977
Epithelial_cells_7_1_2_2900_500_500/train/cancer/tlung__TCGCGTTGTCAAGCGA_LUNG_T06/vectors,vectors,cancer,0,cancer,0,0.7224045991897583,0.2775953710079193
Epithelial_cells_7_1_2_2900_500_500/train/cancer/tlung__TTCTCAATCTTTAGGG_LUNG_T06/vectors,vectors,cancer,0,cancer,0,0.5218366980552673,0.47816330194473267
Epithelial_cells_7_1_2_2900_500_500/train/cancer/tlung__AAGGAGCTCTGCTGTC_LUNG_T19/vectors,vectors,cancer,0,cancer,0,0.7708747386932373,0.22912532091140747
Epithelial_cells_7_1_2_2900_500_500/train/cancer/tlung__ATGGGAGCACATTCGA_LUNG_T18/vectors,vectors,cancer,0,cancer,0,0.7245293259620667,0.27547070384025574
Epithelial_cells_7_1_2_2900_500_500/train/cancer/tlung__GTACTTTCAGGAACGT_LUNG_T19/vectors,vectors,cancer,0,cancer,0,0.6441411972045898,0.35585886240005493
Epithelial_cells_7_1_2_2900_500_500/train/cancer/tlung__TATGCCCTCATGTAGC_LUNG_T30/vectors,vectors,cancer,0,cancer,0,0.8765419721603394,0.12345807999372482
Epithelial_cells_7_1_2_2900_500_500/train/cancer/tlung__GTATTCTGTCTAAAGA_LUNG_T30/vectors,vectors,cancer,0,cancer,0,0.6830496191978455,0.31695038080215454
Epithelial_cells_7_1_2_2900_500_500/train/cancer/tlung__GCAGCCATCACCTCGT_LUNG_T20/vectors,vectors,cancer,0,cancer,0,0.8866414427757263,0.11335856467485428
Epithelial_cells_7_1_2_2900_500_500/train/cancer/tlung__TATTACCAGTTGTCGT_LUNG_T30/vectors,vectors,cancer,0,cancer,0,0.7049732804298401,0.2950267791748047
Epithelial_cells_7_1_2_2900_500_500/train/cancer/tlung__AACTCTTGTTAAGACA_LUNG_T06/vectors,vectors,cancer,0,cancer,0,0.7011507153511047,0.29884934425354004
Epithelial_cells_7_1_2_2900_500_500/train/cancer/tlung__GCACTCTTCAACGGGA_LUNG_T18/vectors,vectors,cancer,0,cancer,0,0.7775111794471741,0.22248893976211548
Epithelial_cells_7_1_2_2900_500_500/train/cancer/tlung__GCGCAACCAAACTGTC_LUNG_T20/vectors,vectors,cancer,0,cancer,0,0.7718220353126526,0.2281780242919922
Epithelial_cells_7_1_2_2900_500_500/train/cancer/tlung__TCAGATGAGATCCGAG_LUNG_T30/vectors,vectors,cancer,0,cancer,0,0.6154924035072327,0.38450759649276733
Epithelial_cells_7_1_2_2900_500_500/train/cancer/tlung__TTGAACGAGATGTTAG_LUNG_T19/vectors,vectors,cancer,0,cancer,0,0.7516481280326843,0.24835185706615448
Epithelial_cells_7_1_2_2900_500_500/train/cancer/tlung__ACTGTCCGTTCCACTC_LUNG_T20/vectors,vectors,cancer,0,cancer,0,0.8120861649513245,0.18791382014751434
Epithelial_cells_7_1_2_2900_500_500/train/cancer/tlung__AAGGTTCAGTAACCCT_LUNG_T30/vectors,vectors,cancer,0,normal,1,0.44001802802085876,0.5599819421768188
Epithelial_cells_7_1_2_2900_500_500/train/cancer/tlung__GCTGCGAGTAAGGATT_LUNG_T30/vectors,vectors,cancer,0,normal,1,0.4791381061077118,0.5208619236946106
Epithelial_cells_7_1_2_2900_500_500/train/cancer/tlung__CACTCCAAGAGAACAG_LUNG_T20/vectors,vectors,cancer,0,cancer,0,0.9012056589126587,0.09879432618618011
Epithelial_cells_7_1_2_2900_500_500/train/cancer/tlung__ATTACTCCAATGGTCT_LUNG_T30/vectors,vectors,cancer,0,cancer,0,0.7719939351081848,0.22800607979297638
Epithelial_cells_7_1_2_2900_500_500/train/cancer/tlung__GATGCTACAGCTGCAC_LUNG_T06/vectors,vectors,cancer,0,cancer,0,0.8571414351463318,0.14285853505134583
Epithelial_cells_7_1_2_2900_500_500/train/cancer/tlung__GATCGATGTCAATGTC_LUNG_T20/vectors,vectors,cancer,0,cancer,0,0.7489495873451233,0.2510504722595215
Epithelial_cells_7_1_2_2900_500_500/train/cancer/tlung__GCGAGAAAGATGCCAG_LUNG_T18/vectors,vectors,cancer,0,cancer,0,0.7639903426170349,0.2360096275806427
Epithelial_cells_7_1_2_2900_500_500/train/cancer/tlung__CTTAACTCAGTTAACC_LUNG_T09/vectors,vectors,cancer,0,cancer,0,0.7682120203971863,0.23178806900978088
Epithelial_cells_7_1_2_2900_500_500/train/cancer/tlung__AGTGGGAAGGTAGCCA_LUNG_T06/vectors,vectors,cancer,0,cancer,0,0.8814237117767334,0.11857633292675018
Epithelial_cells_7_1_2_2900_500_500/train/cancer/tlung__CAGCCGACACGTTGGC_LUNG_T18/vectors,vectors,cancer,0,cancer,0,0.742888331413269,0.25711169838905334
Epithelial_cells_7_1_2_2900_500_500/train/cancer/tlung__AGAGTGGCAGATGAGC_LUNG_T28/vectors,vectors,cancer,0,cancer,0,0.769816517829895,0.23018349707126617
Epithelial_cells_7_1_2_2900_500_500/train/cancer/tlung__CAGTAACTCGTGTAGT_LUNG_T19/vectors,vectors,cancer,0,cancer,0,0.6766732931137085,0.3233266770839691
Epithelial_cells_7_1_2_2900_500_500/train/cancer/tlung__GGCAATTAGGTCGGAT_LUNG_T28/vectors,vectors,cancer,0,cancer,0,0.7123572826385498,0.2876427471637726
Epithelial_cells_7_1_2_2900_500_500/train/cancer/tlung__CCACGGACACGACTCG_LUNG_T18/vectors,vectors,cancer,0,cancer,0,0.5804412364959717,0.4195587635040283
Epithelial_cells_7_1_2_2900_500_500/train/cancer/tlung__CGTCTACAGTGCGATG_LUNG_T18/vectors,vectors,cancer,0,cancer,0,0.7488117814064026,0.2511882185935974
Epithelial_cells_7_1_2_2900_500_500/train/cancer/tlung__TGGACGCCAACTGCTA_LUNG_T18/vectors,vectors,cancer,0,cancer,0,0.7887459993362427,0.2112540453672409
Epithelial_cells_7_1_2_2900_500_500/train/cancer/tlung__CACCAGGTCCCATTTA_LUNG_T20/vectors,vectors,cancer,0,cancer,0,0.8381174802780151,0.16188256442546844
Epithelial_cells_7_1_2_2900_500_500/train/cancer/tlung__ACAGCTATCCTTCAAT_LUNG_T20/vectors,vectors,cancer,0,cancer,0,0.7887866497039795,0.2112133800983429
Epithelial_cells_7_1_2_2900_500_500/train/cancer/tlung__TGGGAAGCAGGAATCG_LUNG_T20/vectors,vectors,cancer,0,cancer,0,0.8295955657958984,0.17040444910526276
Epithelial_cells_7_1_2_2900_500_500/train/cancer/tlung__CTCGTACTCAGCTCTC_LUNG_T20/vectors,vectors,cancer,0,cancer,0,0.8395203351974487,0.16047972440719604
Epithelial_cells_7_1_2_2900_500_500/train/cancer/tlung__ACACTGATCCTAGTGA_LUNG_T30/vectors,vectors,cancer,0,cancer,0,0.7499580383300781,0.2500419318675995
Epithelial_cells_7_1_2_2900_500_500/train/cancer/tlung__CTAGCCTAGTCAAGGC_LUNG_T28/vectors,vectors,cancer,0,cancer,0,0.789781391620636,0.21021856367588043
Epithelial_cells_7_1_2_2900_500_500/train/cancer/tlung__ACCGTAATCCCGACTT_LUNG_T18/vectors,vectors,cancer,0,cancer,0,0.7761991620063782,0.2238008826971054
Epithelial_cells_7_1_2_2900_500_500/train/cancer/tlung__TACTCATAGAACAATC_LUNG_T30/vectors,vectors,cancer,0,cancer,0,0.6612396240234375,0.3387603759765625
Epithelial_cells_7_1_2_2900_500_500/train/cancer/tlung__CGGACACGTTTCGCTC_LUNG_T20/vectors,vectors,cancer,0,cancer,0,0.8168632984161377,0.18313662707805634
Epithelial_cells_7_1_2_2900_500_500/train/cancer/tlung__AGGTCATCACCGGAAA_LUNG_T30/vectors,vectors,cancer,0,cancer,0,0.7326396107673645,0.2673603296279907
Epithelial_cells_7_1_2_2900_500_500/train/cancer/tlung__GCCTCTAGTAAACCTC_LUNG_T20/vectors,vectors,cancer,0,cancer,0,0.8668245673179626,0.13317550718784332
Epithelial_cells_7_1_2_2900_500_500/train/cancer/tlung__CCTACACCAGTAAGAT_LUNG_T06/vectors,vectors,cancer,0,cancer,0,0.5666780471801758,0.43332192301750183
Epithelial_cells_7_1_2_2900_500_500/train/cancer/tlung__ACATCAGCAGCGTCCA_LUNG_T20/vectors,vectors,cancer,0,cancer,0,0.8034631013870239,0.19653689861297607
Epithelial_cells_7_1_2_2900_500_500/train/cancer/tlung__ACGCCGATCGGAGGTA_LUNG_T30/vectors,vectors,cancer,0,cancer,0,0.7454447150230408,0.25455528497695923
Epithelial_cells_7_1_2_2900_500_500/train/cancer/tlung__ATCCGAACATATGCTG_LUNG_T28/vectors,vectors,cancer,0,cancer,0,0.7187918424606323,0.28120818734169006
Epithelial_cells_7_1_2_2900_500_500/train/cancer/tlung__CGGACGTCAGTGGAGT_LUNG_T09/vectors,vectors,cancer,0,cancer,0,0.7321372032165527,0.2678627669811249
Epithelial_cells_7_1_2_2900_500_500/train/cancer/tlung__GTCAAGTCATGTCTCC_LUNG_T06/vectors,vectors,cancer,0,cancer,0,0.6512717008590698,0.34872832894325256
Epithelial_cells_7_1_2_2900_500_500/train/cancer/tlung__CACACCTCACTGAAGG_LUNG_T30/vectors,vectors,cancer,0,cancer,0,0.7217922210693359,0.2782077491283417
Epithelial_cells_7_1_2_2900_500_500/train/cancer/tlung__ATTGGTGGTATGGTTC_LUNG_T19/vectors,vectors,cancer,0,cancer,0,0.6138154864311218,0.38618457317352295
Epithelial_cells_7_1_2_2900_500_500/train/cancer/tlung__GGACAAGTCCCAACGG_LUNG_T20/vectors,vectors,cancer,0,cancer,0,0.8116574287414551,0.18834266066551208
Epithelial_cells_7_1_2_2900_500_500/train/cancer/tlung__AAATGCCAGCAACGGT_LUNG_T20/vectors,vectors,cancer,0,cancer,0,0.8246561288833618,0.1753438264131546
Epithelial_cells_7_1_2_2900_500_500/train/cancer/tlung__CGAGCCATCCGATATG_LUNG_T19/vectors,vectors,cancer,0,cancer,0,0.7233583927154541,0.2766416668891907
Epithelial_cells_7_1_2_2900_500_500/train/cancer/tlung__AAACCTGTCTAGAGTC_LUNG_T19/vectors,vectors,cancer,0,cancer,0,0.6723585724830627,0.32764139771461487
Epithelial_cells_7_1_2_2900_500_500/train/cancer/tlung__TTCGGTCCACGAGAGT_LUNG_T28/vectors,vectors,cancer,0,cancer,0,0.7149267196655273,0.28507328033447266
Epithelial_cells_7_1_2_2900_500_500/train/cancer/tlung__TCGTAGAAGGGAACGG_LUNG_T06/vectors,vectors,cancer,0,normal,1,0.46912503242492676,0.5308749675750732
Epithelial_cells_7_1_2_2900_500_500/train/cancer/tlung__CTGCCTACATACGCTA_LUNG_T20/vectors,vectors,cancer,0,cancer,0,0.9146916270256042,0.08530836552381516
Epithelial_cells_7_1_2_2900_500_500/train/cancer/tlung__CTCAGAAGTCTTTCAT_LUNG_T18/vectors,vectors,cancer,0,cancer,0,0.8618437647819519,0.13815627992153168
Epithelial_cells_7_1_2_2900_500_500/train/cancer/tlung__GTCGTAAAGTCCTCCT_LUNG_T06/vectors,vectors,cancer,0,cancer,0,0.8169363737106323,0.1830635964870453
Epithelial_cells_7_1_2_2900_500_500/train/cancer/tlung__CCTTCCCAGTTCGCAT_LUNG_T20/vectors,vectors,cancer,0,cancer,0,0.8350299596786499,0.16496999561786652
Epithelial_cells_7_1_2_2900_500_500/train/cancer/tlung__GTCATTTCACGTAAGG_LUNG_T18/vectors,vectors,cancer,0,cancer,0,0.6799495220184326,0.3200504183769226
Epithelial_cells_7_1_2_2900_500_500/train/cancer/tlung__GTGCTTCGTCACCCAG_LUNG_T20/vectors,vectors,cancer,0,cancer,0,0.8540496826171875,0.14595024287700653
Epithelial_cells_7_1_2_2900_500_500/train/cancer/tlung__CGTTGGGAGTGAATTG_LUNG_T30/vectors,vectors,cancer,0,cancer,0,0.7705079317092896,0.22949205338954926
Epithelial_cells_7_1_2_2900_500_500/train/cancer/tlung__GTCACAAAGAGTGAGA_LUNG_T30/vectors,vectors,cancer,0,cancer,0,0.7967277765274048,0.2032722532749176
Epithelial_cells_7_1_2_2900_500_500/train/cancer/tlung__CTTAACTAGAGCTGCA_LUNG_T30/vectors,vectors,cancer,0,cancer,0,0.8635642528533936,0.13643571734428406
Epithelial_cells_7_1_2_2900_500_500/train/cancer/tlung__TACTTGTTCCCTCAGT_LUNG_T18/vectors,vectors,cancer,0,cancer,0,0.712157130241394,0.28784286975860596
Epithelial_cells_7_1_2_2900_500_500/train/cancer/tlung__CAGCTGGTCATCATTC_LUNG_T18/vectors,vectors,cancer,0,cancer,0,0.7827662825584412,0.21723373234272003
Epithelial_cells_7_1_2_2900_500_500/train/cancer/tlung__CCATGTCTCCGTCATC_LUNG_T18/vectors,vectors,cancer,0,cancer,0,0.783429741859436,0.21657022833824158
Epithelial_cells_7_1_2_2900_500_500/train/cancer/tlung__CGTCACTCATTCGACA_LUNG_T28/vectors,vectors,cancer,0,cancer,0,0.9034859538078308,0.0965140089392662
Epithelial_cells_7_1_2_2900_500_500/train/cancer/tlung__TGACTTTGTATTACCG_LUNG_T18/vectors,vectors,cancer,0,cancer,0,0.7564474940299988,0.24355246126651764
Epithelial_cells_7_1_2_2900_500_500/train/cancer/tlung__CAGTCCTAGATGCCAG_LUNG_T18/vectors,vectors,cancer,0,cancer,0,0.8540802001953125,0.1459198147058487
Epithelial_cells_7_1_2_2900_500_500/train/cancer/tlung__CGACCTTAGATGGGTC_LUNG_T06/vectors,vectors,cancer,0,cancer,0,0.6351941823959351,0.3648058772087097
Epithelial_cells_7_1_2_2900_500_500/train/cancer/tlung__TACCTTAAGCCACGTC_LUNG_T30/vectors,vectors,cancer,0,cancer,0,0.6844485998153687,0.31555137038230896
Epithelial_cells_7_1_2_2900_500_500/train/cancer/tlung__TTTACTGTCGGATGGA_LUNG_T19/vectors,vectors,cancer,0,cancer,0,0.7057850360870361,0.29421499371528625
Epithelial_cells_7_1_2_2900_500_500/train/cancer/tlung__CTACACCTCGCCGTGA_LUNG_T28/vectors,vectors,cancer,0,cancer,0,0.8663588762283325,0.13364121317863464
Epithelial_cells_7_1_2_2900_500_500/train/cancer/tlung__TATTACCAGCTGGAAC_LUNG_T30/vectors,vectors,cancer,0,cancer,0,0.7275159358978271,0.27248409390449524
Epithelial_cells_7_1_2_2900_500_500/train/cancer/tlung__GATCGCGGTCAACATC_LUNG_T20/vectors,vectors,cancer,0,cancer,0,0.7527403235435486,0.24725966155529022
Epithelial_cells_7_1_2_2900_500_500/train/cancer/tlung__CAAGGCCCACTTGGAT_LUNG_T30/vectors,vectors,cancer,0,cancer,0,0.822474479675293,0.17752552032470703
Epithelial_cells_7_1_2_2900_500_500/train/cancer/tlung__AGGTCATGTAATCACC_LUNG_T19/vectors,vectors,cancer,0,cancer,0,0.6105405688285828,0.3894594609737396
Epithelial_cells_7_1_2_2900_500_500/train/cancer/tlung__CCCATACTCTTCGGTC_LUNG_T18/vectors,vectors,cancer,0,cancer,0,0.8292156457901001,0.17078442871570587
Epithelial_cells_7_1_2_2900_500_500/train/cancer/tlung__ATCCACCGTGCAGTAG_LUNG_T18/vectors,vectors,cancer,0,cancer,0,0.793105959892273,0.20689406991004944
Epithelial_cells_7_1_2_2900_500_500/train/cancer/tlung__CGGAGCTTCCTTAATC_LUNG_T30/vectors,vectors,cancer,0,cancer,0,0.7346672415733337,0.2653328478336334
Epithelial_cells_7_1_2_2900_500_500/train/cancer/tlung__ACACCGGCATACAGCT_LUNG_T20/vectors,vectors,cancer,0,cancer,0,0.7397515773773193,0.26024842262268066
Epithelial_cells_7_1_2_2900_500_500/train/cancer/tlung__TAAGTGCGTGATGCCC_LUNG_T30/vectors,vectors,cancer,0,cancer,0,0.8295611143112183,0.1704389601945877
Epithelial_cells_7_1_2_2900_500_500/train/cancer/tlung__TGTGGTATCACCAGGC_LUNG_T30/vectors,vectors,cancer,0,cancer,0,0.7416974306106567,0.25830259919166565
Epithelial_cells_7_1_2_2900_500_500/train/cancer/tlung__CAAGGCCTCAACGAAA_LUNG_T18/vectors,vectors,cancer,0,cancer,0,0.9109820127487183,0.0890180841088295
Epithelial_cells_7_1_2_2900_500_500/train/cancer/tlung__CGTAGCGAGCGCTCCA_LUNG_T28/vectors,vectors,cancer,0,cancer,0,0.7422115802764893,0.25778841972351074
Epithelial_cells_7_1_2_2900_500_500/train/cancer/tlung__GTCACAAAGGCATGTG_LUNG_T30/vectors,vectors,cancer,0,cancer,0,0.7226248979568481,0.27737507224082947
Epithelial_cells_7_1_2_2900_500_500/train/cancer/tlung__TGATTTCAGCAATATG_LUNG_T09/vectors,vectors,cancer,0,cancer,0,0.7417675852775574,0.258232444524765
Epithelial_cells_7_1_2_2900_500_500/train/cancer/tlung__TACTTACTCTTGTTTG_LUNG_T18/vectors,vectors,cancer,0,cancer,0,0.7486510276794434,0.25134897232055664
Epithelial_cells_7_1_2_2900_500_500/train/cancer/tlung__GTGCATATCCTAGAAC_LUNG_T20/vectors,vectors,cancer,0,cancer,0,0.7472242116928101,0.25277581810951233
Epithelial_cells_7_1_2_2900_500_500/train/cancer/tlung__GATGCTAAGCAGATCG_LUNG_T18/vectors,vectors,cancer,0,cancer,0,0.7764534950256348,0.22354654967784882
Epithelial_cells_7_1_2_2900_500_500/train/cancer/tlung__CGTTCTGAGCCCAACC_LUNG_T09/vectors,vectors,cancer,0,cancer,0,0.6879445314407349,0.31205543875694275
Epithelial_cells_7_1_2_2900_500_500/train/cancer/tlung__ATTGGTGTCTGTCTAT_LUNG_T20/vectors,vectors,cancer,0,cancer,0,0.5644886493682861,0.43551135063171387
Epithelial_cells_7_1_2_2900_500_500/train/cancer/tlung__CAACTAGAGGCGTACA_LUNG_T18/vectors,vectors,cancer,0,cancer,0,0.8246384859085083,0.17536146938800812
Epithelial_cells_7_1_2_2900_500_500/train/cancer/tlung__CTCAGAATCCCATTTA_LUNG_T09/vectors,vectors,cancer,0,cancer,0,0.6967068314552307,0.3032931089401245
Epithelial_cells_7_1_2_2900_500_500/train/cancer/tlung__ACGATACTCGTTGACA_LUNG_T30/vectors,vectors,cancer,0,cancer,0,0.7798043489456177,0.2201957106590271
Epithelial_cells_7_1_2_2900_500_500/train/cancer/tlung__TGATTTCGTCCGAACC_LUNG_T28/vectors,vectors,cancer,0,cancer,0,0.8497686982154846,0.15023130178451538
Epithelial_cells_7_1_2_2900_500_500/train/cancer/tlung__ACACCAAGTCGCGGTT_LUNG_T09/vectors,vectors,cancer,0,cancer,0,0.7046430706977844,0.2953568994998932
Epithelial_cells_7_1_2_2900_500_500/train/cancer/tlung__CAACTAGCACGAGGTA_LUNG_T28/vectors,vectors,cancer,0,cancer,0,0.7716069221496582,0.2283930778503418
Epithelial_cells_7_1_2_2900_500_500/train/cancer/tlung__GGACATTCATTAACCG_LUNG_T18/vectors,vectors,cancer,0,cancer,0,0.8910312056541443,0.10896874964237213
Epithelial_cells_7_1_2_2900_500_500/train/cancer/tlung__GCACATACACAGACTT_LUNG_T18/vectors,vectors,cancer,0,cancer,0,0.7525812387466431,0.24741874635219574
Epithelial_cells_7_1_2_2900_500_500/train/cancer/tlung__CGAGCACGTCAAAGCG_LUNG_T28/vectors,vectors,cancer,0,cancer,0,0.8387623429298401,0.1612376868724823
Epithelial_cells_7_1_2_2900_500_500/train/cancer/tlung__ATAACGCGTGACTACT_LUNG_T18/vectors,vectors,cancer,0,cancer,0,0.8130529522895813,0.1869470626115799
Epithelial_cells_7_1_2_2900_500_500/train/cancer/tlung__GAGTCCGGTAGCTAAA_LUNG_T19/vectors,vectors,cancer,0,cancer,0,0.6847912669181824,0.3152087330818176
Epithelial_cells_7_1_2_2900_500_500/train/cancer/tlung__AGGGTGACATGTCCTC_LUNG_T18/vectors,vectors,cancer,0,cancer,0,0.7829115986824036,0.2170884758234024
Epithelial_cells_7_1_2_2900_500_500/train/cancer/tlung__TGGTTAGTCCCATTTA_LUNG_T20/vectors,vectors,cancer,0,cancer,0,0.7630205750465393,0.2369794398546219
Epithelial_cells_7_1_2_2900_500_500/train/cancer/tlung__CGCGGTAAGGAGCGTT_LUNG_T20/vectors,vectors,cancer,0,cancer,0,0.5834407210350037,0.41655927896499634
Epithelial_cells_7_1_2_2900_500_500/train/cancer/tlung__CTACACCTCGTACGGC_LUNG_T30/vectors,vectors,cancer,0,cancer,0,0.8431700468063354,0.15682992339134216
Epithelial_cells_7_1_2_2900_500_500/train/cancer/tlung__TACGGGCAGTGCGATG_LUNG_T28/vectors,vectors,cancer,0,cancer,0,0.7965695858001709,0.20343045890331268
Epithelial_cells_7_1_2_2900_500_500/train/cancer/tlung__TATGCCCAGTTCGCGC_LUNG_T20/vectors,vectors,cancer,0,cancer,0,0.7479382753372192,0.25206172466278076
Epithelial_cells_7_1_2_2900_500_500/train/cancer/tlung__TGGACGCGTAAGGGCT_LUNG_T18/vectors,vectors,cancer,0,cancer,0,0.7654180526733398,0.23458193242549896
Epithelial_cells_7_1_2_2900_500_500/train/cancer/tlung__TCACAAGGTTGCTCCT_LUNG_T20/vectors,vectors,cancer,0,cancer,0,0.8722657561302185,0.1277342140674591
Epithelial_cells_7_1_2_2900_500_500/train/cancer/tlung__CTCCTAGAGTCACGCC_LUNG_T28/vectors,vectors,cancer,0,cancer,0,0.7405263185501099,0.25947365164756775
Epithelial_cells_7_1_2_2900_500_500/train/cancer/tlung__ACAGCCGAGAATCTCC_LUNG_T20/vectors,vectors,cancer,0,cancer,0,0.7263285517692566,0.2736714482307434
Epithelial_cells_7_1_2_2900_500_500/train/cancer/tlung__GCTGCTTTCCGAGCCA_LUNG_T28/vectors,vectors,cancer,0,cancer,0,0.7006644010543823,0.2993355393409729
Epithelial_cells_7_1_2_2900_500_500/train/cancer/tlung__CCAATCCCACTGAAGG_LUNG_T20/vectors,vectors,cancer,0,cancer,0,0.793586254119873,0.20641371607780457
Epithelial_cells_7_1_2_2900_500_500/train/cancer/tlung__CAGCCGATCACAACGT_LUNG_T18/vectors,vectors,cancer,0,cancer,0,0.9103562831878662,0.089643694460392
Epithelial_cells_7_1_2_2900_500_500/train/cancer/tlung__ACTATCTTCCCTAATT_LUNG_T06/vectors,vectors,cancer,0,cancer,0,0.6356183290481567,0.36438167095184326
Epithelial_cells_7_1_2_2900_500_500/train/cancer/tlung__CACACAATCTGATACG_LUNG_T28/vectors,vectors,cancer,0,cancer,0,0.8830344080924988,0.11696559190750122
Epithelial_cells_7_1_2_2900_500_500/train/cancer/tlung__CGGGTCAAGTCTTGCA_LUNG_T18/vectors,vectors,cancer,0,cancer,0,0.7711979746818542,0.22880205512046814
Epithelial_cells_7_1_2_2900_500_500/train/cancer/tlung__GGGTCTGGTTATTCTC_LUNG_T18/vectors,vectors,cancer,0,cancer,0,0.7553889751434326,0.24461103975772858
Epithelial_cells_7_1_2_2900_500_500/train/cancer/tlung__ACGAGCCGTTAGAACA_LUNG_T20/vectors,vectors,cancer,0,cancer,0,0.8050197958946228,0.1949802190065384
Epithelial_cells_7_1_2_2900_500_500/train/cancer/tlung__CGTTAGAAGAACAACT_LUNG_T30/vectors,vectors,cancer,0,cancer,0,0.7635499238967896,0.23645012080669403
Epithelial_cells_7_1_2_2900_500_500/train/cancer/tlung__CCAGCGAAGGTGACCA_LUNG_T18/vectors,vectors,cancer,0,cancer,0,0.848784327507019,0.15121571719646454
Epithelial_cells_7_1_2_2900_500_500/train/cancer/tlung__TTGCCGTAGATAGGAG_LUNG_T18/vectors,vectors,cancer,0,cancer,0,0.8330361247062683,0.1669638454914093
Epithelial_cells_7_1_2_2900_500_500/train/cancer/tlung__TTGGCAACACTCTGTC_LUNG_T28/vectors,vectors,cancer,0,cancer,0,0.7907727956771851,0.20922723412513733
Epithelial_cells_7_1_2_2900_500_500/train/cancer/tlung__TTAGTTCAGAAGGTTT_LUNG_T20/vectors,vectors,cancer,0,cancer,0,0.7771307229995728,0.22286923229694366
Epithelial_cells_7_1_2_2900_500_500/train/cancer/tlung__TGGGAAGCAATCACAC_LUNG_T30/vectors,vectors,cancer,0,cancer,0,0.6189531683921814,0.3810468018054962
Epithelial_cells_7_1_2_2900_500_500/train/cancer/tlung__TGGCTGGCAGGGCATA_LUNG_T19/vectors,vectors,cancer,0,cancer,0,0.731730043888092,0.26826995611190796
Epithelial_cells_7_1_2_2900_500_500/train/cancer/tlung__TACTTACCATTGGTAC_LUNG_T28/vectors,vectors,cancer,0,cancer,0,0.8124398589134216,0.18756014108657837
Epithelial_cells_7_1_2_2900_500_500/train/cancer/tlung__AGCCTAAAGTTACCCA_LUNG_T09/vectors,vectors,cancer,0,cancer,0,0.650328516960144,0.34967148303985596
Epithelial_cells_7_1_2_2900_500_500/train/cancer/tlung__TTTACTGAGTGCGTGA_LUNG_T18/vectors,vectors,cancer,0,cancer,0,0.8322026133537292,0.16779744625091553
Epithelial_cells_7_1_2_2900_500_500/train/cancer/tlung__TGAGGGAAGGATGCGT_LUNG_T06/vectors,vectors,cancer,0,cancer,0,0.8095207810401917,0.19047918915748596
Epithelial_cells_7_1_2_2900_500_500/train/cancer/tlung__GACTAACCAAGTTGTC_LUNG_T28/vectors,vectors,cancer,0,cancer,0,0.8148643970489502,0.18513554334640503
Epithelial_cells_7_1_2_2900_500_500/train/cancer/tlung__CCTATTACAAAGAATC_LUNG_T28/vectors,vectors,cancer,0,cancer,0,0.8002826571464539,0.19971740245819092
Epithelial_cells_7_1_2_2900_500_500/train/cancer/tlung__CGAACATTCTTGTATC_LUNG_T06/vectors,vectors,cancer,0,cancer,0,0.8556552529335022,0.1443447321653366
Epithelial_cells_7_1_2_2900_500_500/train/cancer/tlung__ACAGCTACAGATGGGT_LUNG_T30/vectors,vectors,cancer,0,cancer,0,0.8124956488609314,0.1875043362379074
Epithelial_cells_7_1_2_2900_500_500/train/cancer/tlung__ATCTGCCTCACATGCA_LUNG_T20/vectors,vectors,cancer,0,cancer,0,0.6743186712265015,0.3256813883781433
Epithelial_cells_7_1_2_2900_500_500/train/cancer/tlung__TTGCGTCGTTTCCACC_LUNG_T28/vectors,vectors,cancer,0,cancer,0,0.6383281946182251,0.3616718053817749
Epithelial_cells_7_1_2_2900_500_500/train/cancer/tlung__AACTCCCCATTAACCG_LUNG_T20/vectors,vectors,cancer,0,cancer,0,0.8662316203117371,0.13376842439174652
Epithelial_cells_7_1_2_2900_500_500/train/cancer/tlung__GTCGTAATCCAAGTAC_LUNG_T28/vectors,vectors,cancer,0,cancer,0,0.7957374453544617,0.20426252484321594
Epithelial_cells_7_1_2_2900_500_500/train/cancer/tlung__ACCCACTGTACTTGAC_LUNG_T18/vectors,vectors,cancer,0,cancer,0,0.7143043279647827,0.2856956720352173
Epithelial_cells_7_1_2_2900_500_500/train/cancer/tlung__ATCTACTTCAGTGCAT_LUNG_T20/vectors,vectors,cancer,0,cancer,0,0.7795526385307312,0.2204473316669464
Epithelial_cells_7_1_2_2900_500_500/train/cancer/tlung__ACACCGGAGCTGTTCA_LUNG_T06/vectors,vectors,cancer,0,cancer,0,0.812960147857666,0.18703985214233398
Epithelial_cells_7_1_2_2900_500_500/train/cancer/tlung__CACAGTATCAGCCTAA_LUNG_T20/vectors,vectors,cancer,0,cancer,0,0.861056923866272,0.13894301652908325
Epithelial_cells_7_1_2_2900_500_500/train/cancer/tlung__GACTACACAAGCGCTC_LUNG_T06/vectors,vectors,cancer,0,cancer,0,0.8306284546852112,0.16937151551246643
Epithelial_cells_7_1_2_2900_500_500/train/cancer/tlung__ATAACGCCACATTCGA_LUNG_T20/vectors,vectors,cancer,0,cancer,0,0.6617316603660583,0.33826836943626404
Epithelial_cells_7_1_2_2900_500_500/train/cancer/tlung__AAGACCTGTCAGAAGC_LUNG_T18/vectors,vectors,cancer,0,cancer,0,0.8014507293701172,0.19854936003684998
Epithelial_cells_7_1_2_2900_500_500/train/cancer/tlung__ACGGAGAGTAAGGGCT_LUNG_T30/vectors,vectors,cancer,0,cancer,0,0.861246645450592,0.1387532651424408
Epithelial_cells_7_1_2_2900_500_500/train/cancer/tlung__GGTGCGTTCACCATAG_LUNG_T20/vectors,vectors,cancer,0,cancer,0,0.8545207977294922,0.1454792022705078
Epithelial_cells_7_1_2_2900_500_500/train/cancer/tlung__AGAGCTTTCATACGGT_LUNG_T18/vectors,vectors,cancer,0,cancer,0,0.7283378839492798,0.2716620862483978
Epithelial_cells_7_1_2_2900_500_500/train/cancer/tlung__TCAGGTACATTCCTGC_LUNG_T20/vectors,vectors,cancer,0,cancer,0,0.8281238079071045,0.17187626659870148
Epithelial_cells_7_1_2_2900_500_500/train/cancer/tlung__CCACCTACATGGATGG_LUNG_T09/vectors,vectors,cancer,0,cancer,0,0.6748278141021729,0.32517221570014954
Epithelial_cells_7_1_2_2900_500_500/train/cancer/tlung__ATTATCCGTTTGGGCC_LUNG_T19/vectors,vectors,cancer,0,cancer,0,0.6390887498855591,0.3609112799167633
Epithelial_cells_7_1_2_2900_500_500/train/cancer/tlung__AACCGCGAGACAGAGA_LUNG_T06/vectors,vectors,cancer,0,cancer,0,0.7017641663551331,0.29823580384254456
Epithelial_cells_7_1_2_2900_500_500/train/cancer/tlung__CATGACAGTATTCGTG_LUNG_T30/vectors,vectors,cancer,0,cancer,0,0.7905303239822388,0.20946969091892242
Epithelial_cells_7_1_2_2900_500_500/train/cancer/tlung__TGGGAAGGTTCAGTAC_LUNG_T20/vectors,vectors,cancer,0,cancer,0,0.7867252230644226,0.2132747322320938
Epithelial_cells_7_1_2_2900_500_500/train/cancer/tlung__CAGCAGCGTCTTCGTC_LUNG_T30/vectors,vectors,cancer,0,cancer,0,0.8914691209793091,0.10853098332881927
Epithelial_cells_7_1_2_2900_500_500/train/cancer/tlung__ATAGACCTCTACCAGA_LUNG_T18/vectors,vectors,cancer,0,cancer,0,0.8250794410705566,0.17492060363292694
Epithelial_cells_7_1_2_2900_500_500/train/cancer/tlung__GTATTCTAGTGCCAGA_LUNG_T18/vectors,vectors,cancer,0,cancer,0,0.8218677043914795,0.1781323403120041
Epithelial_cells_7_1_2_2900_500_500/train/cancer/tlung__ACTGTCCAGAAGATTC_LUNG_T19/vectors,vectors,cancer,0,cancer,0,0.862959086894989,0.1370408982038498
Epithelial_cells_7_1_2_2900_500_500/train/cancer/tlung__TGAGAGGTCATACGGT_LUNG_T30/vectors,vectors,cancer,0,cancer,0,0.75837641954422,0.24162358045578003
Epithelial_cells_7_1_2_2900_500_500/train/cancer/tlung__AGCCTAACACGGACAA_LUNG_T18/vectors,vectors,cancer,0,cancer,0,0.7129322290420532,0.28706780076026917
Epithelial_cells_7_1_2_2900_500_500/train/cancer/tlung__AAGTCTGTCCTTGCCA_LUNG_T30/vectors,vectors,cancer,0,cancer,0,0.8099345564842224,0.1900654435157776
Epithelial_cells_7_1_2_2900_500_500/train/cancer/tlung__GCACTCTAGCCGCCTA_LUNG_T20/vectors,vectors,cancer,0,cancer,0,0.7915996313095093,0.20840033888816833
Epithelial_cells_7_1_2_2900_500_500/train/cancer/tlung__TGAGGGATCTTAGAGC_LUNG_T18/vectors,vectors,cancer,0,cancer,0,0.8658208250999451,0.13417917490005493
Epithelial_cells_7_1_2_2900_500_500/train/cancer/tlung__AACACGTGTGTTTGGT_LUNG_T18/vectors,vectors,cancer,0,cancer,0,0.7386455535888672,0.2613544762134552
Epithelial_cells_7_1_2_2900_500_500/train/cancer/tlung__GCGCAACCATGGTCAT_LUNG_T28/vectors,vectors,cancer,0,cancer,0,0.6546187996864319,0.3453812003135681
Epithelial_cells_7_1_2_2900_500_500/train/cancer/tlung__GAACATCTCACTTACT_LUNG_T28/vectors,vectors,cancer,0,cancer,0,0.8300093412399292,0.1699906587600708
Epithelial_cells_7_1_2_2900_500_500/train/cancer/tlung__ATCACGAAGCCTTGAT_LUNG_T28/vectors,vectors,cancer,0,cancer,0,0.769989550113678,0.2300105094909668
Epithelial_cells_7_1_2_2900_500_500/train/cancer/tlung__GTTAAGCGTCCGAACC_LUNG_T19/vectors,vectors,cancer,0,cancer,0,0.6570984721183777,0.3429014980792999
Epithelial_cells_7_1_2_2900_500_500/train/cancer/tlung__ACGGAGATCAACGAAA_LUNG_T06/vectors,vectors,cancer,0,cancer,0,0.7262071967124939,0.27379274368286133
Epithelial_cells_7_1_2_2900_500_500/train/cancer/tlung__GCGAGAACACGGTGTC_LUNG_T20/vectors,vectors,cancer,0,cancer,0,0.8095772862434387,0.19042275846004486
Epithelial_cells_7_1_2_2900_500_500/train/cancer/tlung__CTGGTCTAGGCACATG_LUNG_T06/vectors,vectors,cancer,0,cancer,0,0.6687450408935547,0.3312549293041229
Epithelial_cells_7_1_2_2900_500_500/train/cancer/tlung__CTACGTCTCTGTACGA_LUNG_T06/vectors,vectors,cancer,0,cancer,0,0.6350809931755066,0.36491894721984863
Epithelial_cells_7_1_2_2900_500_500/train/cancer/tlung__ACCAGTACACGAAACG_LUNG_T20/vectors,vectors,cancer,0,cancer,0,0.8427823185920715,0.15721771121025085
Epithelial_cells_7_1_2_2900_500_500/train/cancer/tlung__TGGTTAGCACCCATGG_LUNG_T30/vectors,vectors,cancer,0,cancer,0,0.766359269618988,0.23364078998565674
Epithelial_cells_7_1_2_2900_500_500/train/cancer/tlung__TGTGGTACAGCCAATT_LUNG_T30/vectors,vectors,cancer,0,cancer,0,0.8304910659790039,0.1695089489221573
Epithelial_cells_7_1_2_2900_500_500/train/cancer/tlung__CATGGCGCATGGGAAC_LUNG_T09/vectors,vectors,cancer,0,cancer,0,0.6433852910995483,0.3566146790981293
Epithelial_cells_7_1_2_2900_500_500/train/cancer/tlung__CGTAGCGGTTGCCTCT_LUNG_T09/vectors,vectors,cancer,0,cancer,0,0.6913671493530273,0.30863288044929504
Epithelial_cells_7_1_2_2900_500_500/train/cancer/tlung__CGATGTATCACGGTTA_LUNG_T30/vectors,vectors,cancer,0,cancer,0,0.7179769277572632,0.2820231318473816
Epithelial_cells_7_1_2_2900_500_500/train/cancer/tlung__CGTCACTAGAAGATTC_LUNG_T06/vectors,vectors,cancer,0,cancer,0,0.7519670724868774,0.24803295731544495
Epithelial_cells_7_1_2_2900_500_500/train/cancer/tlung__GCAAACTTCGTGTAGT_LUNG_T30/vectors,vectors,cancer,0,cancer,0,0.755073070526123,0.24492695927619934
Epithelial_cells_7_1_2_2900_500_500/train/cancer/tlung__TTAACTCAGCGTCAAG_LUNG_T06/vectors,vectors,cancer,0,cancer,0,0.7870118618011475,0.21298813819885254
Epithelial_cells_7_1_2_2900_500_500/train/cancer/tlung__CTTAACTGTCTAGTGT_LUNG_T19/vectors,vectors,cancer,0,cancer,0,0.6454551815986633,0.35454481840133667
Epithelial_cells_7_1_2_2900_500_500/train/cancer/tlung__ACGAGGAGTTTAGGAA_LUNG_T18/vectors,vectors,cancer,0,cancer,0,0.803520917892456,0.19647908210754395
Epithelial_cells_7_1_2_2900_500_500/train/cancer/tlung__CCACCTAGTAGTAGTA_LUNG_T19/vectors,vectors,cancer,0,normal,1,0.3694857060909271,0.6305142641067505
Epithelial_cells_7_1_2_2900_500_500/train/cancer/tlung__AGCGTATAGAGTCTGG_LUNG_T20/vectors,vectors,cancer,0,cancer,0,0.8365545868873596,0.16344545781612396
Epithelial_cells_7_1_2_2900_500_500/train/cancer/tlung__CATGCCTCATCACGAT_LUNG_T06/vectors,vectors,cancer,0,cancer,0,0.8436859250068665,0.15631406009197235
Epithelial_cells_7_1_2_2900_500_500/train/cancer/tlung__TAGCCGGAGTTGTCGT_LUNG_T18/vectors,vectors,cancer,0,cancer,0,0.8705560564994812,0.12944398820400238
Epithelial_cells_7_1_2_2900_500_500/train/cancer/tlung__GGGATGACAATAACGA_LUNG_T30/vectors,vectors,cancer,0,cancer,0,0.7590914964675903,0.24090851843357086
Epithelial_cells_7_1_2_2900_500_500/train/cancer/tlung__CGTCTACCACGAAAGC_LUNG_T06/vectors,vectors,cancer,0,cancer,0,0.8193338513374329,0.18066616356372833
Epithelial_cells_7_1_2_2900_500_500/train/cancer/tlung__CGACCTTAGGTCATCT_LUNG_T06/vectors,vectors,cancer,0,cancer,0,0.5861971378326416,0.413802832365036
Epithelial_cells_7_1_2_2900_500_500/train/cancer/tlung__ACGAGGAAGACTAAGT_LUNG_T20/vectors,vectors,cancer,0,cancer,0,0.7933862209320068,0.20661374926567078
Epithelial_cells_7_1_2_2900_500_500/train/cancer/tlung__TCAGATGCAGTGACAG_LUNG_T18/vectors,vectors,cancer,0,cancer,0,0.6543979644775391,0.34560203552246094
Epithelial_cells_7_1_2_2900_500_500/train/cancer/tlung__TACGGGCTCGCCTGAG_LUNG_T18/vectors,vectors,cancer,0,cancer,0,0.795042097568512,0.20495784282684326
Epithelial_cells_7_1_2_2900_500_500/train/cancer/tlung__AGTTGGTAGAATGTGT_LUNG_T20/vectors,vectors,cancer,0,cancer,0,0.7865613698959351,0.21343865990638733
Epithelial_cells_7_1_2_2900_500_500/train/cancer/tlung__GTATCTTAGTCAAGGC_LUNG_T19/vectors,vectors,cancer,0,cancer,0,0.5462540984153748,0.45374596118927
Epithelial_cells_7_1_2_2900_500_500/train/cancer/tlung__CCTTACGGTTTGTTTC_LUNG_T28/vectors,vectors,cancer,0,cancer,0,0.79105544090271,0.20894460380077362
Epithelial_cells_7_1_2_2900_500_500/train/cancer/tlung__CCAGCGAAGACGCTTT_LUNG_T20/vectors,vectors,cancer,0,cancer,0,0.5481293201446533,0.4518706798553467
Epithelial_cells_7_1_2_2900_500_500/train/cancer/tlung__AAATGCCTCTGCAGTA_LUNG_T30/vectors,vectors,cancer,0,cancer,0,0.7312985062599182,0.2687014937400818
Epithelial_cells_7_1_2_2900_500_500/train/cancer/tlung__TTTATGCTCAAGCCTA_LUNG_T28/vectors,vectors,cancer,0,cancer,0,0.7185450792312622,0.28145501017570496
Epithelial_cells_7_1_2_2900_500_500/train/cancer/tlung__CAGAATCGTTTGCATG_LUNG_T18/vectors,vectors,cancer,0,cancer,0,0.7266923189163208,0.2733076214790344
Epithelial_cells_7_1_2_2900_500_500/train/cancer/tlung__CCCAGTTCATTCCTCG_LUNG_T19/vectors,vectors,cancer,0,cancer,0,0.7524903416633606,0.2475096881389618
Epithelial_cells_7_1_2_2900_500_500/train/cancer/tlung__TATGCCCAGCCGGTAA_LUNG_T20/vectors,vectors,cancer,0,cancer,0,0.7534893155097961,0.24651068449020386
Epithelial_cells_7_1_2_2900_500_500/train/cancer/tlung__CTGTTTACAATACGCT_LUNG_T30/vectors,vectors,cancer,0,cancer,0,0.714652955532074,0.2853470742702484
Epithelial_cells_7_1_2_2900_500_500/train/cancer/tlung__TTGGAACGTAAGTGTA_LUNG_T18/vectors,vectors,cancer,0,cancer,0,0.7750945091247559,0.22490550577640533
Epithelial_cells_7_1_2_2900_500_500/train/cancer/tlung__CATCCACTCTTGTTTG_LUNG_T28/vectors,vectors,cancer,0,cancer,0,0.8452411890029907,0.15475885570049286
Epithelial_cells_7_1_2_2900_500_500/train/cancer/tlung__AGCTCCTGTTTCCACC_LUNG_T06/vectors,vectors,cancer,0,cancer,0,0.6876562237739563,0.3123437464237213
Epithelial_cells_7_1_2_2900_500_500/train/cancer/tlung__CATTCGCAGTAGATGT_LUNG_T19/vectors,vectors,cancer,0,cancer,0,0.7279996275901794,0.27200040221214294
Epithelial_cells_7_1_2_2900_500_500/train/cancer/tlung__GTAGTCACATCCTAGA_LUNG_T18/vectors,vectors,cancer,0,cancer,0,0.7793849110603333,0.2206152081489563
Epithelial_cells_7_1_2_2900_500_500/train/cancer/tlung__TTATGCTCAGGCGATA_LUNG_T19/vectors,vectors,cancer,0,cancer,0,0.7470858097076416,0.252914160490036
Epithelial_cells_7_1_2_2900_500_500/train/cancer/tlung__TACTCATCACTCTGTC_LUNG_T19/vectors,vectors,cancer,0,cancer,0,0.7568970322608948,0.24310295283794403
Epithelial_cells_7_1_2_2900_500_500/train/cancer/tlung__TTCTTAGTCACAGTAC_LUNG_T19/vectors,vectors,cancer,0,cancer,0,0.6118459105491638,0.3881540596485138
Epithelial_cells_7_1_2_2900_500_500/train/cancer/tlung__CCGTGGACAAGACACG_LUNG_T28/vectors,vectors,cancer,0,cancer,0,0.9366698265075684,0.06333012133836746
Epithelial_cells_7_1_2_2900_500_500/train/cancer/tlung__TTCTCCTCATGCGCAC_LUNG_T18/vectors,vectors,cancer,0,cancer,0,0.8493005633354187,0.1506994068622589
Epithelial_cells_7_1_2_2900_500_500/train/cancer/tlung__CCCAGTTGTATGGTTC_LUNG_T20/vectors,vectors,cancer,0,cancer,0,0.7710902094841003,0.22890974581241608
Epithelial_cells_7_1_2_2900_500_500/train/cancer/tlung__GAGGTGAGTTGTACAC_LUNG_T18/vectors,vectors,cancer,0,cancer,0,0.8229018449783325,0.1770981401205063
Epithelial_cells_7_1_2_2900_500_500/train/cancer/tlung__GGACATTGTCTGATCA_LUNG_T20/vectors,vectors,cancer,0,cancer,0,0.8229196667671204,0.17708036303520203
Epithelial_cells_7_1_2_2900_500_500/train/cancer/tlung__CTGCGGAGTAAGGGAA_LUNG_T28/vectors,vectors,cancer,0,cancer,0,0.6462090611457825,0.35379093885421753
Epithelial_cells_7_1_2_2900_500_500/train/cancer/tlung__CAACCAAAGTCCTCCT_LUNG_T28/vectors,vectors,cancer,0,cancer,0,0.8483293652534485,0.1516706347465515
Epithelial_cells_7_1_2_2900_500_500/train/cancer/tlung__ACATGGTCATGGTTGT_LUNG_T20/vectors,vectors,cancer,0,cancer,0,0.8281238079071045,0.17187626659870148
Epithelial_cells_7_1_2_2900_500_500/train/cancer/tlung__TTCTCAAAGATATACG_LUNG_T20/vectors,vectors,cancer,0,cancer,0,0.6689613461494446,0.33103862404823303
Epithelial_cells_7_1_2_2900_500_500/train/cancer/tlung__ATCCACCTCCTCCTAG_LUNG_T30/vectors,vectors,cancer,0,cancer,0,0.7382447123527527,0.2617553174495697
Epithelial_cells_7_1_2_2900_500_500/train/cancer/tlung__CGTGAGCCACAACTGT_LUNG_T28/vectors,vectors,cancer,0,cancer,0,0.7528766393661499,0.24712339043617249
Epithelial_cells_7_1_2_2900_500_500/train/cancer/tlung__GAACCTATCTTCGGTC_LUNG_T20/vectors,vectors,cancer,0,cancer,0,0.7926649451255798,0.20733506977558136
Epithelial_cells_7_1_2_2900_500_500/train/cancer/tlung__TCTTTCCAGTGTTGAA_LUNG_T09/vectors,vectors,cancer,0,cancer,0,0.7082630395889282,0.29173699021339417
Epithelial_cells_7_1_2_2900_500_500/train/cancer/tlung__GCTGCAGAGTTGTAGA_LUNG_T30/vectors,vectors,cancer,0,cancer,0,0.8066813349723816,0.19331863522529602
Epithelial_cells_7_1_2_2900_500_500/train/cancer/tlung__CCTACACGTGACGGTA_LUNG_T28/vectors,vectors,cancer,0,cancer,0,0.7146778106689453,0.2853221595287323
Epithelial_cells_7_1_2_2900_500_500/train/cancer/tlung__TCACAAGTCTTGTCAT_LUNG_T28/vectors,vectors,cancer,0,cancer,0,0.7827869653701782,0.217212975025177
Epithelial_cells_7_1_2_2900_500_500/train/cancer/tlung__TCGCGTTTCAACACTG_LUNG_T06/vectors,vectors,cancer,0,normal,1,0.3894885182380676,0.6105115413665771
Epithelial_cells_7_1_2_2900_500_500/train/cancer/tlung__CGGGTCATCGTCGTTC_LUNG_T28/vectors,vectors,cancer,0,cancer,0,0.8437503576278687,0.15624968707561493
Epithelial_cells_7_1_2_2900_500_500/train/cancer/tlung__CACTCCAAGTGGCACA_LUNG_T18/vectors,vectors,cancer,0,cancer,0,0.8394380211830139,0.1605619639158249
Epithelial_cells_7_1_2_2900_500_500/train/cancer/tlung__TACTCGCGTTCACGGC_LUNG_T09/vectors,vectors,cancer,0,cancer,0,0.621856689453125,0.3781432509422302
Epithelial_cells_7_1_2_2900_500_500/train/cancer/tlung__AGTGAGGGTGCGATAG_LUNG_T30/vectors,vectors,cancer,0,cancer,0,0.6696098446846008,0.33039015531539917
Epithelial_cells_7_1_2_2900_500_500/train/cancer/tlung__CGGACTGGTCTGGTCG_LUNG_T19/vectors,vectors,cancer,0,cancer,0,0.5158028602600098,0.484197199344635
Epithelial_cells_7_1_2_2900_500_500/train/cancer/tlung__CAAGGCCAGGTGATTA_LUNG_T28/vectors,vectors,cancer,0,cancer,0,0.8676117658615112,0.13238832354545593
Epithelial_cells_7_1_2_2900_500_500/train/cancer/tlung__CTTGGCTAGGTACTCT_LUNG_T18/vectors,vectors,cancer,0,cancer,0,0.7836782336235046,0.21632181107997894
Epithelial_cells_7_1_2_2900_500_500/train/cancer/tlung__GACGTGCAGCGACGTA_LUNG_T30/vectors,vectors,cancer,0,normal,1,0.48837488889694214,0.5116251111030579
Epithelial_cells_7_1_2_2900_500_500/train/cancer/tlung__TCAGATGCACGTCAGC_LUNG_T18/vectors,vectors,cancer,0,cancer,0,0.8820093274116516,0.11799071729183197
Epithelial_cells_7_1_2_2900_500_500/train/cancer/tlung__CTAGTGACAGACAAAT_LUNG_T30/vectors,vectors,cancer,0,normal,1,0.38647398352622986,0.6135261058807373
Epithelial_cells_7_1_2_2900_500_500/train/cancer/tlung__CATTATCCACGGACAA_LUNG_T30/vectors,vectors,cancer,0,cancer,0,0.7480072975158691,0.25199267268180847
Epithelial_cells_7_1_2_2900_500_500/train/cancer/tlung__GTCTCGTGTAGAAAGG_LUNG_T20/vectors,vectors,cancer,0,cancer,0,0.8050006628036499,0.19499936699867249
Epithelial_cells_7_1_2_2900_500_500/train/cancer/tlung__CAGCAGCAGCCGTCGT_LUNG_T19/vectors,vectors,cancer,0,cancer,0,0.7066461443901062,0.2933538556098938
Epithelial_cells_7_1_2_2900_500_500/train/cancer/tlung__GTGGGTCTCTTAGAGC_LUNG_T09/vectors,vectors,cancer,0,cancer,0,0.7193097472190857,0.2806902825832367
Epithelial_cells_7_1_2_2900_500_500/train/cancer/tlung__TGGACGCGTTGTCTTT_LUNG_T09/vectors,vectors,cancer,0,cancer,0,0.6839474439620972,0.31605252623558044
Epithelial_cells_7_1_2_2900_500_500/train/cancer/tlung__CAGTAACCATTACGAC_LUNG_T20/vectors,vectors,cancer,0,cancer,0,0.8124398589134216,0.18756014108657837
Epithelial_cells_7_1_2_2900_500_500/train/cancer/tlung__CTGTGCTCATTAGGCT_LUNG_T30/vectors,vectors,cancer,0,cancer,0,0.7554566264152527,0.24454335868358612
Epithelial_cells_7_1_2_2900_500_500/train/cancer/tlung__GTACTTTTCCACTCCA_LUNG_T28/vectors,vectors,cancer,0,cancer,0,0.8933676481246948,0.10663243383169174
Epithelial_cells_7_1_2_2900_500_500/train/cancer/tlung__TATGCCCAGACTGTAA_LUNG_T18/vectors,vectors,cancer,0,cancer,0,0.8100472688674927,0.18995271623134613
Epithelial_cells_7_1_2_2900_500_500/train/cancer/tlung__TCATTTGCATCCGTGG_LUNG_T30/vectors,vectors,cancer,0,cancer,0,0.5152540802955627,0.48474594950675964
Epithelial_cells_7_1_2_2900_500_500/train/cancer/tlung__CATCAGAGTGCTGTAT_LUNG_T18/vectors,vectors,cancer,0,cancer,0,0.6432732939720154,0.3567267656326294
Epithelial_cells_7_1_2_2900_500_500/train/cancer/tlung__ATTGGTGTCGCGCCAA_LUNG_T19/vectors,vectors,cancer,0,cancer,0,0.7049224376678467,0.29507753252983093
Epithelial_cells_7_1_2_2900_500_500/train/cancer/tlung__CGATGGCAGGAGTCTG_LUNG_T28/vectors,vectors,cancer,0,cancer,0,0.8812959790229797,0.11870396137237549
Epithelial_cells_7_1_2_2900_500_500/train/cancer/tlung__ATCATCTCAACCGCCA_LUNG_T28/vectors,vectors,cancer,0,cancer,0,0.8553836941719055,0.14461633563041687
Epithelial_cells_7_1_2_2900_500_500/train/cancer/tlung__ACCGTAAAGCTAAACA_LUNG_T09/vectors,vectors,cancer,0,normal,1,0.485111802816391,0.5148881673812866
Epithelial_cells_7_1_2_2900_500_500/train/cancer/tlung__ACGAGGATCAACGGGA_LUNG_T28/vectors,vectors,cancer,0,cancer,0,0.7588905096054077,0.2411094754934311
Epithelial_cells_7_1_2_2900_500_500/train/cancer/tlung__CGTCAGGCAAGAAGAG_LUNG_T09/vectors,vectors,cancer,0,normal,1,0.41513592004776,0.5848640203475952
Epithelial_cells_7_1_2_2900_500_500/train/cancer/tlung__AGGCCACCACTGAAGG_LUNG_T09/vectors,vectors,cancer,0,cancer,0,0.7366374731063843,0.26336249709129333
Epithelial_cells_7_1_2_2900_500_500/train/cancer/tlung__ATGTGTGTCCACGTTC_LUNG_T28/vectors,vectors,cancer,0,cancer,0,0.9064049124717712,0.09359511733055115
Epithelial_cells_7_1_2_2900_500_500/train/cancer/tlung__TGGACGCCAAGCGAGT_LUNG_T30/vectors,vectors,cancer,0,normal,1,0.39925524592399597,0.6007448434829712
Epithelial_cells_7_1_2_2900_500_500/train/cancer/tlung__ATCCGAACACCGTTGG_LUNG_T20/vectors,vectors,cancer,0,cancer,0,0.7154737114906311,0.2845262885093689
Epithelial_cells_7_1_2_2900_500_500/train/cancer/tlung__GCTGCAGGTGGCTCCA_LUNG_T30/vectors,vectors,cancer,0,cancer,0,0.7004339694976807,0.29956603050231934
Epithelial_cells_7_1_2_2900_500_500/train/cancer/tlung__GGTGCGTCAGTTCCCT_LUNG_T20/vectors,vectors,cancer,0,cancer,0,0.7694702744483948,0.2305297702550888
Epithelial_cells_7_1_2_2900_500_500/train/cancer/tlung__AGATCTGAGCCAGGAT_LUNG_T30/vectors,vectors,cancer,0,normal,1,0.4611988067626953,0.5388011932373047
Epithelial_cells_7_1_2_2900_500_500/train/cancer/tlung__CAGCTGGTCTCTTGAT_LUNG_T06/vectors,vectors,cancer,0,cancer,0,0.736376941204071,0.26362308859825134
Epithelial_cells_7_1_2_2900_500_500/train/cancer/tlung__TGAAAGAAGAGTACAT_LUNG_T06/vectors,vectors,cancer,0,cancer,0,0.8867273330688477,0.11327270418405533
Epithelial_cells_7_1_2_2900_500_500/train/cancer/tlung__GTTAAGCGTCGATTGT_LUNG_T06/vectors,vectors,cancer,0,cancer,0,0.8641959428787231,0.13580413162708282
Epithelial_cells_7_1_2_2900_500_500/train/cancer/tlung__ACATCAGTCTCGGACG_LUNG_T18/vectors,vectors,cancer,0,cancer,0,0.8624820113182068,0.1375179886817932
Epithelial_cells_7_1_2_2900_500_500/train/cancer/tlung__GGGCACTCAACACCTA_LUNG_T30/vectors,vectors,cancer,0,cancer,0,0.7725092172622681,0.22749079763889313
Epithelial_cells_7_1_2_2900_500_500/train/cancer/tlung__TAGTTGGTCGTCCGTT_LUNG_T28/vectors,vectors,cancer,0,cancer,0,0.5263732075691223,0.4736268222332001
Epithelial_cells_7_1_2_2900_500_500/train/cancer/tlung__GATTCAGCACTTCGAA_LUNG_T20/vectors,vectors,cancer,0,cancer,0,0.8078399300575256,0.19216006994247437
Epithelial_cells_7_1_2_2900_500_500/train/cancer/tlung__CACTCCACAGGCGATA_LUNG_T19/vectors,vectors,cancer,0,cancer,0,0.587765634059906,0.412234365940094
Epithelial_cells_7_1_2_2900_500_500/train/cancer/tlung__TCTCTAATCATTCACT_LUNG_T28/vectors,vectors,cancer,0,cancer,0,0.8856438994407654,0.11435616761445999
Epithelial_cells_7_1_2_2900_500_500/train/cancer/tlung__CGACCTTAGCATCATC_LUNG_T30/vectors,vectors,cancer,0,cancer,0,0.8523526787757874,0.14764733612537384
Epithelial_cells_7_1_2_2900_500_500/train/cancer/tlung__TGACTTTCATCCGGGT_LUNG_T18/vectors,vectors,cancer,0,cancer,0,0.9046505093574524,0.09534946084022522
Epithelial_cells_7_1_2_2900_500_500/train/cancer/tlung__ATTGGTGCAATCAGAA_LUNG_T30/vectors,vectors,cancer,0,cancer,0,0.8093136548995972,0.19068634510040283
Epithelial_cells_7_1_2_2900_500_500/train/cancer/tlung__ACAGCTAAGCTCTCGG_LUNG_T18/vectors,vectors,cancer,0,cancer,0,0.811152994632721,0.18884699046611786
Epithelial_cells_7_1_2_2900_500_500/train/cancer/tlung__TACGGTAAGCTTTGGT_LUNG_T18/vectors,vectors,cancer,0,cancer,0,0.8359193801879883,0.1640806943178177
Epithelial_cells_7_1_2_2900_500_500/train/cancer/tlung__CTCGAGGGTCGGCACT_LUNG_T28/vectors,vectors,cancer,0,cancer,0,0.7854526042938232,0.21454739570617676
Epithelial_cells_7_1_2_2900_500_500/train/cancer/tlung__AGTAGTCTCAGCCTAA_LUNG_T06/vectors,vectors,cancer,0,cancer,0,0.8737006187438965,0.1262994408607483
Epithelial_cells_7_1_2_2900_500_500/train/cancer/tlung__TGGGCGTGTCAATGTC_LUNG_T19/vectors,vectors,cancer,0,cancer,0,0.7237246036529541,0.2762753963470459
Epithelial_cells_7_1_2_2900_500_500/train/cancer/tlung__GCACTCTTCCTTGGTC_LUNG_T30/vectors,vectors,cancer,0,cancer,0,0.8032124042510986,0.19678761065006256
Epithelial_cells_7_1_2_2900_500_500/train/cancer/tlung__CAGCTAACAACTGCTA_LUNG_T18/vectors,vectors,cancer,0,cancer,0,0.8348617553710938,0.16513822972774506
Epithelial_cells_7_1_2_2900_500_500/train/cancer/tlung__GAACATCGTCGTGGCT_LUNG_T18/vectors,vectors,cancer,0,cancer,0,0.8408642411231995,0.15913571417331696
Epithelial_cells_7_1_2_2900_500_500/train/cancer/tlung__GTATCTTCAAACCTAC_LUNG_T20/vectors,vectors,cancer,0,cancer,0,0.806071400642395,0.193928524851799
Epithelial_cells_7_1_2_2900_500_500/train/cancer/tlung__GTTTCTATCCAAGTAC_LUNG_T06/vectors,vectors,cancer,0,normal,1,0.4645068645477295,0.5354931950569153
Epithelial_cells_7_1_2_2900_500_500/train/cancer/tlung__ACCAGTAAGTACACCT_LUNG_T18/vectors,vectors,cancer,0,cancer,0,0.7863973379135132,0.21360263228416443
Epithelial_cells_7_1_2_2900_500_500/train/cancer/tlung__CACAAACGTAAAGGAG_LUNG_T28/vectors,vectors,cancer,0,cancer,0,0.7521036267280579,0.24789640307426453
Epithelial_cells_7_1_2_2900_500_500/train/cancer/tlung__CTCGGGAGTGCAACTT_LUNG_T18/vectors,vectors,cancer,0,cancer,0,0.7814140319824219,0.21858598291873932
Epithelial_cells_7_1_2_2900_500_500/train/cancer/tlung__CAGCATAGTCTGATTG_LUNG_T28/vectors,vectors,cancer,0,cancer,0,0.8063956499099731,0.19360435009002686
Epithelial_cells_7_1_2_2900_500_500/train/cancer/tlung__GCAGCCATCTAGCACA_LUNG_T19/vectors,vectors,cancer,0,normal,1,0.3378312885761261,0.6621686220169067
Epithelial_cells_7_1_2_2900_500_500/train/cancer/tlung__AGAATAGGTTCAACCA_LUNG_T30/vectors,vectors,cancer,0,cancer,0,0.6560525298118591,0.3439474403858185
Epithelial_cells_7_1_2_2900_500_500/train/cancer/tlung__TTTGTCAAGCCAGAAC_LUNG_T28/vectors,vectors,cancer,0,cancer,0,0.6206216216087341,0.37937837839126587
Epithelial_cells_7_1_2_2900_500_500/train/cancer/tlung__CACTCCAAGTCGTTTG_LUNG_T06/vectors,vectors,cancer,0,cancer,0,0.586374819278717,0.41362518072128296
Epithelial_cells_7_1_2_2900_500_500/train/cancer/tlung__TGCTACCGTGTAATGA_LUNG_T19/vectors,vectors,cancer,0,cancer,0,0.67337965965271,0.32662034034729004
Epithelial_cells_7_1_2_2900_500_500/train/cancer/tlung__ACGCCGAGTCTACCTC_LUNG_T06/vectors,vectors,cancer,0,cancer,0,0.8565725088119507,0.14342747628688812
Epithelial_cells_7_1_2_2900_500_500/train/cancer/tlung__AGTAGTCGTCAGTGGA_LUNG_T18/vectors,vectors,cancer,0,cancer,0,0.6709856986999512,0.3290143609046936
Epithelial_cells_7_1_2_2900_500_500/train/cancer/tlung__ACGTCAAAGTGTCTCA_LUNG_T18/vectors,vectors,cancer,0,cancer,0,0.76762455701828,0.23237545788288116
Epithelial_cells_7_1_2_2900_500_500/train/cancer/tlung__GCTGCAGAGAAGAAGC_LUNG_T28/vectors,vectors,cancer,0,cancer,0,0.8393557667732239,0.16064424812793732
Epithelial_cells_7_1_2_2900_500_500/train/cancer/tlung__ATTGGACTCGTTTAGG_LUNG_T20/vectors,vectors,cancer,0,cancer,0,0.8010813593864441,0.1989186704158783
Epithelial_cells_7_1_2_2900_500_500/train/cancer/tlung__GATCGCGGTAAACACA_LUNG_T18/vectors,vectors,cancer,0,cancer,0,0.7709825038909912,0.22901751101016998
Epithelial_cells_7_1_2_2900_500_500/train/cancer/tlung__CGGCTAGTCCTAGAAC_LUNG_T30/vectors,vectors,cancer,0,cancer,0,0.7502555847167969,0.2497444897890091
Epithelial_cells_7_1_2_2900_500_500/train/cancer/tlung__GGACATTAGGTGATAT_LUNG_T20/vectors,vectors,cancer,0,cancer,0,0.7502555847167969,0.2497444897890091
Epithelial_cells_7_1_2_2900_500_500/train/cancer/tlung__CAGCATAGTGTCTGAT_LUNG_T20/vectors,vectors,cancer,0,cancer,0,0.8420368432998657,0.15796317160129547
Epithelial_cells_7_1_2_2900_500_500/train/cancer/tlung__ACTATCTGTAAGAGAG_LUNG_T06/vectors,vectors,cancer,0,cancer,0,0.50042724609375,0.49957275390625
Epithelial_cells_7_1_2_2900_500_500/train/cancer/tlung__TTCCCAGCAGCTGGCT_LUNG_T30/vectors,vectors,cancer,0,cancer,0,0.7909948825836182,0.20900513231754303
Epithelial_cells_7_1_2_2900_500_500/train/cancer/tlung__ATGTGTGCACAACGCC_LUNG_T20/vectors,vectors,cancer,0,cancer,0,0.8062240481376648,0.193775936961174
Epithelial_cells_7_1_2_2900_500_500/train/cancer/tlung__AGTTGGTCATTTCAGG_LUNG_T06/vectors,vectors,cancer,0,cancer,0,0.8277586102485657,0.1722414493560791
Epithelial_cells_7_1_2_2900_500_500/train/cancer/tlung__GTAGGCCCAACCGCCA_LUNG_T19/vectors,vectors,cancer,0,cancer,0,0.762357771396637,0.23764225840568542
Epithelial_cells_7_1_2_2900_500_500/train/cancer/tlung__TGGCCAGCAAAGTGCG_LUNG_T06/vectors,vectors,cancer,0,cancer,0,0.8830344080924988,0.11696559190750122
Epithelial_cells_7_1_2_2900_500_500/train/cancer/tlung__CGGTTAAGTCCGAAGA_LUNG_T20/vectors,vectors,cancer,0,cancer,0,0.6266670227050781,0.37333306670188904
Epithelial_cells_7_1_2_2900_500_500/train/cancer/tlung__ACACCGGGTCTGGAGA_LUNG_T19/vectors,vectors,cancer,0,cancer,0,0.6491894721984863,0.3508104383945465
Epithelial_cells_7_1_2_2900_500_500/train/cancer/tlung__CGGGTCATCGAATGGG_LUNG_T09/vectors,vectors,cancer,0,cancer,0,0.6606651544570923,0.3393348455429077
Epithelial_cells_7_1_2_2900_500_500/train/cancer/tlung__TGGGAAGAGAGCTGCA_LUNG_T18/vectors,vectors,cancer,0,cancer,0,0.8207030892372131,0.17929692566394806
Epithelial_cells_7_1_2_2900_500_500/train/cancer/tlung__TGACTAGTCAGCTGGC_LUNG_T09/vectors,vectors,cancer,0,cancer,0,0.6761389374732971,0.3238610625267029
Epithelial_cells_7_1_2_2900_500_500/train/cancer/tlung__TAAGTGCCATGCCACG_LUNG_T18/vectors,vectors,cancer,0,cancer,0,0.7404090762138367,0.25959092378616333
Epithelial_cells_7_1_2_2900_500_500/train/cancer/tlung__GTCAAGTTCATGTGGT_LUNG_T18/vectors,vectors,cancer,0,cancer,0,0.8368048071861267,0.16319523751735687
Epithelial_cells_7_1_2_2900_500_500/train/cancer/tlung__AGGCCACAGTGAACAT_LUNG_T19/vectors,vectors,cancer,0,cancer,0,0.6171665191650391,0.3828333914279938
Epithelial_cells_7_1_2_2900_500_500/train/cancer/tlung__TGTGTTTGTAACGTTC_LUNG_T19/vectors,vectors,cancer,0,cancer,0,0.7814557552337646,0.21854428946971893
Epithelial_cells_7_1_2_2900_500_500/train/cancer/tlung__ACGCCAGCAATGAAAC_LUNG_T09/vectors,vectors,cancer,0,cancer,0,0.6235774755477905,0.37642255425453186
Epithelial_cells_7_1_2_2900_500_500/train/cancer/tlung__CCCAGTTGTCTTCTCG_LUNG_T19/vectors,vectors,cancer,0,normal,1,0.4366520643234253,0.5633479356765747
Epithelial_cells_7_1_2_2900_500_500/train/cancer/tlung__CTAATGGCACAGCGTC_LUNG_T09/vectors,vectors,cancer,0,cancer,0,0.7358314990997314,0.26416850090026855
Epithelial_cells_7_1_2_2900_500_500/train/cancer/tlung__TTTGGTTGTCAATGTC_LUNG_T28/vectors,vectors,cancer,0,cancer,0,0.7884814143180847,0.21151858568191528
Epithelial_cells_7_1_2_2900_500_500/train/cancer/tlung__AGCGTCGCAAGCGAGT_LUNG_T09/vectors,vectors,cancer,0,cancer,0,0.8203614950180054,0.17963846027851105
Epithelial_cells_7_1_2_2900_500_500/train/cancer/tlung__TAGACCAGTTGATTCG_LUNG_T18/vectors,vectors,cancer,0,cancer,0,0.7598051428794861,0.2401949167251587
Epithelial_cells_7_1_2_2900_500_500/train/cancer/tlung__AAGACCTCAAGTCTGT_LUNG_T18/vectors,vectors,cancer,0,cancer,0,0.7894163727760315,0.2105836123228073
Epithelial_cells_7_1_2_2900_500_500/train/cancer/tlung__TGAAAGAGTTAGAACA_LUNG_T20/vectors,vectors,cancer,0,cancer,0,0.741510272026062,0.258489727973938
Epithelial_cells_7_1_2_2900_500_500/train/cancer/tlung__TTAACTCCAGACGCTC_LUNG_T30/vectors,vectors,cancer,0,cancer,0,0.675791323184967,0.32420864701271057
Epithelial_cells_7_1_2_2900_500_500/train/cancer/tlung__CGTAGGCCAAGCCCAC_LUNG_T20/vectors,vectors,cancer,0,cancer,0,0.6607472896575928,0.339252769947052
Epithelial_cells_7_1_2_2900_500_500/train/cancer/tlung__TGTATTCTCCGCGCAA_LUNG_T28/vectors,vectors,cancer,0,cancer,0,0.7538745999336243,0.24612540006637573
Epithelial_cells_7_1_2_2900_500_500/train/cancer/tlung__GTGCAGCAGGGTGTGT_LUNG_T20/vectors,vectors,cancer,0,cancer,0,0.6795509457588196,0.32044902443885803
Epithelial_cells_7_1_2_2900_500_500/train/cancer/tlung__CACACAACACCGATAT_LUNG_T30/vectors,vectors,cancer,0,cancer,0,0.6203054189682007,0.3796946108341217
Epithelial_cells_7_1_2_2900_500_500/train/cancer/tlung__CGAGCACGTCAATGTC_LUNG_T19/vectors,vectors,cancer,0,normal,1,0.49612435698509216,0.5038756728172302
Epithelial_cells_7_1_2_2900_500_500/train/cancer/tlung__TGGTTCCCAGCTCCGA_LUNG_T28/vectors,vectors,cancer,0,cancer,0,0.7477771639823914,0.25222283601760864
Epithelial_cells_7_1_2_2900_500_500/train/cancer/tlung__TCTTCGGTCTACTCAT_LUNG_T18/vectors,vectors,cancer,0,cancer,0,0.8320149779319763,0.16798502206802368
Epithelial_cells_7_1_2_2900_500_500/train/cancer/tlung__GAACCTATCCGTTGCT_LUNG_T19/vectors,vectors,cancer,0,cancer,0,0.6448124647140503,0.3551875650882721
Epithelial_cells_7_1_2_2900_500_500/train/cancer/tlung__GCACATAAGTGTTGAA_LUNG_T30/vectors,vectors,cancer,0,cancer,0,0.6783269047737122,0.32167303562164307
Epithelial_cells_7_1_2_2900_500_500/train/cancer/tlung__TTGAACGGTCAGAAGC_LUNG_T19/vectors,vectors,cancer,0,cancer,0,0.8478890657424927,0.15211094915866852
Epithelial_cells_7_1_2_2900_500_500/train/cancer/tlung__GCATGCGGTCGCATAT_LUNG_T28/vectors,vectors,cancer,0,cancer,0,0.7283861637115479,0.27161380648612976
Epithelial_cells_7_1_2_2900_500_500/train/cancer/tlung__CTGTGCTGTACAGACG_LUNG_T18/vectors,vectors,cancer,0,cancer,0,0.7925846576690674,0.20741531252861023
Epithelial_cells_7_1_2_2900_500_500/train/cancer/tlung__CAGCAGCCACAACGCC_LUNG_T28/vectors,vectors,cancer,0,cancer,0,0.8427823185920715,0.15721771121025085
Epithelial_cells_7_1_2_2900_500_500/train/cancer/tlung__GATTCAGAGTATCGAA_LUNG_T18/vectors,vectors,cancer,0,cancer,0,0.7497978210449219,0.2502022087574005
Epithelial_cells_7_1_2_2900_500_500/train/cancer/tlung__CAGGTGCCATCCTTGC_LUNG_T18/vectors,vectors,cancer,0,cancer,0,0.7622470855712891,0.23775285482406616
Epithelial_cells_7_1_2_2900_500_500/train/cancer/tlung__AGGTCCGTCCCTGACT_LUNG_T18/vectors,vectors,cancer,0,cancer,0,0.7326875329017639,0.26731252670288086
Epithelial_cells_7_1_2_2900_500_500/train/cancer/tlung__ATCGAGTAGGAGTCTG_LUNG_T30/vectors,vectors,cancer,0,cancer,0,0.7622692584991455,0.23773075640201569
Epithelial_cells_7_1_2_2900_500_500/train/cancer/tlung__TAGTGGTCACAACGCC_LUNG_T06/vectors,vectors,cancer,0,cancer,0,0.9171636700630188,0.0828363448381424
Epithelial_cells_7_1_2_2900_500_500/train/cancer/tlung__TGGGCGTTCTTGAGGT_LUNG_T28/vectors,vectors,cancer,0,cancer,0,0.710151195526123,0.2898488938808441
Epithelial_cells_7_1_2_2900_500_500/train/cancer/tlung__CTTAGGATCACTTCAT_LUNG_T20/vectors,vectors,cancer,0,cancer,0,0.7626672387123108,0.2373327910900116
Epithelial_cells_7_1_2_2900_500_500/train/cancer/tlung__TGCGGGTGTAGCTCCG_LUNG_T19/vectors,vectors,cancer,0,cancer,0,0.7710039615631104,0.2289959341287613
Epithelial_cells_7_1_2_2900_500_500/train/cancer/tlung__GATGAGGAGACTAAGT_LUNG_T19/vectors,vectors,cancer,0,cancer,0,0.7451667189598083,0.2548333704471588
Epithelial_cells_7_1_2_2900_500_500/train/cancer/tlung__CGCCAAGTCCATGAAC_LUNG_T18/vectors,vectors,cancer,0,cancer,0,0.8712559342384338,0.12874405086040497
Epithelial_cells_7_1_2_2900_500_500/train/cancer/tlung__GTAACTGGTGCAGGTA_LUNG_T28/vectors,vectors,cancer,0,cancer,0,0.8649818897247314,0.13501809537410736
Epithelial_cells_7_1_2_2900_500_500/train/cancer/tlung__ATTATCCTCCAATGGT_LUNG_T30/vectors,vectors,cancer,0,cancer,0,0.7739219665527344,0.22607804834842682
Epithelial_cells_7_1_2_2900_500_500/train/cancer/tlung__TAAGTGCGTCACTGGC_LUNG_T06/vectors,vectors,cancer,0,cancer,0,0.8133496046066284,0.1866503804922104
Epithelial_cells_7_1_2_2900_500_500/train/cancer/tlung__AAACCTGTCTATCGCC_LUNG_T09/vectors,vectors,cancer,0,cancer,0,0.5066219568252563,0.4933781027793884
Epithelial_cells_7_1_2_2900_500_500/train/cancer/tlung__ACGATACTCTTTCCTC_LUNG_T19/vectors,vectors,cancer,0,cancer,0,0.8363207578659058,0.16367924213409424
Epithelial_cells_7_1_2_2900_500_500/train/cancer/tlung__TGGCCAGCAAACTGTC_LUNG_T20/vectors,vectors,cancer,0,cancer,0,0.7422816157341003,0.25771838426589966
Epithelial_cells_7_1_2_2900_500_500/train/cancer/tlung__GCAGCCACACACAGAG_LUNG_T06/vectors,vectors,cancer,0,cancer,0,0.6721972823143005,0.32780277729034424
Epithelial_cells_7_1_2_2900_500_500/train/cancer/tlung__ACGATGTGTGGCGAAT_LUNG_T30/vectors,vectors,cancer,0,cancer,0,0.7962528467178345,0.20374710857868195
Epithelial_cells_7_1_2_2900_500_500/train/cancer/tlung__GTCAAGTAGGTGACCA_LUNG_T20/vectors,vectors,cancer,0,cancer,0,0.6910805702209473,0.3089194893836975
Epithelial_cells_7_1_2_2900_500_500/train/cancer/tlung__AGTAGTCAGGCGTACA_LUNG_T30/vectors,vectors,cancer,0,cancer,0,0.7957374453544617,0.20426252484321594
Epithelial_cells_7_1_2_2900_500_500/train/cancer/tlung__GGTATTGGTTTCGCTC_LUNG_T19/vectors,vectors,cancer,0,cancer,0,0.7136312127113342,0.2863687574863434
Epithelial_cells_7_1_2_2900_500_500/train/cancer/tlung__CATGCCTTCTGTCAAG_LUNG_T06/vectors,vectors,cancer,0,cancer,0,0.7823092341423035,0.21769073605537415
Epithelial_cells_7_1_2_2900_500_500/train/cancer/tlung__AGGTCATCATGCTAGT_LUNG_T19/vectors,vectors,cancer,0,cancer,0,0.8431217074394226,0.15687833726406097
Epithelial_cells_7_1_2_2900_500_500/train/cancer/tlung__ACAGCCGGTGGACGAT_LUNG_T18/vectors,vectors,cancer,0,cancer,0,0.8513358235359192,0.14866413176059723
Epithelial_cells_7_1_2_2900_500_500/train/cancer/tlung__ATCATGGTCATGTGGT_LUNG_T18/vectors,vectors,cancer,0,cancer,0,0.7627555727958679,0.23724442720413208
Epithelial_cells_7_1_2_2900_500_500/train/cancer/tlung__ACTGAACCAGATGAGC_LUNG_T18/vectors,vectors,cancer,0,cancer,0,0.656272828578949,0.34372708201408386
Epithelial_cells_7_1_2_2900_500_500/train/cancer/tlung__CTAACTTGTTAGGGTG_LUNG_T06/vectors,vectors,cancer,0,cancer,0,0.7952012419700623,0.20479875802993774
Epithelial_cells_7_1_2_2900_500_500/train/cancer/tlung__TACGGGCAGTCGTACT_LUNG_T19/vectors,vectors,cancer,0,cancer,0,0.5407419800758362,0.45925799012184143
Epithelial_cells_7_1_2_2900_500_500/train/cancer/tlung__TCGTAGAAGGTGACCA_LUNG_T18/vectors,vectors,cancer,0,cancer,0,0.8271660208702087,0.17283400893211365
Epithelial_cells_7_1_2_2900_500_500/train/cancer/tlung__TGTCCCAGTACTCAAC_LUNG_T09/vectors,vectors,cancer,0,cancer,0,0.7422115802764893,0.25778841972351074
Epithelial_cells_7_1_2_2900_500_500/train/cancer/tlung__TCTTCGGAGGGCATGT_LUNG_T30/vectors,vectors,cancer,0,cancer,0,0.8120861649513245,0.18791382014751434
Epithelial_cells_7_1_2_2900_500_500/train/cancer/tlung__ATCATGGCACCAGGCT_LUNG_T20/vectors,vectors,cancer,0,cancer,0,0.801508903503418,0.19849106669425964
Epithelial_cells_7_1_2_2900_500_500/train/cancer/tlung__GACGGCTAGTCCATAC_LUNG_T28/vectors,vectors,cancer,0,cancer,0,0.7478691935539246,0.25213074684143066
Epithelial_cells_7_1_2_2900_500_500/train/cancer/tlung__CGGACGTAGATGTAAC_LUNG_T30/vectors,vectors,cancer,0,cancer,0,0.7930258512496948,0.20697417855262756
Epithelial_cells_7_1_2_2900_500_500/train/cancer/tlung__GTGCATAGTATAGGGC_LUNG_T18/vectors,vectors,cancer,0,cancer,0,0.7507355213165283,0.24926446378231049
Epithelial_cells_7_1_2_2900_500_500/train/cancer/tlung__CTTTGCGGTATCACCA_LUNG_T18/vectors,vectors,cancer,0,cancer,0,0.8423776030540466,0.15762250125408173
Epithelial_cells_7_1_2_2900_500_500/train/cancer/tlung__AAGACCTCAATGAAAC_LUNG_T30/vectors,vectors,cancer,0,cancer,0,0.8121793866157532,0.1878206878900528
Epithelial_cells_7_1_2_2900_500_500/train/cancer/tlung__CATGGCGCAATCGGTT_LUNG_T19/vectors,vectors,cancer,0,cancer,0,0.7750306725502014,0.22496935725212097
Epithelial_cells_7_1_2_2900_500_500/train/cancer/tlung__GTGCAGCTCAGCTCGG_LUNG_T06/vectors,vectors,cancer,0,cancer,0,0.7676898241043091,0.23231014609336853
Epithelial_cells_7_1_2_2900_500_500/train/cancer/tlung__CTCTAATAGAATTGTG_LUNG_T09/vectors,vectors,cancer,0,cancer,0,0.6124545931816101,0.3875454366207123
Epithelial_cells_7_1_2_2900_500_500/train/cancer/tlung__CGTGTCTAGGAGTCTG_LUNG_T30/vectors,vectors,cancer,0,cancer,0,0.8067194223403931,0.19328057765960693
Epithelial_cells_7_1_2_2900_500_500/train/normal/nlung__CTAGTGAGTCAACTGT_LUNG_N18/vectors,vectors,normal,1,normal,1,0.31268471479415894,0.6873152852058411
Epithelial_cells_7_1_2_2900_500_500/train/normal/nlung__TACCTTAAGTCTCCTC_LUNG_N28/vectors,vectors,normal,1,normal,1,0.4166482985019684,0.583351731300354
Epithelial_cells_7_1_2_2900_500_500/train/normal/nlung__ACGGCCATCAGGCGAA_LUNG_N28/vectors,vectors,normal,1,normal,1,0.27347734570503235,0.7265226244926453
Epithelial_cells_7_1_2_2900_500_500/train/normal/nlung__CCAATCCGTAACGACG_LUNG_N30/vectors,vectors,normal,1,normal,1,0.2246289849281311,0.7753710150718689
Epithelial_cells_7_1_2_2900_500_500/train/normal/nlung__CCTCAGTGTGCACCAC_LUNG_N06/vectors,vectors,normal,1,normal,1,0.2967051863670349,0.7032948136329651
Epithelial_cells_7_1_2_2900_500_500/train/normal/nlung__TACTCGCGTTACTGAC_LUNG_N18/vectors,vectors,normal,1,normal,1,0.1921979933977127,0.8078020215034485
Epithelial_cells_7_1_2_2900_500_500/train/normal/nlung__CTTAACTGTCTGGAGA_LUNG_N20/vectors,vectors,normal,1,normal,1,0.39989954233169556,0.6001005172729492
Epithelial_cells_7_1_2_2900_500_500/train/normal/nlung__CGTCCATAGGTAGCCA_LUNG_N28/vectors,vectors,normal,1,normal,1,0.2690374255180359,0.7309625148773193
Epithelial_cells_7_1_2_2900_500_500/train/normal/nlung__CTTAGGAAGGCGCTCT_LUNG_N28/vectors,vectors,normal,1,normal,1,0.12209078669548035,0.877909243106842
Epithelial_cells_7_1_2_2900_500_500/train/normal/nlung__GCATGATGTCCGAACC_LUNG_N09/vectors,vectors,normal,1,normal,1,0.21239535510540009,0.7876046895980835
Epithelial_cells_7_1_2_2900_500_500/train/normal/nlung__CGCTATCTCGGACAAG_LUNG_N30/vectors,vectors,normal,1,normal,1,0.29123276472091675,0.7087672352790833
Epithelial_cells_7_1_2_2900_500_500/train/normal/nlung__ACTGAGTAGATGCCTT_LUNG_N19/vectors,vectors,normal,1,normal,1,0.1982969492673874,0.8017030358314514
Epithelial_cells_7_1_2_2900_500_500/train/normal/nlung__ACTGAACTCTGAGTGT_LUNG_N30/vectors,vectors,normal,1,normal,1,0.24921879172325134,0.750781238079071
Epithelial_cells_7_1_2_2900_500_500/train/normal/nlung__CGTCCATTCGTTTGCC_LUNG_N19/vectors,vectors,normal,1,normal,1,0.2243102490901947,0.7756898403167725
Epithelial_cells_7_1_2_2900_500_500/train/normal/nlung__TGTTCCGAGTCGAGTG_LUNG_N18/vectors,vectors,normal,1,normal,1,0.2144239842891693,0.7855759859085083
Epithelial_cells_7_1_2_2900_500_500/train/normal/nlung__CACTCCATCTGACCTC_LUNG_N28/vectors,vectors,normal,1,normal,1,0.3015933632850647,0.6984065771102905
Epithelial_cells_7_1_2_2900_500_500/train/normal/nlung__ACGGAGATCCTCAACC_LUNG_N30/vectors,vectors,normal,1,normal,1,0.42715775966644287,0.5728422403335571
Epithelial_cells_7_1_2_2900_500_500/train/normal/nlung__GGGAGATAGACATAAC_LUNG_N06/vectors,vectors,normal,1,normal,1,0.15475885570049286,0.8452411890029907
Epithelial_cells_7_1_2_2900_500_500/train/normal/nlung__GGAATAAGTCTAAAGA_LUNG_N19/vectors,vectors,normal,1,normal,1,0.4506615996360779,0.5493384599685669
Epithelial_cells_7_1_2_2900_500_500/train/normal/nlung__GACCAATTCTCAAGTG_LUNG_N19/vectors,vectors,normal,1,normal,1,0.33513322472572327,0.6648667454719543
Epithelial_cells_7_1_2_2900_500_500/train/normal/nlung__CGACTTCAGTGTCCCG_LUNG_N30/vectors,vectors,normal,1,normal,1,0.3463202118873596,0.6536798477172852
Epithelial_cells_7_1_2_2900_500_500/train/normal/nlung__CATCGAAGTCAGAAGC_LUNG_N06/vectors,vectors,normal,1,normal,1,0.18034113943576813,0.8196589350700378
Epithelial_cells_7_1_2_2900_500_500/train/normal/nlung__CAAGGCCTCTGAAAGA_LUNG_N18/vectors,vectors,normal,1,normal,1,0.20981353521347046,0.7901865243911743
Epithelial_cells_7_1_2_2900_500_500/train/normal/nlung__CGGAGTCGTTCCAACA_LUNG_N30/vectors,vectors,normal,1,normal,1,0.1883053183555603,0.8116947412490845
Epithelial_cells_7_1_2_2900_500_500/train/normal/nlung__GTCTCGTTCCTAGGGC_LUNG_N18/vectors,vectors,normal,1,normal,1,0.12804736196994781,0.8719526529312134
Epithelial_cells_7_1_2_2900_500_500/train/normal/nlung__ACTGCTCCACAGACTT_LUNG_N18/vectors,vectors,normal,1,normal,1,0.2501106262207031,0.7498893737792969
Epithelial_cells_7_1_2_2900_500_500/train/normal/nlung__CGTCACTGTCCGTCAG_LUNG_N28/vectors,vectors,normal,1,normal,1,0.3863871097564697,0.6136128306388855
Epithelial_cells_7_1_2_2900_500_500/train/normal/nlung__GCTTCCATCGTTGACA_LUNG_N19/vectors,vectors,normal,1,normal,1,0.2491731196641922,0.7508269548416138
Epithelial_cells_7_1_2_2900_500_500/train/normal/nlung__ATCATCTGTTAAGACA_LUNG_N18/vectors,vectors,normal,1,normal,1,0.29193881154060364,0.7080612182617188
Epithelial_cells_7_1_2_2900_500_500/train/normal/nlung__AGGGAGTGTTGCTCCT_LUNG_N18/vectors,vectors,normal,1,normal,1,0.16793383657932281,0.8320661187171936
Epithelial_cells_7_1_2_2900_500_500/train/normal/nlung__TTATGCTGTCAACATC_LUNG_N09/vectors,vectors,normal,1,normal,1,0.25820907950401306,0.7417909502983093
Epithelial_cells_7_1_2_2900_500_500/train/normal/nlung__CGGACACTCACTCTTA_LUNG_N20/vectors,vectors,normal,1,normal,1,0.3415001332759857,0.6584998369216919
Epithelial_cells_7_1_2_2900_500_500/train/normal/nlung__GTTCATTCAAGGCTCC_LUNG_N06/vectors,vectors,normal,1,normal,1,0.20591427385807037,0.7940857410430908
Epithelial_cells_7_1_2_2900_500_500/train/normal/nlung__TCTCATACACAGGTTT_LUNG_N28/vectors,vectors,normal,1,normal,1,0.29507753252983093,0.7049224376678467
Epithelial_cells_7_1_2_2900_500_500/train/normal/nlung__TGCTACCCACGAAATA_LUNG_N20/vectors,vectors,normal,1,normal,1,0.4068620204925537,0.5931380987167358
Epithelial_cells_7_1_2_2900_500_500/train/normal/nlung__GATGCTAGTCCTCTTG_LUNG_N20/vectors,vectors,normal,1,normal,1,0.31864413619041443,0.681355893611908
Epithelial_cells_7_1_2_2900_500_500/train/normal/nlung__GAACCTATCACCAGGC_LUNG_N18/vectors,vectors,normal,1,normal,1,0.22882358729839325,0.7711763978004456
Epithelial_cells_7_1_2_2900_500_500/train/normal/nlung__CCACCTAAGCCAGGAT_LUNG_N19/vectors,vectors,normal,1,normal,1,0.23631790280342102,0.7636820673942566
Epithelial_cells_7_1_2_2900_500_500/train/normal/nlung__AGAGCGACATCACGTA_LUNG_N20/vectors,vectors,normal,1,normal,1,0.15004439651966095,0.849955677986145
Epithelial_cells_7_1_2_2900_500_500/train/normal/nlung__GTAACGTCATAAAGGT_LUNG_N20/vectors,vectors,normal,1,normal,1,0.21746216714382172,0.7825378775596619
Epithelial_cells_7_1_2_2900_500_500/train/normal/nlung__GGATGTTTCTTTCCTC_LUNG_N06/vectors,vectors,normal,1,normal,1,0.1778644323348999,0.8221356272697449
Epithelial_cells_7_1_2_2900_500_500/train/normal/nlung__AGTGGGAGTGAGCGAT_LUNG_N20/vectors,vectors,normal,1,normal,1,0.3368489742279053,0.6631511449813843
Epithelial_cells_7_1_2_2900_500_500/train/normal/nlung__GTCACGGTCGCAAGCC_LUNG_N20/vectors,vectors,normal,1,normal,1,0.24508503079414368,0.7549149990081787
Epithelial_cells_7_1_2_2900_500_500/train/normal/nlung__AACTGGTGTTACCAGT_LUNG_N19/vectors,vectors,normal,1,normal,1,0.2795087993144989,0.7204912304878235
Epithelial_cells_7_1_2_2900_500_500/train/normal/nlung__CGGACTGTCATACGGT_LUNG_N19/vectors,vectors,normal,1,normal,1,0.23770862817764282,0.7622913718223572
Epithelial_cells_7_1_2_2900_500_500/train/normal/nlung__GTACGTAAGAAACGAG_LUNG_N30/vectors,vectors,normal,1,normal,1,0.2933032512664795,0.7066966891288757
Epithelial_cells_7_1_2_2900_500_500/train/normal/nlung__GTCATTTCACGGCGTT_LUNG_N28/vectors,vectors,normal,1,normal,1,0.19634419679641724,0.8036558032035828
Epithelial_cells_7_1_2_2900_500_500/train/normal/nlung__CTCGTCAGTTCGTGAT_LUNG_N09/vectors,vectors,normal,1,normal,1,0.3114268481731415,0.6885731220245361
Epithelial_cells_7_1_2_2900_500_500/train/normal/nlung__CAGCTAACAATCACAC_LUNG_N19/vectors,vectors,normal,1,normal,1,0.22975118458271027,0.7702488899230957
Epithelial_cells_7_1_2_2900_500_500/train/normal/nlung__CTCGTACTCCCATTAT_LUNG_N30/vectors,vectors,normal,1,normal,1,0.30593055486679077,0.6940694451332092
Epithelial_cells_7_1_2_2900_500_500/train/normal/nlung__TACTCGCTCCAGTATG_LUNG_N18/vectors,vectors,normal,1,normal,1,0.26913344860076904,0.7308664917945862
Epithelial_cells_7_1_2_2900_500_500/train/normal/nlung__TTCTTAGTCTTGACGA_LUNG_N09/vectors,vectors,normal,1,normal,1,0.24072998762130737,0.7592700719833374
Epithelial_cells_7_1_2_2900_500_500/train/normal/nlung__CGGTTAAAGACTAGGC_LUNG_N18/vectors,vectors,normal,1,normal,1,0.28348374366760254,0.7165162563323975
Epithelial_cells_7_1_2_2900_500_500/train/normal/nlung__ACGGGCTAGCGTTTAC_LUNG_N06/vectors,vectors,normal,1,normal,1,0.19085593521595,0.8091440200805664
Epithelial_cells_7_1_2_2900_500_500/train/normal/nlung__AAGGTTCGTATGCTTG_LUNG_N30/vectors,vectors,normal,1,normal,1,0.26671522855758667,0.7332847714424133
Epithelial_cells_7_1_2_2900_500_500/train/normal/nlung__TACACGATCCAATGGT_LUNG_N20/vectors,vectors,normal,1,normal,1,0.3534560799598694,0.6465439796447754
Epithelial_cells_7_1_2_2900_500_500/train/normal/nlung__CATCGAAAGACGCTTT_LUNG_N09/vectors,vectors,normal,1,normal,1,0.2598256468772888,0.7401743531227112
Epithelial_cells_7_1_2_2900_500_500/train/normal/nlung__AAGGTTCTCCTACAGA_LUNG_N28/vectors,vectors,normal,1,normal,1,0.3853168487548828,0.6146831512451172
Epithelial_cells_7_1_2_2900_500_500/train/normal/nlung__CGCTGGATCTTACCGC_LUNG_N28/vectors,vectors,normal,1,normal,1,0.17405900359153748,0.8259410262107849
Epithelial_cells_7_1_2_2900_500_500/train/normal/nlung__AACTCCCGTGTTGAGG_LUNG_N30/vectors,vectors,normal,1,normal,1,0.2557384669780731,0.7442615628242493
Epithelial_cells_7_1_2_2900_500_500/train/normal/nlung__TGGGCGTAGCCAGGAT_LUNG_N20/vectors,vectors,normal,1,normal,1,0.31092971563339233,0.6890702843666077
Epithelial_cells_7_1_2_2900_500_500/train/normal/nlung__GACTAACGTATATGGA_LUNG_N18/vectors,vectors,normal,1,normal,1,0.1695433259010315,0.8304566740989685
Epithelial_cells_7_1_2_2900_500_500/train/normal/nlung__AGCTTGACACCAGATT_LUNG_N30/vectors,vectors,normal,1,normal,1,0.27997609972953796,0.7200239300727844
Epithelial_cells_7_1_2_2900_500_500/train/normal/nlung__GTTTCTACACTTCTGC_LUNG_N18/vectors,vectors,normal,1,normal,1,0.27525144815444946,0.7247486114501953
Epithelial_cells_7_1_2_2900_500_500/train/normal/nlung__CCTTTCTGTATAATGG_LUNG_N20/vectors,vectors,normal,1,normal,1,0.34596097469329834,0.6540389657020569
Epithelial_cells_7_1_2_2900_500_500/train/normal/nlung__GTTTCTATCGGACAAG_LUNG_N28/vectors,vectors,normal,1,normal,1,0.20769640803337097,0.7923036217689514
Epithelial_cells_7_1_2_2900_500_500/train/normal/nlung__ACATCAGTCAGCGATT_LUNG_N18/vectors,vectors,normal,1,normal,1,0.2442953884601593,0.7557045817375183
Epithelial_cells_7_1_2_2900_500_500/train/normal/nlung__TAGACCACAGTTTACG_LUNG_N30/vectors,vectors,normal,1,normal,1,0.27842843532562256,0.7215715646743774
Epithelial_cells_7_1_2_2900_500_500/train/normal/nlung__CTACACCAGTGATCGG_LUNG_N20/vectors,vectors,normal,1,normal,1,0.21758681535720825,0.7824132442474365
Epithelial_cells_7_1_2_2900_500_500/train/normal/nlung__GCATGCGGTATAGTAG_LUNG_N30/vectors,vectors,normal,1,normal,1,0.281109482049942,0.7188905477523804
Epithelial_cells_7_1_2_2900_500_500/train/normal/nlung__CTGATAGGTGCCTGCA_LUNG_N20/vectors,vectors,normal,1,normal,1,0.21497970819473267,0.7850203514099121
Epithelial_cells_7_1_2_2900_500_500/train/normal/nlung__GTACTTTTCCCAAGAT_LUNG_N19/vectors,vectors,normal,1,normal,1,0.3309575319290161,0.6690424680709839
Epithelial_cells_7_1_2_2900_500_500/train/normal/nlung__GTAACGTTCGTGTAGT_LUNG_N30/vectors,vectors,normal,1,normal,1,0.26714518666267395,0.7328547835350037
Epithelial_cells_7_1_2_2900_500_500/train/normal/nlung__CATGACACACCGATAT_LUNG_N30/vectors,vectors,normal,1,normal,1,0.13213612139225006,0.8678638339042664
Epithelial_cells_7_1_2_2900_500_500/train/normal/nlung__GGAGCAACAATGTTGC_LUNG_N20/vectors,vectors,normal,1,normal,1,0.2470325380563736,0.7529674768447876
Epithelial_cells_7_1_2_2900_500_500/train/normal/nlung__GTCCTCACATCTGGTA_LUNG_N30/vectors,vectors,normal,1,normal,1,0.39706137776374817,0.6029386520385742
Epithelial_cells_7_1_2_2900_500_500/train/normal/nlung__CAACCTCCATCGACGC_LUNG_N28/vectors,vectors,normal,1,normal,1,0.317743718624115,0.682256281375885
Epithelial_cells_7_1_2_2900_500_500/train/normal/nlung__GTTCTCGTCCGTCAAA_LUNG_N18/vectors,vectors,normal,1,normal,1,0.2439575046300888,0.75604248046875
Epithelial_cells_7_1_2_2900_500_500/train/normal/nlung__CTACGTCGTGACTACT_LUNG_N09/vectors,vectors,normal,1,normal,1,0.27386558055877686,0.7261344194412231
Epithelial_cells_7_1_2_2900_500_500/train/normal/nlung__ACTGATGTCAATCTCT_LUNG_N18/vectors,vectors,normal,1,normal,1,0.2075156718492508,0.7924842834472656
Epithelial_cells_7_1_2_2900_500_500/train/normal/nlung__CATATGGTCCCATTAT_LUNG_N30/vectors,vectors,normal,1,normal,1,0.32552051544189453,0.6744794845581055
Epithelial_cells_7_1_2_2900_500_500/train/normal/nlung__TTGGCAACATATGGTC_LUNG_N30/vectors,vectors,normal,1,normal,1,0.3894594609737396,0.6105405688285828
Epithelial_cells_7_1_2_2900_500_500/train/normal/nlung__GTCACAACAGCTTAAC_LUNG_N19/vectors,vectors,normal,1,normal,1,0.28671813011169434,0.7132818102836609
Epithelial_cells_7_1_2_2900_500_500/train/normal/nlung__GCACATAGTGCACTTA_LUNG_N20/vectors,vectors,normal,1,normal,1,0.2735501229763031,0.7264499068260193
Epithelial_cells_7_1_2_2900_500_500/train/normal/nlung__GAATGAACACTGAAGG_LUNG_N19/vectors,vectors,normal,1,normal,1,0.27727723121643066,0.7227227687835693
Epithelial_cells_7_1_2_2900_500_500/train/normal/nlung__TCGTACCAGGGAACGG_LUNG_N20/vectors,vectors,normal,1,normal,1,0.3857216536998749,0.6142783164978027
Epithelial_cells_7_1_2_2900_500_500/train/normal/nlung__CTCATTATCTCGTATT_LUNG_N30/vectors,vectors,normal,1,normal,1,0.25594761967658997,0.7440524101257324
Epithelial_cells_7_1_2_2900_500_500/train/normal/nlung__GTCATTTTCGCAGGCT_LUNG_N06/vectors,vectors,normal,1,normal,1,0.2897986173629761,0.7102014422416687
Epithelial_cells_7_1_2_2900_500_500/train/normal/nlung__GAACCTAAGACTAGAT_LUNG_N18/vectors,vectors,normal,1,normal,1,0.22124552726745605,0.7787545323371887
Epithelial_cells_7_1_2_2900_500_500/train/normal/nlung__TCGGGACAGATCCCGC_LUNG_N19/vectors,vectors,normal,1,normal,1,0.37430453300476074,0.6256954669952393
Epithelial_cells_7_1_2_2900_500_500/train/normal/nlung__CAGGTGCTCCAAACTG_LUNG_N30/vectors,vectors,normal,1,normal,1,0.3780284523963928,0.6219714879989624
Epithelial_cells_7_1_2_2900_500_500/train/normal/nlung__CGGACGTGTCTCTCGT_LUNG_N19/vectors,vectors,normal,1,normal,1,0.40889620780944824,0.5911037921905518
Epithelial_cells_7_1_2_2900_500_500/train/normal/nlung__GGATTACGTTCTGAAC_LUNG_N20/vectors,vectors,normal,1,normal,1,0.2859448790550232,0.7140551209449768
Epithelial_cells_7_1_2_2900_500_500/train/normal/nlung__CTAGCCTTCGAACGGA_LUNG_N19/vectors,vectors,normal,1,normal,1,0.2935563623905182,0.7064436674118042
Epithelial_cells_7_1_2_2900_500_500/train/normal/nlung__TACTTACTCCGCTGTT_LUNG_N19/vectors,vectors,normal,1,normal,1,0.2648572027683258,0.7351428270339966
Epithelial_cells_7_1_2_2900_500_500/train/normal/nlung__GTCTCGTTCACGACTA_LUNG_N18/vectors,vectors,normal,1,normal,1,0.2109287977218628,0.7890712022781372
Epithelial_cells_7_1_2_2900_500_500/train/normal/nlung__AGCTCCTGTCGGATCC_LUNG_N06/vectors,vectors,normal,1,normal,1,0.21011723577976227,0.7898827195167542
Epithelial_cells_7_1_2_2900_500_500/train/normal/nlung__TCGCGTTGTGCCTTGG_LUNG_N18/vectors,vectors,normal,1,normal,1,0.2787473797798157,0.7212526798248291
Epithelial_cells_7_1_2_2900_500_500/train/normal/nlung__CAGCTAACATTGAGCT_LUNG_N30/vectors,vectors,normal,1,normal,1,0.21700547635555267,0.7829945087432861
Epithelial_cells_7_1_2_2900_500_500/train/normal/nlung__ATCCGAATCTGGTGTA_LUNG_N30/vectors,vectors,normal,1,normal,1,0.263717919588089,0.7362821698188782
Epithelial_cells_7_1_2_2900_500_500/train/normal/nlung__TAAGCGTAGACAATAC_LUNG_N06/vectors,vectors,normal,1,normal,1,0.1991911232471466,0.800808846950531
Epithelial_cells_7_1_2_2900_500_500/train/normal/nlung__CAAGTTGTCCCAAGTA_LUNG_N30/vectors,vectors,normal,1,normal,1,0.22166644036769867,0.7783335447311401
Epithelial_cells_7_1_2_2900_500_500/train/normal/nlung__GGCTGGTCACAGCCCA_LUNG_N30/vectors,vectors,normal,1,normal,1,0.2563662528991699,0.7436337471008301
Epithelial_cells_7_1_2_2900_500_500/train/normal/nlung__TTCTCAACATTTGCTT_LUNG_N19/vectors,vectors,normal,1,normal,1,0.3173469305038452,0.6826530694961548
Epithelial_cells_7_1_2_2900_500_500/train/normal/nlung__TCGAGGCTCTTAGAGC_LUNG_N28/vectors,vectors,normal,1,normal,1,0.21452683210372925,0.7854732275009155
Epithelial_cells_7_1_2_2900_500_500/train/normal/nlung__CGGGTCACATATACGC_LUNG_N28/vectors,vectors,normal,1,normal,1,0.23570160567760468,0.7642983794212341
Epithelial_cells_7_1_2_2900_500_500/train/normal/nlung__CGGAGCTAGTGGAGAA_LUNG_N28/vectors,vectors,normal,1,normal,1,0.13264088332653046,0.8673591613769531
Epithelial_cells_7_1_2_2900_500_500/train/normal/nlung__GATCGATAGCAGCGTA_LUNG_N19/vectors,vectors,normal,1,normal,1,0.28874456882476807,0.7112554311752319
Epithelial_cells_7_1_2_2900_500_500/train/normal/nlung__CAGTAACGTCGGCATC_LUNG_N19/vectors,vectors,normal,1,normal,1,0.4999084174633026,0.500091552734375
Epithelial_cells_7_1_2_2900_500_500/train/normal/nlung__GCTTGAAGTTACGACT_LUNG_N09/vectors,vectors,normal,1,normal,1,0.24883069097995758,0.7511692643165588
Epithelial_cells_7_1_2_2900_500_500/train/normal/nlung__GTGGGTCCAAGTCATC_LUNG_N06/vectors,vectors,normal,1,normal,1,0.26036596298217773,0.7396340370178223
Epithelial_cells_7_1_2_2900_500_500/train/normal/nlung__CGGACGTGTTCGTTGA_LUNG_N28/vectors,vectors,normal,1,normal,1,0.3143661916255951,0.6856338381767273
Epithelial_cells_7_1_2_2900_500_500/train/normal/nlung__TGACAACGTAACGTTC_LUNG_N28/vectors,vectors,normal,1,normal,1,0.2889702022075653,0.7110297679901123
Epithelial_cells_7_1_2_2900_500_500/train/normal/nlung__CCCAATCGTCATGCCG_LUNG_N19/vectors,vectors,normal,1,normal,1,0.38551923632621765,0.6144807934761047
Epithelial_cells_7_1_2_2900_500_500/train/normal/nlung__GATCGCGAGCCAGAAC_LUNG_N19/vectors,vectors,normal,1,normal,1,0.2414446771144867,0.7585553526878357
Epithelial_cells_7_1_2_2900_500_500/train/normal/nlung__GATCGATTCTGATTCT_LUNG_N18/vectors,vectors,normal,1,normal,1,0.2580220401287079,0.7419779300689697
Epithelial_cells_7_1_2_2900_500_500/train/normal/nlung__CGTCAGGTCGCCCTTA_LUNG_N18/vectors,vectors,normal,1,normal,1,0.3758496046066284,0.6241503357887268
Epithelial_cells_7_1_2_2900_500_500/train/normal/nlung__ACGCAGCCAGAGTGTG_LUNG_N06/vectors,vectors,normal,1,normal,1,0.23963838815689087,0.7603616118431091
Epithelial_cells_7_1_2_2900_500_500/train/normal/nlung__GCTGGGTTCGTGTAGT_LUNG_N18/vectors,vectors,normal,1,normal,1,0.24294577538967133,0.7570542097091675
Epithelial_cells_7_1_2_2900_500_500/train/normal/nlung__ACGCAGCGTTCAGTAC_LUNG_N30/vectors,vectors,normal,1,normal,1,0.20731501281261444,0.7926850318908691
Epithelial_cells_7_1_2_2900_500_500/train/normal/nlung__CTGAAACGTTCTGGTA_LUNG_N20/vectors,vectors,normal,1,normal,1,0.25797533988952637,0.7420246601104736
Epithelial_cells_7_1_2_2900_500_500/train/normal/nlung__CGTTGGGAGTCCCACG_LUNG_N28/vectors,vectors,normal,1,normal,1,0.2570650577545166,0.7429349422454834
Epithelial_cells_7_1_2_2900_500_500/train/normal/nlung__CCGGTAGGTGGACGAT_LUNG_N28/vectors,vectors,normal,1,normal,1,0.3210607171058655,0.6789392828941345
Epithelial_cells_7_1_2_2900_500_500/train/normal/nlung__TCAACGATCTTAGCCC_LUNG_N19/vectors,vectors,normal,1,normal,1,0.17168524861335754,0.8283147811889648
Epithelial_cells_7_1_2_2900_500_500/train/normal/nlung__ACACCGGCAGACAGGT_LUNG_N30/vectors,vectors,normal,1,normal,1,0.27364715933799744,0.726352870464325
Epithelial_cells_7_1_2_2900_500_500/train/normal/nlung__ATTATCCTCACAGTAC_LUNG_N09/vectors,vectors,normal,1,normal,1,0.19559407234191895,0.804405927658081
Epithelial_cells_7_1_2_2900_500_500/train/normal/nlung__AACGTTGTCGACAGCC_LUNG_N19/vectors,vectors,normal,1,normal,1,0.24440807104110718,0.7555919289588928
Epithelial_cells_7_1_2_2900_500_500/train/normal/nlung__GCGGGTTCAGATGGCA_LUNG_N19/vectors,vectors,normal,1,normal,1,0.4206293225288391,0.5793706774711609
Epithelial_cells_7_1_2_2900_500_500/train/normal/nlung__GTTCATTTCATGCAAC_LUNG_N18/vectors,vectors,normal,1,normal,1,0.26557087898254395,0.7344291806221008
Epithelial_cells_7_1_2_2900_500_500/train/normal/nlung__GGGTCTGAGGTAGCCA_LUNG_N20/vectors,vectors,normal,1,normal,1,0.23636196553707123,0.7636380195617676
Epithelial_cells_7_1_2_2900_500_500/train/normal/nlung__AGGGTGAGTACGCACC_LUNG_N19/vectors,vectors,normal,1,normal,1,0.2644058167934418,0.7355941534042358
Epithelial_cells_7_1_2_2900_500_500/train/normal/nlung__CTCATTAGTAGAGTGC_LUNG_N18/vectors,vectors,normal,1,normal,1,0.27879640460014343,0.7212035059928894
Epithelial_cells_7_1_2_2900_500_500/train/normal/nlung__ACATGGTCACTGCCAG_LUNG_N20/vectors,vectors,normal,1,normal,1,0.23076805472373962,0.7692319750785828
Epithelial_cells_7_1_2_2900_500_500/train/normal/nlung__AAGACCTAGGCATTGG_LUNG_N30/vectors,vectors,normal,1,normal,1,0.20396506786346436,0.7960349321365356
Epithelial_cells_7_1_2_2900_500_500/train/normal/nlung__GGTATTGTCCCGGATG_LUNG_N19/vectors,vectors,normal,1,normal,1,0.4402586817741394,0.5597413182258606
Epithelial_cells_7_1_2_2900_500_500/train/normal/nlung__CCGGTAGTCCAAACAC_LUNG_N28/vectors,vectors,normal,1,normal,1,0.17583860456943512,0.8241614103317261
Epithelial_cells_7_1_2_2900_500_500/train/normal/nlung__ACTATCTAGCCGATTT_LUNG_N18/vectors,vectors,normal,1,normal,1,0.33802247047424316,0.6619775295257568
Epithelial_cells_7_1_2_2900_500_500/train/normal/nlung__CCTTCCCTCTCGATGA_LUNG_N30/vectors,vectors,normal,1,normal,1,0.19921059906482697,0.8007893562316895
Epithelial_cells_7_1_2_2900_500_500/train/normal/nlung__CATCAGATCCGGCACA_LUNG_N28/vectors,vectors,normal,1,normal,1,0.2389051616191864,0.761094868183136
Epithelial_cells_7_1_2_2900_500_500/train/normal/nlung__ACCAGTATCTGGTGTA_LUNG_N19/vectors,vectors,normal,1,normal,1,0.3654000759124756,0.6345999240875244
Epithelial_cells_7_1_2_2900_500_500/train/normal/nlung__ATCACGAGTCTGCAAT_LUNG_N20/vectors,vectors,normal,1,normal,1,0.37096571922302246,0.6290343403816223
Epithelial_cells_7_1_2_2900_500_500/train/normal/nlung__TGGGCGTTCGCCTGTT_LUNG_N30/vectors,vectors,normal,1,normal,1,0.21031993627548218,0.7896800637245178
Epithelial_cells_7_1_2_2900_500_500/train/normal/nlung__CCTTCGACAGTTTACG_LUNG_N30/vectors,vectors,normal,1,normal,1,0.25183165073394775,0.7481683492660522
Epithelial_cells_7_1_2_2900_500_500/train/normal/nlung__TGTGGTACACGCTTTC_LUNG_N06/vectors,vectors,normal,1,normal,1,0.3267277479171753,0.6732723116874695
Epithelial_cells_7_1_2_2900_500_500/train/normal/nlung__AGGGAGTAGGCAATTA_LUNG_N06/vectors,vectors,normal,1,normal,1,0.24601218104362488,0.7539877891540527
Epithelial_cells_7_1_2_2900_500_500/train/normal/nlung__TGTGTTTGTTAGAACA_LUNG_N30/vectors,vectors,normal,1,normal,1,0.2871427536010742,0.7128573060035706
Epithelial_cells_7_1_2_2900_500_500/train/normal/nlung__GTAACTGGTCGGCACT_LUNG_N06/vectors,vectors,normal,1,normal,1,0.21969306468963623,0.7803069949150085
Epithelial_cells_7_1_2_2900_500_500/train/normal/nlung__CGTTAGAAGGGAAACA_LUNG_N28/vectors,vectors,normal,1,normal,1,0.1839415282011032,0.8160584568977356
Epithelial_cells_7_1_2_2900_500_500/train/normal/nlung__AACGTTGAGCGTGAAC_LUNG_N20/vectors,vectors,normal,1,normal,1,0.2309631109237671,0.7690368890762329
Epithelial_cells_7_1_2_2900_500_500/train/normal/nlung__ACTATCTTCGTCTGCT_LUNG_N09/vectors,vectors,normal,1,normal,1,0.35501983761787415,0.6449801921844482
Epithelial_cells_7_1_2_2900_500_500/train/normal/nlung__TGGCTGGCATCACGAT_LUNG_N20/vectors,vectors,normal,1,normal,1,0.2043815702199936,0.7956184148788452
Epithelial_cells_7_1_2_2900_500_500/train/normal/nlung__CTGAAGTTCTTATCTG_LUNG_N20/vectors,vectors,normal,1,normal,1,0.441311776638031,0.5586881637573242
Epithelial_cells_7_1_2_2900_500_500/train/normal/nlung__CGAACATGTCAGGACA_LUNG_N18/vectors,vectors,normal,1,normal,1,0.26414474844932556,0.735855221748352
Epithelial_cells_7_1_2_2900_500_500/train/normal/nlung__GTCACGGCATTCGACA_LUNG_N30/vectors,vectors,normal,1,normal,1,0.3275876045227051,0.6724123954772949
Epithelial_cells_7_1_2_2900_500_500/train/normal/nlung__GCTGGGTCACTGCCAG_LUNG_N18/vectors,vectors,normal,1,normal,1,0.2799515128135681,0.7200485467910767
Epithelial_cells_7_1_2_2900_500_500/train/normal/nlung__ACTTTCATCATTGCCC_LUNG_N20/vectors,vectors,normal,1,normal,1,0.2962978184223175,0.7037022113800049
Epithelial_cells_7_1_2_2900_500_500/train/normal/nlung__GGAATAAAGACGCACA_LUNG_N28/vectors,vectors,normal,1,normal,1,0.1442091017961502,0.855790913105011
Epithelial_cells_7_1_2_2900_500_500/train/normal/nlung__GATCGATAGCTAACTC_LUNG_N20/vectors,vectors,normal,1,normal,1,0.2555990517139435,0.7444009780883789
Epithelial_cells_7_1_2_2900_500_500/train/normal/nlung__CAGAATCCAAGGTGTG_LUNG_N28/vectors,vectors,normal,1,normal,1,0.22680504620075226,0.7731949687004089
Epithelial_cells_7_1_2_2900_500_500/train/normal/nlung__CCGGGATTCCCTAATT_LUNG_N30/vectors,vectors,normal,1,normal,1,0.36803653836250305,0.6319634914398193
Epithelial_cells_7_1_2_2900_500_500/train/normal/nlung__ATTGGACAGACTGGGT_LUNG_N30/vectors,vectors,normal,1,normal,1,0.12046469002962112,0.8795353770256042
Epithelial_cells_7_1_2_2900_500_500/train/normal/nlung__GATCGTAAGAAGAAGC_LUNG_N18/vectors,vectors,normal,1,normal,1,0.33865103125572205,0.6613489985466003
Epithelial_cells_7_1_2_2900_500_500/train/normal/nlung__CCTTCCCTCTTGAGGT_LUNG_N19/vectors,vectors,normal,1,normal,1,0.12314135581254959,0.8768585920333862
Epithelial_cells_7_1_2_2900_500_500/train/normal/nlung__ACTATCTTCCTGCCAT_LUNG_N30/vectors,vectors,normal,1,normal,1,0.2594032883644104,0.7405967116355896
Epithelial_cells_7_1_2_2900_500_500/train/normal/nlung__AGCGGTCAGTGCTGCC_LUNG_N28/vectors,vectors,normal,1,normal,1,0.23281124234199524,0.7671887874603271
Epithelial_cells_7_1_2_2900_500_500/train/normal/nlung__GAAACTCGTAAATACG_LUNG_N06/vectors,vectors,normal,1,normal,1,0.2013024240732193,0.7986974716186523
Epithelial_cells_7_1_2_2900_500_500/train/normal/nlung__CGCGGTATCGAACTGT_LUNG_N30/vectors,vectors,normal,1,normal,1,0.24928730726242065,0.7507126927375793
Epithelial_cells_7_1_2_2900_500_500/train/normal/nlung__GACGTTATCCTTCAAT_LUNG_N20/vectors,vectors,normal,1,normal,1,0.2593095004558563,0.7406904697418213
Epithelial_cells_7_1_2_2900_500_500/train/normal/nlung__GGTGCGTAGTGTTTGC_LUNG_N19/vectors,vectors,normal,1,normal,1,0.34075936675071716,0.65924072265625
Epithelial_cells_7_1_2_2900_500_500/train/normal/nlung__TGGGCGTCACCGTTGG_LUNG_N19/vectors,vectors,normal,1,normal,1,0.30251985788345337,0.6974801421165466
Epithelial_cells_7_1_2_2900_500_500/train/normal/nlung__TCAGCTCCAACACCTA_LUNG_N28/vectors,vectors,normal,1,normal,1,0.23788562417030334,0.762114405632019
Epithelial_cells_7_1_2_2900_500_500/train/normal/nlung__TGCGCAGTCATTATCC_LUNG_N19/vectors,vectors,normal,1,normal,1,0.18275345861911774,0.8172464966773987
Epithelial_cells_7_1_2_2900_500_500/train/normal/nlung__CGAACATTCTAAGCCA_LUNG_N20/vectors,vectors,normal,1,normal,1,0.19134654104709625,0.8086534142494202
Epithelial_cells_7_1_2_2900_500_500/train/normal/nlung__TTGCCGTCAAATTGCC_LUNG_N18/vectors,vectors,normal,1,normal,1,0.29474756121635437,0.7052524089813232
Epithelial_cells_7_1_2_2900_500_500/train/normal/nlung__ATTATCCCAGTGGGAT_LUNG_N09/vectors,vectors,normal,1,normal,1,0.3062935769557953,0.6937064528465271
Epithelial_cells_7_1_2_2900_500_500/train/normal/nlung__CTAAGACAGACAGGCT_LUNG_N20/vectors,vectors,normal,1,normal,1,0.13528919219970703,0.8647108674049377
Epithelial_cells_7_1_2_2900_500_500/train/normal/nlung__CATCGGGCATTGGTAC_LUNG_N20/vectors,vectors,normal,1,normal,1,0.26971012353897095,0.730289876461029
Epithelial_cells_7_1_2_2900_500_500/train/normal/nlung__CAACCAAAGTGCCAGA_LUNG_N30/vectors,vectors,normal,1,normal,1,0.3094148635864258,0.690585196018219
Epithelial_cells_7_1_2_2900_500_500/train/normal/nlung__AAAGTAGAGAAACGAG_LUNG_N06/vectors,vectors,normal,1,normal,1,0.2765440046787262,0.7234560251235962
Epithelial_cells_7_1_2_2900_500_500/train/normal/nlung__CTCGGAGGTCCGAGTC_LUNG_N09/vectors,vectors,normal,1,normal,1,0.3342090845108032,0.6657909750938416
Epithelial_cells_7_1_2_2900_500_500/train/normal/nlung__GACGCGTTCAACACCA_LUNG_N30/vectors,vectors,normal,1,normal,1,0.23480120301246643,0.765198826789856
Epithelial_cells_7_1_2_2900_500_500/train/normal/nlung__CCACCTACACCACCAG_LUNG_N18/vectors,vectors,normal,1,normal,1,0.1954212784767151,0.8045787811279297
Epithelial_cells_7_1_2_2900_500_500/train/normal/nlung__CACAGGCGTCTTGTCC_LUNG_N18/vectors,vectors,normal,1,normal,1,0.1980835646390915,0.8019164800643921
Epithelial_cells_7_1_2_2900_500_500/train/normal/nlung__TCTTTCCTCTGACCTC_LUNG_N06/vectors,vectors,normal,1,normal,1,0.18644662201404572,0.8135534524917603
Epithelial_cells_7_1_2_2900_500_500/train/normal/nlung__CCTTACGCAAGCGTAG_LUNG_N30/vectors,vectors,normal,1,normal,1,0.12991242110729218,0.8700875639915466
Epithelial_cells_7_1_2_2900_500_500/train/normal/nlung__CGTAGCGAGAATAGGG_LUNG_N30/vectors,vectors,normal,1,normal,1,0.19128988683223724,0.8087100982666016
Epithelial_cells_7_1_2_2900_500_500/train/normal/nlung__TAAGCGTGTGTGACCC_LUNG_N20/vectors,vectors,normal,1,normal,1,0.19622866809368134,0.8037713766098022
Epithelial_cells_7_1_2_2900_500_500/train/normal/nlung__TAGCCGGGTCTAGCCG_LUNG_N19/vectors,vectors,normal,1,normal,1,0.44080018997192383,0.5591997504234314
Epithelial_cells_7_1_2_2900_500_500/train/normal/nlung__ACGCAGCCAATGAATG_LUNG_N30/vectors,vectors,normal,1,normal,1,0.11750882863998413,0.8824911713600159
Epithelial_cells_7_1_2_2900_500_500/train/normal/nlung__GCACATAAGGACGAAA_LUNG_N09/vectors,vectors,normal,1,normal,1,0.23399068415164948,0.7660093307495117
Epithelial_cells_7_1_2_2900_500_500/train/normal/nlung__CACATAGGTAGCTGCC_LUNG_N30/vectors,vectors,normal,1,normal,1,0.2352401167154312,0.7647598385810852
Epithelial_cells_7_1_2_2900_500_500/train/normal/nlung__CACATAGTCTACTCAT_LUNG_N18/vectors,vectors,normal,1,normal,1,0.22716917097568512,0.7728307843208313
Epithelial_cells_7_1_2_2900_500_500/train/normal/nlung__CGATGTAGTTGTGGCC_LUNG_N28/vectors,vectors,normal,1,normal,1,0.3006942570209503,0.6993057727813721
Epithelial_cells_7_1_2_2900_500_500/train/normal/nlung__CAGTCCTCAATAGCGG_LUNG_N30/vectors,vectors,normal,1,normal,1,0.2871677577495575,0.7128322720527649
Epithelial_cells_7_1_2_2900_500_500/train/normal/nlung__ACCAGTATCGCTGATA_LUNG_N09/vectors,vectors,normal,1,normal,1,0.27125170826911926,0.7287483215332031
Epithelial_cells_7_1_2_2900_500_500/train/normal/nlung__TCTTTCCTCCCTGACT_LUNG_N18/vectors,vectors,normal,1,normal,1,0.35496392846107483,0.6450361013412476
Epithelial_cells_7_1_2_2900_500_500/train/normal/nlung__TGACTAGCAACGATGG_LUNG_N18/vectors,vectors,normal,1,normal,1,0.16491955518722534,0.8350805044174194
Epithelial_cells_7_1_2_2900_500_500/train/normal/nlung__GTAACGTAGGATTCGG_LUNG_N18/vectors,vectors,normal,1,normal,1,0.30179911851882935,0.6982008218765259
Epithelial_cells_7_1_2_2900_500_500/train/normal/nlung__GGCCGATCACGGTAGA_LUNG_N30/vectors,vectors,normal,1,normal,1,0.3394716680049896,0.660528302192688
Epithelial_cells_7_1_2_2900_500_500/train/normal/nlung__CGTCAGGAGAATAGGG_LUNG_N09/vectors,vectors,normal,1,normal,1,0.18122699856758118,0.8187730312347412
Epithelial_cells_7_1_2_2900_500_500/train/normal/nlung__GCGAGAATCAGATAAG_LUNG_N20/vectors,vectors,normal,1,normal,1,0.206253781914711,0.7937461733818054
Epithelial_cells_7_1_2_2900_500_500/train/normal/nlung__TCGCGTTAGTCGAGTG_LUNG_N06/vectors,vectors,normal,1,normal,1,0.3737329840660095,0.6262670755386353
Epithelial_cells_7_1_2_2900_500_500/train/normal/nlung__GCCAAATTCCTTGGTC_LUNG_N30/vectors,vectors,normal,1,normal,1,0.23559169471263885,0.7644083499908447
Epithelial_cells_7_1_2_2900_500_500/train/normal/nlung__TACTTGTTCCGCATAA_LUNG_N09/vectors,vectors,normal,1,normal,1,0.19893814623355865,0.8010619282722473
Epithelial_cells_7_1_2_2900_500_500/train/normal/nlung__TGACGGCTCAGTTCGA_LUNG_N30/vectors,vectors,normal,1,normal,1,0.24666942656040192,0.7533305883407593
Epithelial_cells_7_1_2_2900_500_500/train/normal/nlung__TTCCCAGTCAGCACAT_LUNG_N19/vectors,vectors,normal,1,normal,1,0.365598201751709,0.634401798248291
Epithelial_cells_7_1_2_2900_500_500/train/normal/nlung__CTACATTAGGCCATAG_LUNG_N28/vectors,vectors,normal,1,normal,1,0.24425029754638672,0.7557496428489685
Epithelial_cells_7_1_2_2900_500_500/train/normal/nlung__CGTGTAACAAGGTGTG_LUNG_N20/vectors,vectors,normal,1,normal,1,0.3154459595680237,0.6845540404319763
Epithelial_cells_7_1_2_2900_500_500/train/normal/nlung__ACATACGGTACCGTTA_LUNG_N18/vectors,vectors,normal,1,normal,1,0.20641371607780457,0.793586254119873
Epithelial_cells_7_1_2_2900_500_500/train/normal/nlung__GCATACAGTCCGACGT_LUNG_N28/vectors,vectors,normal,1,normal,1,0.21489731967449188,0.7851027250289917
Epithelial_cells_7_1_2_2900_500_500/train/normal/nlung__AGTGTCATCAGTACGT_LUNG_N18/vectors,vectors,normal,1,normal,1,0.24851137399673462,0.7514885663986206
Epithelial_cells_7_1_2_2900_500_500/train/normal/nlung__CACAGTAGTTGCCTCT_LUNG_N06/vectors,vectors,normal,1,normal,1,0.20989447832107544,0.7901055812835693
Epithelial_cells_7_1_2_2900_500_500/train/normal/nlung__ACAGCCGGTTCAGACT_LUNG_N09/vectors,vectors,normal,1,normal,1,0.1994248926639557,0.8005750775337219
Epithelial_cells_7_1_2_2900_500_500/train/normal/nlung__TGGACGCAGAGCCCAA_LUNG_N20/vectors,vectors,normal,1,normal,1,0.3182202875614166,0.6817798018455505
Epithelial_cells_7_1_2_2900_500_500/train/normal/nlung__GGATGTTTCAGAGGTG_LUNG_N18/vectors,vectors,normal,1,normal,1,0.1774720400571823,0.8225279450416565
Epithelial_cells_7_1_2_2900_500_500/train/normal/nlung__CCCAGTTTCCGCGTTT_LUNG_N20/vectors,vectors,normal,1,normal,1,0.27681270241737366,0.723187267780304
Epithelial_cells_7_1_2_2900_500_500/train/normal/nlung__ACAGCCGTCCCAGGTG_LUNG_N18/vectors,vectors,normal,1,normal,1,0.18530133366584778,0.8146985769271851
Epithelial_cells_7_1_2_2900_500_500/train/normal/nlung__GATCGATGTTCCACGG_LUNG_N30/vectors,vectors,normal,1,normal,1,0.2223411500453949,0.7776589393615723
Epithelial_cells_7_1_2_2900_500_500/train/normal/nlung__CTCGAAAGTGCGAAAC_LUNG_N18/vectors,vectors,normal,1,normal,1,0.2607422471046448,0.7392576932907104
Epithelial_cells_7_1_2_2900_500_500/train/normal/nlung__ATAACGCCACCATGTA_LUNG_N06/vectors,vectors,normal,1,normal,1,0.16593070328235626,0.8340692520141602
Epithelial_cells_7_1_2_2900_500_500/train/normal/nlung__GTCTCGTTCCTTCAAT_LUNG_N19/vectors,vectors,normal,1,normal,1,0.31724119186401367,0.6827588677406311
Epithelial_cells_7_1_2_2900_500_500/train/normal/nlung__TGGCCAGAGGCAGTCA_LUNG_N30/vectors,vectors,normal,1,normal,1,0.22160327434539795,0.7783967852592468
Epithelial_cells_7_1_2_2900_500_500/train/normal/nlung__TAGTTGGAGTCCATAC_LUNG_N30/vectors,vectors,normal,1,normal,1,0.26414474844932556,0.735855221748352
Epithelial_cells_7_1_2_2900_500_500/train/normal/nlung__CCTAGCTCAGTCACTA_LUNG_N30/vectors,vectors,normal,1,normal,1,0.21733753383159637,0.7826625108718872
Epithelial_cells_7_1_2_2900_500_500/train/normal/nlung__GCGCCAATCAGCATGT_LUNG_N30/vectors,vectors,normal,1,normal,1,0.16800208389759064,0.8319979310035706
Epithelial_cells_7_1_2_2900_500_500/train/normal/nlung__ACGAGGATCTCTTATG_LUNG_N30/vectors,vectors,normal,1,normal,1,0.295407772064209,0.7045922875404358
Epithelial_cells_7_1_2_2900_500_500/train/normal/nlung__TGCCCATGTAGGAGTC_LUNG_N18/vectors,vectors,normal,1,normal,1,0.23287665843963623,0.7671234011650085
Epithelial_cells_7_1_2_2900_500_500/train/normal/nlung__ACGGCCATCACTGGGC_LUNG_N30/vectors,vectors,normal,1,normal,1,0.29057806730270386,0.7094219326972961
Epithelial_cells_7_1_2_2900_500_500/train/normal/nlung__CGGACGTTCAACGAAA_LUNG_N20/vectors,vectors,normal,1,normal,1,0.2885690927505493,0.7114309072494507
Epithelial_cells_7_1_2_2900_500_500/train/normal/nlung__ACGAGGATCGAACGGA_LUNG_N19/vectors,vectors,normal,1,normal,1,0.25879400968551636,0.7412059307098389
Epithelial_cells_7_1_2_2900_500_500/train/normal/nlung__CTAGAGTCAGGTCTCG_LUNG_N20/vectors,vectors,normal,1,normal,1,0.3627152442932129,0.6372848153114319
Epithelial_cells_7_1_2_2900_500_500/train/normal/nlung__GTGGGTCGTAGGCTGA_LUNG_N18/vectors,vectors,normal,1,normal,1,0.29813364148139954,0.7018663883209229
Epithelial_cells_7_1_2_2900_500_500/train/normal/nlung__TGATTTCGTGGGTCAA_LUNG_N06/vectors,vectors,normal,1,normal,1,0.3159205913543701,0.6840793490409851
Epithelial_cells_7_1_2_2900_500_500/train/normal/nlung__TTTGTCATCAGCTCTC_LUNG_N28/vectors,vectors,normal,1,normal,1,0.33619481325149536,0.6638051271438599
Epithelial_cells_7_1_2_2900_500_500/train/normal/nlung__TGCTGCTGTCAACATC_LUNG_N30/vectors,vectors,normal,1,normal,1,0.389836847782135,0.610163152217865
Epithelial_cells_7_1_2_2900_500_500/train/normal/nlung__GAAGCAGTCTAGCACA_LUNG_N19/vectors,vectors,normal,1,normal,1,0.2786492109298706,0.7213507890701294
Epithelial_cells_7_1_2_2900_500_500/train/normal/nlung__GCGAGAATCGAATGCT_LUNG_N30/vectors,vectors,normal,1,normal,1,0.3490610122680664,0.6509389281272888
Epithelial_cells_7_1_2_2900_500_500/train/normal/nlung__TCACGAATCGCAAACT_LUNG_N20/vectors,vectors,normal,1,normal,1,0.33570465445518494,0.6642953157424927
Epithelial_cells_7_1_2_2900_500_500/train/normal/nlung__CCCAGTTGTGGTAACG_LUNG_N28/vectors,vectors,normal,1,normal,1,0.20815880596637726,0.7918412089347839
Epithelial_cells_7_1_2_2900_500_500/train/normal/nlung__CAGTAACGTGAGGGAG_LUNG_N09/vectors,vectors,normal,1,normal,1,0.20026426017284393,0.7997357845306396
Epithelial_cells_7_1_2_2900_500_500/train/normal/nlung__GAATAAGTCAACACTG_LUNG_N28/vectors,vectors,normal,1,normal,1,0.3285563588142395,0.6714436411857605
Epithelial_cells_7_1_2_2900_500_500/train/normal/nlung__TGCCAAAGTAATAGCA_LUNG_N30/vectors,vectors,normal,1,normal,1,0.19147881865501404,0.8085212111473083
Epithelial_cells_7_1_2_2900_500_500/train/normal/nlung__GTGCAGCCACTTGGAT_LUNG_N20/vectors,vectors,normal,1,normal,1,0.2947983145713806,0.7052016854286194
Epithelial_cells_7_1_2_2900_500_500/train/normal/nlung__ACATCAGAGTAAGTAC_LUNG_N06/vectors,vectors,normal,1,normal,1,0.3322562277317047,0.6677437424659729
Epithelial_cells_7_1_2_2900_500_500/train/normal/nlung__GCTGCAGCATTATCTC_LUNG_N18/vectors,vectors,normal,1,normal,1,0.24465616047382355,0.7553438544273376
Epithelial_cells_7_1_2_2900_500_500/train/normal/nlung__GTGCTTCCAAGCGCTC_LUNG_N09/vectors,vectors,normal,1,normal,1,0.2418697029352188,0.7581303119659424
Epithelial_cells_7_1_2_2900_500_500/train/normal/nlung__TTGTAGGTCGCGTAGC_LUNG_N30/vectors,vectors,normal,1,normal,1,0.24771437048912048,0.7522856593132019
Epithelial_cells_7_1_2_2900_500_500/train/normal/nlung__GACGTGCGTGGCCCTA_LUNG_N30/vectors,vectors,normal,1,normal,1,0.23850584030151367,0.7614941596984863
Epithelial_cells_7_1_2_2900_500_500/train/normal/nlung__CTTACCGCAGGCGATA_LUNG_N19/vectors,vectors,normal,1,normal,1,0.34714967012405396,0.6528502702713013
Epithelial_cells_7_1_2_2900_500_500/train/normal/nlung__TAGTGGTTCAGTTGAC_LUNG_N30/vectors,vectors,normal,1,normal,1,0.21829423308372498,0.7817057967185974
Epithelial_cells_7_1_2_2900_500_500/train/normal/nlung__GCAGTTAAGTTGTAGA_LUNG_N20/vectors,vectors,normal,1,normal,1,0.2078772634267807,0.7921227216720581
Epithelial_cells_7_1_2_2900_500_500/train/normal/nlung__TCTATTGTCCTAGTGA_LUNG_N30/vectors,vectors,normal,1,normal,1,0.31962552666664124,0.6803744435310364
Epithelial_cells_7_1_2_2900_500_500/train/normal/nlung__TGCGGGTAGGGATACC_LUNG_N19/vectors,vectors,normal,1,normal,1,0.15626578032970428,0.8437342047691345
Epithelial_cells_7_1_2_2900_500_500/train/normal/nlung__AGTGGGAGTATAAACG_LUNG_N19/vectors,vectors,normal,1,normal,1,0.21979768574237823,0.7802022695541382
Epithelial_cells_7_1_2_2900_500_500/train/normal/nlung__ACGGGTCGTGCTAGCC_LUNG_N09/vectors,vectors,normal,1,normal,1,0.34510526061058044,0.6548947095870972
Epithelial_cells_7_1_2_2900_500_500/train/normal/nlung__CCTTTCTGTCTTGTCC_LUNG_N20/vectors,vectors,normal,1,normal,1,0.2791156470775604,0.720884382724762
Epithelial_cells_7_1_2_2900_500_500/train/normal/nlung__GCAGCCATCATGCTCC_LUNG_N06/vectors,vectors,normal,1,normal,1,0.2286728471517563,0.7713271975517273
Epithelial_cells_7_1_2_2900_500_500/train/normal/nlung__AGCGTATAGAGTACAT_LUNG_N18/vectors,vectors,normal,1,normal,1,0.2787228226661682,0.7212772369384766
Epithelial_cells_7_1_2_2900_500_500/train/normal/nlung__CCATGTCTCCTAGGGC_LUNG_N28/vectors,vectors,normal,1,normal,1,0.3256813883781433,0.6743186712265015
Epithelial_cells_7_1_2_2900_500_500/train/normal/nlung__TCTCTAACATGCAACT_LUNG_N06/vectors,vectors,normal,1,normal,1,0.1560727208852768,0.843927264213562
Epithelial_cells_7_1_2_2900_500_500/train/normal/nlung__CCTTACGGTGTGAATA_LUNG_N30/vectors,vectors,normal,1,normal,1,0.17872284352779388,0.8212772011756897
Epithelial_cells_7_1_2_2900_500_500/train/normal/nlung__GCAATCAGTATAATGG_LUNG_N19/vectors,vectors,normal,1,normal,1,0.2833597958087921,0.7166402339935303
Epithelial_cells_7_1_2_2900_500_500/train/normal/nlung__CTCACACTCTCTGTCG_LUNG_N19/vectors,vectors,normal,1,normal,1,0.3289874196052551,0.6710126399993896
Epithelial_cells_7_1_2_2900_500_500/train/normal/nlung__GATGAGGGTTTGCATG_LUNG_N30/vectors,vectors,normal,1,normal,1,0.24940155446529388,0.7505984902381897
Epithelial_cells_7_1_2_2900_500_500/train/normal/nlung__AGCCTAACACAGACAG_LUNG_N18/vectors,vectors,normal,1,normal,1,0.23921604454517365,0.7607839703559875
Epithelial_cells_7_1_2_2900_500_500/train/normal/nlung__AACACGTGTGGTACAG_LUNG_N06/vectors,vectors,normal,1,normal,1,0.17576786875724792,0.8242321610450745
Epithelial_cells_7_1_2_2900_500_500/train/normal/nlung__CATGGCGAGCAGACTG_LUNG_N28/vectors,vectors,normal,1,normal,1,0.22841456532478333,0.7715854048728943
Epithelial_cells_7_1_2_2900_500_500/train/normal/nlung__ATCGAGTAGCCGGTAA_LUNG_N28/vectors,vectors,normal,1,normal,1,0.17606870830059052,0.8239313364028931
Epithelial_cells_7_1_2_2900_500_500/train/normal/nlung__TTGGAACAGAAACCGC_LUNG_N20/vectors,vectors,normal,1,normal,1,0.12732671201229095,0.8726732730865479
Epithelial_cells_7_1_2_2900_500_500/train/normal/nlung__CTGCCTAGTCCGTTAA_LUNG_N18/vectors,vectors,normal,1,normal,1,0.2769104540348053,0.7230895757675171
Epithelial_cells_7_1_2_2900_500_500/train/normal/nlung__TACTTGTGTCAAGCGA_LUNG_N19/vectors,vectors,normal,1,normal,1,0.37424737215042114,0.6257526278495789
Epithelial_cells_7_1_2_2900_500_500/train/normal/nlung__CACACTCAGTCACGCC_LUNG_N20/vectors,vectors,normal,1,normal,1,0.2294272929430008,0.7705726623535156
Epithelial_cells_7_1_2_2900_500_500/train/normal/nlung__AGGGTGAAGAATGTGT_LUNG_N18/vectors,vectors,normal,1,normal,1,0.3259226679801941,0.6740772724151611
Epithelial_cells_7_1_2_2900_500_500/train/normal/nlung__GGATTACAGATATACG_LUNG_N20/vectors,vectors,normal,1,normal,1,0.25226888060569763,0.74773108959198
Epithelial_cells_7_1_2_2900_500_500/train/normal/nlung__GAACATCTCCTCGCAT_LUNG_N09/vectors,vectors,normal,1,normal,1,0.3344535231590271,0.6655464172363281
Epithelial_cells_7_1_2_2900_500_500/train/normal/nlung__TCAATCTTCAGTTAGC_LUNG_N20/vectors,vectors,normal,1,normal,1,0.3319854438304901,0.6680145263671875
Epithelial_cells_7_1_2_2900_500_500/train/normal/nlung__TATTACCGTGGTAACG_LUNG_N30/vectors,vectors,normal,1,normal,1,0.2406853586435318,0.7593147158622742
Epithelial_cells_7_1_2_2900_500_500/train/normal/nlung__AGCATACGTTCCACTC_LUNG_N18/vectors,vectors,normal,1,normal,1,0.2035689502954483,0.7964310050010681
Epithelial_cells_7_1_2_2900_500_500/train/normal/nlung__CCGTGGACATGCCTAA_LUNG_N20/vectors,vectors,normal,1,normal,1,0.27938589453697205,0.7206140756607056
Epithelial_cells_7_1_2_2900_500_500/train/normal/nlung__CAGCAGCTCAGTTCGA_LUNG_N18/vectors,vectors,normal,1,normal,1,0.17732954025268555,0.8226704597473145
Epithelial_cells_7_1_2_2900_500_500/train/normal/nlung__CTCTAATCACTTGGAT_LUNG_N28/vectors,vectors,normal,1,normal,1,0.22325006127357483,0.7767500281333923
Epithelial_cells_7_1_2_2900_500_500/train/normal/nlung__ATTTCTGTCACATAGC_LUNG_N18/vectors,vectors,normal,1,normal,1,0.2207411527633667,0.7792588472366333
Epithelial_cells_7_1_2_2900_500_500/train/normal/nlung__GTCGTAATCACCGTAA_LUNG_N20/vectors,vectors,normal,1,cancer,0,0.5020751953125,0.4979248344898224
Epithelial_cells_7_1_2_2900_500_500/train/normal/nlung__AGCTCTCCACCTGGTG_LUNG_N20/vectors,vectors,normal,1,normal,1,0.26350465416908264,0.7364954352378845
Epithelial_cells_7_1_2_2900_500_500/train/normal/nlung__TCTGAGAAGGCCCTTG_LUNG_N30/vectors,vectors,normal,1,normal,1,0.34089648723602295,0.659103512763977
Epithelial_cells_7_1_2_2900_500_500/train/normal/nlung__GATCTAGAGCCGCCTA_LUNG_N30/vectors,vectors,normal,1,normal,1,0.2262917011976242,0.7737082839012146
Epithelial_cells_7_1_2_2900_500_500/train/normal/nlung__ATGGGAGAGGTGATAT_LUNG_N06/vectors,vectors,normal,1,normal,1,0.29375892877578735,0.7062410712242126
Epithelial_cells_7_1_2_2900_500_500/train/normal/nlung__GGACAAGTCCGGGTGT_LUNG_N20/vectors,vectors,normal,1,normal,1,0.4055076241493225,0.5944924354553223
Epithelial_cells_7_1_2_2900_500_500/train/normal/nlung__GCGCAACAGCTCAACT_LUNG_N09/vectors,vectors,normal,1,normal,1,0.34292900562286377,0.6570709347724915
Epithelial_cells_7_1_2_2900_500_500/train/normal/nlung__GGGTCTGGTGGCGAAT_LUNG_N18/vectors,vectors,normal,1,normal,1,0.2299240380525589,0.7700760364532471
Epithelial_cells_7_1_2_2900_500_500/train/normal/nlung__CATGGCGGTAGCGTCC_LUNG_N06/vectors,vectors,normal,1,normal,1,0.3414177894592285,0.6585822105407715
Epithelial_cells_7_1_2_2900_500_500/train/normal/nlung__AACACGTAGACTACAA_LUNG_N18/vectors,vectors,normal,1,normal,1,0.20149876177310944,0.798501193523407
Epithelial_cells_7_1_2_2900_500_500/train/normal/nlung__CATATTCGTTATCCGA_LUNG_N18/vectors,vectors,normal,1,normal,1,0.31032848358154297,0.6896714568138123
Epithelial_cells_7_1_2_2900_500_500/train/normal/nlung__GAACCTACAAGTCATC_LUNG_N30/vectors,vectors,normal,1,normal,1,0.1669808179140091,0.8330191969871521
Epithelial_cells_7_1_2_2900_500_500/train/normal/nlung__GACCAATCACTGTCGG_LUNG_N09/vectors,vectors,normal,1,normal,1,0.2738170325756073,0.7261828780174255
Epithelial_cells_7_1_2_2900_500_500/train/normal/nlung__CATCAGAGTTAGTGGG_LUNG_N28/vectors,vectors,normal,1,normal,1,0.13309094309806824,0.8669090270996094
Epithelial_cells_7_1_2_2900_500_500/train/normal/nlung__CTCGGGATCCGCGCAA_LUNG_N20/vectors,vectors,normal,1,normal,1,0.21566033363342285,0.7843396663665771
Epithelial_cells_7_1_2_2900_500_500/train/normal/nlung__CCCTCCTCACGCGAAA_LUNG_N18/vectors,vectors,normal,1,normal,1,0.3122127056121826,0.6877872943878174
Epithelial_cells_7_1_2_2900_500_500/train/normal/nlung__CGAGAAGGTAGCTAAA_LUNG_N06/vectors,vectors,normal,1,normal,1,0.19851049780845642,0.801489531993866
Epithelial_cells_7_1_2_2900_500_500/train/normal/nlung__CATGGCGGTTAAGAAC_LUNG_N30/vectors,vectors,normal,1,normal,1,0.296043336391449,0.7039567232131958
Epithelial_cells_7_1_2_2900_500_500/train/normal/nlung__ACACTGATCCAAAGTC_LUNG_N30/vectors,vectors,normal,1,normal,1,0.251142293214798,0.7488576769828796
Epithelial_cells_7_1_2_2900_500_500/train/normal/nlung__CGTCACTTCACATAGC_LUNG_N20/vectors,vectors,normal,1,normal,1,0.2341001033782959,0.7658999562263489
Epithelial_cells_7_1_2_2900_500_500/train/normal/nlung__CAGCTGGGTAAAGGAG_LUNG_N18/vectors,vectors,normal,1,normal,1,0.18251658976078033,0.8174834251403809
Epithelial_cells_7_1_2_2900_500_500/train/normal/nlung__GCTCTGTAGGAATTAC_LUNG_N18/vectors,vectors,normal,1,normal,1,0.29905402660369873,0.700946033000946
Epithelial_cells_7_1_2_2900_500_500/train/normal/nlung__TCTGAGACAACTTGAC_LUNG_N19/vectors,vectors,normal,1,normal,1,0.28831857442855835,0.7116814851760864
Epithelial_cells_7_1_2_2900_500_500/train/normal/nlung__CGAGCCAGTATGAAAC_LUNG_N19/vectors,vectors,normal,1,normal,1,0.26350465416908264,0.7364954352378845
Epithelial_cells_7_1_2_2900_500_500/train/normal/nlung__CGATCGGTCATCGATG_LUNG_N18/vectors,vectors,normal,1,normal,1,0.17506158351898193,0.8249383568763733
Epithelial_cells_7_1_2_2900_500_500/train/normal/nlung__TATCAGGCAGTAACGG_LUNG_N30/vectors,vectors,normal,1,normal,1,0.2530295252799988,0.7469704747200012
Epithelial_cells_7_1_2_2900_500_500/train/normal/nlung__AAACCTGAGTCGCCGT_LUNG_N30/vectors,vectors,normal,1,normal,1,0.21235449612140656,0.7876455187797546
Epithelial_cells_7_1_2_2900_500_500/train/normal/nlung__AGCCTAAAGCACGCCT_LUNG_N18/vectors,vectors,normal,1,normal,1,0.27074524760246277,0.7292547225952148
Epithelial_cells_7_1_2_2900_500_500/train/normal/nlung__GCACATAAGAGGACGG_LUNG_N28/vectors,vectors,normal,1,normal,1,0.2573915719985962,0.7426084280014038
Epithelial_cells_7_1_2_2900_500_500/train/normal/nlung__ATGTGTGTCCACGAAT_LUNG_N20/vectors,vectors,normal,1,normal,1,0.24555963277816772,0.7544404864311218
Epithelial_cells_7_1_2_2900_500_500/train/normal/nlung__GTTCATTTCCGAAGAG_LUNG_N06/vectors,vectors,normal,1,normal,1,0.15736332535743713,0.8426367044448853
Epithelial_cells_7_1_2_2900_500_500/train/normal/nlung__GAACATCGTTGCGCAC_LUNG_N18/vectors,vectors,normal,1,normal,1,0.2349986433982849,0.7650013566017151
Epithelial_cells_7_1_2_2900_500_500/train/normal/nlung__AGAGCTTTCACTCCTG_LUNG_N09/vectors,vectors,normal,1,normal,1,0.22492676973342896,0.775073230266571
Epithelial_cells_7_1_2_2900_500_500/train/normal/nlung__GTCACGGTCTCTGCTG_LUNG_N18/vectors,vectors,normal,1,normal,1,0.23633994162082672,0.7636600732803345
Epithelial_cells_7_1_2_2900_500_500/train/normal/nlung__TCCACACAGTACCGGA_LUNG_N18/vectors,vectors,normal,1,normal,1,0.340238481760025,0.6597614288330078
Epithelial_cells_7_1_2_2900_500_500/train/normal/nlung__ATAGACCAGATATGGT_LUNG_N18/vectors,vectors,normal,1,normal,1,0.27938589453697205,0.7206140756607056
Epithelial_cells_7_1_2_2900_500_500/train/normal/nlung__CCTTCCCAGAACTGTA_LUNG_N28/vectors,vectors,normal,1,normal,1,0.18500664830207825,0.8149933218955994
Epithelial_cells_7_1_2_2900_500_500/train/normal/nlung__GCGAGAAAGAGCCCAA_LUNG_N30/vectors,vectors,normal,1,normal,1,0.2230384200811386,0.776961624622345
Epithelial_cells_7_1_2_2900_500_500/train/normal/nlung__TGAGGGAGTCTAAACC_LUNG_N28/vectors,vectors,normal,1,normal,1,0.21723373234272003,0.7827662825584412
Epithelial_cells_7_1_2_2900_500_500/train/normal/nlung__GTGCAGCTCCAATGGT_LUNG_N28/vectors,vectors,normal,1,normal,1,0.3503935933113098,0.6496064066886902
Epithelial_cells_7_1_2_2900_500_500/train/normal/nlung__GACGCGTGTCTCACCT_LUNG_N06/vectors,vectors,normal,1,normal,1,0.2738412916660309,0.7261586785316467
Epithelial_cells_7_1_2_2900_500_500/train/normal/nlung__CATCGAAAGGCCCTCA_LUNG_N06/vectors,vectors,normal,1,normal,1,0.21411573886871338,0.7858842611312866
Epithelial_cells_7_1_2_2900_500_500/train/normal/nlung__AGCATACTCGGCATCG_LUNG_N19/vectors,vectors,normal,1,normal,1,0.3177701532840729,0.68222975730896
Epithelial_cells_7_1_2_2900_500_500/train/normal/nlung__TGTATTCGTACCGGCT_LUNG_N19/vectors,vectors,normal,1,normal,1,0.32279279828071594,0.6772072315216064
Epithelial_cells_7_1_2_2900_500_500/train/normal/nlung__CGTGTCTCACATGTGT_LUNG_N28/vectors,vectors,normal,1,normal,1,0.18260765075683594,0.8173923492431641
Epithelial_cells_7_1_2_2900_500_500/train/normal/nlung__CCTCTGAGTCTACCTC_LUNG_N20/vectors,vectors,normal,1,normal,1,0.22594992816448212,0.7740501165390015
Epithelial_cells_7_1_2_2900_500_500/train/normal/nlung__GATCGATCAATGAAAC_LUNG_N18/vectors,vectors,normal,1,normal,1,0.2826414704322815,0.7173585295677185
Epithelial_cells_7_1_2_2900_500_500/train/normal/nlung__GTCACAAGTCGAAAGC_LUNG_N18/vectors,vectors,normal,1,normal,1,0.1946355402469635,0.8053644299507141
Epithelial_cells_7_1_2_2900_500_500/train/normal/nlung__TTTCCTCAGTGAATTG_LUNG_N18/vectors,vectors,normal,1,normal,1,0.23399068415164948,0.7660093307495117
Epithelial_cells_7_1_2_2900_500_500/train/normal/nlung__ATAACGCGTTCCCGAG_LUNG_N18/vectors,vectors,normal,1,normal,1,0.29563647508621216,0.7043635845184326
Epithelial_cells_7_1_2_2900_500_500/train/normal/nlung__TCATTTGCACAAGACG_LUNG_N18/vectors,vectors,normal,1,normal,1,0.2635757327079773,0.7364243268966675
Epithelial_cells_7_1_2_2900_500_500/train/normal/nlung__GTAGTCATCCTGTAGA_LUNG_N30/vectors,vectors,normal,1,normal,1,0.16463395953178406,0.8353660702705383
Epithelial_cells_7_1_2_2900_500_500/train/normal/nlung__TTTGTCAAGAAGGTGA_LUNG_N06/vectors,vectors,normal,1,normal,1,0.24319280683994293,0.7568072080612183
Epithelial_cells_7_1_2_2900_500_500/train/normal/nlung__CTCATTACAGTCCTTC_LUNG_N19/vectors,vectors,normal,1,normal,1,0.27318641543388367,0.7268136143684387
Epithelial_cells_7_1_2_2900_500_500/train/normal/nlung__CATTATCCAACACCTA_LUNG_N19/vectors,vectors,normal,1,normal,1,0.3249044418334961,0.6750956177711487
Epithelial_cells_7_1_2_2900_500_500/train/normal/nlung__TTAGGCAGTTGTCGCG_LUNG_N20/vectors,vectors,normal,1,normal,1,0.354516863822937,0.645483136177063
Epithelial_cells_7_1_2_2900_500_500/train/normal/nlung__ATGAGGGAGGTAAACT_LUNG_N30/vectors,vectors,normal,1,normal,1,0.28509822487831116,0.714901864528656
Epithelial_cells_7_1_2_2900_500_500/train/normal/nlung__CGAATGTCATAGTAAG_LUNG_N28/vectors,vectors,normal,1,normal,1,0.3622356951236725,0.6377643346786499
Epithelial_cells_7_1_2_2900_500_500/train/normal/nlung__CCGTTCAAGATCGATA_LUNG_N06/vectors,vectors,normal,1,normal,1,0.1980641633272171,0.8019357919692993
Epithelial_cells_7_1_2_2900_500_500/train/normal/nlung__AACTTTCCAGACGTAG_LUNG_N30/vectors,vectors,normal,1,normal,1,0.16327859461307526,0.8367214202880859
Epithelial_cells_7_1_2_2900_500_500/train/normal/nlung__TCAATCTGTTAAGGGC_LUNG_N20/vectors,vectors,normal,1,normal,1,0.25666892528533936,0.7433310747146606
Epithelial_cells_7_1_2_2900_500_500/train/normal/nlung__CAGAATCTCCATGAAC_LUNG_N06/vectors,vectors,normal,1,normal,1,0.3631950616836548,0.63680499792099
Epithelial_cells_7_1_2_2900_500_500/train/normal/nlung__GATTCAGAGCGTGTCC_LUNG_N18/vectors,vectors,normal,1,normal,1,0.3028032183647156,0.6971967220306396
Epithelial_cells_7_1_2_2900_500_500/train/normal/nlung__TACCTATCATCTCCCA_LUNG_N06/vectors,vectors,normal,1,normal,1,0.287192702293396,0.712807297706604
Epithelial_cells_7_1_2_2900_500_500/train/normal/nlung__ACGGAGATCAGCTGGC_LUNG_N20/vectors,vectors,normal,1,normal,1,0.1666414886713028,0.8333584666252136
Epithelial_cells_7_1_2_2900_500_500/train/normal/nlung__TTCTTAGGTACCCAAT_LUNG_N19/vectors,vectors,normal,1,normal,1,0.30899763107299805,0.6910023093223572
Epithelial_cells_7_1_2_2900_500_500/train/normal/nlung__TTGGCAACAGTTAACC_LUNG_N30/vectors,vectors,normal,1,normal,1,0.32493120431900024,0.6750688552856445
Epithelial_cells_7_1_2_2900_500_500/train/normal/nlung__GCTGCTTGTTCTGGTA_LUNG_N20/vectors,vectors,normal,1,normal,1,0.20087102055549622,0.7991290092468262
Epithelial_cells_7_1_2_2900_500_500/train/normal/nlung__TTTATGCGTTCGCGAC_LUNG_N09/vectors,vectors,normal,1,normal,1,0.2840791940689087,0.7159207463264465
Epithelial_cells_7_1_2_2900_500_500/train/normal/nlung__CGACCTTAGCGATATA_LUNG_N06/vectors,vectors,normal,1,normal,1,0.30530881881713867,0.6946911215782166
Epithelial_cells_7_1_2_2900_500_500/train/normal/nlung__CAGCTAATCCATGAAC_LUNG_N30/vectors,vectors,normal,1,normal,1,0.12473183125257492,0.875268280506134
Epithelial_cells_7_1_2_2900_500_500/train/normal/nlung__AACTTTCTCGGTCCGA_LUNG_N18/vectors,vectors,normal,1,normal,1,0.2849489450454712,0.7150511145591736
Epithelial_cells_7_1_2_2900_500_500/train/normal/nlung__ATCTACTAGGAATTAC_LUNG_N30/vectors,vectors,normal,1,normal,1,0.16064424812793732,0.8393557667732239
Epithelial_cells_7_1_2_2900_500_500/train/normal/nlung__AAGGCAGAGCCGATTT_LUNG_N18/vectors,vectors,normal,1,normal,1,0.18837997317314148,0.8116200566291809
Epithelial_cells_7_1_2_2900_500_500/train/normal/nlung__CCTCAGTGTGACGGTA_LUNG_N06/vectors,vectors,normal,1,normal,1,0.2641921937465668,0.7358078360557556
Epithelial_cells_7_1_2_2900_500_500/train/normal/nlung__ACACCGGAGTGAACAT_LUNG_N18/vectors,vectors,normal,1,normal,1,0.35006028413772583,0.649939775466919
Epithelial_cells_7_1_2_2900_500_500/train/normal/nlung__ACACCAACACGGTTTA_LUNG_N18/vectors,vectors,normal,1,normal,1,0.34992140531539917,0.6500785946846008
Epithelial_cells_7_1_2_2900_500_500/train/normal/nlung__GAAATGATCGTTGCCT_LUNG_N30/vectors,vectors,normal,1,normal,1,0.2930249869823456,0.706974983215332
Epithelial_cells_7_1_2_2900_500_500/train/normal/nlung__GACGTGCAGTATCTCG_LUNG_N18/vectors,vectors,normal,1,normal,1,0.3027001917362213,0.6972997784614563
Epithelial_cells_7_1_2_2900_500_500/train/normal/nlung__CGTCACTCATGGAATA_LUNG_N18/vectors,vectors,normal,1,normal,1,0.23241902887821198,0.767581045627594
Epithelial_cells_7_1_2_2900_500_500/train/normal/nlung__AGTTGGTAGCTGAAAT_LUNG_N19/vectors,vectors,normal,1,normal,1,0.24837464094161987,0.7516253590583801
Epithelial_cells_7_1_2_2900_500_500/train/normal/nlung__AAAGATGCAGATAATG_LUNG_N09/vectors,vectors,normal,1,normal,1,0.3292029798030853,0.6707969903945923
Epithelial_cells_7_1_2_2900_500_500/train/normal/nlung__GATCGCGGTGGAAAGA_LUNG_N09/vectors,vectors,normal,1,normal,1,0.2310715764760971,0.7689284682273865
Epithelial_cells_7_1_2_2900_500_500/train/normal/nlung__CTCTACGGTTTAGCTG_LUNG_N30/vectors,vectors,normal,1,normal,1,0.3760787546634674,0.623921275138855
Epithelial_cells_7_1_2_2900_500_500/train/normal/nlung__GTGGGTCGTCGGCATC_LUNG_N20/vectors,vectors,normal,1,normal,1,0.34449857473373413,0.6555014252662659
Epithelial_cells_7_1_2_2900_500_500/train/normal/nlung__GCCAAATAGGGCTCTC_LUNG_N18/vectors,vectors,normal,1,normal,1,0.19339480996131897,0.8066051602363586
Epithelial_cells_7_1_2_2900_500_500/train/normal/nlung__GACTACAGTCGCGTGT_LUNG_N18/vectors,vectors,normal,1,normal,1,0.18642809987068176,0.8135718703269958
Epithelial_cells_7_1_2_2900_500_500/train/normal/nlung__AGCTCTCGTCCTCTTG_LUNG_N20/vectors,vectors,normal,1,normal,1,0.27573877573013306,0.7242612242698669
Epithelial_cells_7_1_2_2900_500_500/train/normal/nlung__GGGAATGAGTGTACGG_LUNG_N06/vectors,vectors,normal,1,normal,1,0.23333492875099182,0.7666651010513306
Epithelial_cells_7_1_2_2900_500_500/train/normal/nlung__TGCTGCTTCGAGGTAG_LUNG_N18/vectors,vectors,normal,1,normal,1,0.32167303562164307,0.6783269047737122
Epithelial_cells_7_1_2_2900_500_500/train/normal/nlung__AACTCCCCATCTATGG_LUNG_N30/vectors,vectors,normal,1,normal,1,0.29545858502388,0.7045414447784424
Epithelial_cells_7_1_2_2900_500_500/train/normal/nlung__AGGGTGAAGCCGCCTA_LUNG_N30/vectors,vectors,normal,1,normal,1,0.2929997444152832,0.7070003151893616
Epithelial_cells_7_1_2_2900_500_500/train/normal/nlung__CTACCCACATGCCTTC_LUNG_N06/vectors,vectors,normal,1,normal,1,0.13451988995075226,0.8654801845550537
Epithelial_cells_7_1_2_2900_500_500/train/normal/nlung__GTTCGGGCAAGACACG_LUNG_N30/vectors,vectors,normal,1,normal,1,0.4029499888420105,0.5970500707626343
Epithelial_cells_7_1_2_2900_500_500/train/normal/nlung__TCAGCTCAGTCCTCCT_LUNG_N28/vectors,vectors,normal,1,normal,1,0.3735329806804657,0.6264670491218567
Epithelial_cells_7_1_2_2900_500_500/train/normal/nlung__CGTTCTGGTCATATGC_LUNG_N06/vectors,vectors,normal,1,normal,1,0.20350956916809082,0.7964903712272644
Epithelial_cells_7_1_2_2900_500_500/train/normal/nlung__AGTGGGACACTTCGAA_LUNG_N20/vectors,vectors,normal,1,normal,1,0.26166096329689026,0.7383390069007874
Epithelial_cells_7_1_2_2900_500_500/train/normal/nlung__AAGGCAGTCTATGTGG_LUNG_N18/vectors,vectors,normal,1,normal,1,0.2888699173927307,0.7111300826072693
Epithelial_cells_7_1_2_2900_500_500/train/normal/nlung__CTGAAACTCATTATCC_LUNG_N19/vectors,vectors,normal,1,normal,1,0.2722179889678955,0.7277820110321045
Epithelial_cells_7_1_2_2900_500_500/train/normal/nlung__CATATGGAGAGCTATA_LUNG_N30/vectors,vectors,normal,1,normal,1,0.24614809453487396,0.7538519501686096
Epithelial_cells_7_1_2_2900_500_500/train/normal/nlung__ATTGGACGTGTGTGCC_LUNG_N20/vectors,vectors,normal,1,normal,1,0.23678086698055267,0.7632191181182861
Epithelial_cells_7_1_2_2900_500_500/train/normal/nlung__CACAGTATCACCACCT_LUNG_N28/vectors,vectors,normal,1,normal,1,0.31660693883895874,0.6833930611610413
Epithelial_cells_7_1_2_2900_500_500/train/normal/nlung__GGACATTGTCTACCTC_LUNG_N28/vectors,vectors,normal,1,normal,1,0.33136308193206787,0.6686369180679321
Epithelial_cells_7_1_2_2900_500_500/train/normal/nlung__TGTGTTTCAATAGAGT_LUNG_N30/vectors,vectors,normal,1,normal,1,0.2660711705684662,0.733928918838501
Epithelial_cells_7_1_2_2900_500_500/train/normal/nlung__ACGCCAGTCCTCTAGC_LUNG_N20/vectors,vectors,normal,1,normal,1,0.2501106262207031,0.7498893737792969
Epithelial_cells_7_1_2_2900_500_500/train/normal/nlung__ACACCGGCATGTAGTC_LUNG_N30/vectors,vectors,normal,1,normal,1,0.32015669345855713,0.6798432469367981
Epithelial_cells_7_1_2_2900_500_500/train/normal/nlung__AAGGAGCTCTTGAGAC_LUNG_N28/vectors,vectors,normal,1,normal,1,0.26978224515914917,0.730217695236206
Epithelial_cells_7_1_2_2900_500_500/train/normal/nlung__GTCACAAGTGTAAGTA_LUNG_N28/vectors,vectors,normal,1,normal,1,0.21769073605537415,0.7823092341423035
Epithelial_cells_7_1_2_2900_500_500/train/normal/nlung__CAGCAGCAGAACAACT_LUNG_N09/vectors,vectors,normal,1,normal,1,0.2473732978105545,0.7526267170906067
Epithelial_cells_7_1_2_2900_500_500/train/normal/nlung__ATTGGACCACAGACAG_LUNG_N18/vectors,vectors,normal,1,normal,1,0.3290413022041321,0.6709587574005127
Epithelial_cells_7_1_2_2900_500_500/train/normal/nlung__ACATGGTAGCCCGAAA_LUNG_N28/vectors,vectors,normal,1,normal,1,0.27742400765419006,0.7225759625434875
Epithelial_cells_7_1_2_2900_500_500/train/normal/nlung__TGTTCCGAGTAACCCT_LUNG_N28/vectors,vectors,normal,1,normal,1,0.18081074953079224,0.8191893100738525
Epithelial_cells_7_1_2_2900_500_500/train/normal/nlung__TGGGCGTGTAAACGCG_LUNG_N19/vectors,vectors,normal,1,normal,1,0.3797808587551117,0.6202191710472107
Epithelial_cells_7_1_2_2900_500_500/train/normal/nlung__CCGGGATTCGATGAGG_LUNG_N09/vectors,vectors,normal,1,normal,1,0.31970521807670593,0.6802948117256165
Epithelial_cells_7_1_2_2900_500_500/train/normal/nlung__CCCAGTTGTATATGGA_LUNG_N18/vectors,vectors,normal,1,normal,1,0.3114006519317627,0.6885993480682373
Epithelial_cells_7_1_2_2900_500_500/train/normal/nlung__GTGGGTCAGTTGAGTA_LUNG_N19/vectors,vectors,normal,1,normal,1,0.31869712471961975,0.6813028454780579
Epithelial_cells_7_1_2_2900_500_500/train/normal/nlung__ATGCGATAGCGATTCT_LUNG_N09/vectors,vectors,normal,1,normal,1,0.33347606658935547,0.6665239334106445
Epithelial_cells_7_1_2_2900_500_500/train/normal/nlung__AAACCTGGTCATCCCT_LUNG_N28/vectors,vectors,normal,1,normal,1,0.18226173520088196,0.8177382946014404
Epithelial_cells_7_1_2_2900_500_500/train/normal/nlung__CGAATGTGTCATGCAT_LUNG_N30/vectors,vectors,normal,1,normal,1,0.3171618580818176,0.6828381419181824
Epithelial_cells_7_1_2_2900_500_500/train/normal/nlung__GCTGGGTAGTCACGCC_LUNG_N30/vectors,vectors,normal,1,normal,1,0.1953253298997879,0.8046746850013733
Epithelial_cells_7_1_2_2900_500_500/train/normal/nlung__TCGTACCCATCACAAC_LUNG_N18/vectors,vectors,normal,1,normal,1,0.23963838815689087,0.7603616118431091
Epithelial_cells_7_1_2_2900_500_500/train/normal/nlung__GCTGCGAGTAGCACGA_LUNG_N20/vectors,vectors,normal,1,normal,1,0.3143661916255951,0.6856338381767273
Epithelial_cells_7_1_2_2900_500_500/train/normal/nlung__GTCTTCGCACATAACC_LUNG_N30/vectors,vectors,normal,1,normal,1,0.42793455719947815,0.5720654726028442
Epithelial_cells_7_1_2_2900_500_500/train/normal/nlung__ACGCCAGAGATCCCAT_LUNG_N20/vectors,vectors,normal,1,normal,1,0.23074637353420258,0.769253671169281
Epithelial_cells_7_1_2_2900_500_500/train/normal/nlung__CTTAGGATCAACGGGA_LUNG_N28/vectors,vectors,normal,1,normal,1,0.2495843917131424,0.7504156231880188
Epithelial_cells_7_1_2_2900_500_500/train/normal/nlung__ACGTCAATCATCGCTC_LUNG_N19/vectors,vectors,normal,1,normal,1,0.27578750252723694,0.7242124676704407
Epithelial_cells_7_1_2_2900_500_500/train/normal/nlung__TGGCCAGTCTAACGGT_LUNG_N28/vectors,vectors,normal,1,normal,1,0.16942305862903595,0.8305769562721252
Epithelial_cells_7_1_2_2900_500_500/train/normal/nlung__GTCGTAAAGCTGAAAT_LUNG_N06/vectors,vectors,normal,1,normal,1,0.19825813174247742,0.801741898059845
Epithelial_cells_7_1_2_2900_500_500/train/normal/nlung__CGTCTACGTGAGTATA_LUNG_N28/vectors,vectors,normal,1,normal,1,0.22573651373386383,0.7742635607719421
Epithelial_cells_7_1_2_2900_500_500/train/normal/nlung__CGAGAAGCAGGGATTG_LUNG_N09/vectors,vectors,normal,1,normal,1,0.3039383590221405,0.6960615515708923
Epithelial_cells_7_1_2_2900_500_500/train/normal/nlung__TCAGGTACATTTGCTT_LUNG_N20/vectors,vectors,normal,1,normal,1,0.15040279924869537,0.8495972156524658
Epithelial_cells_7_1_2_2900_500_500/train/normal/nlung__GACAGAGGTGTGCCTG_LUNG_N18/vectors,vectors,normal,1,normal,1,0.31610530614852905,0.683894693851471
Epithelial_cells_7_1_2_2900_500_500/train/normal/nlung__AATCGGTTCGCACTCT_LUNG_N30/vectors,vectors,normal,1,normal,1,0.2716620862483978,0.7283378839492798
Epithelial_cells_7_1_2_2900_500_500/train/normal/nlung__ATGAGGGCAATGGAAT_LUNG_N20/vectors,vectors,normal,1,normal,1,0.29474756121635437,0.7052524089813232
Epithelial_cells_7_1_2_2900_500_500/train/normal/nlung__CCACCTAAGCTCCCAG_LUNG_N20/vectors,vectors,normal,1,normal,1,0.2579052150249481,0.7420947551727295
Epithelial_cells_7_1_2_2900_500_500/train/normal/nlung__TGACAACAGAGGACGG_LUNG_N28/vectors,vectors,normal,1,normal,1,0.24148941040039062,0.7585105895996094
Epithelial_cells_7_1_2_2900_500_500/train/normal/nlung__CGAGCACCACTTAACG_LUNG_N06/vectors,vectors,normal,1,normal,1,0.3090237081050873,0.6909763216972351
Epithelial_cells_7_1_2_2900_500_500/train/normal/nlung__CTTACCGAGGACTGGT_LUNG_N18/vectors,vectors,normal,1,normal,1,0.1552705019712448,0.844729483127594
Epithelial_cells_7_1_2_2900_500_500/train/normal/nlung__ATTTCTGAGTGTGAAT_LUNG_N28/vectors,vectors,normal,1,normal,1,0.30507585406303406,0.6949241161346436
Epithelial_cells_7_1_2_2900_500_500/train/normal/nlung__CAGGTGCTCCGCAGTG_LUNG_N06/vectors,vectors,normal,1,normal,1,0.2820725739002228,0.7179275155067444
Epithelial_cells_7_1_2_2900_500_500/train/normal/nlung__AAACCTGTCGCTAGCG_LUNG_N28/vectors,vectors,normal,1,normal,1,0.3546565771102905,0.6453434824943542
Epithelial_cells_7_1_2_2900_500_500/train/normal/nlung__CAAGAAACAGTCCTTC_LUNG_N18/vectors,vectors,normal,1,normal,1,0.2548333704471588,0.7451667189598083
Epithelial_cells_7_1_2_2900_500_500/train/normal/nlung__GCCAAATCACCTCGTT_LUNG_N18/vectors,vectors,normal,1,normal,1,0.3701969087123871,0.6298030614852905
Epithelial_cells_7_1_2_2900_500_500/train/normal/nlung__TTAGTTCTCCCTTGCA_LUNG_N18/vectors,vectors,normal,1,normal,1,0.22723346948623657,0.7727665901184082
Epithelial_cells_7_1_2_2900_500_500/train/normal/nlung__TGCACCTTCATTCACT_LUNG_N20/vectors,vectors,normal,1,normal,1,0.2860196828842163,0.7139803767204285
Epithelial_cells_7_1_2_2900_500_500/train/normal/nlung__GTAGTCATCCGGCACA_LUNG_N09/vectors,vectors,normal,1,normal,1,0.2838558256626129,0.7161442041397095
Epithelial_cells_7_1_2_2900_500_500/train/normal/nlung__TACGGATAGGACGAAA_LUNG_N06/vectors,vectors,normal,1,normal,1,0.24055153131484985,0.7594484090805054
Epithelial_cells_7_1_2_2900_500_500/train/normal/nlung__GACGCGTCAGTGAGTG_LUNG_N20/vectors,vectors,normal,1,normal,1,0.20151841640472412,0.7984815835952759
Epithelial_cells_7_1_2_2900_500_500/train/normal/nlung__CCTCAGTCATGAGCGA_LUNG_N18/vectors,vectors,normal,1,normal,1,0.295941561460495,0.7040584683418274
Epithelial_cells_7_1_2_2900_500_500/train/normal/nlung__TGTGGTAAGACATAAC_LUNG_N30/vectors,vectors,normal,1,normal,1,0.17360320687294006,0.8263967633247375
Epithelial_cells_7_1_2_2900_500_500/train/normal/nlung__CCGTGGAAGGCCCGTT_LUNG_N20/vectors,vectors,normal,1,normal,1,0.13647887110710144,0.863521158695221
Epithelial_cells_7_1_2_2900_500_500/train/normal/nlung__GGACATTTCGGTGTCG_LUNG_N20/vectors,vectors,normal,1,normal,1,0.18438169360160828,0.8156182765960693
Epithelial_cells_7_1_2_2900_500_500/train/normal/nlung__CGCGGTACATCTATGG_LUNG_N30/vectors,vectors,normal,1,normal,1,0.24851137399673462,0.7514885663986206
Epithelial_cells_7_1_2_2900_500_500/train/normal/nlung__TCACGAAGTTAGGGTG_LUNG_N30/vectors,vectors,normal,1,normal,1,0.23340043425559998,0.7665995955467224
Epithelial_cells_7_1_2_2900_500_500/train/normal/nlung__GGACGTCGTCTCTTTA_LUNG_N18/vectors,vectors,normal,1,normal,1,0.21988144516944885,0.7801185250282288
Epithelial_cells_7_1_2_2900_500_500/train/normal/nlung__AAGGAGCAGTACGTAA_LUNG_N06/vectors,vectors,normal,1,normal,1,0.3424890637397766,0.6575109362602234
Epithelial_cells_7_1_2_2900_500_500/train/normal/nlung__CTTGGCTCATATGAGA_LUNG_N20/vectors,vectors,normal,1,normal,1,0.2574616074562073,0.7425384521484375
Epithelial_cells_7_1_2_2900_500_500/train/normal/nlung__CTGCCTATCAAACAAG_LUNG_N18/vectors,vectors,normal,1,normal,1,0.25194665789604187,0.7480533123016357
Epithelial_cells_7_1_2_2900_500_500/train/normal/nlung__TTAGTTCGTAATAGCA_LUNG_N20/vectors,vectors,normal,1,normal,1,0.2983124852180481,0.7016875147819519
Epithelial_cells_7_1_2_2900_500_500/train/normal/nlung__CATTCGCGTTGTACAC_LUNG_N18/vectors,vectors,normal,1,normal,1,0.4322431683540344,0.5677568912506104
Epithelial_cells_7_1_2_2900_500_500/train/normal/nlung__ACTATCTGTCGAATCT_LUNG_N20/vectors,vectors,normal,1,normal,1,0.24905891716480255,0.7509410977363586
Epithelial_cells_7_1_2_2900_500_500/train/normal/nlung__CGTAGGCAGCGATCCC_LUNG_N19/vectors,vectors,normal,1,normal,1,0.3203161656856537,0.6796838641166687
Epithelial_cells_7_1_2_2900_500_500/train/normal/nlung__CGTAGCGGTAATTGGA_LUNG_N30/vectors,vectors,normal,1,normal,1,0.33347606658935547,0.6665239334106445
Epithelial_cells_7_1_2_2900_500_500/train/normal/nlung__GTTCATTTCTCGATGA_LUNG_N30/vectors,vectors,normal,1,normal,1,0.1393524557352066,0.8606475591659546
Epithelial_cells_7_1_2_2900_500_500/train/normal/nlung__TGAGAGGCAAGAGTCG_LUNG_N18/vectors,vectors,normal,1,normal,1,0.1357181817293167,0.8642818331718445
Epithelial_cells_7_1_2_2900_500_500/train/normal/nlung__AACTCTTCAAGCTGGA_LUNG_N28/vectors,vectors,normal,1,normal,1,0.4124118387699127,0.5875881314277649
Epithelial_cells_7_1_2_2900_500_500/train/normal/nlung__CCCAGTTTCATGCTCC_LUNG_N18/vectors,vectors,normal,1,normal,1,0.2355257272720337,0.7644742727279663
Epithelial_cells_7_1_2_2900_500_500/train/normal/nlung__CACAGTACAAAGCGGT_LUNG_N18/vectors,vectors,normal,1,normal,1,0.1909690797328949,0.8090309500694275
Epithelial_cells_7_1_2_2900_500_500/train/normal/nlung__AGGGTGATCGTAGGTT_LUNG_N20/vectors,vectors,normal,1,normal,1,0.2714206576347351,0.7285794019699097
Epithelial_cells_7_1_2_2900_500_500/train/normal/nlung__CGTAGCGAGCAACGGT_LUNG_N20/vectors,vectors,normal,1,normal,1,0.22414036095142365,0.7758597135543823
Epithelial_cells_7_1_2_2900_500_500/train/normal/nlung__CGTCACTAGGTAGCCA_LUNG_N18/vectors,vectors,normal,1,normal,1,0.29548394680023193,0.7045160531997681
Epithelial_cells_7_1_2_2900_500_500/train/normal/nlung__AAGGAGCTCCTCCTAG_LUNG_N20/vectors,vectors,normal,1,normal,1,0.34021109342575073,0.6597888469696045
Epithelial_cells_7_1_2_2900_500_500/train/normal/nlung__CTCGAAACAGTATAAG_LUNG_N09/vectors,vectors,normal,1,normal,1,0.26452454924583435,0.7354754209518433
Epithelial_cells_7_1_2_2900_500_500/train/normal/nlung__ACGAGCCGTAAACGCG_LUNG_N09/vectors,vectors,normal,1,normal,1,0.40594911575317383,0.594050943851471
Epithelial_cells_7_1_2_2900_500_500/train/normal/nlung__ATAGACCGTACCTACA_LUNG_N20/vectors,vectors,normal,1,normal,1,0.2112947404384613,0.7887052893638611
Epithelial_cells_7_1_2_2900_500_500/train/normal/nlung__TGTATTCCAGCATACT_LUNG_N18/vectors,vectors,normal,1,normal,1,0.2369794398546219,0.7630205750465393
Epithelial_cells_7_1_2_2900_500_500/train/normal/nlung__CAGCTAATCCTCGCAT_LUNG_N30/vectors,vectors,normal,1,normal,1,0.18561482429504395,0.814385175704956
Epithelial_cells_7_1_2_2900_500_500/train/normal/nlung__GAACATCTCCCTAACC_LUNG_N19/vectors,vectors,normal,1,normal,1,0.24735060334205627,0.7526494860649109
Epithelial_cells_7_1_2_2900_500_500/train/normal/nlung__ATCTACTAGCAAATCA_LUNG_N30/vectors,vectors,normal,1,normal,1,0.34703901410102844,0.652961015701294
Epithelial_cells_7_1_2_2900_500_500/train/normal/nlung__GTGAAGGAGTTGCAGG_LUNG_N28/vectors,vectors,normal,1,normal,1,0.239838644862175,0.7601613998413086
Epithelial_cells_7_1_2_2900_500_500/train/normal/nlung__TCTATTGCAAACGTGG_LUNG_N30/vectors,vectors,normal,1,normal,1,0.26937365531921387,0.7306263446807861
Epithelial_cells_7_1_2_2900_500_500/train/normal/nlung__CGGAGTCAGGGATCTG_LUNG_N19/vectors,vectors,normal,1,normal,1,0.4393564462661743,0.5606436133384705
Epithelial_cells_7_1_2_2900_500_500/train/normal/nlung__TCTGGAATCGCCTGTT_LUNG_N20/vectors,vectors,normal,1,normal,1,0.2508210241794586,0.7491790056228638
Epithelial_cells_7_1_2_2900_500_500/train/normal/nlung__ACGCAGCCAGCTGCTG_LUNG_N19/vectors,vectors,normal,1,normal,1,0.2508210241794586,0.7491790056228638
Epithelial_cells_7_1_2_2900_500_500/train/normal/nlung__TCGTACCGTCGCCATG_LUNG_N09/vectors,vectors,normal,1,normal,1,0.36684489250183105,0.6331552267074585
Epithelial_cells_7_1_2_2900_500_500/train/normal/nlung__CACCAGGGTTCATGGT_LUNG_N19/vectors,vectors,normal,1,normal,1,0.3193070888519287,0.6806929111480713
Epithelial_cells_7_1_2_2900_500_500/train/normal/nlung__AAGCCGCGTGTCTGAT_LUNG_N18/vectors,vectors,normal,1,normal,1,0.20709441602230072,0.7929056286811829
Epithelial_cells_7_1_2_2900_500_500/train/normal/nlung__TAAGCGTGTGTGAATA_LUNG_N19/vectors,vectors,normal,1,normal,1,0.3157886862754822,0.684211254119873
Epithelial_cells_7_1_2_2900_500_500/train/normal/nlung__AGCATACAGTACGTAA_LUNG_N18/vectors,vectors,normal,1,normal,1,0.25137194991111755,0.7486280798912048
Epithelial_cells_7_1_2_2900_500_500/train/normal/nlung__ACTTGTTGTTACCAGT_LUNG_N18/vectors,vectors,normal,1,normal,1,0.3570629358291626,0.6429370641708374
Epithelial_cells_7_1_2_2900_500_500/train/normal/nlung__GTGCGGTGTGTAAGTA_LUNG_N30/vectors,vectors,normal,1,normal,1,0.2695658802986145,0.7304341793060303
Epithelial_cells_7_1_2_2900_500_500/train/normal/nlung__AATCCAGGTCCTCCAT_LUNG_N20/vectors,vectors,normal,1,normal,1,0.23999445140361786,0.7600055932998657
Epithelial_cells_7_1_2_2900_500_500/train/normal/nlung__AACTTTCAGGGCTTCC_LUNG_N18/vectors,vectors,normal,1,normal,1,0.23852801322937012,0.7614719867706299
Epithelial_cells_7_1_2_2900_500_500/train/normal/nlung__ACTGTCCTCGACGGAA_LUNG_N18/vectors,vectors,normal,1,normal,1,0.14529718458652496,0.8547027707099915
Epithelial_cells_7_1_2_2900_500_500/train/normal/nlung__CGATGTACACCTCGTT_LUNG_N28/vectors,vectors,normal,1,normal,1,0.3856927156448364,0.6143072247505188
Epithelial_cells_7_1_2_2900_500_500/train/normal/nlung__TGACTTTAGCTACCTA_LUNG_N30/vectors,vectors,normal,1,normal,1,0.2857205867767334,0.7142794728279114
Epithelial_cells_7_1_2_2900_500_500/train/normal/nlung__ACACCCTTCACGCATA_LUNG_N09/vectors,vectors,normal,1,normal,1,0.38058629631996155,0.6194137334823608
Epithelial_cells_7_1_2_2900_500_500/train/normal/nlung__AAACGGGTCGCAGGCT_LUNG_N28/vectors,vectors,normal,1,normal,1,0.2426091432571411,0.7573908567428589
Epithelial_cells_7_1_2_2900_500_500/train/normal/nlung__ATTACTCAGCGTAGTG_LUNG_N19/vectors,vectors,normal,1,normal,1,0.4278448820114136,0.5721550583839417
Epithelial_cells_7_1_2_2900_500_500/train/normal/nlung__CCTACCAAGTATCGAA_LUNG_N06/vectors,vectors,normal,1,normal,1,0.24339506030082703,0.7566049098968506
Epithelial_cells_7_1_2_2900_500_500/train/normal/nlung__TGAAAGAGTCACCCAG_LUNG_N18/vectors,vectors,normal,1,normal,1,0.2817266285419464,0.7182733416557312
Epithelial_cells_7_1_2_2900_500_500/train/normal/nlung__GTCGGGTAGGCATTGG_LUNG_N19/vectors,vectors,normal,1,normal,1,0.4520520865917206,0.547947883605957
Epithelial_cells_7_1_2_2900_500_500/train/normal/nlung__GTGCAGCAGTGAACAT_LUNG_N28/vectors,vectors,normal,1,normal,1,0.30128493905067444,0.6987150311470032
Epithelial_cells_7_1_2_2900_500_500/train/normal/nlung__GTGCTTCAGCGATCCC_LUNG_N18/vectors,vectors,normal,1,normal,1,0.31362995505332947,0.6863700151443481
Epithelial_cells_7_1_2_2900_500_500/train/normal/nlung__CAGAATCAGATGTAAC_LUNG_N28/vectors,vectors,normal,1,normal,1,0.35248038172721863,0.6475196480751038
Epithelial_cells_7_1_2_2900_500_500/train/normal/nlung__ATAGACCCACCACGTG_LUNG_N18/vectors,vectors,normal,1,normal,1,0.2263772040605545,0.7736228108406067
Epithelial_cells_7_1_2_2900_500_500/train/normal/nlung__CACAAACGTTCTCATT_LUNG_N28/vectors,vectors,normal,1,normal,1,0.34438830614089966,0.6556116938591003
Epithelial_cells_7_1_2_2900_500_500/train/normal/nlung__TGAAAGACAGCTGTAT_LUNG_N19/vectors,vectors,normal,1,normal,1,0.2784774899482727,0.7215225100517273
Epithelial_cells_7_1_2_2900_500_500/train/normal/nlung__GGACAAGCACCAGGCT_LUNG_N30/vectors,vectors,normal,1,normal,1,0.18496984243392944,0.8150301575660706
Epithelial_cells_7_1_2_2900_500_500/train/normal/nlung__CTCGAAACAGCCTTTC_LUNG_N09/vectors,vectors,normal,1,normal,1,0.4920356273651123,0.5079644322395325
Epithelial_cells_7_1_2_2900_500_500/train/normal/nlung__CAGCCGAGTGCTAGCC_LUNG_N06/vectors,vectors,normal,1,normal,1,0.19000908732414246,0.8099910020828247
Epithelial_cells_7_1_2_2900_500_500/train/normal/nlung__GACTAACAGCCAGTTT_LUNG_N28/vectors,vectors,normal,1,normal,1,0.35843726992607117,0.6415627002716064
Epithelial_cells_7_1_2_2900_500_500/train/normal/nlung__GAACGGACATATACCG_LUNG_N30/vectors,vectors,normal,1,normal,1,0.3461543619632721,0.6538455486297607
Epithelial_cells_7_1_2_2900_500_500/train/normal/nlung__GCGACCAGTCGAACAG_LUNG_N30/vectors,vectors,normal,1,normal,1,0.3076959550380707,0.6923040747642517
Epithelial_cells_7_1_2_2900_500_500/train/normal/nlung__TAGAGCTAGTGCAAGC_LUNG_N30/vectors,vectors,normal,1,normal,1,0.2605305314064026,0.7394694685935974
Epithelial_cells_7_1_2_2900_500_500/train/normal/nlung__GCTCCTATCACTGGGC_LUNG_N18/vectors,vectors,normal,1,normal,1,0.32084789872169495,0.6791520714759827
Epithelial_cells_7_1_2_2900_500_500/train/normal/nlung__TACTTGTGTCGCATCG_LUNG_N19/vectors,vectors,normal,1,normal,1,0.14378780126571655,0.8562122583389282
Epithelial_cells_7_1_2_2900_500_500/train/normal/nlung__CTCGGAGAGTTATCGC_LUNG_N30/vectors,vectors,normal,1,normal,1,0.34367209672927856,0.6563279628753662
Epithelial_cells_7_1_2_2900_500_500/train/normal/nlung__CCTTCCCGTTAAAGAC_LUNG_N18/vectors,vectors,normal,1,normal,1,0.34235161542892456,0.6576483845710754
Epithelial_cells_7_1_2_2900_500_500/train/normal/nlung__TTCTCAATCACCCGAG_LUNG_N20/vectors,vectors,normal,1,normal,1,0.19051684439182281,0.8094831705093384
Epithelial_cells_7_1_2_2900_500_500/train/normal/nlung__TACGGTATCACAAACC_LUNG_N06/vectors,vectors,normal,1,normal,1,0.20256146788597107,0.7974385023117065
Epithelial_cells_7_1_2_2900_500_500/train/normal/nlung__ATCACGACACAGGCCT_LUNG_N06/vectors,vectors,normal,1,normal,1,0.2422952651977539,0.7577047348022461
Epithelial_cells_7_1_2_2900_500_500/train/normal/nlung__TGTGGTAGTCATATCG_LUNG_N09/vectors,vectors,normal,1,normal,1,0.3080601394176483,0.6919399499893188
Epithelial_cells_7_1_2_2900_500_500/train/normal/nlung__CTACCCAAGACAAAGG_LUNG_N20/vectors,vectors,normal,1,normal,1,0.3911442458629608,0.608855664730072
Epithelial_cells_7_1_2_2900_500_500/train/normal/nlung__CTACCCATCCGGCACA_LUNG_N20/vectors,vectors,normal,1,normal,1,0.15467903017997742,0.8453210592269897
Epithelial_cells_7_1_2_2900_500_500/train/normal/nlung__CAGTAACAGTTGTCGT_LUNG_N30/vectors,vectors,normal,1,normal,1,0.20204931497573853,0.7979507446289062
Epithelial_cells_7_1_2_2900_500_500/train/normal/nlung__TAGCCGGAGATGTTAG_LUNG_N20/vectors,vectors,normal,1,normal,1,0.43071597814559937,0.5692840814590454
Epithelial_cells_7_1_2_2900_500_500/train/normal/nlung__GGAACTTAGAAGGTGA_LUNG_N19/vectors,vectors,normal,1,normal,1,0.2969599962234497,0.7030400633811951
Epithelial_cells_7_1_2_2900_500_500/train/normal/nlung__CCGGTAGAGGCGTACA_LUNG_N28/vectors,vectors,normal,1,normal,1,0.32276609539985657,0.677233874797821
Epithelial_cells_7_1_2_2900_500_500/train/normal/nlung__TCGCGTTAGTTGTCGT_LUNG_N28/vectors,vectors,normal,1,normal,1,0.25587788224220276,0.7441222071647644
Epithelial_cells_7_1_2_2900_500_500/train/normal/nlung__GTAACTGAGCCACCTG_LUNG_N20/vectors,vectors,normal,1,normal,1,0.25038546323776245,0.7496145367622375
Epithelial_cells_7_1_2_2900_500_500/train/normal/nlung__AACTCTTAGTTAGGTA_LUNG_N28/vectors,vectors,normal,1,normal,1,0.1554146409034729,0.8445852994918823
Epithelial_cells_7_1_2_2900_500_500/train/normal/nlung__TGTGTTTCAAGAAGAG_LUNG_N30/vectors,vectors,normal,1,normal,1,0.34108850359916687,0.6589115262031555
Epithelial_cells_7_1_2_2900_500_500/train/normal/nlung__GCGAGAAAGAGAGCTC_LUNG_N09/vectors,vectors,normal,1,normal,1,0.2553436756134033,0.7446563243865967
Epithelial_cells_7_1_2_2900_500_500/train/normal/nlung__AGGGAGTGTAGCGTAG_LUNG_N09/vectors,vectors,normal,1,normal,1,0.3339918255805969,0.6660082340240479
Epithelial_cells_7_1_2_2900_500_500/train/normal/nlung__CCTTTCTAGACAGAGA_LUNG_N18/vectors,vectors,normal,1,normal,1,0.3095974624156952,0.6904025673866272
Epithelial_cells_7_1_2_2900_500_500/train/normal/nlung__CACAAACGTTACGCGC_LUNG_N30/vectors,vectors,normal,1,normal,1,0.18559637665748596,0.8144035935401917
Epithelial_cells_7_1_2_2900_500_500/train/normal/nlung__TATCTCAGTATAAACG_LUNG_N30/vectors,vectors,normal,1,normal,1,0.42372629046440125,0.5762737393379211
Epithelial_cells_7_1_2_2900_500_500/train/normal/nlung__CTCACACTCGTAGGTT_LUNG_N30/vectors,vectors,normal,1,normal,1,0.284551203250885,0.7154489159584045
Epithelial_cells_7_1_2_2900_500_500/train/normal/nlung__CCTACCAGTCGGCATC_LUNG_N18/vectors,vectors,normal,1,normal,1,0.1882306933403015,0.8117693066596985
Epithelial_cells_7_1_2_2900_500_500/train/normal/nlung__ATGAGGGCAATTGCTG_LUNG_N20/vectors,vectors,normal,1,normal,1,0.1682923585176468,0.8317075967788696
Epithelial_cells_7_1_2_2900_500_500/train/normal/nlung__CCGGTAGCAGGGAGAG_LUNG_N20/vectors,vectors,normal,1,normal,1,0.2918631136417389,0.7081368565559387
Epithelial_cells_7_1_2_2900_500_500/train/normal/nlung__TCAGGATAGCGGCTTC_LUNG_N28/vectors,vectors,normal,1,normal,1,0.15543067455291748,0.8445693254470825
Epithelial_cells_7_1_2_2900_500_500/train/normal/nlung__CTTAGGATCTGAAAGA_LUNG_N09/vectors,vectors,normal,1,normal,1,0.30038630962371826,0.6996136903762817
Epithelial_cells_7_1_2_2900_500_500/train/normal/nlung__GGGATGAAGCCTCGTG_LUNG_N09/vectors,vectors,normal,1,normal,1,0.2214769572019577,0.7785230875015259
Epithelial_cells_7_1_2_2900_500_500/train/normal/nlung__GTTCGGGCAGATCTGT_LUNG_N06/vectors,vectors,normal,1,normal,1,0.396301805973053,0.6036982536315918
Epithelial_cells_7_1_2_2900_500_500/train/normal/nlung__GTACTTTGTCGTTGTA_LUNG_N30/vectors,vectors,normal,1,normal,1,0.17314834892749786,0.8268516063690186
Epithelial_cells_7_1_2_2900_500_500/train/normal/nlung__CCACGGATCAGTACGT_LUNG_N19/vectors,vectors,normal,1,normal,1,0.4133291244506836,0.5866708159446716
Epithelial_cells_7_1_2_2900_500_500/train/normal/nlung__GCATACAAGTTACGGG_LUNG_N28/vectors,vectors,normal,1,normal,1,0.19576700031757355,0.8042330145835876
Epithelial_cells_7_1_2_2900_500_500/train/normal/nlung__ACATGGTGTTGACGTT_LUNG_N19/vectors,vectors,normal,1,normal,1,0.27735063433647156,0.7226493954658508
Epithelial_cells_7_1_2_2900_500_500/train/normal/nlung__ACTATCTGTTCAGGCC_LUNG_N19/vectors,vectors,normal,1,normal,1,0.239349365234375,0.7606507539749146
Epithelial_cells_7_1_2_2900_500_500/train/normal/nlung__ACGATGTGTAAGGGAA_LUNG_N18/vectors,vectors,normal,1,normal,1,0.2362518161535263,0.7637481689453125
Epithelial_cells_7_1_2_2900_500_500/train/normal/nlung__ATGAGGGTCTCCAACC_LUNG_N06/vectors,vectors,normal,1,normal,1,0.1696980744600296,0.8303018808364868
Epithelial_cells_7_1_2_2900_500_500/train/normal/nlung__CCTTACGGTGAAATCA_LUNG_N09/vectors,vectors,normal,1,normal,1,0.2406630516052246,0.7593369483947754
Epithelial_cells_7_1_2_2900_500_500/train/normal/nlung__AGAGTGGAGTGCGTGA_LUNG_N19/vectors,vectors,normal,1,normal,1,0.3826603591442108,0.6173396110534668
Epithelial_cells_7_1_2_2900_500_500/train/normal/nlung__GCTCTGTAGACGCTTT_LUNG_N28/vectors,vectors,normal,1,normal,1,0.2847251296043396,0.7152749300003052
Epithelial_cells_7_1_2_2900_500_500/train/normal/nlung__GAAATGAAGCTGAAAT_LUNG_N30/vectors,vectors,normal,1,normal,1,0.23565766215324402,0.7643424272537231
Epithelial_cells_7_1_2_2900_500_500/train/normal/nlung__TGAGGGATCCTTTCGG_LUNG_N30/vectors,vectors,normal,1,normal,1,0.22053122520446777,0.7794687151908875
Epithelial_cells_7_1_2_2900_500_500/train/normal/nlung__GCTTCCAAGCGGATCA_LUNG_N19/vectors,vectors,normal,1,normal,1,0.34342432022094727,0.6565756797790527
Epithelial_cells_7_1_2_2900_500_500/train/normal/nlung__AGGGATGAGTAAGTAC_LUNG_N18/vectors,vectors,normal,1,normal,1,0.32124704122543335,0.6787529587745667
Epithelial_cells_7_1_2_2900_500_500/train/normal/nlung__TTATGCTTCCTCCTAG_LUNG_N20/vectors,vectors,normal,1,normal,1,0.31205543875694275,0.6879445314407349
Epithelial_cells_7_1_2_2900_500_500/train/normal/nlung__TTCTCAACAATTGCTG_LUNG_N09/vectors,vectors,normal,1,normal,1,0.28383100032806396,0.7161689400672913
Epithelial_cells_7_1_2_2900_500_500/train/normal/nlung__CGTCACTCATTACCTT_LUNG_N30/vectors,vectors,normal,1,normal,1,0.3614182770252228,0.6385817527770996
Epithelial_cells_7_1_2_2900_500_500/train/normal/nlung__GTTACAGTCAACCAAC_LUNG_N06/vectors,vectors,normal,1,normal,1,0.25443947315216064,0.7455605268478394
Epithelial_cells_7_1_2_2900_500_500/train/normal/nlung__CTACCCAAGATCCGAG_LUNG_N06/vectors,vectors,normal,1,normal,1,0.234647735953331,0.7653523683547974
Epithelial_cells_7_1_2_2900_500_500/train/normal/nlung__GTAACGTGTTAAGAAC_LUNG_N06/vectors,vectors,normal,1,cancer,0,0.5064083337783813,0.49359166622161865
Epithelial_cells_7_1_2_2900_500_500/train/normal/nlung__ACGCCGACACGTCTCT_LUNG_N30/vectors,vectors,normal,1,normal,1,0.31239622831344604,0.687603771686554
Epithelial_cells_7_1_2_2900_500_500/train/normal/nlung__GGTATTGTCATCACCC_LUNG_N06/vectors,vectors,normal,1,normal,1,0.2254805862903595,0.7745195031166077
Epithelial_cells_7_1_2_2900_500_500/train/normal/nlung__ATCATGGTCGTGACAT_LUNG_N20/vectors,vectors,normal,1,normal,1,0.19337575137615204,0.8066242337226868
Epithelial_cells_7_1_2_2900_500_500/train/normal/nlung__TTCTCCTCATTTGCCC_LUNG_N20/vectors,vectors,normal,1,normal,1,0.4098702371120453,0.5901297926902771
Epithelial_cells_7_1_2_2900_500_500/train/normal/nlung__TGCACCTAGAGACTAT_LUNG_N30/vectors,vectors,normal,1,normal,1,0.20944945514202118,0.7905504703521729
Epithelial_cells_7_1_2_2900_500_500/train/normal/nlung__GCTCTGTTCACATACG_LUNG_N28/vectors,vectors,normal,1,normal,1,0.25966134667396545,0.7403386831283569
Epithelial_cells_7_1_2_2900_500_500/train/normal/nlung__AAGGCAGGTCAAAGCG_LUNG_N28/vectors,vectors,normal,1,normal,1,0.22862979769706726,0.7713702321052551
Epithelial_cells_7_1_2_2900_500_500/train/normal/nlung__CAGGTGCCATCGATGT_LUNG_N06/vectors,vectors,normal,1,normal,1,0.2581857144832611,0.741814374923706
Epithelial_cells_7_1_2_2900_500_500/train/normal/nlung__CCCAATCTCCCTTGTG_LUNG_N30/vectors,vectors,normal,1,normal,1,0.2238432914018631,0.7761567234992981
Epithelial_cells_7_1_2_2900_500_500/train/normal/nlung__AGTGAGGTCTATCGCC_LUNG_N18/vectors,vectors,normal,1,normal,1,0.20177389681339264,0.7982261776924133
Epithelial_cells_7_1_2_2900_500_500/train/normal/nlung__TTGAACGAGCCACTAT_LUNG_N06/vectors,vectors,normal,1,normal,1,0.18460208177566528,0.8153978586196899
Epithelial_cells_7_1_2_2900_500_500/train/normal/nlung__CAGTAACAGCCACGTC_LUNG_N19/vectors,vectors,normal,1,normal,1,0.2953568994998932,0.7046430706977844
Epithelial_cells_7_1_2_2900_500_500/train/normal/nlung__GAAGCAGGTTCCGTCT_LUNG_N18/vectors,vectors,normal,1,normal,1,0.20396506786346436,0.7960349321365356
Epithelial_cells_7_1_2_2900_500_500/train/normal/nlung__TAGACCACAATAGCAA_LUNG_N20/vectors,vectors,normal,1,normal,1,0.2267836332321167,0.7732163667678833
Epithelial_cells_7_1_2_2900_500_500/train/normal/nlung__GCACTCTCACATTTCT_LUNG_N09/vectors,vectors,normal,1,normal,1,0.3372035622596741,0.6627964377403259
Epithelial_cells_7_1_2_2900_500_500/train/normal/nlung__GCTCCTAGTCCAGTAT_LUNG_N09/vectors,vectors,normal,1,normal,1,0.3091019093990326,0.690898060798645
Epithelial_cells_7_1_2_2900_500_500/train/normal/nlung__TTTCCTCCAATGGAAT_LUNG_N30/vectors,vectors,normal,1,normal,1,0.3661363422870636,0.6338636875152588
Epithelial_cells_7_1_2_2900_500_500/train/normal/nlung__GCAGTTAGTGAGGGTT_LUNG_N20/vectors,vectors,normal,1,normal,1,0.3435894846916199,0.6564105153083801
Epithelial_cells_7_1_2_2900_500_500/train/normal/nlung__TAAACCGCATTTGCCC_LUNG_N18/vectors,vectors,normal,1,normal,1,0.19790910184383392,0.8020908832550049
Epithelial_cells_7_1_2_2900_500_500/train/normal/nlung__TGGTTCCAGGCGATAC_LUNG_N09/vectors,vectors,normal,1,normal,1,0.3305252194404602,0.6694747805595398
Epithelial_cells_7_1_2_2900_500_500/train/normal/nlung__AGCTTGACAGGCAGTA_LUNG_N18/vectors,vectors,normal,1,normal,1,0.27229052782058716,0.7277094721794128
Epithelial_cells_7_1_2_2900_500_500/train/normal/nlung__AACTCAGCAGTCGATT_LUNG_N28/vectors,vectors,normal,1,normal,1,0.26243993639945984,0.7375600337982178
Epithelial_cells_7_1_2_2900_500_500/train/normal/nlung__CGATTGAAGACTTTCG_LUNG_N30/vectors,vectors,normal,1,normal,1,0.15215817093849182,0.8478418588638306
Epithelial_cells_7_1_2_2900_500_500/train/normal/nlung__GAAATGAAGATAGTCA_LUNG_N18/vectors,vectors,normal,1,normal,1,0.12576161324977875,0.8742383122444153
Epithelial_cells_7_1_2_2900_500_500/train/normal/nlung__ACAGCTATCCCTCTTT_LUNG_N20/vectors,vectors,normal,1,normal,1,0.3518954813480377,0.6481044888496399
Epithelial_cells_7_1_2_2900_500_500/train/normal/nlung__CAACTAGCATGTCGAT_LUNG_N18/vectors,vectors,normal,1,normal,1,0.1635456085205078,0.836454451084137
Epithelial_cells_7_1_2_2900_500_500/train/normal/nlung__GCTGCGATCGAATCCA_LUNG_N30/vectors,vectors,normal,1,normal,1,0.26452454924583435,0.7354754209518433
Epithelial_cells_7_1_2_2900_500_500/train/normal/nlung__TCTGGAATCAACACAC_LUNG_N20/vectors,vectors,normal,1,normal,1,0.2812575101852417,0.7187424898147583
Epithelial_cells_7_1_2_2900_500_500/train/normal/nlung__TGCTGCTTCAGAAATG_LUNG_N28/vectors,vectors,normal,1,normal,1,0.21659092605113983,0.783409059047699
Epithelial_cells_7_1_2_2900_500_500/train/normal/nlung__TTCTACAGTAACGACG_LUNG_N18/vectors,vectors,normal,1,normal,1,0.3636750876903534,0.6363248229026794
Epithelial_cells_7_1_2_2900_500_500/train/normal/nlung__CTCTACGTCCTCTAGC_LUNG_N30/vectors,vectors,normal,1,normal,1,0.4862705171108246,0.513729453086853
Epithelial_cells_7_1_2_2900_500_500/train/normal/nlung__CTTCTCTGTATAATGG_LUNG_N06/vectors,vectors,normal,1,normal,1,0.19831635057926178,0.8016837239265442
Epithelial_cells_7_1_2_2900_500_500/train/normal/nlung__GCATGATTCTGCAAGT_LUNG_N30/vectors,vectors,normal,1,normal,1,0.17187626659870148,0.8281238079071045
Epithelial_cells_7_1_2_2900_500_500/train/normal/nlung__CCAATCCAGGGTGTTG_LUNG_N30/vectors,vectors,normal,1,normal,1,0.2574616074562073,0.7425384521484375
Epithelial_cells_7_1_2_2900_500_500/train/normal/nlung__TCCCGATTCACAATGC_LUNG_N09/vectors,vectors,normal,1,normal,1,0.1711997240781784,0.8288003206253052
Epithelial_cells_7_1_2_2900_500_500/train/normal/nlung__CCGTTCAGTAGCTAAA_LUNG_N18/vectors,vectors,normal,1,normal,1,0.1809554398059845,0.8190445899963379
Epithelial_cells_7_1_2_2900_500_500/train/normal/nlung__TTTGCGCTCGGCTTGG_LUNG_N18/vectors,vectors,normal,1,normal,1,0.30907586216926575,0.6909241676330566
Epithelial_cells_7_1_2_2900_500_500/train/normal/nlung__CGTGTCTAGTGCCATT_LUNG_N06/vectors,vectors,normal,1,normal,1,0.3390612006187439,0.6609387993812561
Epithelial_cells_7_1_2_2900_500_500/train/normal/nlung__AGATTGCGTCACTGGC_LUNG_N18/vectors,vectors,normal,1,normal,1,0.19837459921836853,0.8016254901885986
Epithelial_cells_7_1_2_2900_500_500/train/normal/nlung__GTCTTCGAGTCGAGTG_LUNG_N30/vectors,vectors,normal,1,normal,1,0.25583139061927795,0.7441685795783997
Epithelial_cells_7_1_2_2900_500_500/train/normal/nlung__CGAACATGTAAGGGAA_LUNG_N20/vectors,vectors,normal,1,normal,1,0.24610278010368347,0.7538972496986389
Epithelial_cells_7_1_2_2900_500_500/train/normal/nlung__ACTTTCACAGACGTAG_LUNG_N18/vectors,vectors,normal,1,normal,1,0.29558563232421875,0.7044143676757812
Epithelial_cells_7_1_2_2900_500_500/train/normal/nlung__TGAGCCGAGGACGAAA_LUNG_N18/vectors,vectors,normal,1,normal,1,0.2878679037094116,0.7121320962905884
Epithelial_cells_7_1_2_2900_500_500/train/normal/nlung__CTGTTTAAGTCATGCT_LUNG_N09/vectors,vectors,normal,1,normal,1,0.26062461733818054,0.7393754124641418
Epithelial_cells_7_1_2_2900_500_500/train/normal/nlung__AACTCAGCAACACGCC_LUNG_N18/vectors,vectors,normal,1,normal,1,0.2862440347671509,0.7137559652328491
Epithelial_cells_7_1_2_2900_500_500/train/normal/nlung__GCATGCGTCGCTTGTC_LUNG_N28/vectors,vectors,normal,1,normal,1,0.19730909168720245,0.8026909232139587
Epithelial_cells_7_1_2_2900_500_500/train/normal/nlung__CAGAGAGGTACACCGC_LUNG_N20/vectors,vectors,normal,1,normal,1,0.2633388340473175,0.7366611957550049
Epithelial_cells_7_1_2_2900_500_500/train/normal/nlung__GAAACTCGTTTGACAC_LUNG_N18/vectors,vectors,normal,1,normal,1,0.26404985785484314,0.7359501123428345
Epithelial_cells_7_1_2_2900_500_500/train/normal/nlung__AACACGTCAGTGGGAT_LUNG_N20/vectors,vectors,normal,1,normal,1,0.38191089034080505,0.6180891394615173
Epithelial_cells_7_1_2_2900_500_500/train/normal/nlung__TTCTTAGAGGTTACCT_LUNG_N06/vectors,vectors,normal,1,normal,1,0.3158678412437439,0.6841321587562561
Epithelial_cells_7_1_2_2900_500_500/train/normal/nlung__GTCACAAAGAATGTGT_LUNG_N06/vectors,vectors,normal,1,normal,1,0.1545354276895523,0.8454645872116089
Epithelial_cells_7_1_2_2900_500_500/train/normal/nlung__GACTAACAGATCACGG_LUNG_N18/vectors,vectors,normal,1,normal,1,0.16272899508476257,0.8372710347175598
Epithelial_cells_7_1_2_2900_500_500/train/normal/nlung__TTGAACGTCTACCAGA_LUNG_N19/vectors,vectors,normal,1,normal,1,0.278575599193573,0.721424400806427
Epithelial_cells_7_1_2_2900_500_500/train/normal/nlung__AAATGCCCAAGAGTCG_LUNG_N30/vectors,vectors,normal,1,normal,1,0.30691641569137573,0.6930835843086243
Epithelial_cells_7_1_2_2900_500_500/train/normal/nlung__TCTTCGGTCCTAAGTG_LUNG_N20/vectors,vectors,normal,1,normal,1,0.22346177697181702,0.7765381932258606
Epithelial_cells_7_1_2_2900_500_500/train/normal/nlung__CTAACTTGTTGAACTC_LUNG_N30/vectors,vectors,normal,1,normal,1,0.26747989654541016,0.7325201630592346
Epithelial_cells_7_1_2_2900_500_500/train/normal/nlung__TGCCCATAGATATGCA_LUNG_N18/vectors,vectors,normal,1,normal,1,0.1964983493089676,0.8035017251968384
Epithelial_cells_7_1_2_2900_500_500/train/normal/nlung__CGTCCATAGCCTTGAT_LUNG_N30/vectors,vectors,normal,1,normal,1,0.18126322329044342,0.8187368512153625
Epithelial_cells_7_1_2_2900_500_500/train/normal/nlung__CGCTATCCATGACATC_LUNG_N18/vectors,vectors,normal,1,normal,1,0.19068634510040283,0.8093136548995972
Epithelial_cells_7_1_2_2900_500_500/train/normal/nlung__GCTTCCACAATACGCT_LUNG_N30/vectors,vectors,normal,1,normal,1,0.26650044322013855,0.7334995865821838
Epithelial_cells_7_1_2_2900_500_500/train/normal/nlung__GCATGATAGAGCCCAA_LUNG_N18/vectors,vectors,normal,1,normal,1,0.26645272970199585,0.7335473299026489
Epithelial_cells_7_1_2_2900_500_500/train/normal/nlung__CGAATGTTCGCATGGC_LUNG_N30/vectors,vectors,normal,1,normal,1,0.16846328973770142,0.8315367102622986
Epithelial_cells_7_1_2_2900_500_500/train/normal/nlung__CATGGCGGTGCTTCTC_LUNG_N18/vectors,vectors,normal,1,normal,1,0.19396673142910004,0.8060333132743835
Epithelial_cells_7_1_2_2900_500_500/train/normal/nlung__CGACTTCCATTGGCGC_LUNG_N19/vectors,vectors,normal,1,normal,1,0.1275167465209961,0.8724832534790039
Epithelial_cells_7_1_2_2900_500_500/train/normal/nlung__GTATCTTGTGGTTTCA_LUNG_N06/vectors,vectors,normal,1,normal,1,0.24873945116996765,0.7512605786323547
Epithelial_cells_7_1_2_2900_500_500/train/normal/nlung__GACGCGTCACACCGCA_LUNG_N19/vectors,vectors,normal,1,normal,1,0.22684787213802338,0.7731521725654602
Epithelial_cells_7_1_2_2900_500_500/train/normal/nlung__AGCTCCTGTCTGCGGT_LUNG_N09/vectors,vectors,normal,1,normal,1,0.2759825885295868,0.7240173816680908
Epithelial_cells_7_1_2_2900_500_500/train/normal/nlung__GCGAGAAGTGACTCAT_LUNG_N18/vectors,vectors,normal,1,normal,1,0.15429633855819702,0.845703661441803
Epithelial_cells_7_1_2_2900_500_500/train/normal/nlung__CTGCTGTTCTCCAACC_LUNG_N09/vectors,vectors,normal,1,normal,1,0.4252471327781677,0.5747528076171875
Epithelial_cells_7_1_2_2900_500_500/train/normal/nlung__CGCGGTACAATGGTCT_LUNG_N09/vectors,vectors,normal,1,normal,1,0.35967332124710083,0.6403266191482544
Epithelial_cells_7_1_2_2900_500_500/train/normal/nlung__TGGCGCACACCATCCT_LUNG_N09/vectors,vectors,normal,1,normal,1,0.3150506615638733,0.6849493384361267
Epithelial_cells_7_1_2_2900_500_500/train/normal/nlung__AACACGTGTCTGCCAG_LUNG_N19/vectors,vectors,normal,1,normal,1,0.30564555525779724,0.6943544745445251
Epithelial_cells_7_1_2_2900_500_500/train/normal/nlung__ATTATCCGTATAGGTA_LUNG_N30/vectors,vectors,normal,1,normal,1,0.16413092613220215,0.8358690738677979
Epithelial_cells_7_1_2_2900_500_500/train/normal/nlung__GACGCGTTCTAACTTC_LUNG_N20/vectors,vectors,normal,1,normal,1,0.22910374402999878,0.7708962559700012
Epithelial_cells_7_1_2_2900_500_500/train/normal/nlung__AGACGTTCACCCATGG_LUNG_N30/vectors,vectors,normal,1,normal,1,0.1962864249944687,0.8037136197090149
Epithelial_cells_7_1_2_2900_500_500/train/normal/nlung__CGCCAAGAGCGTGAAC_LUNG_N28/vectors,vectors,normal,1,normal,1,0.387342631816864,0.6126573085784912
Epithelial_cells_7_1_2_2900_500_500/train/normal/nlung__CGCTTCAAGCTGTCTA_LUNG_N09/vectors,vectors,normal,1,normal,1,0.3178231120109558,0.6821768879890442
Epithelial_cells_7_1_2_2900_500_500/train/normal/nlung__AAACCTGGTGCAGTAG_LUNG_N18/vectors,vectors,normal,1,normal,1,0.28614428639411926,0.7138556838035583
Epithelial_cells_7_1_2_2900_500_500/train/normal/nlung__ACGAGGAGTAATCACC_LUNG_N19/vectors,vectors,normal,1,normal,1,0.16043038666248322,0.8395696878433228
Epithelial_cells_7_1_2_2900_500_500/train/normal/nlung__GAACATCTCTGCTGCT_LUNG_N19/vectors,vectors,normal,1,normal,1,0.2916865348815918,0.7083134651184082
Epithelial_cells_7_1_2_2900_500_500/train/normal/nlung__GTTACAGTCGCTTGTC_LUNG_N06/vectors,vectors,normal,1,normal,1,0.19595925509929657,0.804040789604187
Epithelial_cells_7_1_2_2900_500_500/train/normal/nlung__CGTAGCGGTACATGTC_LUNG_N30/vectors,vectors,normal,1,normal,1,0.2906787395477295,0.7093212604522705
Epithelial_cells_7_1_2_2900_500_500/train/normal/nlung__CCTTCCCGTCAATGTC_LUNG_N28/vectors,vectors,normal,1,normal,1,0.44239556789398193,0.5576043725013733
Epithelial_cells_7_1_2_2900_500_500/train/normal/nlung__AAAGATGAGGTACTCT_LUNG_N18/vectors,vectors,normal,1,normal,1,0.3326084017753601,0.6673915982246399
Epithelial_cells_7_1_2_2900_500_500/train/normal/nlung__AGCCTAAAGTCGAGTG_LUNG_N30/vectors,vectors,normal,1,normal,1,0.1882866621017456,0.8117133378982544
Epithelial_cells_7_1_2_2900_500_500/train/normal/nlung__TATTACCTCAACACAC_LUNG_N20/vectors,vectors,normal,1,normal,1,0.2045404464006424,0.7954595685005188
Epithelial_cells_7_1_2_2900_500_500/train/normal/nlung__GGTGAAGCACGGCTAC_LUNG_N20/vectors,vectors,normal,1,normal,1,0.17381347715854645,0.8261865377426147
Epithelial_cells_7_1_2_2900_500_500/train/normal/nlung__CGGGTCAGTTCGCGAC_LUNG_N28/vectors,vectors,normal,1,normal,1,0.45441168546676636,0.5455883741378784
Epithelial_cells_7_1_2_2900_500_500/train/normal/nlung__GGATGTTCACCAGTTA_LUNG_N20/vectors,vectors,normal,1,cancer,0,0.5603428483009338,0.4396570920944214
Epithelial_cells_7_1_2_2900_500_500/train/normal/nlung__GGGACCTAGTGGGCTA_LUNG_N18/vectors,vectors,normal,1,normal,1,0.2792384624481201,0.7207615971565247
Epithelial_cells_7_1_2_2900_500_500/train/normal/nlung__CTCGGGATCTTCTGGC_LUNG_N06/vectors,vectors,normal,1,normal,1,0.2967306971549988,0.703269362449646
Epithelial_cells_7_1_2_2900_500_500/train/normal/nlung__CATCAGAGTATATCCG_LUNG_N19/vectors,vectors,normal,1,normal,1,0.2650235891342163,0.7349764704704285
Epithelial_cells_7_1_2_2900_500_500/train/normal/nlung__ACAGCCGCACTTACGA_LUNG_N09/vectors,vectors,normal,1,normal,1,0.32570815086364746,0.6742917895317078
Epithelial_cells_7_1_2_2900_500_500/train/normal/nlung__GGGCATCTCGCGATCG_LUNG_N20/vectors,vectors,normal,1,normal,1,0.2735258638858795,0.7264741063117981
Epithelial_cells_7_1_2_2900_500_500/train/normal/nlung__TTGGCAAGTTAGGGTG_LUNG_N20/vectors,vectors,normal,1,normal,1,0.38702407479286194,0.6129760146141052
Epithelial_cells_7_1_2_2900_500_500/train/normal/nlung__TTGGAACAGAATAGGG_LUNG_N19/vectors,vectors,normal,1,normal,1,0.3439750075340271,0.6560249924659729
Epithelial_cells_7_1_2_2900_500_500/train/normal/nlung__ATCGAGTTCGACCAGC_LUNG_N18/vectors,vectors,normal,1,normal,1,0.27793821692466736,0.7220618724822998
Epithelial_cells_7_1_2_2900_500_500/train/normal/nlung__CCGTACTCATCTATGG_LUNG_N28/vectors,vectors,normal,1,normal,1,0.24008353054523468,0.7599164843559265
Epithelial_cells_7_1_2_2900_500_500/train/normal/nlung__ATCTGCCCACGGCTAC_LUNG_N20/vectors,vectors,normal,1,normal,1,0.1965947300195694,0.8034052848815918
Epithelial_cells_7_1_2_2900_500_500/train/normal/nlung__CTAACTTCAATACGCT_LUNG_N20/vectors,vectors,normal,1,normal,1,0.28577038645744324,0.7142295837402344
Epithelial_cells_7_1_2_2900_500_500/train/normal/nlung__GCTTCCACAATGGTCT_LUNG_N19/vectors,vectors,normal,1,normal,1,0.29368293285369873,0.7063170671463013
Epithelial_cells_7_1_2_2900_500_500/train/normal/nlung__GGTATTGTCGATGAGG_LUNG_N19/vectors,vectors,normal,1,normal,1,0.19938591122627258,0.8006139993667603
Epithelial_cells_7_1_2_2900_500_500/train/normal/nlung__TCTCTAACATGTCCTC_LUNG_N28/vectors,vectors,normal,1,normal,1,0.27730169892311096,0.7226983308792114
Epithelial_cells_7_1_2_2900_500_500/train/normal/nlung__GGAACTTTCTAACTGG_LUNG_N18/vectors,vectors,normal,1,normal,1,0.2727745771408081,0.7272254228591919
Epithelial_cells_7_1_2_2900_500_500/train/normal/nlung__CCGGGATAGCGTGAAC_LUNG_N30/vectors,vectors,normal,1,normal,1,0.2682938873767853,0.7317061424255371
Epithelial_cells_7_1_2_2900_500_500/train/normal/nlung__CCTTCCCAGATTACCC_LUNG_N28/vectors,vectors,normal,1,normal,1,0.13471898436546326,0.8652811050415039
Epithelial_cells_7_1_2_2900_500_500/train/normal/nlung__AAGTCTGAGACCTTTG_LUNG_N18/vectors,vectors,normal,1,normal,1,0.28791794180870056,0.7120820879936218
Epithelial_cells_7_1_2_2900_500_500/train/normal/nlung__CAGCCGACAAGCCGTC_LUNG_N09/vectors,vectors,normal,1,normal,1,0.2604599893093109,0.7395399808883667
Epithelial_cells_7_1_2_2900_500_500/train/normal/nlung__CTGATAGGTCCGAGTC_LUNG_N19/vectors,vectors,normal,1,normal,1,0.3586057424545288,0.6413942575454712
Epithelial_cells_7_1_2_2900_500_500/train/normal/nlung__TAGAGCTAGCTGATAA_LUNG_N18/vectors,vectors,normal,1,normal,1,0.33393746614456177,0.6660624742507935
Epithelial_cells_7_1_2_2900_500_500/train/normal/nlung__AAGTCTGTCTGTCCGT_LUNG_N18/vectors,vectors,normal,1,normal,1,0.28774282336235046,0.7122572660446167
Epithelial_cells_7_1_2_2900_500_500/train/normal/nlung__GACGTTACACCATCCT_LUNG_N30/vectors,vectors,normal,1,normal,1,0.2571583092212677,0.7428417205810547
Epithelial_cells_7_1_2_2900_500_500/train/normal/nlung__ACACCAACAAGTAGTA_LUNG_N09/vectors,vectors,normal,1,normal,1,0.29813364148139954,0.7018663883209229
Epithelial_cells_7_1_2_2900_500_500/train/normal/nlung__TGGTTAGAGTGCCAGA_LUNG_N20/vectors,vectors,normal,1,normal,1,0.22680504620075226,0.7731949687004089
Epithelial_cells_7_1_2_2900_500_500/train/normal/nlung__AGCATACCATCACAAC_LUNG_N20/vectors,vectors,normal,1,normal,1,0.2827404737472534,0.7172595262527466
Epithelial_cells_7_1_2_2900_500_500/train/normal/nlung__GTTACAGAGAATCTCC_LUNG_N20/vectors,vectors,normal,1,normal,1,0.29337915778160095,0.7066208124160767
Epithelial_cells_7_1_2_2900_500_500/train/normal/nlung__CTACGTCAGCGTTGCC_LUNG_N28/vectors,vectors,normal,1,normal,1,0.27425417304039,0.7257458567619324
Epithelial_cells_7_1_2_2900_500_500/train/normal/nlung__GTACTTTCAGGTCTCG_LUNG_N20/vectors,vectors,normal,1,normal,1,0.32177960872650146,0.6782203912734985
Epithelial_cells_7_1_2_2900_500_500/train/normal/nlung__TCTGAGAGTTTAGGAA_LUNG_N18/vectors,vectors,normal,1,normal,1,0.31489261984825134,0.6851073503494263
Epithelial_cells_7_1_2_2900_500_500/train/normal/nlung__GAGCAGAAGGATTCGG_LUNG_N06/vectors,vectors,normal,1,normal,1,0.320608526468277,0.6793913841247559
Epithelial_cells_7_1_2_2900_500_500/train/normal/nlung__CGTTCTGGTTCAGCGC_LUNG_N28/vectors,vectors,normal,1,normal,1,0.25298333168029785,0.7470166087150574
Epithelial_cells_7_1_2_2900_500_500/train/normal/nlung__CTACACCTCGCACTCT_LUNG_N30/vectors,vectors,normal,1,normal,1,0.21798191964626312,0.7820181250572205
Epithelial_cells_7_1_2_2900_500_500/train/normal/nlung__CCAATCCTCGAACGGA_LUNG_N28/vectors,vectors,normal,1,normal,1,0.2582791745662689,0.7417207360267639
Epithelial_cells_7_1_2_2900_500_500/train/normal/nlung__ATCACGATCCCATTAT_LUNG_N20/vectors,vectors,normal,1,normal,1,0.18211622536182404,0.8178837895393372
Epithelial_cells_7_1_2_2900_500_500/train/normal/nlung__GCACTCTTCTCTGTCG_LUNG_N06/vectors,vectors,normal,1,normal,1,0.2302916795015335,0.7697083950042725
Epithelial_cells_7_1_2_2900_500_500/train/normal/nlung__TCTATTGTCCTCCTAG_LUNG_N06/vectors,vectors,normal,1,normal,1,0.2092474102973938,0.7907525897026062
Epithelial_cells_7_1_2_2900_500_500/train/normal/nlung__ACCAGTATCTGGGCCA_LUNG_N18/vectors,vectors,normal,1,normal,1,0.13099247217178345,0.8690075278282166
Epithelial_cells_7_1_2_2900_500_500/train/normal/nlung__CCTACCAAGTGACATA_LUNG_N19/vectors,vectors,normal,1,normal,1,0.3071761429309845,0.6928238272666931
Epithelial_cells_7_1_2_2900_500_500/train/normal/nlung__TTTATGCGTCTCCCTA_LUNG_N30/vectors,vectors,normal,1,normal,1,0.25945019721984863,0.7405498623847961
Epithelial_cells_7_1_2_2900_500_500/train/normal/nlung__CGATTGACATCCAACA_LUNG_N18/vectors,vectors,normal,1,normal,1,0.3194928467273712,0.6805071830749512
Epithelial_cells_7_1_2_2900_500_500/train/normal/nlung__TACTCGCTCGCAGGCT_LUNG_N18/vectors,vectors,normal,1,normal,1,0.2289959341287613,0.7710039615631104
Epithelial_cells_7_1_2_2900_500_500/train/normal/nlung__CAGCTAAGTGTTCTTT_LUNG_N18/vectors,vectors,normal,1,normal,1,0.26927754282951355,0.7307224273681641
Epithelial_cells_7_1_2_2900_500_500/train/normal/nlung__GGCTCGAGTAGCGCAA_LUNG_N06/vectors,vectors,normal,1,normal,1,0.2855711579322815,0.7144289016723633
Epithelial_cells_7_1_2_2900_500_500/train/normal/nlung__CACAAACTCTGATACG_LUNG_N30/vectors,vectors,normal,1,normal,1,0.18579941987991333,0.8142005801200867
Epithelial_cells_7_1_2_2900_500_500/train/normal/nlung__ACCAGTATCTGACCTC_LUNG_N19/vectors,vectors,normal,1,normal,1,0.43638184666633606,0.5636181831359863
Epithelial_cells_7_1_2_2900_500_500/train/normal/nlung__TTTGTCATCGCCAGCA_LUNG_N30/vectors,vectors,normal,1,normal,1,0.29662880301475525,0.7033712267875671
Epithelial_cells_7_1_2_2900_500_500/train/normal/nlung__AAGTCTGCACAGCCCA_LUNG_N30/vectors,vectors,normal,1,normal,1,0.32367393374443054,0.6763259768486023
Epithelial_cells_7_1_2_2900_500_500/train/normal/nlung__GCTGCAGAGTGGGTTG_LUNG_N30/vectors,vectors,normal,1,normal,1,0.21249748766422272,0.7875025868415833
Epithelial_cells_7_1_2_2900_500_500/train/normal/nlung__GAACGGAGTCTAGGTT_LUNG_N30/vectors,vectors,normal,1,normal,1,0.36392942070961,0.6360705494880676
Epithelial_cells_7_1_2_2900_500_500/train/normal/nlung__GGACAGACACGGCGTT_LUNG_N09/vectors,vectors,normal,1,normal,1,0.2829881012439728,0.7170119285583496
Epithelial_cells_7_1_2_2900_500_500/train/normal/nlung__ATTATCCCACTGTTAG_LUNG_N19/vectors,vectors,normal,1,normal,1,0.33736729621887207,0.6626327633857727
Epithelial_cells_7_1_2_2900_500_500/train/normal/nlung__GATGAGGTCCCAACGG_LUNG_N30/vectors,vectors,normal,1,normal,1,0.1832827925682068,0.8167172074317932
Epithelial_cells_7_1_2_2900_500_500/train/normal/nlung__ACCTTTATCGTCTGAA_LUNG_N18/vectors,vectors,normal,1,normal,1,0.17393620312213898,0.8260638117790222
Epithelial_cells_7_1_2_2900_500_500/train/normal/nlung__CGAGCACTCACTATTC_LUNG_N18/vectors,vectors,normal,1,normal,1,0.3143925070762634,0.6856075525283813
Epithelial_cells_7_1_2_2900_500_500/train/normal/nlung__ACACCAATCCTGTACC_LUNG_N28/vectors,vectors,normal,1,normal,1,0.41182032227516174,0.5881796479225159
Epithelial_cells_7_1_2_2900_500_500/train/normal/nlung__TCTCATATCCCAAGTA_LUNG_N30/vectors,vectors,normal,1,normal,1,0.15687833726406097,0.8431217074394226
Epithelial_cells_7_1_2_2900_500_500/train/normal/nlung__TCGTAGATCCCTGACT_LUNG_N28/vectors,vectors,normal,1,normal,1,0.32281944155693054,0.6771805286407471
Epithelial_cells_7_1_2_2900_500_500/train/normal/nlung__AAAGATGTCCGCATCT_LUNG_N18/vectors,vectors,normal,1,normal,1,0.3875454366207123,0.6124545931816101
Epithelial_cells_7_1_2_2900_500_500/train/normal/nlung__TTTGCGCCACCCATTC_LUNG_N19/vectors,vectors,normal,1,normal,1,0.2716620862483978,0.7283378839492798
Epithelial_cells_7_1_2_2900_500_500/train/normal/nlung__GACGTTATCCGAAGAG_LUNG_N28/vectors,vectors,normal,1,normal,1,0.2567155063152313,0.7432845234870911
Epithelial_cells_7_1_2_2900_500_500/train/normal/nlung__ATTGGACCACCAACCG_LUNG_N30/vectors,vectors,normal,1,normal,1,0.2556455135345459,0.7443544864654541
Epithelial_cells_7_1_2_2900_500_500/train/normal/nlung__GGATTACTCCAGTAGT_LUNG_N06/vectors,vectors,normal,1,normal,1,0.24748694896697998,0.7525131106376648
Epithelial_cells_7_1_2_2900_500_500/train/normal/nlung__CAGCATAGTTATCACG_LUNG_N20/vectors,vectors,normal,1,normal,1,0.29193881154060364,0.7080612182617188
Epithelial_cells_7_1_2_2900_500_500/train/normal/nlung__TGGGAAGGTACCGAGA_LUNG_N06/vectors,vectors,normal,1,normal,1,0.3450224697589874,0.6549774408340454
Epithelial_cells_7_1_2_2900_500_500/train/normal/nlung__CGAGAAGTCTAGCACA_LUNG_N20/vectors,vectors,normal,1,normal,1,0.18151697516441345,0.8184830546379089
Epithelial_cells_7_1_2_2900_500_500/train/normal/nlung__CTCACACGTTACGTCA_LUNG_N18/vectors,vectors,normal,1,normal,1,0.31864413619041443,0.681355893611908
Epithelial_cells_7_1_2_2900_500_500/train/normal/nlung__AGCAGCCCAATACGCT_LUNG_N06/vectors,vectors,normal,1,normal,1,0.19619016349315643,0.8038098812103271
Epithelial_cells_7_1_2_2900_500_500/train/normal/nlung__CCCAGTTGTAGGACAC_LUNG_N20/vectors,vectors,normal,1,normal,1,0.2563430368900299,0.7436569929122925
Epithelial_cells_7_1_2_2900_500_500/train/normal/nlung__AGCGTATAGAAGATTC_LUNG_N20/vectors,vectors,normal,1,normal,1,0.2241191267967224,0.7758808732032776
Epithelial_cells_7_1_2_2900_500_500/train/normal/nlung__GGACATTAGAGTGACC_LUNG_N18/vectors,vectors,normal,1,normal,1,0.1997564285993576,0.800243616104126
Epithelial_cells_7_1_2_2900_500_500/train/normal/nlung__CTGAAACTCAGCTCTC_LUNG_N09/vectors,vectors,normal,1,normal,1,0.21436230838298798,0.7856377363204956
Epithelial_cells_7_1_2_2900_500_500/train/normal/nlung__TTTGCGCTCGTATCAG_LUNG_N19/vectors,vectors,normal,1,normal,1,0.2045801728963852,0.7954198122024536
Epithelial_cells_7_1_2_2900_500_500/train/normal/nlung__TAGTTGGCATTAACCG_LUNG_N30/vectors,vectors,normal,1,normal,1,0.21105071902275085,0.7889492511749268
Epithelial_cells_7_1_2_2900_500_500/train/normal/nlung__AAATGCCAGCCATCGC_LUNG_N09/vectors,vectors,normal,1,normal,1,0.3335303068161011,0.6664696335792542
Epithelial_cells_7_1_2_2900_500_500/train/normal/nlung__GCGCGATGTTCCACTC_LUNG_N28/vectors,vectors,normal,1,normal,1,0.3079560697078705,0.6920440196990967
Epithelial_cells_7_1_2_2900_500_500/train/normal/nlung__CCGGTAGAGACTACAA_LUNG_N30/vectors,vectors,normal,1,normal,1,0.24382247030735016,0.756177544593811
Epithelial_cells_7_1_2_2900_500_500/train/normal/nlung__CTGCCTATCAATCACG_LUNG_N30/vectors,vectors,normal,1,normal,1,0.15670081973075867,0.843299150466919
Epithelial_cells_7_1_2_2900_500_500/train/normal/nlung__ATCCACCTCGGAGCAA_LUNG_N30/vectors,vectors,normal,1,normal,1,0.3246367275714874,0.675363302230835
Epithelial_cells_7_1_2_2900_500_500/train/normal/nlung__CATCGAATCGTGTAGT_LUNG_N06/vectors,vectors,normal,1,normal,1,0.33396461606025696,0.6660353541374207
Epithelial_cells_7_1_2_2900_500_500/train/normal/nlung__TACGGGCGTCTGCGGT_LUNG_N19/vectors,vectors,normal,1,normal,1,0.222974956035614,0.7770249843597412
Epithelial_cells_7_1_2_2900_500_500/train/normal/nlung__AGGGATGAGGGTCGAT_LUNG_N18/vectors,vectors,normal,1,normal,1,0.22282695770263672,0.7771731019020081
Epithelial_cells_7_1_2_2900_500_500/train/normal/nlung__CATCAAGCATCGTCGG_LUNG_N06/vectors,vectors,normal,1,normal,1,0.2658328413963318,0.734167218208313
Epithelial_cells_7_1_2_2900_500_500/train/normal/nlung__AACTTTCAGTGTTTGC_LUNG_N19/vectors,vectors,normal,1,normal,1,0.19839400053024292,0.8016059994697571
Epithelial_cells_7_1_2_2900_500_500/train/normal/nlung__TCTTTCCAGACTAGAT_LUNG_N19/vectors,vectors,normal,1,normal,1,0.3797520697116852,0.6202479004859924
Epithelial_cells_7_1_2_2900_500_500/train/normal/nlung__CTAGTGAAGCGCCTTG_LUNG_N28/vectors,vectors,normal,1,normal,1,0.24198167026042938,0.7580183744430542
Epithelial_cells_7_1_2_2900_500_500/train/normal/nlung__TTTCCTCTCTGCAGTA_LUNG_N30/vectors,vectors,normal,1,normal,1,0.38551923632621765,0.6144807934761047
Epithelial_cells_7_1_2_2900_500_500/train/normal/nlung__CCTATTAAGCCCGAAA_LUNG_N19/vectors,vectors,normal,1,normal,1,0.26552319526672363,0.7344768047332764
Epithelial_cells_7_1_2_2900_500_500/train/normal/nlung__CGGGTCACATCGATGT_LUNG_N30/vectors,vectors,normal,1,normal,1,0.23187501728534698,0.7681249976158142
Epithelial_cells_7_1_2_2900_500_500/train/normal/nlung__TCGTACCAGCTGGAAC_LUNG_N18/vectors,vectors,normal,1,normal,1,0.23003213107585907,0.7699679136276245
Epithelial_cells_7_1_2_2900_500_500/train/normal/nlung__TGAAAGAGTATGAAAC_LUNG_N20/vectors,vectors,normal,1,normal,1,0.32410165667533875,0.6758983731269836
Epithelial_cells_7_1_2_2900_500_500/train/normal/nlung__TCCCGATGTTGGGACA_LUNG_N30/vectors,vectors,normal,1,normal,1,0.20352937281131744,0.7964706420898438
Epithelial_cells_7_1_2_2900_500_500/train/normal/nlung__GTCAAGTAGAGGTACC_LUNG_N20/vectors,vectors,normal,1,normal,1,0.39288991689682007,0.6071100234985352
Epithelial_cells_7_1_2_2900_500_500/train/normal/nlung__CGTGAGCAGCGATGAC_LUNG_N30/vectors,vectors,normal,1,normal,1,0.29088014364242554,0.7091198563575745
Epithelial_cells_7_1_2_2900_500_500/train/normal/nlung__CCTAGCTTCAGCAACT_LUNG_N20/vectors,vectors,normal,1,normal,1,0.23850584030151367,0.7614941596984863
Epithelial_cells_7_1_2_2900_500_500/train/normal/nlung__CAGAATCTCGTGTAGT_LUNG_N18/vectors,vectors,normal,1,normal,1,0.22282695770263672,0.7771731019020081
Epithelial_cells_7_1_2_2900_500_500/train/normal/nlung__TTCTTAGGTCAGCTAT_LUNG_N30/vectors,vectors,normal,1,normal,1,0.18213441967964172,0.8178656101226807
Epithelial_cells_7_1_2_2900_500_500/train/normal/nlung__CGCGGTAGTAGCTCCG_LUNG_N20/vectors,vectors,normal,1,normal,1,0.29484906792640686,0.7051509618759155
Epithelial_cells_7_1_2_2900_500_500/train/normal/nlung__CGCTGGACATGCCACG_LUNG_N20/vectors,vectors,normal,1,normal,1,0.24921879172325134,0.750781238079071
Epithelial_cells_7_1_2_2900_500_500/train/normal/nlung__TTATGCTTCATCGGAT_LUNG_N28/vectors,vectors,normal,1,normal,1,0.2928732931613922,0.7071267366409302
Epithelial_cells_7_1_2_2900_500_500/train/normal/nlung__TGCCAAATCCTGTACC_LUNG_N20/vectors,vectors,normal,1,normal,1,0.3358680307865143,0.6641319990158081
Epithelial_cells_7_1_2_2900_500_500/train/normal/nlung__GTCTCGTTCCAACCAA_LUNG_N19/vectors,vectors,normal,1,normal,1,0.27231472730636597,0.727685272693634
Epithelial_cells_7_1_2_2900_500_500/train/normal/nlung__CGGCTAGTCACCATAG_LUNG_N30/vectors,vectors,normal,1,normal,1,0.2690134048461914,0.7309865951538086
Epithelial_cells_7_1_2_2900_500_500/train/normal/nlung__TCAGGATCACGAGAGT_LUNG_N20/vectors,vectors,normal,1,normal,1,0.25157877802848816,0.7484212517738342
Epithelial_cells_7_1_2_2900_500_500/train/normal/nlung__GCTCCTAGTATGGTTC_LUNG_N06/vectors,vectors,normal,1,normal,1,0.3636186122894287,0.6363813281059265
Epithelial_cells_7_1_2_2900_500_500/train/normal/nlung__GTACTTTGTAGCGCAA_LUNG_N28/vectors,vectors,normal,1,normal,1,0.2416459619998932,0.7583540678024292
Epithelial_cells_7_1_2_2900_500_500/train/normal/nlung__TACCTTACAATCTGCA_LUNG_N09/vectors,vectors,normal,1,normal,1,0.4102836549282074,0.5897163152694702
Epithelial_cells_7_1_2_2900_500_500/train/normal/nlung__ACCAGTACATGCAATC_LUNG_N06/vectors,vectors,normal,1,normal,1,0.19794787466526031,0.8020521998405457
Epithelial_cells_7_1_2_2900_500_500/train/normal/nlung__GGCTGGTCATGGGAAC_LUNG_N18/vectors,vectors,normal,1,normal,1,0.159921333193779,0.8400786519050598
Epithelial_cells_7_1_2_2900_500_500/train/normal/nlung__CGATCGGTCTTTACGT_LUNG_N09/vectors,vectors,normal,1,normal,1,0.3552994132041931,0.6447005867958069
Epithelial_cells_7_1_2_2900_500_500/train/normal/nlung__AACACGTTCTTGAGGT_LUNG_N20/vectors,vectors,normal,1,normal,1,0.32068830728530884,0.6793116331100464
Epithelial_cells_7_1_2_2900_500_500/train/normal/nlung__GGCCGATTCTAGCACA_LUNG_N19/vectors,vectors,normal,1,normal,1,0.454018235206604,0.545981764793396
Epithelial_cells_7_1_2_2900_500_500/train/normal/nlung__TCAGCTCAGGAATGGA_LUNG_N18/vectors,vectors,normal,1,normal,1,0.11824501305818558,0.881754994392395
Epithelial_cells_7_1_2_2900_500_500/train/normal/nlung__TAGTTGGCACAGGAGT_LUNG_N18/vectors,vectors,normal,1,normal,1,0.2387276142835617,0.7612724304199219
Epithelial_cells_7_1_2_2900_500_500/train/normal/nlung__ACATCAGGTACCGCTG_LUNG_N18/vectors,vectors,normal,1,normal,1,0.24780535697937012,0.7521947026252747
Epithelial_cells_7_1_2_2900_500_500/train/normal/nlung__TAGTGGTCAGCCTATA_LUNG_N20/vectors,vectors,normal,1,normal,1,0.25727495551109314,0.7427250742912292
Epithelial_cells_7_1_2_2900_500_500/train/normal/nlung__GCGCGATCAAGGCTCC_LUNG_N30/vectors,vectors,normal,1,normal,1,0.21710923314094543,0.782890796661377
Epithelial_cells_7_1_2_2900_500_500/train/normal/nlung__ATTACTCGTCCGTGAC_LUNG_N18/vectors,vectors,normal,1,normal,1,0.25450897216796875,0.7454910278320312
Epithelial_cells_7_1_2_2900_500_500/train/normal/nlung__TCAATCTAGCAACGGT_LUNG_N28/vectors,vectors,normal,1,normal,1,0.20167560875415802,0.7983243465423584
Epithelial_cells_7_1_2_2900_500_500/train/normal/nlung__AACTTTCCAGGTTTCA_LUNG_N20/vectors,vectors,normal,1,normal,1,0.32621777057647705,0.6737822890281677
Epithelial_cells_7_1_2_2900_500_500/train/normal/nlung__CGTCACTCAGTACACT_LUNG_N18/vectors,vectors,normal,1,normal,1,0.3390065133571625,0.6609934568405151
Epithelial_cells_7_1_2_2900_500_500/train/normal/nlung__TTCTACAGTTGTTTGG_LUNG_N28/vectors,vectors,normal,1,normal,1,0.3370126187801361,0.662987470626831
Epithelial_cells_7_1_2_2900_500_500/train/normal/nlung__TACAGTGCACACCGAC_LUNG_N28/vectors,vectors,normal,1,normal,1,0.3243156373500824,0.67568439245224
Epithelial_cells_7_1_2_2900_500_500/train/normal/nlung__CGCTATCGTGTAAGTA_LUNG_N18/vectors,vectors,normal,1,normal,1,0.1609737128019333,0.8390262126922607
Epithelial_cells_7_1_2_2900_500_500/train/normal/nlung__GCAGCCAAGTTCCACA_LUNG_N19/vectors,vectors,normal,1,normal,1,0.48886293172836304,0.511137068271637
Epithelial_cells_7_1_2_2900_500_500/train/normal/nlung__CTCGGGACACTAGTAC_LUNG_N09/vectors,vectors,normal,1,normal,1,0.32812565565109253,0.6718743443489075
Epithelial_cells_7_1_2_2900_500_500/train/normal/nlung__GAAACTCAGTGGGTTG_LUNG_N18/vectors,vectors,normal,1,normal,1,0.317611426115036,0.6823886036872864
Epithelial_cells_7_1_2_2900_500_500/train/normal/nlung__GTGTTAGGTAGAAGGA_LUNG_N19/vectors,vectors,normal,1,normal,1,0.3208744525909424,0.6791254878044128
Epithelial_cells_7_1_2_2900_500_500/train/normal/nlung__CTAACTTTCACCTCGT_LUNG_N28/vectors,vectors,normal,1,normal,1,0.18008865416049957,0.8199113607406616
Epithelial_cells_7_1_2_2900_500_500/train/normal/nlung__TGCGGGTTCTCTGAGA_LUNG_N19/vectors,vectors,normal,1,normal,1,0.13584710657596588,0.8641529083251953
Epithelial_cells_7_1_2_2900_500_500/train/normal/nlung__GACGCGTCACTGTTAG_LUNG_N20/vectors,vectors,normal,1,normal,1,0.25923916697502136,0.7407608032226562
Epithelial_cells_7_1_2_2900_500_500/train/normal/nlung__TGCGGGTGTGTCCTCT_LUNG_N19/vectors,vectors,normal,1,normal,1,0.2189197540283203,0.7810802459716797
Epithelial_cells_7_1_2_2900_500_500/train/normal/nlung__CTCACACCATAACCTG_LUNG_N19/vectors,vectors,normal,1,normal,1,0.3536234498023987,0.6463764905929565
Epithelial_cells_7_1_2_2900_500_500/train/normal/nlung__CTCACACTCAGGCCCA_LUNG_N18/vectors,vectors,normal,1,normal,1,0.2402840405702591,0.7597159743309021
Epithelial_cells_7_1_2_2900_500_500/train/normal/nlung__CCCAATCCACTGTCGG_LUNG_N28/vectors,vectors,normal,1,normal,1,0.22716917097568512,0.7728307843208313
Epithelial_cells_7_1_2_2900_500_500/train/normal/nlung__TACTCGCTCGCCGTGA_LUNG_N18/vectors,vectors,normal,1,normal,1,0.3535397946834564,0.646460235118866
Epithelial_cells_7_1_2_2900_500_500/train/normal/nlung__CGGTTAAAGACTTGAA_LUNG_N20/vectors,vectors,normal,1,normal,1,0.33980023860931396,0.6601998209953308
Epithelial_cells_7_1_2_2900_500_500/train/normal/nlung__CCGGGATTCCAGTATG_LUNG_N20/vectors,vectors,normal,1,normal,1,0.28244349360466003,0.7175564765930176
Epithelial_cells_7_1_2_2900_500_500/train/normal/nlung__AGCGTATGTGAGGGAG_LUNG_N28/vectors,vectors,normal,1,normal,1,0.2735744118690491,0.7264255881309509
Epithelial_cells_7_1_2_2900_500_500/train/normal/nlung__CATCAAGAGAGCAATT_LUNG_N09/vectors,vectors,normal,1,normal,1,0.29900282621383667,0.7009971737861633
Epithelial_cells_7_1_2_2900_500_500/train/normal/nlung__TCGGTAAAGAGGTACC_LUNG_N30/vectors,vectors,normal,1,normal,1,0.20165595412254333,0.7983440160751343
Epithelial_cells_7_1_2_2900_500_500/train/normal/nlung__GGACAAGAGTGAACAT_LUNG_N18/vectors,vectors,normal,1,normal,1,0.3366853892803192,0.6633146405220032
Epithelial_cells_7_1_2_2900_500_500/train/normal/nlung__CTAGAGTAGCTAGTGG_LUNG_N28/vectors,vectors,normal,1,normal,1,0.2954331636428833,0.7045668363571167
Epithelial_cells_7_1_2_2900_500_500/train/normal/nlung__TCGCGTTAGGATGTAT_LUNG_N30/vectors,vectors,normal,1,normal,1,0.3354324400424957,0.6645674705505371
Epithelial_cells_7_1_2_2900_500_500/train/normal/nlung__GTGAAGGTCGGCGCTA_LUNG_N20/vectors,vectors,normal,1,normal,1,0.24064071476459503,0.7593591809272766
Epithelial_cells_7_1_2_2900_500_500/train/normal/nlung__CTGTGCTAGTTGAGAT_LUNG_N30/vectors,vectors,normal,1,normal,1,0.2693015933036804,0.7306984663009644
Epithelial_cells_7_1_2_2900_500_500/train/normal/nlung__GACCTGGAGAAGGGTA_LUNG_N19/vectors,vectors,normal,1,normal,1,0.4147210717201233,0.5852789282798767
Epithelial_cells_7_1_2_2900_500_500/train/normal/nlung__CCAATCCAGCCCAGCT_LUNG_N28/vectors,vectors,normal,1,normal,1,0.2706729471683502,0.7293270826339722
Epithelial_cells_7_1_2_2900_500_500/train/normal/nlung__GATCGCGGTAGAGTGC_LUNG_N19/vectors,vectors,normal,1,normal,1,0.30352532863616943,0.6964747309684753
Epithelial_cells_7_1_2_2900_500_500/train/normal/nlung__AACACGTAGGATTCGG_LUNG_N20/vectors,vectors,normal,1,normal,1,0.21011723577976227,0.7898827195167542
Epithelial_cells_7_1_2_2900_500_500/train/normal/nlung__GCATGTAGTGTCTGAT_LUNG_N18/vectors,vectors,normal,1,normal,1,0.1468808799982071,0.8531190752983093
Epithelial_cells_7_1_2_2900_500_500/train/normal/nlung__ACTTTCAAGCTTTGGT_LUNG_N18/vectors,vectors,normal,1,normal,1,0.22099320590496063,0.7790067791938782
Epithelial_cells_7_1_2_2900_500_500/train/normal/nlung__GCACATATCCTGCAGG_LUNG_N19/vectors,vectors,normal,1,normal,1,0.381680428981781,0.6183196306228638
Epithelial_cells_7_1_2_2900_500_500/train/normal/nlung__CAGAATCGTTTCCACC_LUNG_N18/vectors,vectors,normal,1,normal,1,0.3004376292228699,0.6995623707771301
Epithelial_cells_7_1_2_2900_500_500/train/normal/nlung__GCTCCTACATTCGACA_LUNG_N09/vectors,vectors,normal,1,normal,1,0.15581564605236053,0.8441843390464783
Epithelial_cells_7_1_2_2900_500_500/train/normal/nlung__GGTGAAGTCCTAGAAC_LUNG_N20/vectors,vectors,normal,1,normal,1,0.23486702144145966,0.7651330828666687
Epithelial_cells_7_1_2_2900_500_500/train/normal/nlung__GGCGACTTCATGCAAC_LUNG_N19/vectors,vectors,normal,1,normal,1,0.4285023808479309,0.5714974999427795
Epithelial_cells_7_1_2_2900_500_500/train/normal/nlung__TCAGATGCATGTAAGA_LUNG_N30/vectors,vectors,normal,1,normal,1,0.2080179899930954,0.7919819355010986
Epithelial_cells_7_1_2_2900_500_500/train/normal/nlung__CGTTAGAGTGATAAAC_LUNG_N28/vectors,vectors,normal,1,normal,1,0.3383777141571045,0.6616224050521851
Epithelial_cells_7_1_2_2900_500_500/train/normal/nlung__CGGACTGGTGAGTATA_LUNG_N20/vectors,vectors,normal,1,normal,1,0.3356774151325226,0.664322555065155
Epithelial_cells_7_1_2_2900_500_500/train/normal/nlung__AGCTCCTAGTCTCAAC_LUNG_N06/vectors,vectors,normal,1,normal,1,0.36472100019454956,0.6352790594100952
Epithelial_cells_7_1_2_2900_500_500/train/normal/nlung__TCGCGAGTCGTTGACA_LUNG_N20/vectors,vectors,normal,1,normal,1,0.24204882979393005,0.7579512000083923
Epithelial_cells_7_1_2_2900_500_500/train/normal/nlung__GTCGTAAGTGTCGCTG_LUNG_N19/vectors,vectors,normal,1,normal,1,0.34491217136383057,0.6550878286361694
Epithelial_cells_7_1_2_2900_500_500/train/normal/nlung__TTCTTAGTCTGTCAAG_LUNG_N06/vectors,vectors,normal,1,normal,1,0.17509682476520538,0.824903130531311
Epithelial_cells_7_1_2_2900_500_500/train/normal/nlung__AGCTCTCAGCGCTTAT_LUNG_N28/vectors,vectors,normal,1,normal,1,0.19316641986370087,0.8068336844444275
Epithelial_cells_7_1_2_2900_500_500/train/normal/nlung__CATGACAAGACCTAGG_LUNG_N18/vectors,vectors,normal,1,normal,1,0.28219616413116455,0.7178038358688354
Epithelial_cells_7_1_2_2900_500_500/train/normal/nlung__CGTAGGCGTATAGGTA_LUNG_N09/vectors,vectors,normal,1,normal,1,0.29892605543136597,0.7010738849639893
Epithelial_cells_7_1_2_2900_500_500/train/normal/nlung__CAACCAAAGCTCTCGG_LUNG_N30/vectors,vectors,normal,1,normal,1,0.22912532091140747,0.7708747386932373
Epithelial_cells_7_1_2_2900_500_500/train/normal/nlung__AAGTCTGTCTTGGGTA_LUNG_N28/vectors,vectors,normal,1,normal,1,0.1252792626619339,0.8747208118438721
Epithelial_cells_7_1_2_2900_500_500/train/normal/nlung__CATCCACGTCTTCGTC_LUNG_N18/vectors,vectors,normal,1,normal,1,0.26078930497169495,0.7392106652259827
Epithelial_cells_7_1_2_2900_500_500/train/normal/nlung__ACTGCTCGTGCAGACA_LUNG_N28/vectors,vectors,normal,1,normal,1,0.19223590195178986,0.8077641725540161
Epithelial_cells_7_1_2_2900_500_500/train/normal/nlung__CTACACCGTGTAACGG_LUNG_N19/vectors,vectors,normal,1,normal,1,0.36161550879478455,0.6383845806121826
Epithelial_cells_7_1_2_2900_500_500/train/normal/nlung__CGGACTGCACCGAATT_LUNG_N06/vectors,vectors,normal,1,normal,1,0.1903851181268692,0.809614896774292
Epithelial_cells_7_1_2_2900_500_500/train/normal/nlung__GCTCTGTCAAGGTTTC_LUNG_N19/vectors,vectors,normal,1,normal,1,0.283310204744339,0.7166897654533386
Epithelial_cells_7_1_2_2900_500_500/train/normal/nlung__TACGGTACACAGGCCT_LUNG_N28/vectors,vectors,normal,1,normal,1,0.2660711705684662,0.733928918838501
Epithelial_cells_7_1_2_2900_500_500/train/normal/nlung__CAGTAACCAAATACAG_LUNG_N20/vectors,vectors,normal,1,normal,1,0.2526835799217224,0.7473164200782776
Epithelial_cells_7_1_2_2900_500_500/train/normal/nlung__GTATCTTCAACCGCCA_LUNG_N28/vectors,vectors,normal,1,normal,1,0.34897786378860474,0.65102219581604
Epithelial_cells_7_1_2_2900_500_500/train/normal/nlung__TCACAAGTCTCTGTCG_LUNG_N18/vectors,vectors,normal,1,normal,1,0.22166644036769867,0.7783335447311401
Epithelial_cells_7_1_2_2900_500_500/train/normal/nlung__CAGATCATCTACTCAT_LUNG_N20/vectors,vectors,normal,1,normal,1,0.18175286054611206,0.8182470798492432
Epithelial_cells_7_1_2_2900_500_500/train/normal/nlung__ACTGTCCCATCATCCC_LUNG_N19/vectors,vectors,normal,1,normal,1,0.2334878146648407,0.7665122151374817
Epithelial_cells_7_1_2_2900_500_500/train/normal/nlung__ACGGGCTAGCCAGGAT_LUNG_N19/vectors,vectors,normal,1,normal,1,0.28749269247055054,0.7125073075294495
Epithelial_cells_7_1_2_2900_500_500/train/normal/nlung__CTCCTAGGTTCTGTTT_LUNG_N28/vectors,vectors,normal,1,normal,1,0.3796946108341217,0.6203054189682007
Epithelial_cells_7_1_2_2900_500_500/train/normal/nlung__TTTGCGCGTCTAACGT_LUNG_N28/vectors,vectors,normal,1,normal,1,0.22208796441555023,0.7779120802879333
Epithelial_cells_7_1_2_2900_500_500/train/normal/nlung__CACCTTGCAGACAAGC_LUNG_N28/vectors,vectors,normal,1,normal,1,0.29915639758110046,0.7008436322212219
Epithelial_cells_7_1_2_2900_500_500/train/normal/nlung__TCAGGTACAGCATACT_LUNG_N19/vectors,vectors,normal,1,normal,1,0.3246367275714874,0.675363302230835
Epithelial_cells_7_1_2_2900_500_500/train/normal/nlung__CAGCTAACACGAGAGT_LUNG_N20/vectors,vectors,normal,1,normal,1,0.19536371529102325,0.8046363592147827
Epithelial_cells_7_1_2_2900_500_500/train/normal/nlung__TACTCGCTCAAAGACA_LUNG_N19/vectors,vectors,normal,1,normal,1,0.34648600220680237,0.6535139679908752
Epithelial_cells_7_1_2_2900_500_500/train/normal/nlung__TTGGAACGTCTAAAGA_LUNG_N18/vectors,vectors,normal,1,normal,1,0.2740112543106079,0.7259887456893921
Epithelial_cells_7_1_2_2900_500_500/train/normal/nlung__GCACTCTTCAACACCA_LUNG_N19/vectors,vectors,normal,1,normal,1,0.2765195369720459,0.7234804630279541
Epithelial_cells_7_1_2_2900_500_500/train/normal/nlung__AGAGTGGCAATTCCTT_LUNG_N18/vectors,vectors,normal,1,normal,1,0.18847329914569855,0.8115267157554626
Epithelial_cells_7_1_2_2900_500_500/train/normal/nlung__AGGGAGTCATAGGATA_LUNG_N18/vectors,vectors,normal,1,normal,1,0.37384724617004395,0.6261526942253113
Epithelial_cells_7_1_2_2900_500_500/train/normal/nlung__TGGCCAGTCTTGCCGT_LUNG_N28/vectors,vectors,normal,1,normal,1,0.22807055711746216,0.7719295024871826
Epithelial_cells_7_1_2_2900_500_500/train/normal/nlung__ACTGATGGTTATGTGC_LUNG_N20/vectors,vectors,normal,1,normal,1,0.1831001192331314,0.816899836063385
Epithelial_cells_7_1_2_2900_500_500/train/normal/nlung__GGTGAAGAGCCACCTG_LUNG_N28/vectors,vectors,normal,1,normal,1,0.19390946626663208,0.8060905933380127
Epithelial_cells_7_1_2_2900_500_500/train/normal/nlung__ATTGGTGGTTCGTGAT_LUNG_N18/vectors,vectors,normal,1,normal,1,0.2832358479499817,0.7167641520500183
Epithelial_cells_7_1_2_2900_500_500/train/normal/nlung__TGCGGGTGTCTCCATC_LUNG_N18/vectors,vectors,normal,1,normal,1,0.32265937328338623,0.6773406267166138
Epithelial_cells_7_1_2_2900_500_500/train/normal/nlung__CCCATACCAATGACCT_LUNG_N19/vectors,vectors,normal,1,normal,1,0.25342196226119995,0.7465780973434448
Epithelial_cells_7_1_2_2900_500_500/train/normal/nlung__TTAGGACGTACCGCTG_LUNG_N30/vectors,vectors,normal,1,normal,1,0.3168447017669678,0.6831552982330322
Epithelial_cells_7_1_2_2900_500_500/train/normal/nlung__TGACGGCGTTCGGGCT_LUNG_N30/vectors,vectors,normal,1,normal,1,0.40809983015060425,0.5919001698493958
Epithelial_cells_7_1_2_2900_500_500/train/normal/nlung__CTCGTCACAAGACGTG_LUNG_N30/vectors,vectors,normal,1,normal,1,0.2567155063152313,0.7432845234870911
Epithelial_cells_7_1_2_2900_500_500/train/normal/nlung__GACGTTACATCCCACT_LUNG_N20/vectors,vectors,normal,1,normal,1,0.24828346073627472,0.7517164945602417
Epithelial_cells_7_1_2_2900_500_500/train/normal/nlung__TCAGGATGTCAAACTC_LUNG_N18/vectors,vectors,normal,1,normal,1,0.32367393374443054,0.6763259768486023
Epithelial_cells_7_1_2_2900_500_500/train/normal/nlung__GATCAGTCAGCCAATT_LUNG_N18/vectors,vectors,normal,1,normal,1,0.3213801383972168,0.678619921207428
Epithelial_cells_7_1_2_2900_500_500/train/normal/nlung__CGTCCATCAAGGTGTG_LUNG_N19/vectors,vectors,normal,1,normal,1,0.3185116946697235,0.6814883947372437
Epithelial_cells_7_1_2_2900_500_500/train/normal/nlung__AAATGCCTCGCATGGC_LUNG_N18/vectors,vectors,normal,1,normal,1,0.3408416211605072,0.6591584086418152
Epithelial_cells_7_1_2_2900_500_500/train/normal/nlung__CCGTACTGTCACAAGG_LUNG_N18/vectors,vectors,normal,1,normal,1,0.2000492811203003,0.7999507784843445
Epithelial_cells_7_1_2_2900_500_500/train/normal/nlung__CTCGTCAGTCTAGCCG_LUNG_N18/vectors,vectors,normal,1,normal,1,0.32917600870132446,0.6708239912986755
Epithelial_cells_7_1_2_2900_500_500/train/normal/nlung__ACTATCTTCTGGCGTG_LUNG_N28/vectors,vectors,normal,1,normal,1,0.2462613433599472,0.7537387013435364
Epithelial_cells_7_1_2_2900_500_500/train/normal/nlung__AAATGCCAGGCATGGT_LUNG_N19/vectors,vectors,normal,1,normal,1,0.24180258810520172,0.7581974864006042
Epithelial_cells_7_1_2_2900_500_500/train/normal/nlung__AAACCTGGTCATGCCG_LUNG_N19/vectors,vectors,normal,1,normal,1,0.27323490381240845,0.7267651557922363
Epithelial_cells_7_1_2_2900_500_500/train/normal/nlung__ATGGGAGGTAAGGATT_LUNG_N19/vectors,vectors,normal,1,normal,1,0.3763938546180725,0.6236061453819275
Epithelial_cells_7_1_2_2900_500_500/train/normal/nlung__GCATACAGTCACCTAA_LUNG_N06/vectors,vectors,normal,1,normal,1,0.2513030469417572,0.7486969232559204
Epithelial_cells_7_1_2_2900_500_500/train/normal/nlung__GAATGAATCGTACCGG_LUNG_N28/vectors,vectors,normal,1,normal,1,0.30012983083724976,0.6998701691627502
Epithelial_cells_7_1_2_2900_500_500/train/normal/nlung__TGAAAGACAGGTCTCG_LUNG_N20/vectors,vectors,normal,1,normal,1,0.3971198499202728,0.6028801798820496
Epithelial_cells_7_1_2_2900_500_500/train/normal/nlung__AGCTCTCCATCATCCC_LUNG_N28/vectors,vectors,normal,1,normal,1,0.3971782624721527,0.6028217077255249
Epithelial_cells_7_1_2_2900_500_500/train/normal/nlung__GACGGCTCACGAGGTA_LUNG_N06/vectors,vectors,normal,1,normal,1,0.3106159269809723,0.6893840432167053
Epithelial_cells_7_1_2_2900_500_500/train/normal/nlung__CAAGGCCAGCCGCCTA_LUNG_N19/vectors,vectors,normal,1,normal,1,0.3852590024471283,0.6147409677505493
Epithelial_cells_7_1_2_2900_500_500/train/normal/nlung__ACTGTCCCACCTATCC_LUNG_N19/vectors,vectors,normal,1,normal,1,0.2944938540458679,0.7055061459541321
Epithelial_cells_7_1_2_2900_500_500/train/normal/nlung__CGATGGCAGGGTCTCC_LUNG_N28/vectors,vectors,normal,1,normal,1,0.29444313049316406,0.7055568695068359
Epithelial_cells_7_1_2_2900_500_500/train/normal/nlung__GTCTCGTTCGAACGGA_LUNG_N06/vectors,vectors,normal,1,normal,1,0.20079262554645538,0.799207329750061
Epithelial_cells_7_1_2_2900_500_500/train/normal/nlung__TCAACGATCATGGTCA_LUNG_N28/vectors,vectors,normal,1,normal,1,0.33201250433921814,0.6679874658584595
Epithelial_cells_7_1_2_2900_500_500/train/normal/nlung__CGACTTCCACATCTTT_LUNG_N09/vectors,vectors,normal,1,normal,1,0.19216006994247437,0.8078399300575256
Epithelial_cells_7_1_2_2900_500_500/train/normal/nlung__AGCGTATAGTTGTAGA_LUNG_N20/vectors,vectors,normal,1,normal,1,0.155783548951149,0.8442164063453674
Epithelial_cells_7_1_2_2900_500_500/train/normal/nlung__CAGATCACAGCTTCGG_LUNG_N19/vectors,vectors,normal,1,normal,1,0.32039588689804077,0.679604172706604
Epithelial_cells_7_1_2_2900_500_500/train/normal/nlung__CTGATCCCACATCTTT_LUNG_N18/vectors,vectors,normal,1,normal,1,0.1522526890039444,0.8477473258972168
Epithelial_cells_7_1_2_2900_500_500/train/normal/nlung__CTAGCCTAGTGACTCT_LUNG_N19/vectors,vectors,normal,1,normal,1,0.4011012017726898,0.5988987684249878
Epithelial_cells_7_1_2_2900_500_500/train/normal/nlung__TTGGCAAGTACAGTGG_LUNG_N30/vectors,vectors,normal,1,normal,1,0.32148662209510803,0.6785133481025696
Epithelial_cells_7_1_2_2900_500_500/train/normal/nlung__GTAACGTTCATATCGG_LUNG_N30/vectors,vectors,normal,1,normal,1,0.25439319014549255,0.7456068992614746
Epithelial_cells_7_1_2_2900_500_500/train/normal/nlung__AAGCCGCAGAAACCTA_LUNG_N20/vectors,vectors,normal,1,normal,1,0.2542542815208435,0.7457457184791565
Epithelial_cells_7_1_2_2900_500_500/train/normal/nlung__TCGAGGCCAAAGGAAG_LUNG_N28/vectors,vectors,normal,1,normal,1,0.3422691822052002,0.6577308177947998
Epithelial_cells_7_1_2_2900_500_500/train/normal/nlung__CGTAGGCGTTGAACTC_LUNG_N20/vectors,vectors,normal,1,normal,1,0.2127835899591446,0.7872164249420166
Epithelial_cells_7_1_2_2900_500_500/train/normal/nlung__ACATACGTCTTACCTA_LUNG_N18/vectors,vectors,normal,1,normal,1,0.1660321056842804,0.833967924118042
Epithelial_cells_7_1_2_2900_500_500/train/normal/nlung__TCATTACCAAAGGTGC_LUNG_N20/vectors,vectors,normal,1,normal,1,0.26378899812698364,0.7362110018730164
Epithelial_cells_7_1_2_2900_500_500/train/normal/nlung__TTCCCAGCATCCGTGG_LUNG_N19/vectors,vectors,normal,1,normal,1,0.194616436958313,0.8053836226463318
Epithelial_cells_7_1_2_2900_500_500/train/normal/nlung__ATAGACCCACGGTAGA_LUNG_N20/vectors,vectors,normal,1,normal,1,0.2552740275859833,0.7447260022163391
Epithelial_cells_7_1_2_2900_500_500/train/normal/nlung__ACGCAGCCAACGCACC_LUNG_N20/vectors,vectors,normal,1,normal,1,0.1247984915971756,0.8752015829086304
Epithelial_cells_7_1_2_2900_500_500/train/normal/nlung__TTGCGTCAGACAGACC_LUNG_N20/vectors,vectors,normal,1,normal,1,0.28017300367355347,0.7198269963264465
Epithelial_cells_7_1_2_2900_500_500/train/normal/nlung__CACACAAGTCCAGTAT_LUNG_N20/vectors,vectors,normal,1,normal,1,0.2650235891342163,0.7349764704704285
Epithelial_cells_7_1_2_2900_500_500/train/normal/nlung__TCTGGAAAGCTGATAA_LUNG_N06/vectors,vectors,normal,1,normal,1,0.2634572684764862,0.736542820930481
Epithelial_cells_7_1_2_2900_500_500/train/normal/nlung__CGGCTAGCACACGCTG_LUNG_N06/vectors,vectors,normal,1,normal,1,0.3205287754535675,0.6794711947441101
Epithelial_cells_7_1_2_2900_500_500/train/normal/nlung__GCGCCAAGTCATGCAT_LUNG_N18/vectors,vectors,normal,1,normal,1,0.24682825803756714,0.7531718015670776
Epithelial_cells_7_1_2_2900_500_500/train/normal/nlung__GCTGCAGCATAAAGGT_LUNG_N20/vectors,vectors,normal,1,normal,1,0.24216081202030182,0.7578391432762146
Epithelial_cells_7_1_2_2900_500_500/train/normal/nlung__TGACTAGTCTGGCGTG_LUNG_N19/vectors,vectors,normal,1,normal,1,0.38248738646507263,0.6175126433372498
Epithelial_cells_7_1_2_2900_500_500/train/normal/nlung__TAGTTGGAGATATACG_LUNG_N18/vectors,vectors,normal,1,normal,1,0.23429714143276215,0.7657028436660767
Epithelial_cells_7_1_2_2900_500_500/train/normal/nlung__CTCACACAGGTAAACT_LUNG_N30/vectors,vectors,normal,1,normal,1,0.2820972800254822,0.7179027199745178
Epithelial_cells_7_1_2_2900_500_500/train/normal/nlung__GTCGGGTTCAAGCCTA_LUNG_N28/vectors,vectors,normal,1,normal,1,0.2533295452594757,0.7466704845428467
Epithelial_cells_7_1_2_2900_500_500/train/normal/nlung__AGGCCGTTCTATCCCG_LUNG_N06/vectors,vectors,normal,1,normal,1,0.12916910648345947,0.8708309531211853
Epithelial_cells_7_1_2_2900_500_500/train/normal/nlung__GAATAAGGTCAGAATA_LUNG_N18/vectors,vectors,normal,1,normal,1,0.15700757503509521,0.8429924845695496
Epithelial_cells_7_1_2_2900_500_500/train/normal/nlung__AGACGTTCAACTGCTA_LUNG_N20/vectors,vectors,normal,1,normal,1,0.15138815343379974,0.8486118316650391
Epithelial_cells_7_1_2_2900_500_500/train/normal/nlung__GAGGTGAGTCCCTTGT_LUNG_N28/vectors,vectors,normal,1,normal,1,0.18776482343673706,0.8122352361679077
Epithelial_cells_7_1_2_2900_500_500/train/normal/nlung__GCGCAGTAGCCACGCT_LUNG_N09/vectors,vectors,normal,1,normal,1,0.26676300168037415,0.7332370281219482
Epithelial_cells_7_1_2_2900_500_500/train/normal/nlung__TCATTTGAGATTACCC_LUNG_N30/vectors,vectors,normal,1,normal,1,0.284799724817276,0.7152003049850464
Epithelial_cells_7_1_2_2900_500_500/train/normal/nlung__TGCGGGTCATGTCCTC_LUNG_N06/vectors,vectors,normal,1,normal,1,0.26635727286338806,0.7336427569389343
Epithelial_cells_7_1_2_2900_500_500/train/normal/nlung__TCACGAATCACCCGAG_LUNG_N09/vectors,vectors,normal,1,normal,1,0.20159700512886047,0.7984030246734619
Epithelial_cells_7_1_2_2900_500_500/train/normal/nlung__GGGAGATTCTTGCCGT_LUNG_N30/vectors,vectors,normal,1,normal,1,0.14532750844955444,0.8546724915504456
Epithelial_cells_7_1_2_2900_500_500/train/normal/nlung__TCTATTGAGAGACTTA_LUNG_N18/vectors,vectors,normal,1,normal,1,0.20287714898586273,0.7971228361129761
Epithelial_cells_7_1_2_2900_500_500/train/normal/nlung__TTGAACGCAGTTAACC_LUNG_N18/vectors,vectors,normal,1,normal,1,0.3586619198322296,0.6413381695747375
Epithelial_cells_7_1_2_2900_500_500/train/normal/nlung__AAACCTGCACCGAAAG_LUNG_N30/vectors,vectors,normal,1,normal,1,0.2693015933036804,0.7306984663009644
Epithelial_cells_7_1_2_2900_500_500/train/normal/nlung__TACGGTACACGACTCG_LUNG_N30/vectors,vectors,normal,1,normal,1,0.2648809552192688,0.735119104385376
Epithelial_cells_7_1_2_2900_500_500/train/normal/nlung__CCACCTACACTTAAGC_LUNG_N20/vectors,vectors,normal,1,normal,1,0.2962978184223175,0.7037022113800049
Epithelial_cells_7_1_2_2900_500_500/train/normal/nlung__GACTACATCGCGTAGC_LUNG_N30/vectors,vectors,normal,1,normal,1,0.2182733714580536,0.781726598739624
Epithelial_cells_7_1_2_2900_500_500/train/normal/nlung__GTAGTCATCAAGGTAA_LUNG_N18/vectors,vectors,normal,1,normal,1,0.29196402430534363,0.708035945892334
Epithelial_cells_7_1_2_2900_500_500/train/normal/nlung__CTGCCTAGTCAGAGGT_LUNG_N18/vectors,vectors,normal,1,normal,1,0.2693255841732025,0.7306743860244751
Epithelial_cells_7_1_2_2900_500_500/train/normal/nlung__TTTGCGCGTTACGTCA_LUNG_N28/vectors,vectors,normal,1,normal,1,0.3343992233276367,0.6656007766723633
Epithelial_cells_7_1_2_2900_500_500/train/normal/nlung__TTAACTCTCGGCTTGG_LUNG_N06/vectors,vectors,normal,1,normal,1,0.2729925513267517,0.7270074486732483
Epithelial_cells_7_1_2_2900_500_500/train/normal/nlung__CCCTCCTTCTCGTTTA_LUNG_N09/vectors,vectors,normal,1,normal,1,0.24953867495059967,0.7504613399505615
Epithelial_cells_7_1_2_2900_500_500/train/normal/nlung__GCATACACACCTATCC_LUNG_N20/vectors,vectors,normal,1,normal,1,0.25650593638420105,0.7434940934181213
Epithelial_cells_7_1_2_2900_500_500/train/normal/nlung__AGTTGGTGTTATCACG_LUNG_N18/vectors,vectors,normal,1,normal,1,0.3409513533115387,0.6590486764907837
Epithelial_cells_7_1_2_2900_500_500/train/normal/nlung__TTTGTCACATCTCGCT_LUNG_N19/vectors,vectors,normal,1,normal,1,0.17679591476917267,0.8232040405273438
Epithelial_cells_7_1_2_2900_500_500/train/normal/nlung__TCAGCTCGTCATGCAT_LUNG_N28/vectors,vectors,normal,1,normal,1,0.3432316780090332,0.6567683219909668
Epithelial_cells_7_1_2_2900_500_500/train/normal/nlung__TGCGGGTAGAGTCTGG_LUNG_N20/vectors,vectors,normal,1,normal,1,0.3430115580558777,0.6569884419441223
Epithelial_cells_7_1_2_2900_500_500/train/normal/nlung__TGACTAGAGGCTCATT_LUNG_N18/vectors,vectors,normal,1,normal,1,0.227212056517601,0.7727879881858826
Epithelial_cells_7_1_2_2900_500_500/train/normal/nlung__GCAGCCATCGGATGGA_LUNG_N30/vectors,vectors,normal,1,normal,1,0.16490274667739868,0.8350972533226013
Epithelial_cells_7_1_2_2900_500_500/train/normal/nlung__CATCAAGCATTGTGCA_LUNG_N28/vectors,vectors,normal,1,normal,1,0.30613797903060913,0.6938619613647461
Epithelial_cells_7_1_2_2900_500_500/train/normal/nlung__GGCTGGTAGCCCAACC_LUNG_N30/vectors,vectors,normal,1,normal,1,0.24744148552417755,0.7525585293769836
Epithelial_cells_7_1_2_2900_500_500/train/normal/nlung__CGTGTCTCATGACGGA_LUNG_N28/vectors,vectors,normal,1,normal,1,0.2899494469165802,0.7100507020950317
Epithelial_cells_7_1_2_2900_500_500/train/normal/nlung__AGGTCCGAGGCTCTTA_LUNG_N06/vectors,vectors,normal,1,normal,1,0.16588005423545837,0.834119975566864
Epithelial_cells_7_1_2_2900_500_500/train/normal/nlung__CTACCCATCGGCGGTT_LUNG_N28/vectors,vectors,normal,1,normal,1,0.4099292755126953,0.5900707244873047
Epithelial_cells_7_1_2_2900_500_500/train/normal/nlung__TGCGGGTAGAACAACT_LUNG_N18/vectors,vectors,normal,1,normal,1,0.25196966528892517,0.7480303049087524
Epithelial_cells_7_1_2_2900_500_500/train/normal/nlung__TGTGGTACAAGCCATT_LUNG_N28/vectors,vectors,normal,1,normal,1,0.22460773587226868,0.7753922939300537
Epithelial_cells_7_1_2_2900_500_500/train/normal/nlung__CTACACCTCCCTTGCA_LUNG_N18/vectors,vectors,normal,1,normal,1,0.21339766681194305,0.7866023182868958
Epithelial_cells_7_1_2_2900_500_500/train/normal/nlung__CCGTGGATCTCTGCTG_LUNG_N20/vectors,vectors,normal,1,normal,1,0.2663334310054779,0.7336665987968445
Epithelial_cells_7_1_2_2900_500_500/train/normal/nlung__TTAGGACAGGTGTGGT_LUNG_N06/vectors,vectors,normal,1,normal,1,0.27779126167297363,0.7222087383270264
Epithelial_cells_7_1_2_2900_500_500/train/normal/nlung__CATCAAGTCACCATAG_LUNG_N09/vectors,vectors,normal,1,normal,1,0.3234334886074066,0.676566481590271
Epithelial_cells_7_1_2_2900_500_500/train/normal/nlung__TCATTTGGTTCGAATC_LUNG_N28/vectors,vectors,normal,1,normal,1,0.18249835073947906,0.8175016045570374
Epithelial_cells_7_1_2_2900_500_500/train/normal/nlung__GTCACAAAGCACACAG_LUNG_N18/vectors,vectors,normal,1,normal,1,0.34235161542892456,0.6576483845710754
Epithelial_cells_7_1_2_2900_500_500/train/normal/nlung__GTCGTAATCAGGCAAG_LUNG_N19/vectors,vectors,normal,1,normal,1,0.3404577672481537,0.6595422029495239
Epithelial_cells_7_1_2_2900_500_500/train/normal/nlung__CTGCTGTGTCGGCATC_LUNG_N18/vectors,vectors,normal,1,normal,1,0.12557385861873627,0.8744261860847473
Epithelial_cells_7_1_2_2900_500_500/train/normal/nlung__CGATGTAAGATCGGGT_LUNG_N20/vectors,vectors,normal,1,normal,1,0.3044292628765106,0.6955706477165222
Epithelial_cells_7_1_2_2900_500_500/train/normal/nlung__TTCTTAGTCCTGTAGA_LUNG_N30/vectors,vectors,normal,1,normal,1,0.3018506169319153,0.6981493830680847
Epithelial_cells_7_1_2_2900_500_500/train/normal/nlung__CTAGAGTCAGGCTCAC_LUNG_N30/vectors,vectors,normal,1,normal,1,0.36350569128990173,0.6364943981170654
Epithelial_cells_7_1_2_2900_500_500/train/normal/nlung__CTCGGGATCGGGAGTA_LUNG_N20/vectors,vectors,normal,1,normal,1,0.09604667127132416,0.9039533138275146
Epithelial_cells_7_1_2_2900_500_500/train/normal/nlung__TAGGCATTCGGCGCAT_LUNG_N06/vectors,vectors,normal,1,normal,1,0.20501752197742462,0.7949824929237366
Epithelial_cells_7_1_2_2900_500_500/train/normal/nlung__TAGACCACAGAAGCAC_LUNG_N20/vectors,vectors,normal,1,normal,1,0.24458850920200348,0.7554115653038025
Epithelial_cells_7_1_2_2900_500_500/train/normal/nlung__GTTAAGCTCCAGATCA_LUNG_N28/vectors,vectors,normal,1,normal,1,0.14843252301216125,0.8515674471855164
Epithelial_cells_7_1_2_2900_500_500/train/normal/nlung__TGCGGGTCACATTTCT_LUNG_N20/vectors,vectors,normal,1,normal,1,0.217067688703537,0.7829322814941406
Epithelial_cells_7_1_2_2900_500_500/train/normal/nlung__AGCATACGTTAAGACA_LUNG_N30/vectors,vectors,normal,1,normal,1,0.274789035320282,0.725210964679718
Epithelial_cells_7_1_2_2900_500_500/train/normal/nlung__ACACCAAGTTCCCTTG_LUNG_N28/vectors,vectors,normal,1,normal,1,0.1773829609155655,0.8226169943809509
Epithelial_cells_7_1_2_2900_500_500/train/normal/nlung__TGCTACCTCTGGTTCC_LUNG_N18/vectors,vectors,normal,1,normal,1,0.19905485212802887,0.8009451031684875
Epithelial_cells_7_1_2_2900_500_500/train/normal/nlung__ATTATCCAGGGATCTG_LUNG_N09/vectors,vectors,normal,1,normal,1,0.29769957065582275,0.7023003697395325
Epithelial_cells_7_1_2_2900_500_500/train/normal/nlung__TACGGTAGTGCTCTTC_LUNG_N18/vectors,vectors,normal,1,normal,1,0.297725111246109,0.7022748589515686
Epithelial_cells_7_1_2_2900_500_500/train/normal/nlung__AAATGCCTCTCACATT_LUNG_N18/vectors,vectors,normal,1,normal,1,0.28814324736595154,0.7118567824363708
Epithelial_cells_7_1_2_2900_500_500/train/normal/nlung__GGCTCGAGTTACGACT_LUNG_N18/vectors,vectors,normal,1,normal,1,0.24517539143562317,0.754824697971344
Epithelial_cells_7_1_2_2900_500_500/train/normal/nlung__ATCATCTCACACAGAG_LUNG_N20/vectors,vectors,normal,1,normal,1,0.20910607278347015,0.7908939719200134
Epithelial_cells_7_1_2_2900_500_500/train/normal/nlung__ATTATCCCACCTGGTG_LUNG_N09/vectors,vectors,normal,1,normal,1,0.44673606753349304,0.5532639026641846
Epithelial_cells_7_1_2_2900_500_500/train/normal/nlung__CACAGGCTCTTCCTTC_LUNG_N20/vectors,vectors,normal,1,normal,1,0.24124351143836975,0.7587564587593079
Epithelial_cells_7_1_2_2900_500_500/train/normal/nlung__CACAAACGTCACAAGG_LUNG_N28/vectors,vectors,normal,1,normal,1,0.29105642437934875,0.7089436054229736
Epithelial_cells_7_1_2_2900_500_500/train/normal/nlung__GAAGCAGGTCTTCAAG_LUNG_N19/vectors,vectors,normal,1,normal,1,0.43545132875442505,0.564548671245575
Epithelial_cells_7_1_2_2900_500_500/train/normal/nlung__CGAGCCACAGATTGCT_LUNG_N19/vectors,vectors,normal,1,normal,1,0.41418781876564026,0.5858121514320374
Epithelial_cells_7_1_2_2900_500_500/train/normal/nlung__ACATGGTCACAGATTC_LUNG_N18/vectors,vectors,normal,1,normal,1,0.20079262554645538,0.799207329750061
Epithelial_cells_7_1_2_2900_500_500/train/normal/nlung__ATTTCTGCATTGCGGC_LUNG_N20/vectors,vectors,normal,1,normal,1,0.14375774562358856,0.856242299079895
Epithelial_cells_7_1_2_2900_500_500/train/normal/nlung__TATCTCAAGATGGGTC_LUNG_N20/vectors,vectors,normal,1,normal,1,0.3095974624156952,0.6904025673866272
Epithelial_cells_7_1_2_2900_500_500/train/normal/nlung__CAGCAGCCATCACGTA_LUNG_N20/vectors,vectors,normal,1,normal,1,0.24725966155529022,0.7527403235435486
Epithelial_cells_7_1_2_2900_500_500/train/normal/nlung__GGGAGATAGGTGCACA_LUNG_N06/vectors,vectors,normal,1,normal,1,0.2234194278717041,0.7765806317329407
Epithelial_cells_7_1_2_2900_500_500/train/normal/nlung__ATAACGCAGCGATTCT_LUNG_N30/vectors,vectors,normal,1,normal,1,0.1335422694683075,0.8664577007293701
Epithelial_cells_7_1_2_2900_500_500/train/normal/nlung__TCGGGACTCGCGTTTC_LUNG_N28/vectors,vectors,normal,1,normal,1,0.2627235949039459,0.7372764348983765
Epithelial_cells_7_1_2_2900_500_500/train/normal/nlung__CAGAATCTCTTGCCGT_LUNG_N18/vectors,vectors,normal,1,normal,1,0.29426565766334534,0.7057343125343323
Epithelial_cells_7_1_2_2900_500_500/train/normal/nlung__GTACTCCTCTGTCAAG_LUNG_N06/vectors,vectors,normal,1,normal,1,0.22746935486793518,0.772530734539032
Epithelial_cells_7_1_2_2900_500_500/train/normal/nlung__ACACCGGCAGTGGGAT_LUNG_N20/vectors,vectors,normal,1,normal,1,0.332093745470047,0.6679062247276306
Epithelial_cells_7_1_2_2900_500_500/train/normal/nlung__ACTGAACGTTGGAGGT_LUNG_N09/vectors,vectors,normal,1,normal,1,0.252798855304718,0.747201144695282
Epithelial_cells_7_1_2_2900_500_500/train/normal/nlung__CCTTACGGTTCCCGAG_LUNG_N30/vectors,vectors,normal,1,normal,1,0.25606390833854675,0.7439361810684204
Epithelial_cells_7_1_2_2900_500_500/train/normal/nlung__CCGTACTAGATCGGGT_LUNG_N28/vectors,vectors,normal,1,normal,1,0.30030936002731323,0.6996906995773315
Epithelial_cells_7_1_2_2900_500_500/train/normal/nlung__TCTGAGAGTCGACTAT_LUNG_N28/vectors,vectors,normal,1,normal,1,0.19519104063510895,0.8048089742660522
Epithelial_cells_7_1_2_2900_500_500/train/normal/nlung__GCAGCCAGTTGGAGGT_LUNG_N20/vectors,vectors,normal,1,normal,1,0.29100605845451355,0.7089939713478088
Epithelial_cells_7_1_2_2900_500_500/train/normal/nlung__ACGATGTGTAGAAAGG_LUNG_N18/vectors,vectors,normal,1,normal,1,0.22175069153308868,0.7782493829727173
Epithelial_cells_7_1_2_2900_500_500/train/normal/nlung__TTGACTTAGTGTGGCA_LUNG_N30/vectors,vectors,normal,1,normal,1,0.2818501591682434,0.7181499004364014
Epithelial_cells_7_1_2_2900_500_500/train/normal/nlung__GTACGTATCTACCTGC_LUNG_N18/vectors,vectors,normal,1,normal,1,0.19081822037696838,0.8091817498207092
Epithelial_cells_7_1_2_2900_500_500/train/normal/nlung__GACGTGCTCTCTGCTG_LUNG_N19/vectors,vectors,normal,1,normal,1,0.4426364600658417,0.5573634505271912
Epithelial_cells_7_1_2_2900_500_500/train/normal/nlung__ATCTACTTCCAAGTAC_LUNG_N18/vectors,vectors,normal,1,normal,1,0.3043000400066376,0.69569993019104
Epithelial_cells_7_1_2_2900_500_500/train/normal/nlung__CAAGAAATCCTCTAGC_LUNG_N18/vectors,vectors,normal,1,normal,1,0.2878679037094116,0.7121320962905884
Epithelial_cells_7_1_2_2900_500_500/train/normal/nlung__CTGTGCTAGGATTCGG_LUNG_N20/vectors,vectors,normal,1,normal,1,0.23850584030151367,0.7614941596984863
Epithelial_cells_7_1_2_2900_500_500/train/normal/nlung__CATGCCTGTGAGGCTA_LUNG_N28/vectors,vectors,normal,1,normal,1,0.20262065529823303,0.7973793745040894
Epithelial_cells_7_1_2_2900_500_500/train/normal/nlung__ACATACGGTCCTGCTT_LUNG_N18/vectors,vectors,normal,1,normal,1,0.4030380845069885,0.5969619750976562
Epithelial_cells_7_1_2_2900_500_500/train/normal/nlung__TACCTATCAGACGTAG_LUNG_N18/vectors,vectors,normal,1,normal,1,0.2443179190158844,0.7556820511817932
Epithelial_cells_7_1_2_2900_500_500/train/normal/nlung__TGATTTCGTCTCGTTC_LUNG_N20/vectors,vectors,normal,1,normal,1,0.2959161400794983,0.7040838003158569
Epithelial_cells_7_1_2_2900_500_500/train/normal/nlung__ATCTGCCAGATGTCGG_LUNG_N28/vectors,vectors,normal,1,normal,1,0.2276839166879654,0.772316038608551
Epithelial_cells_7_1_2_2900_500_500/train/normal/nlung__TATCTCACACAAGACG_LUNG_N18/vectors,vectors,normal,1,normal,1,0.25645938515663147,0.7435406446456909
Epithelial_cells_7_1_2_2900_500_500/train/normal/nlung__CCGTGGATCAGCTTAG_LUNG_N28/vectors,vectors,normal,1,normal,1,0.30899763107299805,0.6910023093223572
Epithelial_cells_7_1_2_2900_500_500/train/normal/nlung__CGAACATCAGCTGCAC_LUNG_N20/vectors,vectors,normal,1,normal,1,0.18864138424396515,0.811358630657196
Epithelial_cells_7_1_2_2900_500_500/train/normal/nlung__GATCAGTCATTTGCCC_LUNG_N18/vectors,vectors,normal,1,normal,1,0.21580487489700317,0.784195065498352
Epithelial_cells_7_1_2_2900_500_500/train/normal/nlung__AGGTCATCAATCGGTT_LUNG_N09/vectors,vectors,normal,1,normal,1,0.2569485008716583,0.7430514693260193
Epithelial_cells_7_1_2_2900_500_500/train/normal/nlung__GTAGGCCCAGTTCATG_LUNG_N20/vectors,vectors,normal,1,normal,1,0.3022880554199219,0.6977118253707886
Epithelial_cells_7_1_2_2900_500_500/train/normal/nlung__CGGCTAGTCATTGCCC_LUNG_N06/vectors,vectors,normal,1,normal,1,0.37433311343193054,0.6256667971611023
Epithelial_cells_7_1_2_2900_500_500/train/normal/nlung__AGATTGCCACTATCTT_LUNG_N20/vectors,vectors,normal,1,normal,1,0.25217679142951965,0.747823178768158
Epithelial_cells_7_1_2_2900_500_500/train/normal/nlung__CCCTCCTGTTTAGCTG_LUNG_N30/vectors,vectors,normal,1,normal,1,0.2892712950706482,0.7107287049293518
Epithelial_cells_7_1_2_2900_500_500/train/normal/nlung__ACCAGTACACGGACAA_LUNG_N06/vectors,vectors,normal,1,normal,1,0.32327327132225037,0.6767266988754272
Epithelial_cells_7_1_2_2900_500_500/train/normal/nlung__ACGGAGATCCGAAGAG_LUNG_N06/vectors,vectors,normal,1,normal,1,0.2563430368900299,0.7436569929122925
Epithelial_cells_7_1_2_2900_500_500/train/normal/nlung__TTCGAAGAGTAGCGGT_LUNG_N28/vectors,vectors,normal,1,normal,1,0.2616845369338989,0.7383154630661011
Epithelial_cells_7_1_2_2900_500_500/train/normal/nlung__CAACCTCCATACCATG_LUNG_N30/vectors,vectors,normal,1,normal,1,0.18650215864181519,0.8134978413581848
Epithelial_cells_7_1_2_2900_500_500/train/normal/nlung__CAAGTTGTCGTCACGG_LUNG_N20/vectors,vectors,normal,1,normal,1,0.20396506786346436,0.7960349321365356
Epithelial_cells_7_1_2_2900_500_500/train/normal/nlung__GCCAAATGTAGCAAAT_LUNG_N20/vectors,vectors,normal,1,normal,1,0.20428235828876495,0.7957175970077515
Epithelial_cells_7_1_2_2900_500_500/train/normal/nlung__GACTACAGTCTCTTTA_LUNG_N18/vectors,vectors,normal,1,normal,1,0.22426775097846985,0.7757322788238525
Epithelial_cells_7_1_2_2900_500_500/train/normal/nlung__CTCTACGTCAACTCTT_LUNG_N06/vectors,vectors,normal,1,normal,1,0.2660234570503235,0.7339765429496765
Epithelial_cells_7_1_2_2900_500_500/train/normal/nlung__GCGGGTTTCAAACGGG_LUNG_N06/vectors,vectors,normal,1,normal,1,0.21802352368831635,0.7819764018058777
Epithelial_cells_7_1_2_2900_500_500/train/normal/nlung__AACTCAGCAGTTAACC_LUNG_N18/vectors,vectors,normal,1,normal,1,0.2136436551809311,0.7863563299179077
Epithelial_cells_7_1_2_2900_500_500/train/normal/nlung__CCGTGGAAGGAATTAC_LUNG_N30/vectors,vectors,normal,1,normal,1,0.19930799305438995,0.8006920218467712
Epithelial_cells_7_1_2_2900_500_500/train/normal/nlung__CCATGTCTCGATCCCT_LUNG_N30/vectors,vectors,normal,1,normal,1,0.12696094810962677,0.8730390667915344
Epithelial_cells_7_1_2_2900_500_500/train/normal/nlung__GCAATCAAGCCACGTC_LUNG_N09/vectors,vectors,normal,1,normal,1,0.49575817584991455,0.5042418837547302
Epithelial_cells_7_1_2_2900_500_500/train/normal/nlung__CCGTACTAGCTAGTGG_LUNG_N30/vectors,vectors,normal,1,normal,1,0.24416020512580872,0.7558398246765137
Epithelial_cells_7_1_2_2900_500_500/train/normal/nlung__AGCGTATCAACGATGG_LUNG_N20/vectors,vectors,normal,1,normal,1,0.19210325181484222,0.8078967928886414
Epithelial_cells_7_1_2_2900_500_500/train/normal/nlung__GGAACTTCAAAGCAAT_LUNG_N18/vectors,vectors,normal,1,normal,1,0.3444434702396393,0.6555565595626831
Epithelial_cells_7_1_2_2900_500_500/train/normal/nlung__GCATGCGAGGCAATTA_LUNG_N28/vectors,vectors,normal,1,normal,1,0.2830623984336853,0.7169375419616699
Epithelial_cells_7_1_2_2900_500_500/train/normal/nlung__ATTGGTGTCGCAGGCT_LUNG_N06/vectors,vectors,normal,1,normal,1,0.333666056394577,0.6663339734077454
Epithelial_cells_7_1_2_2900_500_500/train/normal/nlung__TACAGTGTCATGTGGT_LUNG_N18/vectors,vectors,normal,1,normal,1,0.21574293076992035,0.7842569947242737
Epithelial_cells_7_1_2_2900_500_500/train/normal/nlung__CTACCCACAGGTCGTC_LUNG_N20/vectors,vectors,normal,1,normal,1,0.341802179813385,0.6581978797912598
Epithelial_cells_7_1_2_2900_500_500/train/normal/nlung__CTTCTCTCAACACGCC_LUNG_N20/vectors,vectors,normal,1,normal,1,0.23018349707126617,0.769816517829895
Epithelial_cells_7_1_2_2900_500_500/train/normal/nlung__AGCGTATAGTCGTTTG_LUNG_N20/vectors,vectors,normal,1,normal,1,0.24528832733631134,0.7547116875648499
Epithelial_cells_7_1_2_2900_500_500/train/normal/nlung__TAGAGCTGTTACGGAG_LUNG_N20/vectors,vectors,normal,1,normal,1,0.2694697678089142,0.7305302619934082
Epithelial_cells_7_1_2_2900_500_500/train/normal/nlung__GGACGTCGTATCACCA_LUNG_N30/vectors,vectors,normal,1,normal,1,0.14573734998703003,0.85426265001297
Epithelial_cells_7_1_2_2900_500_500/train/normal/nlung__GGTGCGTCACGGTAAG_LUNG_N28/vectors,vectors,normal,1,normal,1,0.29861918091773987,0.7013807892799377
Epithelial_cells_7_1_2_2900_500_500/train/normal/nlung__CCGGTAGAGAGTACCG_LUNG_N30/vectors,vectors,normal,1,normal,1,0.2597317397594452,0.7402682304382324
Epithelial_cells_7_1_2_2900_500_500/train/normal/nlung__CATCAGAAGATATGGT_LUNG_N20/vectors,vectors,normal,1,normal,1,0.24956153333187103,0.7504384517669678
Epithelial_cells_7_1_2_2900_500_500/train/normal/nlung__GATCGTAGTAGGGTAC_LUNG_N20/vectors,vectors,normal,1,normal,1,0.24798741936683655,0.7520125508308411
Epithelial_cells_7_1_2_2900_500_500/train/normal/nlung__CTGAAACGTAGCAAAT_LUNG_N30/vectors,vectors,normal,1,normal,1,0.18555948138237,0.8144405484199524
Epithelial_cells_7_1_2_2900_500_500/train/normal/nlung__ATCTGCCAGGTGGGTT_LUNG_N30/vectors,vectors,normal,1,normal,1,0.17220665514469147,0.8277934193611145
Epithelial_cells_7_1_2_2900_500_500/train/normal/nlung__CGCTGGACACATTAGC_LUNG_N20/vectors,vectors,normal,1,normal,1,0.15189066529273987,0.8481093645095825
Epithelial_cells_7_1_2_2900_500_500/train/normal/nlung__GACTGCGCATCACAAC_LUNG_N19/vectors,vectors,normal,1,normal,1,0.233378604054451,0.7666214108467102
Epithelial_cells_7_1_2_2900_500_500/train/normal/nlung__TCAGGTAGTAGCGCTC_LUNG_N28/vectors,vectors,normal,1,normal,1,0.23326942324638367,0.7667306661605835
Epithelial_cells_7_1_2_2900_500_500/train/normal/nlung__CCTAGCTAGCGTTGCC_LUNG_N06/vectors,vectors,normal,1,normal,1,0.2686534821987152,0.7313464879989624
Epithelial_cells_7_1_2_2900_500_500/train/normal/nlung__GTTACAGGTAGGGTAC_LUNG_N18/vectors,vectors,normal,1,normal,1,0.2614723742008209,0.7385276556015015
Epithelial_cells_7_1_2_2900_500_500/train/normal/nlung__GCAAACTTCAAGGCTT_LUNG_N28/vectors,vectors,normal,1,normal,1,0.2241828292608261,0.7758171558380127
Epithelial_cells_7_1_2_2900_500_500/train/normal/nlung__CGATGTAAGGGTCTCC_LUNG_N18/vectors,vectors,normal,1,normal,1,0.22592857480049133,0.7740715146064758
Epithelial_cells_7_1_2_2900_500_500/train/normal/nlung__ACACCCTTCGAATCCA_LUNG_N28/vectors,vectors,normal,1,normal,1,0.2537685036659241,0.7462314963340759
Epithelial_cells_7_1_2_2900_500_500/train/normal/nlung__CTAAGACGTGCGGTAA_LUNG_N30/vectors,vectors,normal,1,normal,1,0.31462934613227844,0.6853705644607544
Epithelial_cells_7_1_2_2900_500_500/train/normal/nlung__CACAGGCGTGTGCCTG_LUNG_N18/vectors,vectors,normal,1,normal,1,0.22124552726745605,0.7787545323371887
Epithelial_cells_7_1_2_2900_500_500/train/normal/nlung__GCTTCCAAGCTTTGGT_LUNG_N18/vectors,vectors,normal,1,normal,1,0.21806517243385315,0.7819347977638245
Epithelial_cells_7_1_2_2900_500_500/train/normal/nlung__TCTTTCCAGTTCGATC_LUNG_N28/vectors,vectors,normal,1,normal,1,0.23342229425907135,0.7665777206420898
Epithelial_cells_7_1_2_2900_500_500/train/normal/nlung__CATTATCGTTAAGTAG_LUNG_N18/vectors,vectors,normal,1,normal,1,0.22970795631408691,0.7702920436859131
Epithelial_cells_7_1_2_2900_500_500/train/normal/nlung__ACGATGTGTTGGTTTG_LUNG_N20/vectors,vectors,normal,1,normal,1,0.4423052668571472,0.5576947331428528
Epithelial_cells_7_1_2_2900_500_500/train/normal/nlung__CAAGATCAGTTAGGTA_LUNG_N20/vectors,vectors,normal,1,normal,1,0.3282063901424408,0.6717936396598816
Epithelial_cells_7_1_2_2900_500_500/train/normal/nlung__TGAGCCGGTAGCACGA_LUNG_N18/vectors,vectors,normal,1,normal,1,0.2802715003490448,0.7197285294532776
Epithelial_cells_7_1_2_2900_500_500/train/normal/nlung__TCAACGAAGTGCAAGC_LUNG_N20/vectors,vectors,normal,1,normal,1,0.48194143176078796,0.5180584788322449
Epithelial_cells_7_1_2_2900_500_500/train/normal/nlung__GGACAAGGTCTCACCT_LUNG_N20/vectors,vectors,normal,1,normal,1,0.3131308853626251,0.6868690848350525
Epithelial_cells_7_1_2_2900_500_500/train/normal/nlung__AAGACCTGTTAAGATG_LUNG_N30/vectors,vectors,normal,1,normal,1,0.2971894145011902,0.7028105854988098
Epithelial_cells_7_1_2_2900_500_500/train/normal/nlung__TGGCGCAAGCTACCGC_LUNG_N28/vectors,vectors,normal,1,normal,1,0.16930285096168518,0.8306971192359924
Epithelial_cells_7_1_2_2900_500_500/train/normal/nlung__AGTCTTTTCAAACGGG_LUNG_N30/vectors,vectors,normal,1,normal,1,0.2125179022550583,0.7874820828437805
Epithelial_cells_7_1_2_2900_500_500/train/normal/nlung__ACATACGAGCAAATCA_LUNG_N30/vectors,vectors,normal,1,normal,1,0.19849106669425964,0.801508903503418
Epithelial_cells_7_1_2_2900_500_500/train/normal/nlung__ACTGCTCCACCTATCC_LUNG_N09/vectors,vectors,normal,1,normal,1,0.3207681179046631,0.6792318820953369
Epithelial_cells_7_1_2_2900_500_500/train/normal/nlung__AAAGTAGGTACTCAAC_LUNG_N18/vectors,vectors,normal,1,normal,1,0.11734434962272644,0.8826556205749512
Epithelial_cells_7_1_2_2900_500_500/train/normal/nlung__TTCTTAGGTCTCCACT_LUNG_N18/vectors,vectors,normal,1,normal,1,0.2738898694515228,0.7261101007461548
Epithelial_cells_7_1_2_2900_500_500/train/normal/nlung__CCTACACCACGGTAAG_LUNG_N28/vectors,vectors,normal,1,normal,1,0.35287052392959595,0.6471295356750488
Epithelial_cells_7_1_2_2900_500_500/train/normal/nlung__AAGACCTGTAAGGGCT_LUNG_N30/vectors,vectors,normal,1,normal,1,0.16460037231445312,0.8353996872901917
Epithelial_cells_7_1_2_2900_500_500/train/normal/nlung__ACAGCTACACGAAAGC_LUNG_N09/vectors,vectors,normal,1,normal,1,0.28944700956344604,0.710552990436554
Epithelial_cells_7_1_2_2900_500_500/train/normal/nlung__GACGGCTCATGGTAGG_LUNG_N18/vectors,vectors,normal,1,normal,1,0.2561336159706116,0.7438663840293884
Epithelial_cells_7_1_2_2900_500_500/train/normal/nlung__CTAGAGTAGCGTAATA_LUNG_N18/vectors,vectors,normal,1,normal,1,0.19187597930431366,0.8081240057945251
Epithelial_cells_7_1_2_2900_500_500/train/normal/nlung__GGCGTGTTCCGTCAAA_LUNG_N18/vectors,vectors,normal,1,normal,1,0.2197139859199524,0.7802860140800476
Epithelial_cells_7_1_2_2900_500_500/train/normal/nlung__ACAGCCGTCGTAGGTT_LUNG_N06/vectors,vectors,normal,1,normal,1,0.1573309600353241,0.8426690697669983
Epithelial_cells_7_1_2_2900_500_500/train/normal/nlung__TTGTAGGAGCAATATG_LUNG_N20/vectors,vectors,normal,1,normal,1,0.1616673618555069,0.8383327126502991
Epithelial_cells_7_1_2_2900_500_500/train/normal/nlung__AACTCAGGTGACTCAT_LUNG_N18/vectors,vectors,normal,1,normal,1,0.23361892998218536,0.7663810849189758
Epithelial_cells_7_1_2_2900_500_500/train/normal/nlung__CAGAGAGCAGGGCATA_LUNG_N28/vectors,vectors,normal,1,normal,1,0.31904178857803345,0.6809581518173218
Epithelial_cells_7_1_2_2900_500_500/train/normal/nlung__TGACAACAGCGTCAAG_LUNG_N30/vectors,vectors,normal,1,normal,1,0.19202744960784912,0.8079724907875061
Epithelial_cells_7_1_2_2900_500_500/train/normal/nlung__CGGACTGCACCAGCAC_LUNG_N06/vectors,vectors,normal,1,normal,1,0.24479152262210846,0.7552084922790527
Epithelial_cells_7_1_2_2900_500_500/train/normal/nlung__TTGACTTTCGTCTGAA_LUNG_N19/vectors,vectors,normal,1,normal,1,0.25998997688293457,0.7400099635124207
Epithelial_cells_7_1_2_2900_500_500/train/normal/nlung__GATCGCGTCAACACCA_LUNG_N06/vectors,vectors,normal,1,normal,1,0.16085834801197052,0.8391416668891907
Epithelial_cells_7_1_2_2900_500_500/train/normal/nlung__TTAGGCACACCAGCAC_LUNG_N30/vectors,vectors,normal,1,normal,1,0.25720494985580444,0.7427950501441956
Epithelial_cells_7_1_2_2900_500_500/train/normal/nlung__GCGCCAATCATTGCCC_LUNG_N30/vectors,vectors,normal,1,normal,1,0.18800696730613708,0.8119930624961853
Epithelial_cells_7_1_2_2900_500_500/train/normal/nlung__GATCGTAGTCCAAGTT_LUNG_N06/vectors,vectors,normal,1,normal,1,0.25945019721984863,0.7405498623847961
Epithelial_cells_7_1_2_2900_500_500/train/normal/nlung__GAACGGAAGCGTAATA_LUNG_N20/vectors,vectors,normal,1,normal,1,0.2907794117927551,0.7092205286026001
Epithelial_cells_7_1_2_2900_500_500/train/normal/nlung__CCACTACCACATCTTT_LUNG_N18/vectors,vectors,normal,1,normal,1,0.20669381320476532,0.7933061718940735
Epithelial_cells_7_1_2_2900_500_500/train/normal/nlung__CATGACACAAGTCTAC_LUNG_N20/vectors,vectors,normal,1,normal,1,0.2253100723028183,0.7746899724006653
Epithelial_cells_7_1_2_2900_500_500/train/normal/nlung__CTCGAGGCATTACGAC_LUNG_N19/vectors,vectors,normal,1,normal,1,0.30572324991226196,0.694276750087738
Epithelial_cells_7_1_2_2900_500_500/train/normal/nlung__AAGGCAGGTCGCGAAA_LUNG_N20/vectors,vectors,normal,1,normal,1,0.348589688539505,0.6514102816581726
Epithelial_cells_7_1_2_2900_500_500/train/normal/nlung__CTACGTCTCCACTCCA_LUNG_N30/vectors,vectors,normal,1,normal,1,0.33298787474632263,0.667012095451355
Epithelial_cells_7_1_2_2900_500_500/train/normal/nlung__ACGGGCTGTTGTGGAG_LUNG_N06/vectors,vectors,normal,1,normal,1,0.21280404925346375,0.7871959805488586
Epithelial_cells_7_1_2_2900_500_500/train/normal/nlung__CCTAGCTAGACCACGA_LUNG_N18/vectors,vectors,normal,1,normal,1,0.24940155446529388,0.7505984902381897
Epithelial_cells_7_1_2_2900_500_500/train/normal/nlung__CATCGGGGTTCGTGAT_LUNG_N18/vectors,vectors,normal,1,normal,1,0.26447707414627075,0.735522985458374
Epithelial_cells_7_1_2_2900_500_500/train/normal/nlung__ACCAGTACAACTGCGC_LUNG_N30/vectors,vectors,normal,1,normal,1,0.3660796880722046,0.6339203119277954
Epithelial_cells_7_1_2_2900_500_500/train/normal/nlung__TGTTCCGTCAGGCAAG_LUNG_N19/vectors,vectors,normal,1,normal,1,0.3791484832763672,0.6208515167236328
Epithelial_cells_7_1_2_2900_500_500/train/normal/nlung__CTGATCCAGTACGTAA_LUNG_N20/vectors,vectors,normal,1,normal,1,0.2468736618757248,0.7531264424324036
Epithelial_cells_7_1_2_2900_500_500/train/normal/nlung__CGGTTAACACCGGAAA_LUNG_N06/vectors,vectors,normal,1,normal,1,0.2302267700433731,0.7697732448577881
Epithelial_cells_7_1_2_2900_500_500/train/normal/nlung__GTGTGCGAGTACGCGA_LUNG_N20/vectors,vectors,normal,1,normal,1,0.3045843839645386,0.6954156160354614
Epithelial_cells_7_1_2_2900_500_500/train/normal/nlung__TAGCCGGAGCCGTCGT_LUNG_N18/vectors,vectors,normal,1,normal,1,0.2087429165840149,0.7912571430206299
Epithelial_cells_7_1_2_2900_500_500/train/normal/nlung__CTAGCCTGTAAACACA_LUNG_N30/vectors,vectors,normal,1,normal,1,0.4050368368625641,0.5949631333351135
Epithelial_cells_7_1_2_2900_500_500/train/normal/nlung__ACTGAACTCAGATAAG_LUNG_N30/vectors,vectors,normal,1,normal,1,0.25645938515663147,0.7435406446456909
Epithelial_cells_7_1_2_2900_500_500/train/normal/nlung__GAACATCTCCGATATG_LUNG_N19/vectors,vectors,normal,1,normal,1,0.29495060443878174,0.7050493955612183
Epithelial_cells_7_1_2_2900_500_500/train/normal/nlung__CTGATCCAGCGCCTCA_LUNG_N20/vectors,vectors,normal,1,normal,1,0.3666748106479645,0.6333252787590027
Epithelial_cells_7_1_2_2900_500_500/train/normal/nlung__GATGCTAAGTGTACTC_LUNG_N06/vectors,vectors,normal,1,normal,1,0.18851064145565033,0.8114894032478333
Epithelial_cells_7_1_2_2900_500_500/train/normal/nlung__GGGATGAGTCTCAACA_LUNG_N18/vectors,vectors,normal,1,normal,1,0.3045843839645386,0.6954156160354614
Epithelial_cells_7_1_2_2900_500_500/train/normal/nlung__CGTTAGACAGTCAGAG_LUNG_N18/vectors,vectors,normal,1,normal,1,0.24873945116996765,0.7512605786323547
Epithelial_cells_7_1_2_2900_500_500/train/normal/nlung__AAGGAGCTCTCTTATG_LUNG_N28/vectors,vectors,normal,1,normal,1,0.1711650788784027,0.8288349509239197
Epithelial_cells_7_1_2_2900_500_500/train/normal/nlung__TACGGATGTCCCTACT_LUNG_N09/vectors,vectors,normal,1,normal,1,0.28017300367355347,0.7198269963264465
Epithelial_cells_7_1_2_2900_500_500/train/normal/nlung__GATGCTACAATGAATG_LUNG_N09/vectors,vectors,normal,1,normal,1,0.34648600220680237,0.6535139679908752
Epithelial_cells_7_1_2_2900_500_500/train/normal/nlung__CCCAGTTGTAGCGTCC_LUNG_N30/vectors,vectors,normal,1,normal,1,0.18720698356628418,0.8127930760383606
Epithelial_cells_7_1_2_2900_500_500/train/normal/nlung__GACGTGCGTTAAAGAC_LUNG_N18/vectors,vectors,normal,1,normal,1,0.16044682264328003,0.83955317735672
Epithelial_cells_7_1_2_2900_500_500/train/normal/nlung__AAAGTAGGTCTCATCC_LUNG_N20/vectors,vectors,normal,1,normal,1,0.3123437464237213,0.6876562237739563
Epithelial_cells_7_1_2_2900_500_500/train/normal/nlung__GTCAAGTGTCTAGTCA_LUNG_N20/vectors,vectors,normal,1,normal,1,0.27212128043174744,0.727878749370575
Epithelial_cells_7_1_2_2900_500_500/train/normal/nlung__AGCAGCCAGTGTACCT_LUNG_N19/vectors,vectors,normal,1,normal,1,0.2105836123228073,0.7894163727760315
Epithelial_cells_7_1_2_2900_500_500/train/normal/nlung__ATTCTACTCCACGTGG_LUNG_N28/vectors,vectors,normal,1,normal,1,0.44453462958335876,0.5554653406143188
Epithelial_cells_7_1_2_2900_500_500/train/normal/nlung__GGTGAAGCACAGGAGT_LUNG_N28/vectors,vectors,normal,1,normal,1,0.24182496964931488,0.7581750750541687
Epithelial_cells_7_1_2_2900_500_500/train/normal/nlung__ACGGGTCCACGAAGCA_LUNG_N18/vectors,vectors,normal,1,normal,1,0.2905026078224182,0.7094974517822266
Epithelial_cells_7_1_2_2900_500_500/train/normal/nlung__AGCCTAAAGTGGTCCC_LUNG_N09/vectors,vectors,normal,1,normal,1,0.3402659296989441,0.6597340703010559
Epithelial_cells_7_1_2_2900_500_500/train/normal/nlung__GGACATTCATGCAATC_LUNG_N20/vectors,vectors,normal,1,normal,1,0.23405632376670837,0.7659437656402588
Epithelial_cells_7_1_2_2900_500_500/train/normal/nlung__CTCTGGTCAGTCGTGC_LUNG_N30/vectors,vectors,normal,1,normal,1,0.20846077799797058,0.7915392518043518
Epithelial_cells_7_1_2_2900_500_500/train/normal/nlung__TGTTCCGTCCGTTGTC_LUNG_N19/vectors,vectors,normal,1,normal,1,0.29548394680023193,0.7045160531997681
Epithelial_cells_7_1_2_2900_500_500/train/normal/nlung__AGAGTGGCACGAAGCA_LUNG_N28/vectors,vectors,normal,1,normal,1,0.31433990597724915,0.6856601238250732
Epithelial_cells_7_1_2_2900_500_500/train/normal/nlung__AACACGTGTACGCACC_LUNG_N30/vectors,vectors,normal,1,normal,1,0.19214113056659698,0.8078588843345642
Epithelial_cells_7_1_2_2900_500_500/train/normal/nlung__TTAGGCAAGCGATCCC_LUNG_N19/vectors,vectors,normal,1,normal,1,0.20424267649650574,0.7957572937011719
Epithelial_cells_7_1_2_2900_500_500/train/normal/nlung__ATTGGTGTCGTGGTCG_LUNG_N18/vectors,vectors,normal,1,normal,1,0.29665428400039673,0.703345775604248
Epithelial_cells_7_1_2_2900_500_500/train/normal/nlung__TAGTGGTCACTCAGGC_LUNG_N30/vectors,vectors,normal,1,normal,1,0.25199267268180847,0.7480072975158691
Epithelial_cells_7_1_2_2900_500_500/train/normal/nlung__CATCGGGCATCTACGA_LUNG_N18/vectors,vectors,normal,1,normal,1,0.2514638304710388,0.7485361099243164
Epithelial_cells_7_1_2_2900_500_500/train/normal/nlung__GTATTCTCATTGGCGC_LUNG_N20/vectors,vectors,normal,1,normal,1,0.19442516565322876,0.805574893951416
Epithelial_cells_7_1_2_2900_500_500/train/normal/nlung__GGACAGAGTAGCGATG_LUNG_N18/vectors,vectors,normal,1,normal,1,0.18213441967964172,0.8178656101226807
Epithelial_cells_7_1_2_2900_500_500/train/normal/nlung__GCGCAACTCCCTGACT_LUNG_N19/vectors,vectors,normal,1,normal,1,0.3246367275714874,0.675363302230835
Epithelial_cells_7_1_2_2900_500_500/train/normal/nlung__CTAATGGCATGACATC_LUNG_N18/vectors,vectors,normal,1,normal,1,0.22772689163684845,0.7722731232643127
Epithelial_cells_7_1_2_2900_500_500/train/normal/nlung__AAGACCTCAGTCAGAG_LUNG_N18/vectors,vectors,normal,1,normal,1,0.20309437811374664,0.7969056963920593
Epithelial_cells_7_1_2_2900_500_500/train/normal/nlung__ATGCGATGTACCAGTT_LUNG_N20/vectors,vectors,normal,1,normal,1,0.2420712262392044,0.757928729057312
Epithelial_cells_7_1_2_2900_500_500/train/normal/nlung__TAGACCAGTCTGGAGA_LUNG_N06/vectors,vectors,normal,1,normal,1,0.16928566992282867,0.8307142853736877
Epithelial_cells_7_1_2_2900_500_500/train/normal/nlung__CCTCTGAAGTTACGGG_LUNG_N06/vectors,vectors,normal,1,normal,1,0.3143925070762634,0.6856075525283813
Epithelial_cells_7_1_2_2900_500_500/train/normal/nlung__TACTTACCACTTACGA_LUNG_N20/vectors,vectors,normal,1,normal,1,0.31555137038230896,0.6844485998153687
Epithelial_cells_7_1_2_2900_500_500/train/normal/nlung__CCAATCCGTCCTCCAT_LUNG_N18/vectors,vectors,normal,1,normal,1,0.31412941217422485,0.6858704686164856
Epithelial_cells_7_1_2_2900_500_500/train/normal/nlung__GGGACCTCATCACGAT_LUNG_N30/vectors,vectors,normal,1,normal,1,0.30894553661346436,0.6910544633865356
Epithelial_cells_7_1_2_2900_500_500/train/normal/nlung__TAGGCATTCTAACCGA_LUNG_N19/vectors,vectors,normal,1,normal,1,0.21450625360012054,0.7854937314987183
Epithelial_cells_7_1_2_2900_500_500/train/normal/nlung__CCTCTGATCCACGACG_LUNG_N30/vectors,vectors,normal,1,normal,1,0.38618457317352295,0.6138154864311218
Epithelial_cells_7_1_2_2900_500_500/train/normal/nlung__CACCTTGTCCATGAAC_LUNG_N30/vectors,vectors,normal,1,normal,1,0.28519773483276367,0.7148023247718811
Epithelial_cells_7_1_2_2900_500_500/train/normal/nlung__ACTGATGAGTGGTAAT_LUNG_N20/vectors,vectors,normal,1,normal,1,0.24093085527420044,0.7590692043304443
Epithelial_cells_7_1_2_2900_500_500/train/normal/nlung__CACACAACAGTGGAGT_LUNG_N18/vectors,vectors,normal,1,normal,1,0.3610239028930664,0.6389760971069336
Epithelial_cells_7_1_2_2900_500_500/train/normal/nlung__GCTCTGTGTTAGGGTG_LUNG_N20/vectors,vectors,normal,1,normal,1,0.2422056496143341,0.7577943801879883
Epithelial_cells_7_1_2_2900_500_500/train/normal/nlung__GAAATGAGTTACTGAC_LUNG_N18/vectors,vectors,normal,1,normal,1,0.23120173811912537,0.768798291683197
Epithelial_cells_7_1_2_2900_500_500/train/normal/nlung__CACAAACTCAGTTGAC_LUNG_N30/vectors,vectors,normal,1,normal,1,0.32925692200660706,0.6707430481910706
Epithelial_cells_7_1_2_2900_500_500/train/normal/nlung__CGTCACTGTCGCATAT_LUNG_N30/vectors,vectors,normal,1,normal,1,0.40848320722579956,0.5915167331695557
Epithelial_cells_7_1_2_2900_500_500/train/normal/nlung__CTCGTCATCATCACCC_LUNG_N18/vectors,vectors,normal,1,normal,1,0.32295289635658264,0.677047073841095
Epithelial_cells_7_1_2_2900_500_500/train/normal/nlung__TGACTTTCACGGTAGA_LUNG_N19/vectors,vectors,normal,1,normal,1,0.3228995203971863,0.6771004796028137
Epithelial_cells_7_1_2_2900_500_500/train/normal/nlung__GCGAGAATCCTGTACC_LUNG_N28/vectors,vectors,normal,1,normal,1,0.31103432178497314,0.6889656782150269
Epithelial_cells_7_1_2_2900_500_500/train/normal/nlung__ATCGAGTCATTCGACA_LUNG_N06/vectors,vectors,normal,1,normal,1,0.3475094139575958,0.6524905562400818
Epithelial_cells_7_1_2_2900_500_500/train/normal/nlung__GCGCAACTCAAACCGT_LUNG_N20/vectors,vectors,normal,1,normal,1,0.273331880569458,0.726668119430542
Epithelial_cells_7_1_2_2900_500_500/train/normal/nlung__GGCGACTGTAGCGTCC_LUNG_N20/vectors,vectors,normal,1,normal,1,0.33889713883399963,0.6611028909683228
Epithelial_cells_7_1_2_2900_500_500/train/normal/nlung__CCCTCCTGTCTCCACT_LUNG_N20/vectors,vectors,normal,1,normal,1,0.3750481903553009,0.6249518394470215
Epithelial_cells_7_1_2_2900_500_500/train/normal/nlung__ACGCCAGGTAGGGACT_LUNG_N18/vectors,vectors,normal,1,normal,1,0.19269122183322906,0.8073087334632874
Epithelial_cells_7_1_2_2900_500_500/train/normal/nlung__AGGGATGTCTTACCGC_LUNG_N18/vectors,vectors,normal,1,normal,1,0.1740063726902008,0.8259936571121216
Epithelial_cells_7_1_2_2900_500_500/train/normal/nlung__GTACTCCAGGTGCTAG_LUNG_N20/vectors,vectors,normal,1,normal,1,0.13748902082443237,0.8625109791755676
Epithelial_cells_7_1_2_2900_500_500/train/normal/nlung__AGTGTCAGTCCAGTGC_LUNG_N20/vectors,vectors,normal,1,normal,1,0.3329065144062042,0.6670933961868286
Epithelial_cells_7_1_2_2900_500_500/train/normal/nlung__CTCGAGGGTGCAACGA_LUNG_N18/vectors,vectors,normal,1,normal,1,0.2597082853317261,0.7402916550636292
Epithelial_cells_7_1_2_2900_500_500/train/normal/nlung__CATCAGACAGATGGCA_LUNG_N28/vectors,vectors,normal,1,normal,1,0.34191206097602844,0.658087968826294
Epithelial_cells_7_1_2_2900_500_500/train/normal/nlung__CGTGTAACATTCGACA_LUNG_N19/vectors,vectors,normal,1,normal,1,0.20143985748291016,0.7985600829124451
Epithelial_cells_7_1_2_2900_500_500/train/normal/nlung__GGTATTGAGGCTAGGT_LUNG_N20/vectors,vectors,normal,1,normal,1,0.33548688888549805,0.664513111114502
Epithelial_cells_7_1_2_2900_500_500/train/normal/nlung__AAACCTGAGACTGGGT_LUNG_N30/vectors,vectors,normal,1,normal,1,0.139748215675354,0.8602518439292908
Epithelial_cells_7_1_2_2900_500_500/train/normal/nlung__GCTGGGTTCGTGACAT_LUNG_N18/vectors,vectors,normal,1,normal,1,0.21333619952201843,0.7866637706756592
Epithelial_cells_7_1_2_2900_500_500/train/normal/nlung__GTGCGGTCAAAGCGGT_LUNG_N18/vectors,vectors,normal,1,normal,1,0.2075357586145401,0.7924642562866211
Epithelial_cells_7_1_2_2900_500_500/train/normal/nlung__CACATTTTCCTATGTT_LUNG_N18/vectors,vectors,normal,1,normal,1,0.39152225852012634,0.6084777116775513
Epithelial_cells_7_1_2_2900_500_500/train/normal/nlung__TGCCCATAGGTGTTAA_LUNG_N18/vectors,vectors,normal,1,normal,1,0.268461674451828,0.7315382957458496
Epithelial_cells_7_1_2_2900_500_500/train/normal/nlung__CCTCTGAGTTAGAACA_LUNG_N09/vectors,vectors,normal,1,normal,1,0.284799724817276,0.7152003049850464
Epithelial_cells_7_1_2_2900_500_500/train/normal/nlung__GGGAATGAGAGTAATC_LUNG_N20/vectors,vectors,normal,1,normal,1,0.2507292926311493,0.7492706775665283
Epithelial_cells_7_1_2_2900_500_500/train/normal/nlung__GCGCGATTCGGCTACG_LUNG_N28/vectors,vectors,normal,1,normal,1,0.21210959553718567,0.7878904342651367
Epithelial_cells_7_1_2_2900_500_500/train/normal/nlung__CACCAGGAGCGTAATA_LUNG_N09/vectors,vectors,normal,1,normal,1,0.3432316780090332,0.6567683219909668
Epithelial_cells_7_1_2_2900_500_500/train/normal/nlung__ACTGAACTCGCCTGAG_LUNG_N09/vectors,vectors,normal,1,normal,1,0.3454916477203369,0.6545084118843079
Epithelial_cells_7_1_2_2900_500_500/train/normal/nlung__TTATGCTGTCAACATC_LUNG_N19/vectors,vectors,normal,1,normal,1,0.2189197540283203,0.7810802459716797
Epithelial_cells_7_1_2_2900_500_500/train/normal/nlung__ACTGATGTCTGGAGCC_LUNG_N30/vectors,vectors,normal,1,normal,1,0.26592814922332764,0.7340719103813171
Epithelial_cells_7_1_2_2900_500_500/train/normal/nlung__CTTAGGATCAAAGACA_LUNG_N18/vectors,vectors,normal,1,normal,1,0.29790380597114563,0.7020962238311768
Epithelial_cells_7_1_2_2900_500_500/train/normal/nlung__TGCCCTAAGGCTACGA_LUNG_N30/vectors,vectors,normal,1,normal,1,0.1711304485797882,0.828869640827179
Epithelial_cells_7_1_2_2900_500_500/train/normal/nlung__GATCAGTCAAGCCATT_LUNG_N20/vectors,vectors,normal,1,normal,1,0.3251454532146454,0.674854576587677
Epithelial_cells_7_1_2_2900_500_500/train/normal/nlung__ACACCCTCAAACAACA_LUNG_N18/vectors,vectors,normal,1,normal,1,0.1843082755804062,0.8156917095184326
Epithelial_cells_7_1_2_2900_500_500/train/normal/nlung__CCCAATCAGTCCAGGA_LUNG_N19/vectors,vectors,normal,1,normal,1,0.2971128821372986,0.7028871178627014
Epithelial_cells_7_1_2_2900_500_500/train/normal/nlung__ATAACGCAGCAGACTG_LUNG_N06/vectors,vectors,normal,1,normal,1,0.25180867314338684,0.7481913566589355
Epithelial_cells_7_1_2_2900_500_500/train/normal/nlung__CACATAGTCTTGAGAC_LUNG_N28/vectors,vectors,normal,1,normal,1,0.3832661211490631,0.6167338490486145
Epithelial_cells_7_1_2_2900_500_500/train/normal/nlung__TGGGCGTTCCTGCCAT_LUNG_N18/vectors,vectors,normal,1,normal,1,0.1988408863544464,0.801159143447876
Epithelial_cells_7_1_2_2900_500_500/train/normal/nlung__TTTGTCATCCACGTTC_LUNG_N30/vectors,vectors,normal,1,normal,1,0.2012631893157959,0.7987368106842041
Epithelial_cells_7_1_2_2900_500_500/train/normal/nlung__ATTTCTGAGCGTTTAC_LUNG_N06/vectors,vectors,normal,1,normal,1,0.14968667924404144,0.8503133058547974
Epithelial_cells_7_1_2_2900_500_500/train/normal/nlung__TCCACACTCAGATAAG_LUNG_N20/vectors,vectors,normal,1,normal,1,0.22246776521205902,0.777532160282135
Epithelial_cells_7_1_2_2900_500_500/train/normal/nlung__TCTTTCCTCTCGGACG_LUNG_N30/vectors,vectors,normal,1,normal,1,0.3235403895378113,0.6764596104621887
Epithelial_cells_7_1_2_2900_500_500/train/normal/nlung__TGCCCTACATCAGTCA_LUNG_N09/vectors,vectors,normal,1,normal,1,0.3281794786453247,0.6718205809593201
Epithelial_cells_7_1_2_2900_500_500/train/normal/nlung__ACTGTCCGTTTACTCT_LUNG_N06/vectors,vectors,normal,1,normal,1,0.15817435085773468,0.8418256640434265
Epithelial_cells_7_1_2_2900_500_500/train/normal/nlung__AGGGAGTAGCGTAATA_LUNG_N30/vectors,vectors,normal,1,normal,1,0.17795369029045105,0.8220463395118713
Epithelial_cells_7_1_2_2900_500_500/train/normal/nlung__TTCGGTCGTACTTCTT_LUNG_N28/vectors,vectors,normal,1,normal,1,0.21452683210372925,0.7854732275009155
Epithelial_cells_7_1_2_2900_500_500/train/normal/nlung__GGTGCGTGTAGAAGGA_LUNG_N19/vectors,vectors,normal,1,normal,1,0.16686198115348816,0.8331379890441895
Epithelial_cells_7_1_2_2900_500_500/train/normal/nlung__CTACGTCCATGTCCTC_LUNG_N18/vectors,vectors,normal,1,normal,1,0.3114268481731415,0.6885731220245361
Epithelial_cells_7_1_2_2900_500_500/train/normal/nlung__CGATGGCTCGTGGACC_LUNG_N20/vectors,vectors,normal,1,normal,1,0.25720494985580444,0.7427950501441956
Epithelial_cells_7_1_2_2900_500_500/train/normal/nlung__GCCTCTACAGTCGTGC_LUNG_N28/vectors,vectors,normal,1,normal,1,0.3418296277523041,0.6581704020500183
Epithelial_cells_7_1_2_2900_500_500/train/normal/nlung__GATTCAGGTAGTAGTA_LUNG_N20/vectors,vectors,normal,1,normal,1,0.24332766234874725,0.7566723823547363
Epithelial_cells_7_1_2_2900_500_500/train/normal/nlung__GAAATGAGTTCACGGC_LUNG_N18/vectors,vectors,normal,1,normal,1,0.23806273937225342,0.7619372606277466
Epithelial_cells_7_1_2_2900_500_500/train/normal/nlung__CCAGCGAAGCGTCTAT_LUNG_N06/vectors,vectors,normal,1,normal,1,0.2302916795015335,0.7697083950042725
Epithelial_cells_7_1_2_2900_500_500/train/normal/nlung__TGACTTTAGATATACG_LUNG_N06/vectors,vectors,normal,1,normal,1,0.2140335887670517,0.7859664559364319
Epithelial_cells_7_1_2_2900_500_500/train/normal/nlung__ACACCAATCCCATTTA_LUNG_N28/vectors,vectors,normal,1,normal,1,0.33079537749290466,0.669204592704773
Epithelial_cells_7_1_2_2900_500_500/train/normal/nlung__CCCAGTTAGGCGTACA_LUNG_N19/vectors,vectors,normal,1,normal,1,0.2792630195617676,0.7207369208335876
Epithelial_cells_7_1_2_2900_500_500/train/normal/nlung__CACCACTCACTAAGTC_LUNG_N20/vectors,vectors,normal,1,normal,1,0.2703598141670227,0.7296402454376221
Epithelial_cells_7_1_2_2900_500_500/train/normal/nlung__TTGTAGGAGAATGTTG_LUNG_N30/vectors,vectors,normal,1,normal,1,0.2751297056674957,0.7248703241348267
Epithelial_cells_7_1_2_2900_500_500/train/normal/nlung__GTGGGTCCAGTTCATG_LUNG_N06/vectors,vectors,normal,1,normal,1,0.19307129085063934,0.8069286942481995
Epithelial_cells_7_1_2_2900_500_500/train/normal/nlung__CTCTAATTCACATACG_LUNG_N30/vectors,vectors,normal,1,normal,1,0.14035098254680634,0.8596490025520325
Epithelial_cells_7_1_2_2900_500_500/train/normal/nlung__CAGAATCCAAATTGCC_LUNG_N09/vectors,vectors,normal,1,normal,1,0.32847556471824646,0.6715244054794312
Epithelial_cells_7_1_2_2900_500_500/train/normal/nlung__AGCTTGAGTAGTGAAT_LUNG_N30/vectors,vectors,normal,1,normal,1,0.40671470761299133,0.593285322189331
Epithelial_cells_7_1_2_2900_500_500/train/normal/nlung__GAGCAGACAGCCTGTG_LUNG_N20/vectors,vectors,normal,1,normal,1,0.30007854104042053,0.6999213695526123
Epithelial_cells_7_1_2_2900_500_500/train/normal/nlung__CGGACTGAGTGTACGG_LUNG_N19/vectors,vectors,normal,1,normal,1,0.25778841972351074,0.7422115802764893
Epithelial_cells_7_1_2_2900_500_500/train/normal/nlung__AACACGTTCTCAAACG_LUNG_N06/vectors,vectors,normal,1,normal,1,0.17636995017528534,0.8236300349235535
Epithelial_cells_7_1_2_2900_500_500/train/normal/nlung__CGGGTCATCGGTGTTA_LUNG_N28/vectors,vectors,normal,1,normal,1,0.16151852905750275,0.8384814858436584
Epithelial_cells_7_1_2_2900_500_500/train/normal/nlung__TTGCCGTTCAACACCA_LUNG_N30/vectors,vectors,normal,1,normal,1,0.20809844136238098,0.7919015288352966
Epithelial_cells_7_1_2_2900_500_500/train/normal/nlung__TGCGGGTTCAGTTAGC_LUNG_N20/vectors,vectors,normal,1,normal,1,0.19269122183322906,0.8073087334632874
Epithelial_cells_7_1_2_2900_500_500/train/normal/nlung__CACCTTGAGTCTTGCA_LUNG_N30/vectors,vectors,normal,1,normal,1,0.23207078874111176,0.7679292559623718
Epithelial_cells_7_1_2_2900_500_500/train/normal/nlung__TTGCGTCAGGCTAGCA_LUNG_N09/vectors,vectors,normal,1,normal,1,0.3069942891597748,0.6930056810379028
Epithelial_cells_7_1_2_2900_500_500/train/normal/nlung__ATTGGACGTCACTTCC_LUNG_N28/vectors,vectors,normal,1,normal,1,0.32172632217407227,0.6782736778259277
Epithelial_cells_7_1_2_2900_500_500/train/normal/nlung__CTCGTACGTCGCTTTC_LUNG_N18/vectors,vectors,normal,1,normal,1,0.205994114279747,0.794005811214447
Epithelial_cells_7_1_2_2900_500_500/train/normal/nlung__AAGCCGCTCTGTGCAA_LUNG_N06/vectors,vectors,normal,1,normal,1,0.22590722143650055,0.7740927934646606
Epithelial_cells_7_1_2_2900_500_500/train/normal/nlung__GGAAAGCAGGCTCTTA_LUNG_N20/vectors,vectors,normal,1,normal,1,0.2646908164024353,0.7353091239929199
Epithelial_cells_7_1_2_2900_500_500/train/normal/nlung__TCCCGATTCCCACTTG_LUNG_N09/vectors,vectors,normal,1,normal,1,0.3660796880722046,0.6339203119277954
Epithelial_cells_7_1_2_2900_500_500/train/normal/nlung__ACCAGTAGTTAAGACA_LUNG_N18/vectors,vectors,normal,1,normal,1,0.37079480290412903,0.6292052268981934
Epithelial_cells_7_1_2_2900_500_500/train/normal/nlung__GCGAGAACATGGGACA_LUNG_N28/vectors,vectors,normal,1,normal,1,0.3708232641220093,0.629176676273346
Epithelial_cells_7_1_2_2900_500_500/train/normal/nlung__AGCGTCGCAAAGGAAG_LUNG_N30/vectors,vectors,normal,1,normal,1,0.2267194241285324,0.7732805609703064
Epithelial_cells_7_1_2_2900_500_500/train/normal/nlung__GTATTCTAGTGGTCCC_LUNG_N30/vectors,vectors,normal,1,normal,1,0.35630667209625244,0.6436933875083923
Epithelial_cells_7_1_2_2900_500_500/train/normal/nlung__GAGCAGAAGTCATCCA_LUNG_N18/vectors,vectors,normal,1,normal,1,0.31090354919433594,0.6890964508056641
Epithelial_cells_7_1_2_2900_500_500/train/normal/nlung__GACACGCCACGTAAGG_LUNG_N18/vectors,vectors,normal,1,normal,1,0.21613562107086182,0.783864438533783
Epithelial_cells_7_1_2_2900_500_500/train/normal/nlung__GCACTCTCAGTCAGAG_LUNG_N09/vectors,vectors,normal,1,normal,1,0.3388424217700958,0.6611576080322266
Epithelial_cells_7_1_2_2900_500_500/train/normal/nlung__CCTTCGATCTAGAGTC_LUNG_N20/vectors,vectors,normal,1,normal,1,0.3199973404407501,0.6800026297569275
Epithelial_cells_7_1_2_2900_500_500/train/normal/nlung__ATGAGGGGTAATCACC_LUNG_N30/vectors,vectors,normal,1,normal,1,0.29724040627479553,0.7027596235275269
Epithelial_cells_7_1_2_2900_500_500/train/normal/nlung__ACCAGTAGTACCGTTA_LUNG_N30/vectors,vectors,normal,1,normal,1,0.26621419191360474,0.73378586769104
Epithelial_cells_7_1_2_2900_500_500/train/normal/nlung__TGGGAAGTCGGCGCAT_LUNG_N19/vectors,vectors,normal,1,normal,1,0.22684787213802338,0.7731521725654602
Epithelial_cells_7_1_2_2900_500_500/train/normal/nlung__AATCGGTAGACGCAAC_LUNG_N18/vectors,vectors,normal,1,normal,1,0.34648600220680237,0.6535139679908752
Epithelial_cells_7_1_2_2900_500_500/train/normal/nlung__ACTGCTCGTTATTCTC_LUNG_N19/vectors,vectors,normal,1,normal,1,0.4674533009529114,0.5325467586517334
Epithelial_cells_7_1_2_2900_500_500/train/normal/nlung__TAGTGGTAGATATGCA_LUNG_N20/vectors,vectors,normal,1,normal,1,0.29782721400260925,0.7021728157997131
Epithelial_cells_7_1_2_2900_500_500/train/normal/nlung__CTCTGGTTCACCGTAA_LUNG_N06/vectors,vectors,normal,1,normal,1,0.25208473205566406,0.7479153275489807
Epithelial_cells_7_1_2_2900_500_500/train/normal/nlung__ATTACTCAGAGGTAGA_LUNG_N20/vectors,vectors,normal,1,normal,1,0.16199854016304016,0.8380014896392822
Epithelial_cells_7_1_2_2900_500_500/train/normal/nlung__TGAGCATCATCTGGTA_LUNG_N18/vectors,vectors,normal,1,normal,1,0.3511163294315338,0.6488836407661438
Epithelial_cells_7_1_2_2900_500_500/train/normal/nlung__CACACTCCAGACGCTC_LUNG_N18/vectors,vectors,normal,1,normal,1,0.16779744625091553,0.8322026133537292
Epithelial_cells_7_1_2_2900_500_500/train/normal/nlung__CGTCCATGTCGCGTGT_LUNG_N06/vectors,vectors,normal,1,normal,1,0.21068508923053741,0.789314866065979
Epithelial_cells_7_1_2_2900_500_500/train/normal/nlung__GACGGCTAGCGGATCA_LUNG_N28/vectors,vectors,normal,1,normal,1,0.22616347670555115,0.7738365530967712
Epithelial_cells_7_1_2_2900_500_500/train/normal/nlung__TACAGTGGTCCGTGAC_LUNG_N18/vectors,vectors,normal,1,normal,1,0.1116643100976944,0.8883357048034668
Epithelial_cells_7_1_2_2900_500_500/train/normal/nlung__TTCCCAGCACCACGTG_LUNG_N18/vectors,vectors,normal,1,normal,1,0.18434496223926544,0.815654993057251
Epithelial_cells_7_1_2_2900_500_500/train/normal/nlung__CAGATCAGTCACTTCC_LUNG_N09/vectors,vectors,normal,1,normal,1,0.21613562107086182,0.783864438533783
Epithelial_cells_7_1_2_2900_500_500/train/normal/nlung__CGATGTAAGACGACGT_LUNG_N06/vectors,vectors,normal,1,normal,1,0.3720487952232361,0.6279512643814087
Epithelial_cells_7_1_2_2900_500_500/train/normal/nlung__GCGCAGTGTACCTACA_LUNG_N18/vectors,vectors,normal,1,normal,1,0.1569429337978363,0.8430570363998413
Epithelial_cells_7_1_2_2900_500_500/train/normal/nlung__GGCAATTTCAATCACG_LUNG_N19/vectors,vectors,normal,1,normal,1,0.39158040285110474,0.6084195375442505
Epithelial_cells_7_1_2_2900_500_500/train/normal/nlung__TACGGATTCTTTACAC_LUNG_N19/vectors,vectors,normal,1,normal,1,0.2800499498844147,0.7199500799179077
Epithelial_cells_7_1_2_2900_500_500/train/normal/nlung__CCTTTCTCATACGCTA_LUNG_N06/vectors,vectors,normal,1,normal,1,0.2428559809923172,0.7571440935134888
Epithelial_cells_7_1_2_2900_500_500/train/normal/nlung__CTGATAGTCTTGTCAT_LUNG_N19/vectors,vectors,normal,1,normal,1,0.39662307500839233,0.6033769249916077
Epithelial_cells_7_1_2_2900_500_500/train/normal/nlung__ACCGTAACACAGGCCT_LUNG_N30/vectors,vectors,normal,1,normal,1,0.2968580722808838,0.7031419277191162
Epithelial_cells_7_1_2_2900_500_500/train/normal/nlung__ACATCAGTCGCGTAGC_LUNG_N30/vectors,vectors,normal,1,normal,1,0.30764394998550415,0.6923560500144958
Epithelial_cells_7_1_2_2900_500_500/train/normal/nlung__GTCACGGAGTGTGAAT_LUNG_N09/vectors,vectors,normal,1,normal,1,0.31502434611320496,0.6849756240844727
Epithelial_cells_7_1_2_2900_500_500/train/normal/nlung__TTCGAAGGTACTTAGC_LUNG_N18/vectors,vectors,normal,1,normal,1,0.22248893976211548,0.7775111794471741
Epithelial_cells_7_1_2_2900_500_500/train/normal/nlung__ACAGCCGTCGTACCGG_LUNG_N18/vectors,vectors,normal,1,normal,1,0.2727261483669281,0.7272738814353943
Epithelial_cells_7_1_2_2900_500_500/train/normal/nlung__GCTTCCAAGAGTTGGC_LUNG_N20/vectors,vectors,normal,1,normal,1,0.27439993619918823,0.725600004196167
Epithelial_cells_7_1_2_2900_500_500/train/normal/nlung__TCTCTAAAGCCAACAG_LUNG_N28/vectors,vectors,normal,1,normal,1,0.3137613832950592,0.6862386465072632
Epithelial_cells_7_1_2_2900_500_500/train/normal/nlung__CGCGGTACAATGTAAG_LUNG_N18/vectors,vectors,normal,1,normal,1,0.28120818734169006,0.7187918424606323
Epithelial_cells_7_1_2_2900_500_500/train/normal/nlung__GGTGCGTGTGCATCTA_LUNG_N06/vectors,vectors,normal,1,normal,1,0.24857980012893677,0.7514201998710632
Epithelial_cells_7_1_2_2900_500_500/train/normal/nlung__TTCCCAGGTAGAAAGG_LUNG_N28/vectors,vectors,normal,1,normal,1,0.25006479024887085,0.7499350905418396
Epithelial_cells_7_1_2_2900_500_500/train/normal/nlung__GGGACCTAGAATGTTG_LUNG_N30/vectors,vectors,normal,1,normal,1,0.18635402619838715,0.8136458992958069
Epithelial_cells_7_1_2_2900_500_500/train/normal/nlung__TGGTTCCTCCTGCTTG_LUNG_N28/vectors,vectors,normal,1,normal,1,0.4208375811576843,0.5791623592376709
Epithelial_cells_7_1_2_2900_500_500/train/normal/nlung__CTAATGGAGGCGATAC_LUNG_N20/vectors,vectors,normal,1,normal,1,0.16660760343074799,0.8333923816680908
Epithelial_cells_7_1_2_2900_500_500/train/normal/nlung__AGGGATGCAATCCGAT_LUNG_N20/vectors,vectors,normal,1,normal,1,0.24377746880054474,0.7562226057052612
Epithelial_cells_7_1_2_2900_500_500/train/normal/nlung__GGGATGACATTAGCCA_LUNG_N20/vectors,vectors,normal,1,normal,1,0.3023395836353302,0.6976603865623474
Epithelial_cells_7_1_2_2900_500_500/train/normal/nlung__GTTACAGCAACGATGG_LUNG_N20/vectors,vectors,normal,1,normal,1,0.26621419191360474,0.73378586769104
Epithelial_cells_7_1_2_2900_500_500/train/normal/nlung__CCGGGATGTACTTCTT_LUNG_N18/vectors,vectors,normal,1,normal,1,0.1741994321346283,0.8258004784584045
Epithelial_cells_7_1_2_2900_500_500/train/normal/nlung__CATATTCAGCACCGCT_LUNG_N20/vectors,vectors,normal,1,normal,1,0.3672419488430023,0.6327580809593201
Epithelial_cells_7_1_2_2900_500_500/train/normal/nlung__CGGACACCAATGAATG_LUNG_N18/vectors,vectors,normal,1,normal,1,0.2388385832309723,0.7611614465713501
Epithelial_cells_7_1_2_2900_500_500/train/normal/nlung__ACTGATGTCGTGGGAA_LUNG_N28/vectors,vectors,normal,1,normal,1,0.2593798339366913,0.7406201362609863
Epithelial_cells_7_1_2_2900_500_500/train/normal/nlung__GGGTTGCGTTCTGAAC_LUNG_N18/vectors,vectors,normal,1,normal,1,0.3089194893836975,0.6910805702209473
Epithelial_cells_7_1_2_2900_500_500/train/normal/nlung__GTATCTTAGATCGATA_LUNG_N28/vectors,vectors,normal,1,normal,1,0.22244668006896973,0.777553379535675
Epithelial_cells_7_1_2_2900_500_500/train/normal/nlung__GACACGCAGAGCAATT_LUNG_N28/vectors,vectors,normal,1,normal,1,0.38335269689559937,0.6166473031044006
Epithelial_cells_7_1_2_2900_500_500/train/normal/nlung__TCACAAGGTTTCCACC_LUNG_N30/vectors,vectors,normal,1,normal,1,0.22320769727230072,0.7767923474311829
Epithelial_cells_7_1_2_2900_500_500/train/normal/nlung__GGTGAAGGTAGCGATG_LUNG_N18/vectors,vectors,normal,1,normal,1,0.1975024789571762,0.8024974465370178
Epithelial_cells_7_1_2_2900_500_500/train/normal/nlung__AAACCTGGTCTTGCGG_LUNG_N30/vectors,vectors,normal,1,normal,1,0.2453787475824356,0.7546212077140808
Epithelial_cells_7_1_2_2900_500_500/train/normal/nlung__CGGTTAACAAGTAGTA_LUNG_N18/vectors,vectors,normal,1,normal,1,0.3397180736064911,0.6602818965911865
Epithelial_cells_7_1_2_2900_500_500/train/normal/nlung__CAAGAAACAGTGGAGT_LUNG_N30/vectors,vectors,normal,1,normal,1,0.35309353470802307,0.6469064950942993
Epithelial_cells_7_1_2_2900_500_500/train/normal/nlung__TACTCGCGTCTAAACC_LUNG_N18/vectors,vectors,normal,1,normal,1,0.20277845859527588,0.7972215414047241
Epithelial_cells_7_1_2_2900_500_500/train/normal/nlung__CACAGTATCCGCGTTT_LUNG_N19/vectors,vectors,normal,1,normal,1,0.25592437386512756,0.7440757155418396
Epithelial_cells_7_1_2_2900_500_500/train/normal/nlung__GGTGTTACACGCTTTC_LUNG_N06/vectors,vectors,normal,1,normal,1,0.2769837975502014,0.7230162024497986
Epithelial_cells_7_1_2_2900_500_500/train/normal/nlung__TACGGGCAGGATCGCA_LUNG_N30/vectors,vectors,normal,1,normal,1,0.22322888672351837,0.7767711281776428
Epithelial_cells_7_1_2_2900_500_500/train/normal/nlung__CATGACATCTGCCAGG_LUNG_N20/vectors,vectors,normal,1,normal,1,0.2896980941295624,0.7103018164634705
Epithelial_cells_7_1_2_2900_500_500/train/normal/nlung__GTTCATTTCATCTGTT_LUNG_N19/vectors,vectors,normal,1,normal,1,0.3204224705696106,0.6795775294303894
Epithelial_cells_7_1_2_2900_500_500/train/normal/nlung__CGGAGTCCATCGGAAG_LUNG_N28/vectors,vectors,normal,1,normal,1,0.19794787466526031,0.8020521998405457
Epithelial_cells_7_1_2_2900_500_500/train/normal/nlung__AGAGTGGCAGGGTATG_LUNG_N30/vectors,vectors,normal,1,normal,1,0.1822253316640854,0.8177746534347534
Epithelial_cells_7_1_2_2900_500_500/train/normal/nlung__TGCTGCTCAAGACACG_LUNG_N28/vectors,vectors,normal,1,normal,1,0.31713542342185974,0.6828646063804626
Epithelial_cells_7_1_2_2900_500_500/train/normal/nlung__TGCCAAAGTGGGTCAA_LUNG_N06/vectors,vectors,normal,1,normal,1,0.1697324812412262,0.8302675485610962
Epithelial_cells_7_1_2_2900_500_500/train/normal/nlung__TCTATTGAGATGGCGT_LUNG_N30/vectors,vectors,normal,1,normal,1,0.18937112390995026,0.8106288909912109
Epithelial_cells_7_1_2_2900_500_500/train/normal/nlung__CTGATAGAGTTAGCGG_LUNG_N06/vectors,vectors,normal,1,normal,1,0.2508668899536133,0.7491331100463867
Epithelial_cells_7_1_2_2900_500_500/train/normal/nlung__GTTTCTACACCCATTC_LUNG_N28/vectors,vectors,normal,1,normal,1,0.33845967054367065,0.6615403294563293
Epithelial_cells_7_1_2_2900_500_500/train/normal/nlung__GGAACTTCATGCTAGT_LUNG_N18/vectors,vectors,normal,1,normal,1,0.24680553376674652,0.7531944513320923
Epithelial_cells_7_1_2_2900_500_500/train/normal/nlung__CCACGGACAGACGCTC_LUNG_N06/vectors,vectors,normal,1,normal,1,0.2113354206085205,0.7886645793914795
Epithelial_cells_7_1_2_2900_500_500/train/normal/nlung__GATCGTATCATCTGCC_LUNG_N18/vectors,vectors,normal,1,normal,1,0.39251142740249634,0.6074885129928589
Epithelial_cells_7_1_2_2900_500_500/train/normal/nlung__AGCGGTCTCACATACG_LUNG_N09/vectors,vectors,normal,1,normal,1,0.3976459503173828,0.6023539900779724
Epithelial_cells_7_1_2_2900_500_500/train/normal/nlung__CTCGGGACAAAGAATC_LUNG_N30/vectors,vectors,normal,1,normal,1,0.2028573900461197,0.7971425652503967
Epithelial_cells_7_1_2_2900_500_500/train/normal/nlung__CGTTGGGTCCGAACGC_LUNG_N20/vectors,vectors,normal,1,normal,1,0.3000016212463379,0.6999983787536621
Epithelial_cells_7_1_2_2900_500_500/train/normal/nlung__TCGTAGAGTTTGGCGC_LUNG_N20/vectors,vectors,normal,1,normal,1,0.24072998762130737,0.7592700719833374
Epithelial_cells_7_1_2_2900_500_500/train/normal/nlung__TGCTGCTGTACGAAAT_LUNG_N18/vectors,vectors,normal,1,normal,1,0.21839837729930878,0.7816015481948853
Epithelial_cells_7_1_2_2900_500_500/train/normal/nlung__CTAATGGTCAGTTAGC_LUNG_N18/vectors,vectors,normal,1,normal,1,0.2095303237438202,0.7904697060585022
Epithelial_cells_7_1_2_2900_500_500/train/normal/nlung__ACATACGAGACTACAA_LUNG_N30/vectors,vectors,normal,1,normal,1,0.2254166156053543,0.7745833992958069
Epithelial_cells_7_1_2_2900_500_500/train/normal/nlung__CCCTCCTTCCTCGCAT_LUNG_N18/vectors,vectors,normal,1,normal,1,0.30644920468330383,0.6935508251190186
Epithelial_cells_7_1_2_2900_500_500/train/normal/nlung__TGCTACCGTCCGCTGA_LUNG_N20/vectors,vectors,normal,1,normal,1,0.2782077491283417,0.7217922210693359
Epithelial_cells_7_1_2_2900_500_500/train/normal/nlung__CGTCACTGTCTAGGTT_LUNG_N06/vectors,vectors,normal,1,normal,1,0.27605578303337097,0.7239442467689514
Epithelial_cells_7_1_2_2900_500_500/train/normal/nlung__CTAACTTAGGTGATAT_LUNG_N30/vectors,vectors,normal,1,normal,1,0.26800641417503357,0.731993556022644
Epithelial_cells_7_1_2_2900_500_500/train/normal/nlung__GTCATTTGTGACGCCT_LUNG_N28/vectors,vectors,normal,1,normal,1,0.16626887023448944,0.8337310552597046
Epithelial_cells_7_1_2_2900_500_500/train/normal/nlung__TTCGGTCCATAAGACA_LUNG_N20/vectors,vectors,normal,1,normal,1,0.20165595412254333,0.7983440160751343
Epithelial_cells_7_1_2_2900_500_500/train/normal/nlung__CCCTCCTCAAGGGTCA_LUNG_N06/vectors,vectors,normal,1,normal,1,0.24240732192993164,0.7575926184654236
Epithelial_cells_7_1_2_2900_500_500/train/normal/nlung__TCAGGATTCCAAGCCG_LUNG_N28/vectors,vectors,normal,1,normal,1,0.35440516471862793,0.6455948948860168
Epithelial_cells_7_1_2_2900_500_500/train/normal/nlung__CGCTATCGTTAAGATG_LUNG_N28/vectors,vectors,normal,1,normal,1,0.28844380378723145,0.7115561962127686
Epithelial_cells_7_1_2_2900_500_500/train/normal/nlung__CATATTCCATGCAATC_LUNG_N19/vectors,vectors,normal,1,normal,1,0.25196966528892517,0.7480303049087524
Epithelial_cells_7_1_2_2900_500_500/train/normal/nlung__ACTTTCAGTGGCAAAC_LUNG_N18/vectors,vectors,normal,1,normal,1,0.24510759115219116,0.7548923492431641
Epithelial_cells_7_1_2_2900_500_500/train/normal/nlung__TGAGCCGCAGACGCCT_LUNG_N30/vectors,vectors,normal,1,normal,1,0.34342432022094727,0.6565756797790527
Epithelial_cells_7_1_2_2900_500_500/train/normal/nlung__GACTAACCATGACGGA_LUNG_N30/vectors,vectors,normal,1,normal,1,0.18907149136066437,0.8109285235404968
Epithelial_cells_7_1_2_2900_500_500/train/normal/nlung__CGTTGGGAGCCCAGCT_LUNG_N18/vectors,vectors,normal,1,normal,1,0.23265865445137024,0.7673413753509521
Epithelial_cells_7_1_2_2900_500_500/train/normal/nlung__ACACCGGGTCCTCTTG_LUNG_N20/vectors,vectors,normal,1,normal,1,0.25464797019958496,0.7453520894050598
Epithelial_cells_7_1_2_2900_500_500/train/normal/nlung__GTGGGTCAGCCGGTAA_LUNG_N19/vectors,vectors,normal,1,normal,1,0.24662408232688904,0.7533759474754333
Epithelial_cells_7_1_2_2900_500_500/train/normal/nlung__GACGGCTCACCAGGTC_LUNG_N19/vectors,vectors,normal,1,normal,1,0.356278657913208,0.643721342086792
Epithelial_cells_7_1_2_2900_500_500/train/normal/nlung__GAGTCCGGTATCGCAT_LUNG_N28/vectors,vectors,normal,1,normal,1,0.25190067291259766,0.7480993270874023
Epithelial_cells_7_1_2_2900_500_500/train/normal/nlung__CAAGAAATCTTCAACT_LUNG_N09/vectors,vectors,normal,1,normal,1,0.22695493698120117,0.773045003414154
Epithelial_cells_7_1_2_2900_500_500/train/normal/nlung__GCTGCTTAGGCCCTCA_LUNG_N30/vectors,vectors,normal,1,normal,1,0.36455127596855164,0.635448694229126
Epithelial_cells_7_1_2_2900_500_500/train/normal/nlung__GATGAGGAGTGGGATC_LUNG_N30/vectors,vectors,normal,1,normal,1,0.17917121946811676,0.8208287358283997
Epithelial_cells_7_1_2_2900_500_500/train/normal/nlung__GTCGGGTTCCAGTATG_LUNG_N20/vectors,vectors,normal,1,normal,1,0.2944938540458679,0.7055061459541321
Epithelial_cells_7_1_2_2900_500_500/train/normal/nlung__GGGAGATCATGCGCAC_LUNG_N28/vectors,vectors,normal,1,normal,1,0.29113200306892395,0.7088680267333984
Epithelial_cells_7_1_2_2900_500_500/train/normal/nlung__TTAACTCTCGCGTTTC_LUNG_N20/vectors,vectors,normal,1,normal,1,0.253375768661499,0.7466242909431458
Epithelial_cells_7_1_2_2900_500_500/train/normal/nlung__TCTCATATCTCTGCTG_LUNG_N09/vectors,vectors,normal,1,normal,1,0.29474756121635437,0.7052524089813232
Epithelial_cells_7_1_2_2900_500_500/train/normal/nlung__CTGCTGTGTCAAGCGA_LUNG_N18/vectors,vectors,normal,1,normal,1,0.23821775615215302,0.7617822289466858
Epithelial_cells_7_1_2_2900_500_500/train/normal/nlung__GGCGTGTCACCAGTTA_LUNG_N09/vectors,vectors,normal,1,normal,1,0.24739600718021393,0.7526039481163025
Epithelial_cells_7_1_2_2900_500_500/train/normal/nlung__ACGGAGAAGAGACTAT_LUNG_N28/vectors,vectors,normal,1,normal,1,0.16416442394256592,0.8358355760574341
Epithelial_cells_7_1_2_2900_500_500/train/normal/nlung__CTGCGGAAGGATCGCA_LUNG_N30/vectors,vectors,normal,1,normal,1,0.21432122588157654,0.7856788039207458
Epithelial_cells_7_1_2_2900_500_500/train/normal/nlung__CAGAATCGTAATAGCA_LUNG_N18/vectors,vectors,normal,1,normal,1,0.26645272970199585,0.7335473299026489
Epithelial_cells_7_1_2_2900_500_500/train/normal/nlung__GCTCCTACATATACCG_LUNG_N30/vectors,vectors,normal,1,normal,1,0.20287714898586273,0.7971228361129761
Epithelial_cells_7_1_2_2900_500_500/train/normal/nlung__CTCATTACATCGTCGG_LUNG_N09/vectors,vectors,normal,1,normal,1,0.3280448615550995,0.6719551086425781
Epithelial_cells_7_1_2_2900_500_500/train/normal/nlung__CATGCCTAGCAGCCTC_LUNG_N19/vectors,vectors,normal,1,normal,1,0.3657114803791046,0.6342885494232178
Epithelial_cells_7_1_2_2900_500_500/train/normal/nlung__CAAGTTGGTGCTTCTC_LUNG_N06/vectors,vectors,normal,1,normal,1,0.2239493876695633,0.7760506868362427
Epithelial_cells_7_1_2_2900_500_500/train/normal/nlung__AACGTTGAGCAGCGTA_LUNG_N18/vectors,vectors,normal,1,normal,1,0.14330755174160004,0.8566924929618835
Epithelial_cells_7_1_2_2900_500_500/train/normal/nlung__CGCGTTTAGACTCGGA_LUNG_N19/vectors,vectors,normal,1,normal,1,0.3721628785133362,0.6278371810913086
Epithelial_cells_7_1_2_2900_500_500/train/normal/nlung__AAGGAGCGTGAAAGAG_LUNG_N28/vectors,vectors,normal,1,normal,1,0.2916865348815918,0.7083134651184082
Epithelial_cells_7_1_2_2900_500_500/train/normal/nlung__GAAATGAGTTAAAGAC_LUNG_N28/vectors,vectors,normal,1,normal,1,0.2880180776119232,0.7119819521903992
Epithelial_cells_7_1_2_2900_500_500/train/normal/nlung__GATGAGGCAGGACGTA_LUNG_N30/vectors,vectors,normal,1,normal,1,0.3078259527683258,0.6921740174293518
Epithelial_cells_7_1_2_2900_500_500/train/normal/nlung__GCTGCAGGTTGAGTTC_LUNG_N28/vectors,vectors,normal,1,normal,1,0.36531516909599304,0.6346848607063293
Epithelial_cells_7_1_2_2900_500_500/train/normal/nlung__AACCGCGTCTTTCCTC_LUNG_N18/vectors,vectors,normal,1,normal,1,0.4389956295490265,0.5610044002532959
Epithelial_cells_7_1_2_2900_500_500/train/normal/nlung__GAACGGAAGTTCGATC_LUNG_N20/vectors,vectors,normal,1,normal,1,0.28826847672462463,0.7117315530776978
Epithelial_cells_7_1_2_2900_500_500/train/normal/nlung__CTCGAGGCAGATTGCT_LUNG_N18/vectors,vectors,normal,1,normal,1,0.23994994163513184,0.7600501179695129
Epithelial_cells_7_1_2_2900_500_500/train/normal/nlung__TCACGAAAGCGCTTAT_LUNG_N28/vectors,vectors,normal,1,normal,1,0.414958119392395,0.585041880607605
Epithelial_cells_7_1_2_2900_500_500/train/normal/nlung__TTAGGCACACACGCTG_LUNG_N20/vectors,vectors,normal,1,normal,1,0.23755382001399994,0.7624461650848389
Epithelial_cells_7_1_2_2900_500_500/train/normal/nlung__CAGAGAGAGGTAGCTG_LUNG_N18/vectors,vectors,normal,1,normal,1,0.2538378834724426,0.7461621165275574
Epithelial_cells_7_1_2_2900_500_500/train/normal/nlung__GTGAAGGGTGGCTCCA_LUNG_N30/vectors,vectors,normal,1,normal,1,0.2850235402584076,0.71497642993927
Epithelial_cells_7_1_2_2900_500_500/train/normal/nlung__CGAGCCAAGCTGCAAG_LUNG_N28/vectors,vectors,normal,1,normal,1,0.41949930787086487,0.5805006623268127
Epithelial_cells_7_1_2_2900_500_500/train/normal/nlung__TACTCATCAGGTCCAC_LUNG_N18/vectors,vectors,normal,1,normal,1,0.179368793964386,0.8206312656402588
Epithelial_cells_7_1_2_2900_500_500/train/normal/nlung__ACCCACTTCGAGAGCA_LUNG_N19/vectors,vectors,normal,1,normal,1,0.3546006977558136,0.6453993320465088
Epithelial_cells_7_1_2_2900_500_500/train/normal/nlung__AGATTGCTCGTCGTTC_LUNG_N09/vectors,vectors,normal,1,normal,1,0.25755494832992554,0.7424451112747192
Epithelial_cells_7_1_2_2900_500_500/train/normal/nlung__GGTGTTAGTACGACCC_LUNG_N06/vectors,vectors,normal,1,normal,1,0.2793613076210022,0.7206386923789978
Epithelial_cells_7_1_2_2900_500_500/train/normal/nlung__CAGCTAATCTTACCGC_LUNG_N20/vectors,vectors,normal,1,normal,1,0.24598956108093262,0.7540104985237122
Epithelial_cells_7_1_2_2900_500_500/train/normal/nlung__CCATGTCGTACCATCA_LUNG_N20/vectors,vectors,normal,1,normal,1,0.2684376835823059,0.7315623164176941
Epithelial_cells_7_1_2_2900_500_500/train/normal/nlung__CCACCTATCCATGAGT_LUNG_N28/vectors,vectors,normal,1,normal,1,0.35653069615364075,0.6434693932533264
Epithelial_cells_7_1_2_2900_500_500/train/normal/nlung__TCAGGATGTAAATGTG_LUNG_N30/vectors,vectors,normal,1,normal,1,0.17428727447986603,0.8257127404212952
Epithelial_cells_7_1_2_2900_500_500/train/normal/nlung__GGTATTGAGTCTCCTC_LUNG_N06/vectors,vectors,normal,1,normal,1,0.1768314689397812,0.8231685757637024
Epithelial_cells_7_1_2_2900_500_500/train/normal/nlung__AGGGAGTGTCTTCGTC_LUNG_N30/vectors,vectors,normal,1,normal,1,0.15975740551948547,0.8402425646781921
Epithelial_cells_7_1_2_2900_500_500/train/normal/nlung__GTCTCGTTCTTGAGAC_LUNG_N20/vectors,vectors,normal,1,normal,1,0.17863327264785767,0.8213667869567871
Epithelial_cells_7_1_2_2900_500_500/train/normal/nlung__CTACACCGTAAACCTC_LUNG_N30/vectors,vectors,normal,1,normal,1,0.2706247568130493,0.7293752431869507
Epithelial_cells_7_1_2_2900_500_500/train/normal/nlung__AGGTCCGTCTTGCATT_LUNG_N19/vectors,vectors,normal,1,normal,1,0.30012983083724976,0.6998701691627502
Epithelial_cells_7_1_2_2900_500_500/train/normal/nlung__AAGTCTGCAACGATGG_LUNG_N18/vectors,vectors,normal,1,normal,1,0.21858598291873932,0.7814140319824219
Epithelial_cells_7_1_2_2900_500_500/train/normal/nlung__TCTTCGGGTACAAGTA_LUNG_N09/vectors,vectors,normal,1,normal,1,0.23545978963375092,0.7645401954650879
Epithelial_cells_7_1_2_2900_500_500/train/normal/nlung__GGCTGGTAGAAGAAGC_LUNG_N20/vectors,vectors,normal,1,normal,1,0.17031817138195038,0.8296818733215332
Epithelial_cells_7_1_2_2900_500_500/train/normal/nlung__CTGTGCTGTCTAGTGT_LUNG_N18/vectors,vectors,normal,1,normal,1,0.1538349688053131,0.8461650609970093
Epithelial_cells_7_1_2_2900_500_500/train/normal/nlung__GATGAGGGTTACGACT_LUNG_N20/vectors,vectors,normal,1,normal,1,0.2509816288948059,0.7490183711051941
Epithelial_cells_7_1_2_2900_500_500/train/normal/nlung__AACGTTGTCTCAACTT_LUNG_N18/vectors,vectors,normal,1,normal,1,0.22051022946834564,0.7794897556304932
Epithelial_cells_7_1_2_2900_500_500/train/normal/nlung__AGCTTGACAAATTGCC_LUNG_N30/vectors,vectors,normal,1,normal,1,0.2824682593345642,0.7175317406654358
Epithelial_cells_7_1_2_2900_500_500/train/normal/nlung__TTCTACATCAGTACGT_LUNG_N09/vectors,vectors,normal,1,normal,1,0.40901419520378113,0.5909857749938965
Epithelial_cells_7_1_2_2900_500_500/train/normal/nlung__CAGAGAGCATGTAGTC_LUNG_N18/vectors,vectors,normal,1,normal,1,0.1507619172334671,0.8492380380630493
Epithelial_cells_7_1_2_2900_500_500/train/normal/nlung__TGACAACCAGACAGGT_LUNG_N20/vectors,vectors,normal,1,normal,1,0.23074637353420258,0.769253671169281
Epithelial_cells_7_1_2_2900_500_500/train/normal/nlung__TGGGCGTGTTAAAGTG_LUNG_N30/vectors,vectors,normal,1,normal,1,0.2351742535829544,0.7648257613182068
Epithelial_cells_7_1_2_2900_500_500/train/normal/nlung__TGTCCCAAGCTGCAAG_LUNG_N09/vectors,vectors,normal,1,normal,1,0.17711593210697174,0.8228840231895447
Epithelial_cells_7_1_2_2900_500_500/train/normal/nlung__GACACGCCAATGAATG_LUNG_N30/vectors,vectors,normal,1,normal,1,0.1990354210138321,0.8009646534919739
Epithelial_cells_7_1_2_2900_500_500/train/normal/nlung__CCACCTACAAACTGCT_LUNG_N18/vectors,vectors,normal,1,normal,1,0.27422988414764404,0.725770115852356
Epithelial_cells_7_1_2_2900_500_500/train/normal/nlung__TGGACGCGTCTAGAGG_LUNG_N28/vectors,vectors,normal,1,normal,1,0.3243156373500824,0.67568439245224
Epithelial_cells_7_1_2_2900_500_500/train/normal/nlung__CTAGAGTAGACAAGCC_LUNG_N09/vectors,vectors,normal,1,normal,1,0.3071761429309845,0.6928238272666931
Epithelial_cells_7_1_2_2900_500_500/train/normal/nlung__CATGCCTCATTGGCGC_LUNG_N30/vectors,vectors,normal,1,normal,1,0.2799515128135681,0.7200485467910767
Epithelial_cells_7_1_2_2900_500_500/train/normal/nlung__CGTCCATCACTTGGAT_LUNG_N20/vectors,vectors,normal,1,normal,1,0.35815659165382385,0.6418433785438538
Epithelial_cells_7_1_2_2900_500_500/train/normal/nlung__CAGCTGGCATGGTTGT_LUNG_N28/vectors,vectors,normal,1,normal,1,0.25077515840530396,0.7492249011993408
Epithelial_cells_7_1_2_2900_500_500/train/normal/nlung__TTTGTCAGTGATGTCT_LUNG_N28/vectors,vectors,normal,1,normal,1,0.3350788354873657,0.6649211645126343
Epithelial_cells_7_1_2_2900_500_500/train/normal/nlung__AGGCCGTGTGATAAAC_LUNG_N20/vectors,vectors,normal,1,normal,1,0.34438830614089966,0.6556116938591003
Epithelial_cells_7_1_2_2900_500_500/train/normal/nlung__AGCCTAAGTCACTGGC_LUNG_N18/vectors,vectors,normal,1,normal,1,0.2456953227519989,0.7543047070503235
Epithelial_cells_7_1_2_2900_500_500/train/normal/nlung__CCGTGGATCGCAAGCC_LUNG_N20/vectors,vectors,normal,1,normal,1,0.23946049809455872,0.7605395317077637
Epithelial_cells_7_1_2_2900_500_500/train/normal/nlung__CTAAGACTCGAACGGA_LUNG_N30/vectors,vectors,normal,1,normal,1,0.19134654104709625,0.8086534142494202
Epithelial_cells_7_1_2_2900_500_500/train/normal/nlung__GCGCAGTTCTCCGGTT_LUNG_N28/vectors,vectors,normal,1,normal,1,0.3613901138305664,0.6386100053787231
Epithelial_cells_7_1_2_2900_500_500/train/normal/nlung__TCGTAGACAAACAACA_LUNG_N30/vectors,vectors,normal,1,normal,1,0.20053811371326447,0.7994619011878967
Epithelial_cells_7_1_2_2900_500_500/train/normal/nlung__CGAACATCAAGGCTCC_LUNG_N28/vectors,vectors,normal,1,normal,1,0.36136192083358765,0.6386381387710571
Epithelial_cells_7_1_2_2900_500_500/train/normal/nlung__CTAGAGTCAGGCGATA_LUNG_N18/vectors,vectors,normal,1,normal,1,0.20497773587703705,0.7950222492218018
Epithelial_cells_7_1_2_2900_500_500/train/normal/nlung__TGCCAAACATGGTCAT_LUNG_N20/vectors,vectors,normal,1,normal,1,0.2221934050321579,0.7778065800666809
Epithelial_cells_7_1_2_2900_500_500/train/normal/nlung__CTAGTGATCCTGCTTG_LUNG_N28/vectors,vectors,normal,1,normal,1,0.14829371869564056,0.851706326007843
Epithelial_cells_7_1_2_2900_500_500/train/normal/nlung__TGCGCAGCAAGCTGGA_LUNG_N18/vectors,vectors,normal,1,normal,1,0.2635757327079773,0.7364243268966675
Epithelial_cells_7_1_2_2900_500_500/train/normal/nlung__GAGTCCGGTCCGAACC_LUNG_N18/vectors,vectors,normal,1,normal,1,0.10970577597618103,0.8902942538261414
Epithelial_cells_7_1_2_2900_500_500/train/normal/nlung__GATCTAGTCTCGAGTA_LUNG_N30/vectors,vectors,normal,1,normal,1,0.30785199999809265,0.6921480298042297
Epithelial_cells_7_1_2_2900_500_500/train/normal/nlung__ATCCACCTCACAGGCC_LUNG_N18/vectors,vectors,normal,1,normal,1,0.11196739226579666,0.8880325555801392
Epithelial_cells_7_1_2_2900_500_500/train/normal/nlung__TTTCCTCCATCTCGCT_LUNG_N20/vectors,vectors,normal,1,normal,1,0.22187712788581848,0.7781229019165039
Epithelial_cells_7_1_2_2900_500_500/train/normal/nlung__TGAAAGATCAAGCCTA_LUNG_N28/vectors,vectors,normal,1,normal,1,0.277889221906662,0.7221108078956604
Epithelial_cells_7_1_2_2900_500_500/train/normal/nlung__ACTGCTCGTGTCTGAT_LUNG_N06/vectors,vectors,normal,1,normal,1,0.27573877573013306,0.7242612242698669
Epithelial_cells_7_1_2_2900_500_500/train/normal/nlung__CTGAAGTCAAGTTAAG_LUNG_N28/vectors,vectors,normal,1,normal,1,0.18955859541893005,0.8104414343833923
Epithelial_cells_7_1_2_2900_500_500/train/normal/nlung__CTCTAATAGACAAGCC_LUNG_N19/vectors,vectors,normal,1,normal,1,0.2564360797405243,0.7435638308525085
Epithelial_cells_7_1_2_2900_500_500/train/normal/nlung__CTTCTCTCAGTAACGG_LUNG_N19/vectors,vectors,normal,1,normal,1,0.4099883437156677,0.590011715888977
Epithelial_cells_7_1_2_2900_500_500/train/normal/nlung__GGATGTTGTACAGACG_LUNG_N20/vectors,vectors,normal,1,normal,1,0.20912623405456543,0.7908737659454346
Epithelial_cells_7_1_2_2900_500_500/train/normal/nlung__CAAGAAACAGTGGAGT_LUNG_N20/vectors,vectors,normal,1,normal,1,0.26476213335990906,0.7352378368377686
Epithelial_cells_7_1_2_2900_500_500/train/normal/nlung__CAACCAAAGTTAGCGG_LUNG_N30/vectors,vectors,normal,1,normal,1,0.2199023813009262,0.7800976037979126
Epithelial_cells_7_1_2_2900_500_500/train/normal/nlung__ATTTCTGGTTCTCATT_LUNG_N18/vectors,vectors,normal,1,normal,1,0.24008353054523468,0.7599164843559265
Epithelial_cells_7_1_2_2900_500_500/train/normal/nlung__GCATGATCAATGGATA_LUNG_N20/vectors,vectors,normal,1,normal,1,0.22030052542686462,0.7796995043754578
Epithelial_cells_7_1_2_2900_500_500/train/normal/nlung__TTTCCTCTCAGAGCTT_LUNG_N09/vectors,vectors,normal,1,normal,1,0.20906569063663483,0.7909343242645264
Epithelial_cells_7_1_2_2900_500_500/train/normal/nlung__AGTGTCAAGAAACGCC_LUNG_N06/vectors,vectors,normal,1,normal,1,0.20870257914066315,0.791297435760498
Epithelial_cells_7_1_2_2900_500_500/train/normal/nlung__CCTTTCTCATTTGCCC_LUNG_N06/vectors,vectors,normal,1,normal,1,0.3179289996623993,0.6820709705352783
Epithelial_cells_7_1_2_2900_500_500/train/normal/nlung__TAGTGGTCATTGGTAC_LUNG_N18/vectors,vectors,normal,1,normal,1,0.23412194848060608,0.7658780217170715
Epithelial_cells_7_1_2_2900_500_500/train/normal/nlung__ACTGAACGTCCCTACT_LUNG_N20/vectors,vectors,normal,1,normal,1,0.18778346478939056,0.812216579914093
Epithelial_cells_7_1_2_2900_500_500/train/normal/nlung__CGGGTCACACGTAAGG_LUNG_N28/vectors,vectors,normal,1,normal,1,0.23453813791275024,0.7654619216918945
Epithelial_cells_7_1_2_2900_500_500/train/normal/nlung__GAAATGAGTCAGATAA_LUNG_N06/vectors,vectors,normal,1,normal,1,0.22996726632118225,0.7700327634811401
Epithelial_cells_7_1_2_2900_500_500/train/normal/nlung__AAACCTGAGTGAAGTT_LUNG_N06/vectors,vectors,normal,1,normal,1,0.3455468416213989,0.6544531583786011
Epithelial_cells_7_1_2_2900_500_500/train/normal/nlung__TTTCCTCAGCGAAGGG_LUNG_N30/vectors,vectors,normal,1,normal,1,0.3662213385105133,0.6337786912918091
Epithelial_cells_7_1_2_2900_500_500/train/normal/nlung__CATATGGAGTACGTTC_LUNG_N28/vectors,vectors,normal,1,normal,1,0.31171488761901855,0.6882851123809814
Epithelial_cells_7_1_2_2900_500_500/train/normal/nlung__ACGATGTCACGCATCG_LUNG_N18/vectors,vectors,normal,1,normal,1,0.4011012017726898,0.5988987684249878
Epithelial_cells_7_1_2_2900_500_500/train/normal/nlung__TAAGAGAGTGGAAAGA_LUNG_N28/vectors,vectors,normal,1,normal,1,0.3546565771102905,0.6453434824943542
Epithelial_cells_7_1_2_2900_500_500/train/normal/nlung__TGACTAGTCGCATGAT_LUNG_N19/vectors,vectors,normal,1,normal,1,0.30944088101387024,0.6905590891838074
Epithelial_cells_7_1_2_2900_500_500/train/normal/nlung__AAACCTGAGTGCGTGA_LUNG_N18/vectors,vectors,normal,1,normal,1,0.32276609539985657,0.677233874797821
Epithelial_cells_7_1_2_2900_500_500/train/normal/nlung__TAGCCGGTCAGTTAGC_LUNG_N28/vectors,vectors,normal,1,normal,1,0.16660760343074799,0.8333923816680908
Epithelial_cells_7_1_2_2900_500_500/train/normal/nlung__ATCCACCAGCTCCTCT_LUNG_N20/vectors,vectors,normal,1,normal,1,0.20930799841880798,0.7906919717788696
Epithelial_cells_7_1_2_2900_500_500/train/normal/nlung__TGACAACGTTGTCTTT_LUNG_N18/vectors,vectors,normal,1,normal,1,0.40450742840766907,0.5954925417900085
Epithelial_cells_7_1_2_2900_500_500/train/normal/nlung__AACTCTTGTATGAATG_LUNG_N18/vectors,vectors,normal,1,normal,1,0.31092971563339233,0.6890702843666077
Epithelial_cells_7_1_2_2900_500_500/train/normal/nlung__TCAGGTAAGACTTGAA_LUNG_N28/vectors,vectors,normal,1,normal,1,0.2958398759365082,0.7041601538658142
Epithelial_cells_7_1_2_2900_500_500/train/normal/nlung__CATCCACCAGGATTGG_LUNG_N28/vectors,vectors,normal,1,normal,1,0.3648623824119568,0.6351375579833984
Epithelial_cells_7_1_2_2900_500_500/train/normal/nlung__GACACGCGTACGACCC_LUNG_N20/vectors,vectors,normal,1,normal,1,0.35220181941986084,0.6477982401847839
Epithelial_cells_7_1_2_2900_500_500/train/normal/nlung__TTCTCAAGTCCAGTGC_LUNG_N09/vectors,vectors,normal,1,normal,1,0.3358680307865143,0.6641319990158081
Epithelial_cells_7_1_2_2900_500_500/train/normal/nlung__CTGTGCTTCCGCAGTG_LUNG_N30/vectors,vectors,normal,1,normal,1,0.3224993348121643,0.6775006055831909
Epithelial_cells_7_1_2_2900_500_500/train/normal/nlung__AGGGATGGTGAACCTT_LUNG_N20/vectors,vectors,normal,1,normal,1,0.1695605367422104,0.8304395079612732
Epithelial_cells_7_1_2_2900_500_500/train/normal/nlung__AACTTTCAGGCGTACA_LUNG_N20/vectors,vectors,normal,1,normal,1,0.22648409008979797,0.7735158801078796
Epithelial_cells_7_1_2_2900_500_500/train/normal/nlung__CTCGTCAAGCGATAGC_LUNG_N28/vectors,vectors,normal,1,normal,1,0.2507292926311493,0.7492706775665283
Epithelial_cells_7_1_2_2900_500_500/train/normal/nlung__GGAACTTTCTGGTGTA_LUNG_N30/vectors,vectors,normal,1,normal,1,0.19303324818611145,0.8069667220115662
Epithelial_cells_7_1_2_2900_500_500/train/normal/nlung__ATAGACCCATGACGGA_LUNG_N30/vectors,vectors,normal,1,normal,1,0.3105897903442383,0.6894102096557617
Epithelial_cells_7_1_2_2900_500_500/train/normal/nlung__GTGCATAGTTGCGTTA_LUNG_N18/vectors,vectors,normal,1,normal,1,0.1660321056842804,0.833967924118042
Epithelial_cells_7_1_2_2900_500_500/train/normal/nlung__CACCACTTCGTGACAT_LUNG_N30/vectors,vectors,normal,1,normal,1,0.3214067220687866,0.6785932183265686
Epithelial_cells_7_1_2_2900_500_500/train/normal/nlung__CTGAAGTAGTCGCCGT_LUNG_N30/vectors,vectors,normal,1,normal,1,0.2032129466533661,0.7967870235443115
Epithelial_cells_7_1_2_2900_500_500/train/normal/nlung__CAAGATCCATTCTCAT_LUNG_N20/vectors,vectors,normal,1,normal,1,0.3043000400066376,0.69569993019104
Epithelial_cells_7_1_2_2900_500_500/train/normal/nlung__CGTGAGCGTTGTACAC_LUNG_N06/vectors,vectors,normal,1,normal,1,0.33532363176345825,0.6646763682365417
Epithelial_cells_7_1_2_2900_500_500/train/normal/nlung__TCTCTAACACCAGGCT_LUNG_N18/vectors,vectors,normal,1,normal,1,0.25998997688293457,0.7400099635124207
Epithelial_cells_7_1_2_2900_500_500/train/normal/nlung__AACGTTGAGCTGCCCA_LUNG_N18/vectors,vectors,normal,1,normal,1,0.137894868850708,0.8621051907539368
Epithelial_cells_7_1_2_2900_500_500/train/normal/nlung__GAATAAGCATTTGCCC_LUNG_N30/vectors,vectors,normal,1,normal,1,0.2838806211948395,0.7161193490028381
Epithelial_cells_7_1_2_2900_500_500/train/normal/nlung__GGATTACGTACTCGCG_LUNG_N18/vectors,vectors,normal,1,normal,1,0.2657375633716583,0.7342625260353088
Epithelial_cells_7_1_2_2900_500_500/train/normal/nlung__GGATGTTAGAGTGACC_LUNG_N19/vectors,vectors,normal,1,normal,1,0.33788594603538513,0.6621140241622925
Epithelial_cells_7_1_2_2900_500_500/train/normal/nlung__ATCCGAAAGAATTGTG_LUNG_N30/vectors,vectors,normal,1,normal,1,0.36144641041755676,0.6385535597801208
Epithelial_cells_7_1_2_2900_500_500/train/normal/nlung__CTAGTGAGTAGGACAC_LUNG_N18/vectors,vectors,normal,1,normal,1,0.2624635696411133,0.7375364303588867
Epithelial_cells_7_1_2_2900_500_500/train/normal/nlung__GAACATCCACGAAGCA_LUNG_N30/vectors,vectors,normal,1,normal,1,0.16851460933685303,0.8314854502677917
Epithelial_cells_7_1_2_2900_500_500/train/normal/nlung__GCATGCGTCTCGTTTA_LUNG_N30/vectors,vectors,normal,1,normal,1,0.3515614867210388,0.648438572883606
Epithelial_cells_7_1_2_2900_500_500/train/normal/nlung__TCGGGACCAGGTCCAC_LUNG_N18/vectors,vectors,normal,1,normal,1,0.12447883188724518,0.875521183013916
Epithelial_cells_7_1_2_2900_500_500/train/normal/nlung__GAATGAACAGCCTGTG_LUNG_N20/vectors,vectors,normal,1,normal,1,0.30559369921684265,0.694406270980835
Epithelial_cells_7_1_2_2900_500_500/train/normal/nlung__CTCGTACGTATATCCG_LUNG_N20/vectors,vectors,normal,1,normal,1,0.21881543099880219,0.7811846137046814
Epithelial_cells_7_1_2_2900_500_500/train/normal/nlung__CGCGGTAGTGTATGGG_LUNG_N28/vectors,vectors,normal,1,normal,1,0.2816525101661682,0.7183474898338318
Epithelial_cells_7_1_2_2900_500_500/train/normal/nlung__ATTGGTGCATTGGGCC_LUNG_N20/vectors,vectors,normal,1,normal,1,0.23906056582927704,0.7609394788742065
Epithelial_cells_7_1_2_2900_500_500/train/normal/nlung__TACTCGCTCATTCACT_LUNG_N30/vectors,vectors,normal,1,normal,1,0.21798191964626312,0.7820181250572205
Epithelial_cells_7_1_2_2900_500_500/train/normal/nlung__ATGAGGGTCGATGAGG_LUNG_N19/vectors,vectors,normal,1,normal,1,0.31407681107521057,0.6859230995178223
Epithelial_cells_7_1_2_2900_500_500/train/normal/nlung__GTGCGGTAGTCTTGCA_LUNG_N09/vectors,vectors,normal,1,normal,1,0.25187769532203674,0.7481223940849304
Epithelial_cells_7_1_2_2900_500_500/train/normal/nlung__TCTGGAAAGATGCCTT_LUNG_N18/vectors,vectors,normal,1,normal,1,0.18322797119617462,0.8167719841003418
Epithelial_cells_7_1_2_2900_500_500/train/normal/nlung__AAAGCAACAGCTTCGG_LUNG_N30/vectors,vectors,normal,1,normal,1,0.23700153827667236,0.7629984617233276
Epithelial_cells_7_1_2_2900_500_500/train/normal/nlung__ACGTCAACACCCATGG_LUNG_N19/vectors,vectors,normal,1,normal,1,0.33829572796821594,0.6617043018341064
Epithelial_cells_7_1_2_2900_500_500/train/normal/nlung__TGCTGCTAGCCACCTG_LUNG_N30/vectors,vectors,normal,1,normal,1,0.214835524559021,0.785164475440979
Epithelial_cells_7_1_2_2900_500_500/train/normal/nlung__GTAGGCCCATGGTTGT_LUNG_N18/vectors,vectors,normal,1,normal,1,0.25692519545555115,0.7430748343467712
Epithelial_cells_7_1_2_2900_500_500/train/normal/nlung__CGGACGTCAGGCTGAA_LUNG_N18/vectors,vectors,normal,1,normal,1,0.1771337389945984,0.8228662610054016
Epithelial_cells_7_1_2_2900_500_500/train/normal/nlung__GTGTGCGCAGTAACGG_LUNG_N28/vectors,vectors,normal,1,normal,1,0.31305214762687683,0.6869478225708008
Epithelial_cells_7_1_2_2900_500_500/train/normal/nlung__TTGAACGCAAGCCCAC_LUNG_N09/vectors,vectors,normal,1,normal,1,0.35767969489097595,0.6423202753067017
Epithelial_cells_7_1_2_2900_500_500/train/normal/nlung__TCAGCAATCAGTCCCT_LUNG_N20/vectors,vectors,normal,1,normal,1,0.21192605793476105,0.7880739569664001
Epithelial_cells_7_1_2_2900_500_500/train/normal/nlung__TTGCGTCGTTTCCACC_LUNG_N19/vectors,vectors,normal,1,normal,1,0.23161423206329346,0.7683857679367065
Epithelial_cells_7_1_2_2900_500_500/train/normal/nlung__ATGGGAGAGATATGGT_LUNG_N19/vectors,vectors,normal,1,normal,1,0.3776841461658478,0.6223158836364746
Epithelial_cells_7_1_2_2900_500_500/train/normal/nlung__GTGCGGTTCTTGCCGT_LUNG_N18/vectors,vectors,normal,1,normal,1,0.273404598236084,0.726595401763916
Epithelial_cells_7_1_2_2900_500_500/train/normal/nlung__CGTAGGCTCTCAAGTG_LUNG_N06/vectors,vectors,normal,1,normal,1,0.18414315581321716,0.8158568143844604
Epithelial_cells_7_1_2_2900_500_500/train/normal/nlung__CAGCAGCCAACCGCCA_LUNG_N09/vectors,vectors,normal,1,normal,1,0.3512554168701172,0.648744523525238
Epithelial_cells_7_1_2_2900_500_500/train/normal/nlung__ACTGTCCGTCGAGATG_LUNG_N30/vectors,vectors,normal,1,normal,1,0.3372853994369507,0.6627146601676941
Epithelial_cells_7_1_2_2900_500_500/train/normal/nlung__TCGAGGCTCAGAAATG_LUNG_N18/vectors,vectors,normal,1,normal,1,0.3005915582180023,0.6994084119796753
Epithelial_cells_7_1_2_2900_500_500/train/normal/nlung__GCGCAGTCAGGTGGAT_LUNG_N28/vectors,vectors,normal,1,normal,1,0.18600262701511383,0.8139973282814026
Epithelial_cells_7_1_2_2900_500_500/train/normal/nlung__CTCGGGACAATCGGTT_LUNG_N20/vectors,vectors,normal,1,normal,1,0.26714518666267395,0.7328547835350037
Epithelial_cells_7_1_2_2900_500_500/train/normal/nlung__CTACCCAAGTTACGGG_LUNG_N18/vectors,vectors,normal,1,normal,1,0.29191356897354126,0.7080864310264587
Epithelial_cells_7_1_2_2900_500_500/train/normal/nlung__TTATGCTGTGACTCAT_LUNG_N28/vectors,vectors,normal,1,normal,1,0.38335269689559937,0.6166473031044006
Epithelial_cells_7_1_2_2900_500_500/train/normal/nlung__ACTTGTTAGCGTGAGT_LUNG_N06/vectors,vectors,normal,1,normal,1,0.32985028624534607,0.6701497435569763
Epithelial_cells_7_1_2_2900_500_500/train/normal/nlung__AGATTGCTCGTACGGC_LUNG_N06/vectors,vectors,normal,1,normal,1,0.24438554048538208,0.7556144595146179
Epithelial_cells_7_1_2_2900_500_500/train/normal/nlung__AGCTTGAAGTCAATAG_LUNG_N20/vectors,vectors,normal,1,normal,1,0.22925469279289246,0.7707452774047852
Epithelial_cells_7_1_2_2900_500_500/train/normal/nlung__GAACCTACAGACGTAG_LUNG_N20/vectors,vectors,normal,1,normal,1,0.23795202374458313,0.7620479464530945
Epithelial_cells_7_1_2_2900_500_500/train/normal/nlung__AGCAGCCCATCTGGTA_LUNG_N28/vectors,vectors,normal,1,normal,1,0.33309632539749146,0.6669036746025085
