gene,mu_cancer,n_cancer,mu_normal,n_normal,delta,rank_delta_desc
IGHA2,-23.949122717214184,86,-1426.6936489371367,86,1402.7445262199226,1
IGHA1,-17.927845270016938,518,-1269.8356054593237,518,1251.9077601893068,2
IGHM,-21.01361372032944,98,-1146.5659827407526,98,1125.5523690204232,3
IGHG1,-20.573103306998668,284,-872.168442202286,284,851.5953388952873,4
IGHG4,-12.442721318173152,372,-752.1283822008359,372,739.6856608826627,5
IGHG3,-14.779947829322692,313,-725.8126708204373,313,711.0327229911146,6
IGHG2,-20.837266127268474,36,-641.8662160237631,36,621.0289498964946,7
TPSB2,-47.126459870383,214,-574.0478974814727,214,526.9214376110897,8
IGHE,-140.45094299316406,6,-610.4071248372396,6,469.95618184407556,9
DVL1,-89.22012599822014,341,-540.34136416975,341,451.12123817152985,10
SLC16A3,-33.652508717235094,673,-462.14050651198863,673,428.48799779475354,11
CABP4,-104.81961099725021,19,-493.49610981188323,19,388.676498814633,12
RASL12,-120.15498903062608,18,-503.7630089653863,18,383.6080199347602,13
LINC01165,-48.61289596557617,1,-428.4727783203125,1,379.8598823547363,14
POLE,-98.82900930705823,76,-451.8290276778372,76,353.00001837077895,15
LINC01070,-291.62782287597656,2,-641.5451049804688,2,349.9172821044922,16
CALY,-374.6960957845052,6,-694.0039265950521,6,319.30783081054693,17
NT5C2,-85.24643738315754,467,-404.2432552231456,467,318.996817839988,18
THEG,-151.56331743512834,7,-463.7035653250558,7,312.1402478899275,19
MDK,-41.22276305418748,1040,-347.9773610922006,1040,306.7545980380131,20
KCNN4,-114.33334337488265,233,-416.26734642716434,233,301.9340030522817,21
RNF223,-81.10083403410735,81,-377.86744671103395,81,296.76661267692657,22
TSPAN32,-54.65232624727137,17,-345.5464513442096,17,290.8941250969382,23
IFITM10,-60.63126986014411,193,-347.40004908112047,193,286.76877922097634,24
IGF2,-96.44218884092389,66,-377.2737269546046,66,280.8315381136807,25
TPSD1,-55.01318168640137,6,-335.13340250651044,6,280.12022082010907,26
TRPM4,-140.8608911037445,256,-420.50614881515503,256,279.6452577114105,27
CD5,-159.6741958618164,20,-436.813720703125,20,277.13952484130857,28
RAB7B,-179.34264579651847,63,-451.33840990823415,63,271.9957641117157,29
NKX2-1-AS1,-87.16396340762867,85,-358.4838296329274,85,271.3198662252987,30
CD7,-117.67461298073933,157,-387.13868664784036,157,269.46407366710105,31
MMEL1,-84.38712197762949,81,-343.6881815592448,81,259.30105958161533,32
ISG15,-39.158147983008455,914,-298.12505018371985,914,258.9669022007114,33
TSC22D1-AS1,-254.47944012810203,17,-513.0534596162684,17,258.5740194881663,34
MSLNL,-78.08145904541016,1,-332.7567138671875,1,254.67525482177734,35
SFN,-59.69613600750359,980,-301.0034858547911,980,241.30734984728753,36
IGHEP1,-149.1442108154297,1,-390.1048889160156,1,240.96067810058594,37
CEACAM5,-74.99693298339844,371,-315.08392975593836,371,240.08699677253992,38
ZNF574,-128.10593093650928,138,-360.84263522383094,138,232.73670428732166,39
GPS1,-85.54590277381155,607,-314.2190515056277,607,228.67314873181616,40
FCMR,-159.5008266786986,79,-385.4169616699219,79,225.9161349912233,41
TAS1R3,-157.61444091796875,7,-381.8598894391741,7,224.24544852120533,42
HRC,-216.9676055908203,1,-436.7063903808594,1,219.73878479003906,43
PXDN,-52.187100849980894,230,-271.3885190880817,230,219.2014182381008,44
MARCKSL1,-44.60730990981607,849,-262.115347674654,849,217.50803776483792,45
ABCC3,-45.786783299269985,731,-261.99484599435704,731,216.20806269508705,46
PHLDA2,-38.541904462651125,1157,-254.06249485658796,1157,215.52059039393683,47
PKP3,-93.4108789378199,580,-306.157350527007,580,212.74647158918708,48
UBE2I,-157.71991647614374,1152,-368.83610775735644,1152,211.1161912812127,49
PTPRCAP,-97.57775115966795,1,-308.386474609375,1,210.80872344970703,50
GRK1,-196.65237426757807,1,-406.4573669433594,1,209.8049926757813,51
KREMEN2,-56.26600456237793,2,-265.99757385253906,2,209.73156929016113,52
RIN1,-80.42224042555866,68,-290.1239781099207,68,209.70173768436206,53
OBSCN,-90.03111281904202,103,-297.9582223244084,103,207.92710950536636,54
GATM,-73.33561148572323,67,-279.3792055044601,67,206.04359401873688,55
AQP5,-58.38868716037232,574,-263.7735891840599,574,205.3849020236876,56
TUBB3,-140.21059006911057,13,-345.516362116887,13,205.30577204777646,57
WFIKKN1,-100.47251215520895,53,-303.57170709573995,53,203.099194940531,58
ONECUT3,-59.50556584408409,19,-262.5025120785362,19,202.9969462344521,59
AMH,-96.79350090026855,36,-298.9178466796875,36,202.12434577941895,60
CEACAM8,-117.15018717447917,3,-319.2717997233073,3,202.12161254882812,61
CHTF18,-67.1233719587326,64,-268.98723793029785,64,201.86386597156525,62
BCL3,-104.7663321777563,557,-306.1589027829401,557,201.39257060518383,63
CRIP2,-87.39488356655868,945,-287.57265796156787,945,200.17777439500918,64
RCOR2,-59.12983322143555,29,-257.197393483129,29,198.06756026169347,65
UNC13D,-89.93704272854713,186,-287.84783361291375,186,197.91079088436663,66
MUC5B,-78.61282516692901,286,-275.75174088911575,286,197.13891572218674,67
TFDP1,-76.88401759610632,482,-272.9999532422584,482,196.11593564615208,68
DEAF1,-63.028114261911874,335,-256.8900074062063,335,193.8618931442944,69
ANKRD62,-140.7676544189453,1,-330.84210205078125,1,190.07444763183594,70
PLK5,-104.95157146453857,8,-294.74703216552734,8,189.79546070098877,71
RAC3,-93.87488110204742,291,-283.0984906068782,291,189.2236095048308,72
GPR132,-61.815985679626465,20,-250.2953125,20,188.47932682037353,73
ANKRD2,-90.15968386332194,12,-278.5590540568034,12,188.39937019348145,74
HCN2,-69.7332649230957,2,-257.02301025390625,2,187.28974533081055,75
TGFB1,-48.526151356462975,387,-234.88503839064015,387,186.35888703417717,76
TNFRSF4,-88.33284361466117,23,-273.3074247940727,23,184.97458117941153,77
RASD1,-56.859368122671675,421,-240.55159453258378,421,183.6922264099121,78
NPIPA1,-149.62509243304913,104,-332.25575696505035,104,182.63066453200122,79
DRAP1,-76.17073151046768,1037,-258.3406142967761,1037,182.16988278630842,80
FTSJ3,-106.30273633976047,299,-288.345104817164,299,182.0423684774035,81
TXNDC17,-56.86311777397661,1585,-238.49953789455282,1585,181.6364201205762,82
TCAP,-106.91770648956299,24,-287.3185068766276,24,180.40080038706463,83
TMEM101,-87.38601011388442,663,-267.5631126760537,663,180.1771025621693,84
MEIS3,-47.3799934387207,4,-227.19714736938477,4,179.81715393066406,85
NUDT22,-57.26907255504053,639,-234.94835205555708,639,177.67927950051654,86
PRPH,-90.41659545898438,2,-267.0458221435547,2,176.6292266845703,87
EBI3,-224.86180114746094,6,-399.96721903483075,6,175.1054178873698,88
NPB,-84.25525966443513,76,-258.84042759945515,76,174.58516793502002,89
PLEKHN1,-85.73209089981883,76,-260.07817860653523,76,174.3460877067164,90
KRT16,-93.75471678234283,105,-268.0050830659412,105,174.2503662835984,91
C1orf35,-113.67041423285185,670,-287.19185467620395,670,173.5214404433521,92
BEGAIN,-48.08971176147461,10,-220.26576080322266,10,172.17604904174806,93
IMP3,-160.6086865462781,962,-332.385629760996,962,171.77694321471787,94
BCKDK,-98.97451048956977,540,-269.48691782068323,540,170.51240733111348,95
ACAP3,-87.38187477805398,231,-257.36338944868606,231,169.98151467063207,96
WDR83,-81.55413229124886,224,-251.21557215281896,224,169.6614398615701,97
PPP1R1B,-85.43799659245694,884,-253.89704311595244,884,168.4590465234955,98
CD300A,-230.2246596392463,34,-398.2804547478171,34,168.05579510857078,99
USHBP1,-92.23390197753906,6,-259.80450948079425,6,167.5706075032552,100
BAHD1,-89.46602973771408,229,-255.58377435009552,229,166.11774461238144,101
MTA3,-71.68187086178305,366,-235.41113739847486,366,163.7292665366918,102
SLC22A18,-114.34908020704465,401,-277.8457980643484,401,163.49671785730374,103
FBXO44,-48.698293647766114,200,-211.79409103393556,200,163.09579738616944,104
S100A16,-66.5548158036228,1205,-229.08604585639668,1205,162.53123005277388,105
TUBGCP5,-166.06229416529337,96,-328.581218401591,96,162.51892423629764,106
PTGER1,-73.90555944675353,41,-236.41434013552782,41,162.5087806887743,107
KCNJ12,-68.21467018127441,4,-230.4861068725586,4,162.27143669128418,108
GJC2,-91.68996005588107,9,-253.83353000217014,9,162.14356994628906,109
SHC2,-63.49933158026801,144,-225.5261936187744,144,162.0268620385064,110
SPNS2,-43.82974760872977,168,-205.0400466010684,168,161.21029899233864,111
ASPHD1,-50.11412165715144,247,-210.02799919838847,247,159.913877541237,112
SEZ6L2,-69.2780440909866,693,-229.19094414869255,693,159.91290005770594,113
HES5,-90.07842508951823,3,-249.6216786702474,3,159.54325358072919,114
FGF11,-101.77494366963704,48,-260.1708148320516,48,158.39587116241455,115
TRPT1,-80.96112881262326,515,-239.2198794466778,515,158.25875063405454,116
HPN,-66.22271924087967,552,-224.13071190101513,552,157.90799266013545,117
TTYH1,-141.6990439675071,33,-299.37439704663825,33,157.67535307913116,118
MUC5AC,-128.3957336780637,43,-285.32971475290697,43,156.93398107484327,119
SRCIN1,-56.809799951451424,131,-213.70984131325292,131,156.9000413618015,120
PLCB2,-60.70626081739153,56,-217.17151750837053,56,156.465256690979,121
DKKL1,-117.94888644748264,18,-274.37522379557294,18,156.4263373480903,122
CYP4F35P,-98.27628389994304,12,-253.55572001139322,12,155.2794361114502,123
LINC01219,-88.69292449951172,1,-243.2971954345703,1,154.6042709350586,124
SIPA1,-59.659155017727024,546,-213.40570672003778,546,153.74655170231077,125
SIRT7,-103.30556232799184,550,-255.0184566151012,550,151.71289428710935,126
GNB1,-90.74332906076891,983,-240.8876256001687,983,150.14429653939976,127
USB1,-104.78373037151734,317,-254.83577003840017,317,150.05203966688282,128
MAD2L2,-65.07825318562615,388,-214.81639114851805,388,149.7381379628919,129
HAGLR,-92.78744873633751,572,-241.75564025665497,572,148.96819152031748,130
DNASE1L2,-151.3180934361049,7,-300.0191345214844,7,148.70104108537947,131
NXPH3,-61.4355354309082,5,-210.0548553466797,5,148.61931991577148,132
GDPD3,-83.00199526832218,63,-231.1023668561663,63,148.1003715878441,133
CD248,-112.92595863342285,4,-260.5987014770508,4,147.67274284362793,134
PLPP2,-48.05889697838883,905,-195.62862961911364,905,147.5697326407248,135
SNX32,-155.5136515299479,3,-302.8203430175781,3,147.30669148763022,136
P2RX1,-96.07228469848633,4,-242.49734115600586,4,146.42505645751953,137
LTB4R,-123.57622849313836,95,-269.98356692665504,95,146.40733843351668,138
USF2,-98.69652923335875,615,-244.9283230417143,615,146.23179380835555,139
AMN,-89.94143022401502,267,-235.5251080230827,267,145.5836777990677,140
FKBP10,-80.96371982281025,130,-226.32241715651293,130,145.35869733370268,141
KLF16,-92.89461854127076,222,-238.1910910391593,222,145.29647249788854,142
TNNT1,-79.04916770158414,167,-224.19538166708574,167,145.1462139655016,143
CAMK2N1,-71.81210903894333,168,-216.21104794456846,168,144.39893890562513,144
TMC6,-59.047052066008014,667,-203.02466929834642,667,143.97761723233842,145
PDZK1IP1,-88.22705001118027,1070,-232.0620306567611,1070,143.83498064558083,146
MARVELD3,-111.71815112078632,270,-255.37046548348886,270,143.65231436270255,147
FUT1,-108.22796880548651,55,-250.9593516956676,55,142.7313828901811,148
RPL22,-70.88234481248469,2168,-213.37199748134262,2168,142.48965266885793,149
PCED1B,-127.45522975921631,80,-269.7102867126465,80,142.2550569534302,150
TBC1D26,-97.97309875488281,2,-239.49832153320312,2,141.5252227783203,151
NCOR2,-63.996431595786326,716,-204.13642604124612,716,140.1399944454598,152
CDH16,-125.79625829060872,48,-265.83303419748944,48,140.03677590688073,153
MRPL23-AS1,-60.4946403503418,1,-200.47113037109372,1,139.97649002075192,154
SIX3-AS1,-102.75912475585938,2,-242.1643524169922,2,139.4052276611328,155
OVOL1-AS1,-96.34117889404295,1,-235.6241149902344,1,139.28293609619146,156
LINC00342,-153.47084519285593,161,-292.6859657808861,161,139.21512058803015,157
LAD1,-45.73418197938648,746,-184.67007614013016,746,138.9358941607437,158
MIR202HG,-104.01799011230467,1,-242.7493896484375,1,138.7313995361328,159
LINC00662,-93.08249426507331,154,-231.78420406192927,154,138.70170979685597,160
KCNK4,-63.4831485748291,2,-201.84793853759766,2,138.36478996276855,161
HIC1,-170.17998157848012,11,-308.1647976962003,11,137.9848161177202,162
GRIN2C,-60.31528377532959,4,-198.19769668579102,4,137.88241291046143,163
RPS6KA4,-80.09294684579439,214,-217.74794141822886,214,137.65499457243448,164
PPP1R9B,-56.93674296312371,243,-194.20136182494616,243,137.26461886182244,165
HAGHL,-87.4194408009646,253,-224.65761955170763,253,137.23817875074303,166
IGLON5,-178.1866455078125,1,-314.70025634765625,1,136.51361083984375,167
TPSAB1,-75.16731643676758,60,-211.20612462361655,60,136.03880818684897,168
B3GAT1,-44.15336647033691,60,-179.31008555094402,60,135.1567190806071,169
KRT86,-84.79298198466398,49,-218.91433186433753,49,134.12134987967355,170
TMEM251,-144.07375665480092,465,-278.0950696063298,465,134.02131295152887,171
PTPRE,-60.41357132220337,698,-194.13086453413212,698,133.71729321192873,172
C15orf62,-108.6189921985973,22,-241.92222525856712,22,133.30323305996984,173
DUSP8,-74.0021311884341,230,-206.18032014266305,230,132.17818895422894,174
JAG2,-67.09438853110036,124,-198.14188089678365,124,131.0474923656833,175
CNIH2,-72.44907901905201,54,-203.47062089708118,54,131.02154187802915,176
TPBGL,-55.49715805053711,1,-186.42376708984372,1,130.9266090393066,177
FSCN2,-71.32878730410621,21,-202.18602934337798,21,130.85724203927177,178
SSC5D,-101.81191298540901,17,-232.5483236873851,17,130.7364107019761,179
CCDC144NL-AS1,-115.00720105852399,7,-245.4160614013672,7,130.40886034284318,180
MAFG,-53.31097280610868,615,-183.6492712005367,615,130.33829839442802,181
KCNK1,-48.140578263684326,608,-178.40114061455978,608,130.26056235087546,182
SNCG,-109.66508809257957,136,-239.28742745343376,136,129.6223393608542,183
IKBKE,-93.86767854361699,116,-223.06542126885776,116,129.19774272524077,184
AGRN,-54.104772860116334,822,-183.0999028560889,822,128.99512999597258,185
IFI6,-74.49832465268172,1059,-203.42180508909865,1059,128.92348043641692,186
MTUS2-AS1,-167.8910369873047,1,-296.4443054199219,1,128.5532684326172,187
GRIK5,-99.65199089050292,4,-228.15136337280273,4,128.4993724822998,188
CLCF1,-94.18895496860627,248,-222.538632423647,248,128.3496774550407,189
RFNG,-72.32715167218481,342,-200.58430262336955,342,128.25715095118474,190
NDUFA13,-89.34908692551961,1465,-217.55103171286729,1465,128.20194478734766,191
MYO15A,-100.10555562106046,44,-228.1532519947399,44,128.04769637367943,192
FAAP20,-76.61548778574954,1302,-204.17583353068972,1302,127.56034574494018,193
DOC2B,-67.9181417099973,94,-195.17708555180977,94,127.25894384181247,194
OSGIN1,-83.48823881985848,114,-210.54378870913857,114,127.05554988928009,195
CTXN1,-71.19191949120884,232,-197.99901580810547,232,126.80709631689663,196
PPP1R14B,-44.87927371640749,869,-171.55783212747343,869,126.67855841106595,197
ADAM8,-81.94040014093572,275,-208.4715359774503,275,126.53113583651457,198
ANGPTL8,-82.38148244222005,3,-208.41253662109375,3,126.0310541788737,199
YPEL3,-111.98447786841062,1010,-237.85512394669033,1010,125.8706460782797,200
SMPD4,-68.99783628350062,302,-194.63321514003323,302,125.63537885653261,201
TMEM240,-61.98804473876953,9,-187.46783447265625,9,125.47978973388672,202
CAPN15,-77.15933366255327,165,-202.55845614346592,165,125.39912248091265,203
CEACAM7,-100.19116973876953,5,-225.56202087402343,5,125.3708511352539,204
KRT7,-59.23116403452208,1466,-184.2573997528784,1466,125.02623571835632,205
TNNI3,-122.84198960390958,88,-247.08701757951215,88,124.24502797560257,206
TGFBR3L,-92.7207442522049,64,-216.08557438850403,64,123.36483013629913,207
WDR45B,-96.79674974943462,950,-220.06527313232422,950,123.2685233828896,208
SCN4A,-106.65711975097656,3,-229.59122721354166,3,122.9341074625651,209
METRNL,-66.0218391784083,313,-188.63919374508598,313,122.61735456667768,210
COL8A2,-97.67466405232747,30,-220.10187428792318,30,122.42721023559571,211
CPNE7,-46.96279064444609,43,-169.37162354935046,43,122.40883290490437,212
TRAPPC12-AS1,-82.82739067077637,4,-205.23147201538086,4,122.40408134460449,213
ADAM11,-65.54202270507812,1,-187.47528076171875,1,121.93325805664062,214
AKT1,-56.497639408633795,767,-178.42510562583396,767,121.92746621720016,215
RTN4RL2,-70.89851045961733,135,-192.72298233597368,135,121.82447187635636,216
SPATA20,-51.5318830766474,421,-173.32415876592424,421,121.79227568927683,217
ACE,-51.849368405629356,83,-173.15578764030732,83,121.30641923467797,218
LINC00304,-201.1323699951172,4,-321.94264221191406,4,120.81027221679688,219
SBK1,-94.65922527664279,163,-215.33787545982315,163,120.67865018318037,220
A1BG,-81.96748814079332,322,-201.91217258998327,322,119.94468444918995,221
LINC01126,-90.45075988769533,1,-210.1820831298828,1,119.73132324218749,222
MGC16275,-52.82713317871094,13,-172.55723923903244,13,119.7301060603215,223
GLRX3,-57.351403098817556,818,-176.86736411395458,818,119.51596101513702,224
TMEM132B,-59.52488040924072,4,-178.97635650634766,4,119.45147609710693,225
WNK4,-83.82032057818245,17,-202.91706040326287,17,119.09673982508042,226
MTCL1,-79.11949610710144,32,-197.80919313430786,32,118.68969702720642,227
NUDT16L1,-78.04364802880201,668,-196.450992926866,668,118.407344898064,228
ARID3A,-45.61269483607929,229,-163.919197448997,229,118.30650261291771,229
CCS,-183.37821118297472,549,-301.4459022841601,549,118.0676911011854,230
CHI3L1,-52.48348431709485,663,-170.53797631817525,663,118.0544920010804,231
TMC8,-91.62328193301246,126,-209.56094929528615,126,117.93766736227369,232
F10,-93.32722091674805,4,-211.24298477172852,4,117.91576385498047,233
KCNK3,-103.88374633789063,5,-221.78164978027343,5,117.8979034423828,234
HOXC8,-96.78949356079102,2,-214.5643768310547,2,117.77488327026367,235
KHNYN,-101.9490172089977,293,-219.71576875549943,293,117.76675154650172,236
AQP2,-117.6794204711914,2,-235.2854766845703,2,117.6060562133789,237
MOB3A,-74.27476061307468,260,-191.79337392953727,260,117.51861331646259,238
EME2,-82.93917826059702,74,-200.34948194349136,74,117.41030368289434,239
MIF4GD,-74.62630467547595,467,-192.02050307476034,467,117.39419839928439,240
KIF26A,-46.056723276774086,3,-163.24417622884116,3,117.18745295206708,241
TMEM87B,-77.0925900053905,327,-194.16716862016497,327,117.07457861477447,242
TNFRSF14,-90.01638763252346,522,-206.67390129118587,522,116.65751365866241,243
GRTP1,-62.443377564855886,177,-179.01626517947784,177,116.57288761462195,244
CCDC85C,-57.16606470743815,165,-173.7210205078125,165,116.55495580037436,245
BRICD5,-77.7830356798674,38,-194.29570649799547,38,116.51267081812807,246
PTOV1-AS2,-97.7464828491211,1,-213.9219970703125,1,116.1755142211914,247
KCNJ14,-91.49834180234083,67,-207.66914026061102,67,116.17079845827018,248
SPIB,-85.1330322265625,15,-201.23018900553384,15,116.09715677897134,249
PEX10,-79.25034427994731,271,-195.30617694925118,271,116.05583266930387,250
NLRC3,-74.41026136610243,9,-190.3969506157769,9,115.98668924967446,251
CCDC154,-85.78582305908203,15,-201.72377319335936,15,115.93795013427733,252
KRT17,-87.98631699617243,242,-203.55814027392174,242,115.5718232777493,253
LRRC55,-90.79061126708984,3,-206.01229349772134,3,115.2216822306315,254
DIO3OS,-80.76906344095866,60,-195.7661595662435,60,114.99709612528483,255
IGKC,-75.68814069574529,880,-190.36463175686922,880,114.67649106112393,256
FAM89B,-54.90789288764633,618,-169.53671454766035,618,114.62882166001403,257
LOXL4,-67.25724236170451,48,-181.3500690460205,48,114.092826684316,258
PWWP2B,-90.89449664845186,340,-204.88397441190833,340,113.98947776345646,259
VPS9D1-AS1,-54.2084698677063,16,-167.85303497314453,16,113.64456510543823,260
CMIP,-52.45641916520368,482,-165.98655735506557,482,113.5301381898619,261
RPL36,-102.26452276941477,2163,-215.61716889739864,2163,113.35264612798387,262
HOOK2,-99.45302644574471,1045,-212.64187912644383,1045,113.18885268069911,263
OCA2,-189.79470825195312,2,-302.9605712890625,2,113.16586303710938,264
KIF21B,-70.8684216667624,17,-183.97043474982766,17,113.10201308306526,265
SLC22A31,-65.23593167445456,1290,-178.1298384910406,1290,112.89390681658604,266
LENG9,-83.83695171951155,109,-196.70612020230075,109,112.8691684827892,267
TNFRSF1B,-49.45265477948484,113,-162.2565592537939,113,112.80390447430906,268
PANO1,-98.42696925571987,7,-210.89977155412947,7,112.4728022984096,269
SLC7A5,-84.21741361503142,166,-196.58254738313607,166,112.36513376810466,270
CHST1,-61.25771255493164,5,-173.47706909179686,5,112.21935653686522,271
CD300C,-111.41777352725758,17,-223.5442612591912,17,112.12648773193361,272
SLC25A34,-87.66475954922763,11,-199.60531616210938,11,111.94055661288175,273
HSPB7,-115.72894439697265,15,-227.34667053222657,15,111.61772613525392,274
SLC22A18AS,-93.97326923017742,119,-205.4419664655413,119,111.46869723536388,275
NYNRIN,-96.57810820302656,124,-208.01456623692667,124,111.43645803390011,276
TMEM59L,-64.89612395675094,54,-176.2968899762189,54,111.40076601946795,277
CRABP2,-63.80624786494103,521,-174.96793630530416,521,111.16168844036314,278
C1QL1,-56.57298965454102,10,-167.16936187744142,10,110.5963722229004,279
TMEM204,-119.55584971110027,3,-229.9158935546875,3,110.36004384358723,280
ANKRD13D,-65.50466296599083,388,-175.54296741288962,388,110.03830444689879,281
KHK,-90.06154348336014,51,-199.87530218386183,51,109.8137587005017,282
VWA1,-83.7340973469895,777,-193.49024287828914,777,109.75614553129964,283
C2CD4C,-68.79826545715332,12,-178.53816095987955,12,109.73989550272623,284
HSD3B7,-86.75097312927247,140,-196.35839146205356,140,109.6074183327811,285
MC1R,-96.67854871906218,61,-206.2213254834785,61,109.54277676441632,286
KIF7,-117.03887059138371,13,-226.52393165001502,13,109.4850610586313,287
PLD4,-86.48330332438151,15,-195.6683563232422,15,109.18505299886068,288
NTF4,-101.91118232876647,51,-211.02426476572074,51,109.11308243695427,289
TNNT2,-94.2978524847345,91,-202.9986082642943,91,108.70075577955978,290
POTEI,-81.7617416381836,1,-190.41929626464844,1,108.65755462646484,291
RHBDL3,-56.97892608642578,5,-165.6012939453125,5,108.62236785888672,292
MEGF11,-60.936405637371,134,-169.17606866181785,134,108.23966302444686,293
VDR,-100.23342059166022,343,-208.1914211973852,343,107.95800060572499,294
KNDC1,-58.71267213576879,156,-166.5669193756886,156,107.8542472399198,295
MMP23B,-89.26948170722285,79,-196.9865438726884,79,107.71706216546555,296
FAM41C,-111.31359806060792,80,-219.01397705078125,80,107.70037899017333,297
MBOAT7,-99.57865725136477,566,-207.2688909469982,566,107.69023369563342,298
CSNK1G2-AS1,-95.3154067993164,1,-202.9024200439453,1,107.5870132446289,299
KRT19,-100.4904206481362,1922,-207.8918699171243,1922,107.4014492689881,300
SREBF1,-56.1255147554124,467,-163.50258239484702,467,107.37706763943463,301
MCF2L,-70.74879837036133,150,-178.01507720947265,150,107.26627883911132,302
NR2F6,-54.34710226293977,771,-161.1658805322709,771,106.81877826933113,303
TNFRSF18,-62.37897302133066,135,-169.12630694354021,135,106.74733392220955,304
IRF7,-63.589107347282386,574,-170.18268096073163,574,106.59357361344925,305
BGLAP,-79.12529615922408,11,-185.66121604225853,11,106.53591988303445,306
RNF213,-67.7622167664577,913,-174.26161056802673,913,106.49939380156903,307
EPHB2,-54.6904856717145,108,-161.14883465237088,108,106.45834898065638,308
SCARF1,-89.43653457883805,189,-195.87645854647198,189,106.43992396763393,309
HSF4,-123.95671960691743,151,-230.15531395918487,151,106.19859435226743,310
GAS6-AS1,-79.99362803614417,43,-186.16206927632177,43,106.1684412401776,311
HS3ST6,-113.30684783493263,69,-219.39970574862716,69,106.09285791369453,312
RUSC1,-92.83787475837455,364,-198.8869171142578,364,106.04904235588326,313
ZG16B,-117.05846048619625,137,-223.06979459219605,137,106.0113341059998,314
MESP1,-48.98650404860854,537,-154.67494568212072,537,105.68844163351218,315
EVPLL,-71.39991705758231,42,-176.90155465262276,42,105.50163759504045,316
EPS8L2,-99.98486646286985,705,-205.34369604232464,705,105.35882957945479,317
HES4,-82.37032369405281,595,-187.47013406192556,595,105.09981036787275,318
BST2,-68.55048873144885,827,-173.48368721054428,827,104.93319847909542,319
KRTAP5-AS1,-78.99655205862862,14,-183.81331743512834,14,104.81676537649972,320
CACNA1H,-64.06232376098633,10,-168.5239456176758,10,104.46162185668946,321
BCDIN3D-AS1,-79.90226135253906,10,-184.281884765625,10,104.37962341308594,322
DIRAS1,-65.19007096467195,27,-169.33321634928384,27,104.1431453846119,323
SLC50A1,-92.6211722939008,746,-196.75345343623022,746,104.13228114232942,324
GPN1,-161.86983624950642,277,-265.6344037107612,277,103.76456746125479,325
FOXD2,-47.82104738297001,31,-151.56339633080268,31,103.74234894783267,326
PKDCC,-51.96682635220614,22,-155.58181762695312,22,103.61499127474698,327
RASA3,-152.7286728839485,49,-256.237795148577,49,103.5091222646285,328
CLCNKA,-102.19988861083985,15,-205.70230204264323,15,103.50241343180338,329
STAT2,-76.38880549404686,401,-179.37351175436652,401,102.98470626031965,330
TOP3A,-154.2946538289388,90,-257.12774471706814,90,102.83309088812933,331
CNFN,-80.57835488367563,198,-183.3205188019107,198,102.74216391823508,332
EVPL,-59.84080219268799,448,-162.07259021486556,448,102.23178802217757,333
NHLRC4,-107.88625471662768,101,-209.9089511078183,101,102.02269639119062,334
CDH5,-142.71097819010416,12,-244.6844139099121,12,101.97343571980795,335
NRXN2,-90.7504619251598,11,-192.43410977450284,11,101.68364784934305,336
POU3F1,-100.92070812649197,36,-202.53071043226453,36,101.61000230577255,337
PSME2,-64.97080297646951,1402,-166.5453949301117,1402,101.5745919536422,338
C14orf180,-89.08589935302734,1,-190.32408142089844,1,101.2381820678711,339
RBFOX3,-92.25185902913411,3,-193.4829559326172,3,101.23109690348308,340
CX3CL1,-87.2469264142195,367,-188.4223798705057,367,101.17545345628619,341
UQCRH,-79.62042822128886,1964,-180.76215316710307,1964,101.1417249458142,342
DIP2C,-80.76232332171816,165,-181.88622972892992,165,101.12390640721176,343
SLC17A7,-103.68980026245117,4,-204.72144317626953,4,101.03164291381836,344
TTC9C,-81.08024862748158,316,-182.0817014476921,316,101.00145282021052,345
TEKT4,-101.20312940965005,109,-202.10116409161768,109,100.89803468196763,346
LDB3,-82.84055709838867,8,-183.65467643737793,8,100.81411933898926,347
SYT8,-93.07213324394779,276,-193.86864128665647,276,100.79650804270868,348
SFXN5,-165.68670021615378,123,-266.26380721921845,123,100.57710700306467,349
NXPH4,-75.84774453299386,21,-176.4209231422061,21,100.57317860921225,350
SDF4,-151.50091449387995,1004,-251.90027875254353,1004,100.39936425866358,351
LEFTY2,-107.7872543334961,2,-207.77178192138672,2,99.98452758789062,352
DPYSL4,-81.72095489501953,1,-181.6380920410156,1,99.91713714599607,353
TRIM65,-75.84043213980539,140,-175.74134652273995,140,99.90091438293456,354
SERPINF2,-211.56639945152963,202,-311.4533782052522,202,99.88697875372256,355
COL1A1,-75.84508314507497,458,-175.67064916619046,458,99.82556602111549,356
MAP4K2,-83.27779095458985,125,-183.02581604003908,125,99.74802508544923,357
RGPD8,-74.76793162027995,3,-174.43879191080728,3,99.67086029052733,358
SEMA7A,-82.22856403219289,29,-181.77003163304823,29,99.54146760085534,359
GPR153,-60.02943116647226,54,-159.5405589916088,54,99.51112782513655,360
SLC6A12,-152.52084350585938,7,-251.95631408691406,7,99.43547058105469,361
GNPTG,-65.41630024237921,447,-164.8043596920551,447,99.3880594496759,362
B3GNTL1,-103.08199992222069,113,-202.390102420233,113,99.30810249801232,363
ESPN,-67.24453978105025,176,-166.44598986885765,176,99.2014500878074,364
PLPPR2,-76.45646626462218,186,-175.62698790847614,186,99.17052164385396,365
HS6ST1,-100.13608974880643,162,-199.26447795349875,162,99.12838820469233,366
TMEM45B,-58.75474455573342,440,-157.86845723932439,440,99.11371268359096,367
MSTO1,-99.76823754846697,169,-198.8419806124896,169,99.07374306402264,368
ASIC1,-83.6339599609375,15,-182.44085896809895,15,98.80689900716145,369
OXER1,-108.83810106913249,12,-207.64163080851236,12,98.80352973937987,370
GRIN2D,-111.09843444824219,2,-209.74227905273438,2,98.64384460449219,371
ABCB9,-120.85230960121638,79,-219.2527361519729,79,98.40042655075652,372
TBCB,-71.08087371690084,897,-169.30430514570597,897,98.22343142880513,373
PERM1,-96.96776259572883,19,-194.49670249537417,19,97.52893989964534,374
GALNT9,-89.10592651367188,1,-186.6180419921875,1,97.51211547851562,375
LINC01135,-116.64075775146485,5,-213.92788696289062,5,97.28712921142578,376
ARHGEF16,-78.43466854095459,192,-175.65673820177713,192,97.22206966082254,377
CACNG4,-84.5030877616968,89,-181.51071201281601,89,97.00762425111921,378
CEACAM4,-153.45382457668498,59,-250.0043922036381,59,96.55056762695312,379
TMEM253,-70.88480854034424,8,-167.3502311706543,8,96.46542263031006,380
ADGRG3,-100.7938404083252,4,-197.23053741455078,4,96.43669700622559,381
FENDRR,-105.32542343139649,10,-201.7045440673828,10,96.37912063598633,382
AMDHD2,-111.07492291927338,256,-207.39865785837173,256,96.32373493909836,383
EFNB3,-65.09136559622628,70,-160.86920841761997,70,95.77784282139369,384
MRPS34,-83.98831709026292,1194,-179.7325783862141,1194,95.74426129595118,385
GGN,-76.9138652256557,7,-172.33199201311385,7,95.41812678745815,386
SSH3,-90.95693701666755,333,-186.34400545870577,333,95.38706844203821,387
VEGFB,-68.49156599435193,513,-163.8565403750533,513,95.36497438070137,388
NHLH1,-127.20672225952148,2,-222.49368286132812,2,95.28696060180664,389
BOLA1,-136.6915207345145,525,-231.92782302129837,525,95.23630228678385,390
CBFA2T3,-80.70751698811848,9,-175.83538479275174,9,95.12786780463325,391
IGFBP4,-48.15422490768103,1155,-143.1468552494462,1155,94.99263034176516,392
SAMD8,-78.13537765217718,214,-173.05886683954256,214,94.92348918736538,393
FXYD2,-59.02375047857111,66,-153.93685496937144,66,94.91310449080032,394
MRPL12,-65.12856263352542,1039,-159.99824585607124,1039,94.86968322254582,395
NAB2,-55.457897550604315,356,-150.22562982794943,356,94.76773227734512,396
MRPL28,-125.20908683009401,676,-219.96472890278292,676,94.75564207268891,397
ZNF213-AS1,-103.68085998959012,72,-198.4112491607666,72,94.73038917117648,398
RHOT2,-141.9234685391949,509,-236.64023855392966,509,94.71677001473478,399
RAB11FIP4,-43.19222349590726,288,-137.87405347824097,288,94.68182998233371,400
VSTM2B,-68.8759536743164,1,-163.5330047607422,1,94.65705108642578,401
LYL1,-59.220998191833495,80,-153.83388729095458,80,94.61288909912108,402
KCTD21,-67.77449591500418,70,-162.03301609584264,70,94.25852018083846,403
ZNF232,-88.49074817233615,90,-182.74346364339192,90,94.25271547105577,404
EXOC7,-70.6937853111977,763,-164.77755265342142,763,94.08376734222372,405
GDF11,-102.14624898368065,109,-196.2081399620126,109,94.06189097833196,406
ECE1,-78.69271939071183,388,-172.2861864148956,388,93.59346702418378,407
MAZ,-76.26452282197434,637,-169.69561439406365,637,93.43109157208931,408
INF2,-104.15746424556558,306,-197.48544815163208,306,93.3279839060665,409
PPP1R13B,-51.249250883805125,380,-144.5272356936806,380,93.27798480987548,410
LOXL1-AS1,-129.02135639805948,31,-222.24830086000503,31,93.22694446194555,411
TTC34,-104.19156289100647,32,-196.98743104934692,32,92.79586815834045,412
NUDT8,-59.457332543367464,507,-152.00699972118852,507,92.54966717782105,413
CDHR5,-78.1326675415039,1,-170.51914978027344,1,92.38648223876953,414
SMIM5,-75.50743912205552,330,-167.83255888043027,330,92.32511975837475,415
MESP2,-76.3782482459897,61,-168.56315537749745,61,92.18490713150776,416
KRI1,-96.99730993474572,206,-188.9075269236148,206,91.91021698886908,417
TGM5,-96.2521743774414,1,-188.1243438720703,1,91.8721694946289,418
LTBP3,-103.93284534940533,816,-195.70403416951498,816,91.77118882010966,419
DRD4,-95.79473241170247,6,-187.21389516194662,6,91.41916275024415,420
CYP4F11,-102.39281387329102,50,-193.75167449951172,50,91.3588606262207,421
MED29,-73.86647047779776,704,-165.1965732791207,704,91.33010280132295,422
PIEZO1,-46.139570981936345,266,-137.36407728840533,266,91.22450630646898,423
TTYH2,-58.41505735348432,39,-149.39849501389725,39,90.98343766041293,424
KCNIP3,-95.18973312377929,10,-186.04632873535155,10,90.85659561157226,425
MOB2,-87.54340960863294,431,-177.90477910229887,431,90.36136949366593,426
OXCT2,-95.62862701416016,5,-185.88626098632812,5,90.25763397216797,427
CBARP,-57.400103149414065,25,-147.63081420898436,25,90.2307110595703,428
CALML5,-106.87776523166232,9,-196.98858303493924,9,90.11081780327692,429
ZNF540,-87.48492976597377,28,-177.59003339494978,28,90.10510362897601,430
DNAJB1,-94.07927240935085,1686,-184.15681790570207,1686,90.07754549635122,431
LINC00677,-82.36571502685547,1,-172.41526794433594,1,90.04955291748047,432
FUOM,-70.02538210550944,180,-159.6979162428114,180,89.67253413730197,433
TRIM11,-126.4279894510905,240,-215.94021949768066,240,89.51223004659016,434
DNMT3A,-63.70249425750418,194,-153.18649362780386,194,89.48399937029967,435
ZFPM1,-57.01971487271584,59,-146.2730826684984,59,89.25336779578257,436
FAAP100,-56.46455580132193,219,-145.66420115292345,219,89.19964535160153,437
NACC1,-73.64741046280511,354,-162.80608212745796,354,89.15867166465284,438
FAM83G,-58.94999799157819,117,-148.04908387273804,117,89.09908588115985,439
FBXL16,-91.69781424782492,22,-180.66712258078834,22,88.96930833296342,440
ATP11A-AS1,-90.88165283203125,3,-179.71055603027344,3,88.82890319824219,441
B4GALNT4,-82.1985166900012,49,-170.8009699607382,49,88.602453270737,442
PLCB3,-80.01230302437273,189,-168.47887093680245,189,88.46656791242972,443
AHNAK2,-115.53027902437945,127,-203.92366099920798,127,88.39338197482853,444
EML3,-107.91841131357046,260,-196.2943726172814,260,88.37596130371094,445
RAMP2-AS1,-61.93939099993025,7,-150.08331516810827,7,88.14392416817802,446
PGF,-75.78333430820041,36,-163.7877566019694,36,88.00442229376898,447
LAT,-116.36845460779527,85,-204.22501777200137,85,87.8565631642061,448
TBC1D24,-85.1951721483907,313,-172.99354675097968,313,87.79837460258898,449
APC2,-61.41339588165283,4,-149.06996154785156,4,87.65656566619873,450
HAMP,-106.03877755869989,23,-193.66022259256115,23,87.62144503386126,451
CA7,-52.99517822265625,2,-140.49649047851562,2,87.50131225585938,452
ANKRD9,-75.2517425000858,313,-162.6596581212248,313,87.407915621139,453
PDIA2,-126.46703690748949,13,-213.67181748610275,13,87.20478057861327,454
ARHGAP23,-87.36372782820362,118,-174.23809077376026,118,86.87436294555664,455
KRT79,-112.0757319132487,3,-198.94189453125,3,86.8661626180013,456
DMPK,-96.03021517666903,132,-182.8189924991492,132,86.78877732248017,457
SYT5,-85.63908301459418,9,-172.3725823296441,9,86.73349931504993,458
GNB3,-100.69167836507161,3,-187.17151387532553,3,86.47983551025392,459
AP5B1,-70.54385026834778,118,-156.9770100480419,118,86.43315977969412,460
PEA15,-61.59136933063774,486,-147.74091875994648,486,86.14954942930873,461
KCNJ11,-77.61364152696397,36,-163.7491798400879,36,86.13553831312392,462
ATP9B,-79.50055545401973,179,-165.4288271259329,179,85.92827167191318,463
WIZ,-105.28631765731258,193,-191.10106172709885,193,85.81474406978627,464
ASPRV1,-101.81706782749721,7,-187.37400599888392,7,85.5569381713867,465
CBX4,-83.21008467720017,521,-168.6082440337842,521,85.39815935658402,466
NAT14,-137.59558660333806,286,-222.98332747879562,286,85.38774087545755,467
ZDHHC24,-77.97418190018779,467,-163.2533503661064,467,85.2791684659186,468
ADAMTSL5,-65.91370186438927,26,-150.78882012000452,26,84.87511825561525,469
CALML6,-94.21304702758789,2,-178.94810485839844,2,84.73505783081055,470
ZNF132,-86.82462406158447,8,-171.42877006530762,8,84.60414600372314,471
GATA6-AS1,-126.48828345078688,52,-210.8165937570425,52,84.32831030625563,472
P2RY11,-129.23993456805195,81,-213.4980214436849,81,84.25808687563296,473
ACBD4,-73.09942297935486,160,-157.2728868484497,160,84.17346386909485,474
PYY,-85.20995330810547,4,-169.27751922607422,4,84.06756591796875,475
KCNA7,-73.50568962097168,4,-157.53060150146484,4,84.02491188049316,476
VASN,-84.37296901210662,248,-168.39047758040888,248,84.01750856830226,477
MTA2,-82.15375622407889,81,-166.101104547948,81,83.94734832386912,478
SP6,-117.56865692138672,6,-201.4988021850586,6,83.93014526367188,479
CLDN10,-67.02838287761504,374,-150.776604718703,374,83.74822184108795,480
IFI35,-66.87090977500466,544,-150.60867573233213,544,83.73776595732747,481
ZNF554,-142.6703109741211,60,-226.36617838541667,60,83.69586741129558,482
IFITM1,-102.97430715849906,330,-186.49275184400153,330,83.51844468550247,483
SBSN,-93.32070922851562,1,-176.812255859375,1,83.49154663085938,484
SLC18A2,-58.56206035614014,4,-142.03194046020508,4,83.46988010406494,485
LILRA6,-134.7135749230018,13,-218.09803302471454,13,83.38445810171274,486
MYO7A,-89.20011084420341,14,-172.53968484061105,14,83.33957399640764,487
PANK4,-76.79109809512184,63,-160.0601336766803,63,83.26903558155846,488
GAS8,-71.11049751737225,268,-154.2907180216775,268,83.18022050430524,489
ADGRA1,-81.94117736816406,11,-165.0367195822976,11,83.09554221413353,490
TCIRG1,-78.85934334470515,456,-161.92245981986062,456,83.06311647515547,491
TTC39A,-78.60710568129204,367,-161.6589341748313,367,83.05182849353926,492
RSPH6A,-92.23269653320312,1,-175.22677612304688,1,82.99407958984375,493
SMIM1,-51.36318636082891,670,-134.18555260273948,670,82.82236624191057,494
EHBP1L1,-44.09390976273011,428,-126.88980920738149,428,82.79589944465138,495
IFI44L,-88.0707105937757,380,-170.74015430651212,380,82.66944371273642,496
DDX51,-75.65539962595159,176,-158.24931621551514,176,82.59391658956355,497
TSKU,-99.70404604398287,130,-182.2747072660006,130,82.57066122201773,498
MEGF6,-88.70288785638657,374,-171.11524616588247,374,82.4123583094959,499
HES2,-87.56024253368378,64,-169.82747197151184,64,82.26722943782806,500
SPSB3,-98.124280678752,654,-180.30669629391545,654,82.18241561516345,501
ARAP1-AS1,-100.4656982421875,1,-182.63136291503903,1,82.16566467285153,502
TMEM86B,-101.85853089226617,36,-183.9834327697754,36,82.12490187750922,503
LTBR,-126.47968141753098,725,-208.5769092217807,725,82.09722780424973,504
ANO9,-57.052680405489916,203,-139.14655157380503,203,82.0938711683151,505
FXYD5,-60.89842634692634,970,-142.89066301326162,970,81.99223666633527,506
MLX,-69.40617566968574,610,-151.11228502617507,610,81.70610935648934,507
GAPDH,-68.02939773665011,2026,-149.65923179784627,2026,81.62983406119616,508
ADRA2B,-68.78316497802734,12,-150.2218106587728,12,81.43864568074545,509
TNFRSF25,-82.84267096886268,65,-164.23480529785155,65,81.39213432898887,510
C11orf21,-101.8470230102539,17,-183.14993016860063,17,81.30290715834673,511
GDF15,-59.91370163539128,1061,-141.21564642558337,1061,81.3019447901921,512
RINL,-95.45874902757548,177,-176.68646507478704,177,81.22771604721156,513
ZNF576,-52.31348010275861,278,-133.49266628567264,278,81.17918618291404,514
ENDOV,-59.08615016738159,479,-140.22077425835278,479,81.13462409097119,515
DCST1,-105.89618174235027,3,-187.02470906575522,3,81.12852732340495,516
SLC4A1,-90.31721199883356,18,-171.3745812310113,18,81.05736923217773,517
INCA1,-63.49821169623013,29,-144.5333446634227,29,81.03513296719257,518
TMEM200B,-68.94075139363606,6,-149.91556803385416,6,80.9748166402181,519
SYT7,-80.42665305504433,78,-161.14614985539362,78,80.71949680034929,520
MUC6,-95.55288696289062,2,-176.05677032470703,2,80.5038833618164,521
MEG3,-96.784335566502,153,-177.23457495994816,153,80.45023939344617,522
AIP,-95.5620975088566,752,-175.97781603387062,752,80.41571852501403,523
NOC2L,-97.79912218119111,529,-178.1921245668696,529,80.3930023856785,524
CKB,-73.46615063870192,1349,-153.8434551400198,1349,80.3773045013179,525
ST14,-59.90432937501922,762,-140.21518497016487,762,80.31085559514565,526
KRT80,-100.4453473944413,190,-180.75414171720806,190,80.30879432276676,527
PLPP4,-93.20712280273438,2,-173.4434356689453,2,80.23631286621094,528
FHOD1,-80.19246334166039,254,-160.35107433889794,254,80.15861099723756,529
PROCA1,-64.3694952707442,63,-144.51829649910096,63,80.14880122835676,530
POTEF,-125.23216247558594,2,-205.1605682373047,2,79.92840576171875,531
MTA1,-75.12427350905467,557,-154.84345227554843,557,79.71917876649376,532
TSR3,-40.27766616731926,683,-119.77937799456528,683,79.50171182724603,533
RHBDF1,-67.19097641767081,177,-146.60221233475679,177,79.41123591708597,534
NME3,-123.58155331520163,1199,-202.99138433283025,1199,79.40983101762862,535
TAF10,-73.31591147270755,828,-152.43962176410471,828,79.12371029139716,536
TRAPPC6A,-71.70213851029212,933,-150.81680167015216,933,79.11466315986004,537
LDB1,-61.99062507292803,136,-141.09543026194854,136,79.10480518902051,538
CCDC78,-74.1829238304725,234,-153.18436705760467,234,79.00144322713217,539
RELT,-59.60687287648519,60,-138.5516794840495,60,78.94480660756429,540
TESC,-43.617580403072736,355,-122.5090342776876,355,78.89145387461487,541
MRGPRF,-89.35728073120117,2,-168.21562957763672,2,78.85834884643555,542
SPATA32,-74.25690078735352,2,-153.0171661376953,2,78.7602653503418,543
RPUSD1,-76.60202397850796,191,-155.1455706052131,191,78.54354662670514,544
TNFSF9,-195.72766387156952,78,-274.1285599928636,78,78.40089612129407,545
C1QTNF8,-83.94564819335938,1,-162.3101806640625,1,78.36453247070312,546
PALD1,-79.59268697102864,6,-157.93763732910156,6,78.34495035807292,547
TCERG1L,-87.5161247253418,2,-165.75588989257812,2,78.23976516723633,548
ZNF566,-86.18187581276408,98,-164.3381310287787,98,78.15625521601461,549
RNF31,-84.22987541785606,13,-162.34217364971454,13,78.11229823185847,550
PAH,-117.42715454101562,1,-195.51792907714844,1,78.09077453613281,551
RDH5,-117.47777973521839,55,-195.51985778808594,55,78.04207805286755,552
HPCA,-94.28656578063965,8,-172.29079818725586,8,78.00423240661621,553
NDUFS2,-107.59782478467662,621,-185.57985791683964,621,77.98203313216302,554
MSRB2,-72.50214194533517,797,-150.1119226242697,797,77.60978067893454,555
HCFC1R1,-44.65774159383184,889,-122.24973213015579,889,77.59199053632395,556
RAB40B,-52.73612091680279,446,-130.08445076022983,446,77.34832984342704,557
CRLF1,-108.98046075730096,147,-186.27981536242427,147,77.29935460512331,558
TBCD,-102.07955135769315,540,-179.3228180496781,540,77.24326669198494,559
TMEM105,-92.75650811195374,64,-169.951833486557,64,77.19532537460327,560
NDUFA4L2,-89.75778606959751,28,-166.94454193115234,28,77.18675586155483,561
RHBDL1,-101.45463411572953,71,-178.61185874401684,71,77.15722462828731,562
CHST3,-86.09279365146283,97,-163.20988700316124,97,77.11709335169841,563
CATSPER4,-125.62421417236328,1,-202.5213928222656,1,76.89717864990232,564
MVB12A,-87.7212214564839,653,-164.58473710298173,653,76.86351564649783,565
WNT9A,-74.42557285853795,35,-151.2738071986607,35,76.84823434012276,566
ALLC,-110.98381042480467,1,-187.7413787841797,1,76.75756835937501,567
PFDN2,-65.13918764827588,1281,-141.8023929640616,1281,76.66320531578572,568
LMNA,-71.5027861445205,1908,-148.1310856657208,1908,76.6282995212003,569
CLSTN1,-63.32905811148234,543,-139.88722091309492,543,76.55816280161258,570
ERBB3,-100.45307129491592,1147,-176.92757441712757,1147,76.47450312221166,571
RARG,-102.97852099940107,203,-179.43473590418623,203,76.45621490478516,572
RSAD2,-112.66145839536092,123,-189.1038937452363,123,76.44243534987537,573
CEND1,-73.23019409179688,1,-149.62770080566406,1,76.39750671386719,574
LMF1,-101.37575493659173,143,-177.7540832732941,143,76.37832833670237,575
ADORA1,-98.75309406627308,88,-175.00183764371005,88,76.24874357743697,576
DMBX1,-71.87901941935222,6,-148.1127955118815,6,76.23377609252928,577
ZNF653,-94.86295231905851,44,-171.04740697687322,44,76.18445465781471,578
ANKRD13B,-73.443766841182,27,-149.55322830765337,27,76.10946146647137,579
NAALADL1,-107.73236673528498,22,-183.83411892977628,22,76.1017521944913,580
DUSP2,-83.06853808434923,269,-159.1402647450954,269,76.07172666074618,581
SERINC2,-92.01024561512227,784,-167.93765675291723,784,75.92741113779496,582
INPP5B,-83.94571658173298,221,-159.86973785814655,221,75.92402127641357,583
ARL6IP4,-129.1990144886452,1885,-204.9611673613126,1885,75.7621528726674,584
CEACAM1,-88.46105469494331,205,-164.06100635063356,205,75.59995165569025,585
RCCD1,-101.0328746629798,115,-176.52842898161515,115,75.49555431863536,586
TH,-85.12218475341797,3,-160.60310872395834,3,75.48092397054037,587
RBFOX1,-84.95322036743164,2,-160.13780975341797,2,75.18458938598633,588
WDR90,-93.69488014182464,197,-168.81955707375772,197,75.12467693193308,589
CYB561D1,-121.47505484054338,67,-196.56676813381821,67,75.09171329327484,590
IFI27,-76.23177200222608,1449,-151.24817739082584,1449,75.01640538859976,591
SCN1B,-40.484330627153504,106,-115.41413533912515,106,74.92980471197166,592
ODF3L1,-88.38241262996898,17,-163.24705505371094,17,74.86464242374196,593
RARA-AS1,-94.540206798072,206,-169.34251655652685,206,74.80230975845484,594
S100A2,-61.7741412528976,487,-136.55759176140694,487,74.78345050850933,595
PLEKHM2,-135.6446180882248,301,-210.28086376507022,301,74.63624567684542,596
FES,-109.22167934383359,111,-183.79287967166385,111,74.57120032783027,597
KCNQ4,-63.50428983900282,9,-137.9612545437283,9,74.45696470472548,598
SLC25A22,-95.09519488994891,169,-169.53351317637066,169,74.43831828642175,599
PROM2,-94.41598034888199,194,-168.8540222325276,194,74.43804188364561,600
SOX8,-133.54238586425782,5,-207.90763244628906,5,74.36524658203123,601
HAS1,-118.3683573404948,6,-192.71739196777344,6,74.34903462727864,602
DUSP5,-69.04324560023066,536,-143.35947455221148,536,74.31622895198082,603
SHISA4,-83.7334617332176,297,-158.03161035402857,297,74.29814862081098,604
BISPR,-85.44512557983398,48,-159.68651898701987,48,74.24139340718588,605
R3HDM4,-47.337921865563146,401,-121.53917524761096,401,74.20125338204781,606
GIPC1,-57.720545769661,1033,-131.86618135790164,1033,74.14563558824064,607
ARRDC2,-55.13400255343615,231,-129.27751314898074,231,74.1435105955446,608
MT1H,-123.94443639119466,6,-198.0642115275065,6,74.11977513631184,609
TMC4,-109.84290616175439,729,-183.9339914204162,729,74.0910852586618,610
SZT2-AS1,-115.69410959879558,3,-189.7095692952474,3,74.01545969645183,611
AATK,-81.76075191986867,156,-155.61617552928436,156,73.8554236094157,612
PIGQ,-104.0505194355258,417,-177.889753712167,417,73.83923427664119,613
CRHR1,-59.582335880824495,7,-133.31023297991072,7,73.72789709908622,614
AXIN1,-80.95053493322702,237,-154.6706561639842,237,73.72012123075719,615
CASKIN1,-54.34068080357143,7,-127.92007228306362,7,73.57939147949219,616
PRRT2,-88.17272153108016,138,-161.7511667445086,138,73.57844521342844,617
SNX22,-46.07117034449722,33,-119.63872227524266,33,73.56755193074544,618
AK2,-53.78141290010981,1065,-127.30076811168115,1065,73.51935521157134,619
CACNA1G,-73.52590942382812,1,-146.93161010742188,1,73.40570068359375,620
ADM5,-84.64669786180768,56,-157.92341450282507,56,73.27671664101739,621
CERS1,-83.53697204589844,5,-156.58759155273438,5,73.05061950683594,622
KLK5,-97.51518842909071,9,-170.53482055664062,9,73.01963212754991,623
KCND3,-86.87296644846599,96,-159.89173936843872,96,73.01877291997273,624
TSEN54,-58.42793461167332,273,-131.42574042016332,273,72.99780580849,625
TDRD10,-96.21791036505448,57,-169.14543794330797,57,72.92752757825349,626
NDUFS3,-63.97013995856942,899,-136.86224404272434,899,72.89210408415492,627
LINC01115,-120.0652961730957,2,-192.95569610595703,2,72.89039993286133,628
CCDC85B,-77.68505789219648,696,-150.56367014742446,696,72.87861225522798,629
C11orf68,-71.28811022130455,246,-144.12433779336573,246,72.83622757206118,630
NMB,-76.028203099802,545,-148.7558661504623,545,72.72766305066031,631
PDE2A,-129.04427337646484,2,-201.76277923583984,2,72.718505859375,632
TRPM1,-103.47759501139323,3,-176.08661905924478,3,72.60902404785155,633
ATP1A3,-85.83382415771484,4,-158.41259765625,4,72.57877349853516,634
ITIH5,-105.70584453235973,11,-178.26689980246803,11,72.5610552701083,635
NPLOC4,-61.71117140289046,468,-134.2205735231057,468,72.50940212021526,636
SEMA6B,-70.05225524902343,15,-142.54242045084635,15,72.49016520182292,637
SIGLEC9,-125.3575444539388,15,-197.81537577311198,15,72.45783131917318,638
SLIT1,-77.02577908833821,24,-149.40006955464682,24,72.37429046630861,639
CDCA5,-75.65608084542411,35,-147.87696620396204,35,72.22088535853793,640
MAN1C1,-103.90823577171149,129,-176.05767538381178,129,72.1494396121003,641
MRI1,-95.93359530599494,152,-167.98567982723839,152,72.05208452124344,642
POLD4,-97.77520952577945,270,-169.7992787113896,270,72.02406918561016,643
RBPMS2,-56.02180480957031,12,-127.78839302062988,12,71.76658821105957,644
BAD,-57.964044666658495,1295,-129.59336516627013,1295,71.62932049961164,645
IBA57,-88.24691851385708,116,-159.8483535503519,116,71.60143503649482,646
ASCL2,-86.80042204015395,85,-158.34855508243336,85,71.54813304227942,647
IGSF21,-83.6280403137207,2,-155.09530639648438,2,71.46726608276367,648
NOTCH3,-53.68717548764985,261,-125.14416392826942,261,71.45698844061957,649
SLC25A23,-93.85037773829997,678,-165.30208209552598,678,71.451704357226,650
DGKZ,-88.36412752112564,245,-159.64680667799345,245,71.28267915686781,651
SLC7A10,-54.891434033711754,12,-125.97106806437175,12,71.07963403066,652
CYBA,-90.94083775593494,1538,-161.9608341509716,1538,71.01999639503667,653
CELF4,-123.36515102386474,40,-194.0840633392334,40,70.71891231536867,654
PTDSS2,-66.47119358287138,170,-137.1859499314252,170,70.71475634855382,655
MGRN1,-68.42185384807397,602,-138.9287374756265,602,70.50688362755253,656
TNNT3,-88.09051669727673,44,-158.58649722012606,44,70.49598052284934,657
MAG,-88.88640213012695,2,-159.3187713623047,2,70.43236923217773,658
MIR34AHG,-101.09061584472656,70,-171.51781594412668,70,70.42720009940012,659
LARP4B,-125.03201293945312,624,-195.38411473005246,624,70.35210179059933,660
CRACR2B,-111.06827185589334,575,-181.41278203549592,575,70.34451017960258,661
CHAD,-83.60198402404785,4,-153.88457870483398,4,70.28259468078613,662
ATP2A3,-77.34804388817321,94,-147.62907620693775,94,70.28103231876455,663
UNC119,-92.56661304426783,324,-162.69790103111737,324,70.13128798684954,664
KRT18,-62.35068471878842,1989,-132.46281535521172,1989,70.1121306364233,665
ART5,-47.96772711617606,7,-118.03514862060547,7,70.0674215044294,666
MAP3K11,-64.55194169858248,518,-134.50911918846336,518,69.95717748988088,667
APOE,-66.3700622261895,900,-136.2096947309706,900,69.8396325047811,668
SHISA6,-107.83013343811035,4,-177.65871810913086,4,69.82858467102051,669
KISS1,-76.364768919906,123,-146.18601257820438,123,69.82124365829839,670
ELMO3,-88.74762047948064,296,-158.55246250049487,296,69.80484202101422,671
LIMD2,-81.22083123898973,255,-150.99207560221353,255,69.7712443632238,672
KRT14,-108.60278974260602,14,-178.35396357945032,14,69.7511738368443,673
EDN2,-96.33802483298562,22,-165.95761385830966,22,69.61958902532403,674
CISD3,-78.56550808187465,1057,-147.91306054468075,1057,69.34755246280609,675
TNFRSF8,-148.7541961669922,1,-218.08233642578125,1,69.32814025878906,676
PACS2,-65.43224983865565,352,-134.65012389963323,352,69.21787406097758,677
CCR10,-70.7333396629051,27,-139.91124979654947,27,69.17791013364437,678
CIDEB,-109.14381307714126,68,-178.29108025045957,68,69.14726717331831,679
RARA,-108.65568676082769,434,-177.6842253021381,434,69.0285385413104,680
ZNF430,-154.23202431201935,256,-223.21848839521408,256,68.98646408319473,681
CAPN12,-59.91810828659135,394,-128.87981108844582,394,68.96170280185447,682
LINC01089,-90.14200309470847,81,-158.77331900890962,81,68.63131591420115,683
ZBTB48,-142.00596818595096,145,-210.61479765793374,145,68.60882947198277,684
PRPSAP1,-99.45341527141395,409,-168.03638937654006,409,68.58297410512611,685
TRAPPC3,-72.6845079592573,984,-141.2390532299755,984,68.5545452707182,686
TBXA2R,-86.55074310302734,3,-155.10415649414062,3,68.55341339111328,687
KRT15,-108.09443787095461,386,-176.5880611597565,386,68.4936232888019,688
TEAD2,-64.01093713860763,285,-132.31696742543002,285,68.30603028682239,689
BAIAP2,-53.12846480495028,1087,-121.42234997367683,1087,68.29388516872655,690
USH1G,-68.86988067626953,1,-137.0221405029297,1,68.15225982666016,691
LLGL2,-63.68206307494525,824,-131.8328546783299,824,68.15079160338466,692
LPAR2,-81.6751672744751,160,-149.6826976776123,160,68.00753040313721,693
DBP,-75.20750381469726,300,-142.99536153157553,300,67.78785771687826,694
TBKBP1,-83.80392220579547,81,-151.58597856686438,81,67.78205636106891,695
BTBD19,-100.28217364580203,78,-167.92044986822665,78,67.63827622242462,696
RAP1GAP,-71.10514214003112,467,-138.69578323527628,467,67.59064109524516,697
ACKR1,-105.16408983866374,12,-172.62779744466147,12,67.46370760599773,698
RAB15,-52.53639865371416,212,-119.99345905375931,212,67.45706040004515,699
TMEM147-AS1,-86.58734828404017,35,-153.8666490827288,35,67.27930079868862,700
IGSF22,-101.02373778514372,39,-168.26941896096255,39,67.24568117581883,701
CLEC18B,-96.43492126464844,1,-163.63528442382812,1,67.20036315917969,702
MAPK8IP3,-66.89561996018955,173,-134.0303793670125,173,67.13475940682295,703
FOXE3,-100.17514038085938,1,-167.30108642578125,1,67.12594604492188,704
NUMBL,-79.47929059891473,168,-146.5543215615409,168,67.07503096262616,705
STARD3,-67.56135898389314,380,-134.54211634585732,380,66.98075736196418,706
UROD,-106.88556109450934,508,-173.7904510197677,508,66.90488992525835,707
LINC00937,-86.0924862948331,55,-152.96778176047584,55,66.87529546564275,708
RAVER1,-102.43084627039292,17,-169.2857136445887,17,66.85486737419578,709
RET,-96.10208511352539,2,-162.76449584960938,2,66.66241073608398,710
SFRP5,-130.07558373042517,112,-196.70092868804932,112,66.62534495762415,711
MPG,-93.27706977127829,1033,-159.86586203856712,1033,66.58879226728882,712
GAMT,-57.775218305916624,348,-124.3511172765973,348,66.57589897068067,713
TEX26-AS1,-117.18516540527344,1,-183.71920776367188,1,66.53404235839844,714
SLC15A4,-60.90457918157625,201,-127.3384318185683,201,66.43385263699204,715
MAPKAPK2,-80.98801741845335,797,-147.0822986329963,797,66.09428121454295,716
USE1,-54.744804776725125,590,-120.7307183863753,590,65.98591360965017,717
TNNI1,-96.75057220458984,3,-162.660400390625,3,65.90982818603516,718
TRAPPC2L,-108.0101489380702,1043,-173.88453719668513,1043,65.87438825861493,719
MYEOV,-93.84569051991339,46,-159.4818536509638,46,65.63616313105042,720
MLYCD,-86.92235380738646,182,-152.48489975143264,182,65.56254594404618,721
SLC47A2,-80.44147364298503,12,-145.91302108764648,12,65.47154744466145,722
MATN1-AS1,-82.48603166852679,35,-147.8966312953404,35,65.4105996268136,723
PALM,-63.800491650899254,96,-129.1643911997477,96,65.36389954884845,724
TMEM143,-116.3539761352539,50,-181.69256134033202,50,65.33858520507812,725
ULK1,-82.4427438921633,226,-147.6354921053996,226,65.1927482132363,726
PHLDA3,-60.47299217915797,728,-125.6516547360263,728,65.17866255686833,727
BRSK2,-114.18432780674526,14,-179.21110643659318,14,65.02677862984793,728
PRR22,-88.65668467471474,38,-153.56739365427117,38,64.91070897955643,729
COMP,-68.61789067586263,6,-133.36860148111978,6,64.75071080525716,730
GGPS1,-94.33126153384939,510,-158.98530201631434,510,64.65404048246495,731
JUND,-70.54541380760793,1845,-135.17337134549933,1845,64.6279575378914,732
CFL1,-96.55286541181741,2037,-161.14956004349227,2037,64.59669463167486,733
KCTD11,-62.05296504068718,139,-126.55299262177172,139,64.50002758108454,734
DNAH2,-87.75142502323274,155,-152.1291031376008,155,64.37767811436805,735
TP73,-114.95875179177463,101,-179.2653746652131,101,64.30662287343847,736
RNF187,-53.4405751995924,820,-117.74197489110435,820,64.30139969151195,737
CD81-AS1,-78.5404052734375,3,-142.81896464029947,3,64.27855936686197,738
PRR36,-46.087072199041195,121,-110.31867136048876,121,64.23159916144758,739
MIR194-2HG,-112.23769517378373,11,-176.4240819757635,11,64.18638680197976,740
ACAP1,-101.81343170598889,141,-165.97735032967643,141,64.16391862368754,741
ADAMTS4,-91.83610280354817,3,-155.96973164876303,3,64.13362884521486,742
RFX4,-92.27019119262695,2,-156.3188247680664,2,64.04863357543945,743
CEACAM6,-75.68258673588205,1041,-139.7004728656223,1041,64.01788612974023,744
GSDMB,-94.2055637754243,145,-158.17348811708646,145,63.96792434166217,745
TBC1D17,-84.7200574918826,434,-148.67038979947841,434,63.950332307595815,746
MRPL11,-75.905239956645,914,-139.7415929080621,914,63.8363529514171,747
EXOC3L4,-107.04155102898093,17,-170.80464621151194,17,63.763095182531,748
SLC25A39,-36.16506643940632,1064,-99.89396936373603,1064,63.72890292432972,749
TRPV3,-85.52528127034505,9,-149.24071078830295,9,63.7154295179579,750
SCGB1B2P,-111.5719556455259,27,-175.19444444444446,27,63.62248879891855,751
ELK4,-71.88683896594577,432,-135.42810125704165,432,63.541262291095876,752
LGALS7,-76.1383285522461,8,-139.65978622436523,8,63.52145767211914,753
CDC42BPG,-42.117309520770974,77,-105.4440548388989,77,63.32674531812792,754
CPSF4L,-102.73359298706055,2,-165.834228515625,2,63.10063552856445,755
NLRC5,-82.44897333780925,78,-145.54745287772937,78,63.09847953992012,756
GALNS,-79.4770984083119,202,-142.55864530506702,202,63.081546896755114,757
F2RL3,-87.04019927978516,5,-150.0802734375,5,63.040074157714855,758
UTF1,-62.96674108505249,8,-125.9527940750122,8,62.98605298995972,759
UBE2Z,-37.694667253008205,569,-100.67404316934005,569,62.97937591633185,760
ARHGAP9,-108.05281666346959,42,-171.03213391985213,42,62.979317256382544,761
ACOT4,-85.28233261738927,121,-148.22647485654215,121,62.94414223915288,762
LIX1L,-95.99597455453181,138,-158.93314085144928,138,62.93716629691747,763
LGR6,-88.47181396484375,10,-151.3403076171875,10,62.86849365234376,764
HDAC5,-36.96083841136858,408,-99.81702600740918,408,62.856187596040606,765
PIK3CD,-67.99532395702298,59,-130.74154663085938,59,62.7462226738364,766
CYP4F22,-73.57579803466797,1,-136.3000946044922,1,62.72429656982422,767
CASKIN2,-70.67407891689203,117,-133.38403385521,117,62.70995493831796,768
MAL,-83.63029256681116,41,-146.3156794106088,41,62.68538684379763,769
ITGA5,-73.48697629182234,46,-136.09453433492908,46,62.607558043106735,770
RAB8A,-26.861915771931287,478,-89.36910391452422,478,62.50718814259293,771
TMPRSS4,-85.62126838386833,462,-148.02196657915653,462,62.4006981952882,772
CLCNKB,-113.77594920567104,14,-176.11420549665178,14,62.33825629098074,773
FOXO6,-82.67802810668945,48,-144.95134003957114,48,62.27331193288168,774
RUNDC3A-AS1,-99.35713631766183,21,-161.61700512114027,21,62.25986880347844,775
TRIM47,-45.03222670841738,366,-107.1134473456711,366,62.08122063725372,776
PYGM,-71.64392015410633,41,-133.66487251839987,41,62.02095236429355,777
PPY,-84.29660034179688,1,-146.28302001953125,1,61.986419677734375,778
ATP8B3,-74.20582086899701,17,-136.16002161362593,17,61.95420074462892,779
TMEM63A,-61.59610143362307,408,-123.51590663311528,408,61.91980519949221,780
UBQLN4,-71.91853309677033,334,-133.83573127792266,334,61.91719818115233,781
GSE1,-95.0399164687299,583,-156.85148337938364,583,61.81156691065374,782
ATXN7L2,-110.29237365722656,34,-172.01182511273552,34,61.71945145550896,783
C1orf50,-76.17884352530591,317,-137.89383541071078,317,61.71499188540487,784
PTGIR,-97.4862232208252,4,-159.19207763671875,4,61.705854415893555,785
PODNL1,-82.1455499309383,73,-143.8215311128799,73,61.67598118194161,786
ST3GAL5,-75.11065811126022,978,-136.7243354266894,978,61.613677315429186,787
NUAK1,-62.278822075830746,73,-123.87957042537323,73,61.600748349542485,788
INAFM2,-87.7108961960365,116,-149.27524158872407,116,61.56434539268757,789
ISYNA1,-88.50073658007581,211,-150.01181464172652,211,61.51107806165071,790
ADAMTS10,-86.3827405657087,14,-147.87053898402624,14,61.48779841831754,791
RABEP2,-108.18207765919294,258,-169.64135239475456,258,61.45927473556162,792
RORC,-126.23326873779297,421,-187.66427710163904,421,61.431008363846075,793
HRAS,-91.42236015714448,464,-152.76322904126397,464,61.34086888411949,794
NTRK1,-95.7044792175293,2,-156.92926788330078,2,61.224788665771484,795
GPS2,-61.06767160598546,146,-122.19109156360365,146,61.12341995761819,796
CALML3,-117.27717590332033,1,-178.36997985839844,1,61.09280395507811,797
MEX3D,-91.43038530772543,203,-152.50081518013488,203,61.07042987240945,798
SLFNL1,-118.94639476653069,62,-179.98391428301412,62,61.03751951648343,799
SLC9A5,-117.21398671468098,30,-178.2472941080729,30,61.03330739339192,800
FHL3,-51.940652174108166,136,-112.90226369745591,136,60.96161152334774,801
NRIR,-233.11351013183594,3,-294.04913330078125,3,60.93562316894531,802
ATG4D,-48.83987666891633,278,-109.73295746947365,278,60.893080800557314,803
PXMP2,-45.125070850751555,513,-105.92453896743744,513,60.79946811668589,804
ATP11A,-59.000809814871815,1312,-119.70922095019642,1312,60.70841113532461,805
STAT5B,-70.18701997987783,157,-130.88433502586025,157,60.69731504598242,806
PNMT,-81.75548715302439,33,-142.45180025967684,33,60.696313106652454,807
PLIN4,-92.05766206629136,17,-152.72672047334558,17,60.66905840705422,808
ZNF146,-64.67366090045978,466,-125.1952633673541,466,60.52160246689432,809
PSD,-104.53853381763805,44,-164.98327185890892,44,60.44473804127087,810
METTL7B,-97.58679877387152,153,-158.02516433616088,153,60.43836556228936,811
ZNF155,-214.43026339623236,31,-274.8440197360131,31,60.41375633978072,812
ENO2,-75.66730938760207,309,-136.08031011785118,309,60.41300073024911,813
CEP170B,-68.40377038654528,380,-128.73095614784643,380,60.32718576130115,814
PPM1J,-70.52855555216472,24,-130.82858880360922,24,60.3000332514445,815
DLX3,-104.66725413004558,54,-164.94806501600476,54,60.280810885959184,816
CLDN9,-68.05464257134332,135,-128.31021530716507,135,60.255572735821744,817
RAB3B,-76.22426986694336,12,-136.43185424804688,12,60.207584381103516,818
POLD1,-76.3453043520061,153,-136.48621722452,153,60.14091287251391,819
DUSP23,-72.12798913017151,1260,-132.23256649441188,1260,60.10457736424037,820
ZNF362,-91.06871561961131,222,-150.96420404932522,222,59.89548842971391,821
HOXB9,-111.62674713134766,1,-171.29345703125,1,59.666709899902344,822
TAF12,-47.90982552135692,680,-107.5527650720933,680,59.64293955073637,823
MFAP4,-95.05049006144206,36,-154.66821077134875,36,59.61772070990669,824
DLGAP3,-51.13903570175171,16,-110.63250350952148,16,59.493467807769775,825
ABCC6,-106.04472637176514,472,-165.40922824407028,472,59.36450187230514,826
CAPG,-44.18141765389391,930,-103.49838073894541,930,59.316963085051505,827
SLC25A10,-84.08141910573823,183,-143.3548492264878,183,59.273430120749566,828
NAE1,-98.80338829442074,456,-158.0645622788814,456,59.261173984460655,829
KCNG2,-113.70352935791016,2,-172.9614028930664,2,59.25787353515625,830
PSMA1,-116.39792000465548,1235,-175.6496005656748,1235,59.25168056101933,831
TGFA,-60.78848623927635,158,-120.03309592717811,158,59.24460968790176,832
KRT8,-122.5374575953855,1874,-181.7100129672023,1874,59.172555371816784,833
FAM89A,-85.66628582904794,173,-144.83566310640015,173,59.16937727735221,834
ATP13A1,-47.907930097009384,234,-107.00709148961255,234,59.099161392603165,835
CDT1,-33.97208242705374,66,-93.06792068481445,66,59.09583825776071,836
B3GALT6,-70.56055629954619,238,-129.46462361952837,238,58.904067319982175,837
DMKN,-77.3873170256532,1443,-136.1538167095647,1443,58.76649968391149,838
NOXO1,-120.40977776050568,128,-179.13799035549164,128,58.72821259498596,839
FXYD7,-63.59963893890381,8,-122.12112331390381,8,58.521484375,840
TAC3,-108.99147033691406,1,-167.37826538085938,1,58.38679504394531,841
PRSS21,-58.21837661140844,76,-116.57220770183362,76,58.35383109042518,842
MARK2,-82.99361365588743,536,-141.0840069215689,536,58.090393265681485,843
KLHL26,-115.05467283460828,90,-173.12247026231555,90,58.06779742770726,844
JMJD4,-83.20897505739902,235,-141.25274047851562,235,58.0437654211166,845
TSPAN31,-117.01920166329592,486,-175.026279088401,486,58.00707742510508,846
KRT75,-102.38104248046876,1,-160.27027893066406,1,57.8892364501953,847
ADAMTS14,-92.78824157714844,20,-150.64306716918946,20,57.854825592041024,848
TNFRSF12A,-34.29340564283635,919,-92.13081517598314,919,57.8374095331468,849
POU2F2,-61.165103781936516,117,-118.99136469914363,117,57.826260917207115,850
EPHA10,-84.01376231123761,41,-141.7932638773104,41,57.779501566072796,851
MRPS5,-98.87170374452187,812,-156.54312417542405,812,57.67142043090219,852
B4GALT2,-102.99587528468058,271,-160.6400961787938,271,57.64422089411323,853
ANKRD27,-87.75200539725168,175,-145.3643448311942,175,57.61233943394251,854
CPAMD8,-93.59838787061439,219,-151.1716875050166,219,57.573299634402204,855
RAB42,-60.264109448688785,41,-117.7997138790968,41,57.535604430408014,856
CDC34,-53.96544869408976,479,-111.49907400812137,479,57.53362531403161,857
PAQR6,-108.48152457343207,18,-166.00986056857639,18,57.52833599514432,858
ZSCAN22,-90.29333877563477,28,-147.76469911847795,28,57.471360342843184,859
CIRBP-AS1,-102.12735312325614,21,-159.34056817917596,21,57.21321505591982,860
CD79B,-102.8606351216634,12,-160.07352701822916,12,57.21289189656575,861
NRN1L,-119.68098958333333,6,-176.71023305257162,6,57.029243469238295,862
WRAP73,-74.09123456036603,216,-131.12045047901296,216,57.029215918646926,863
HNRNPL,-40.78508916687647,673,-97.78356717068586,673,56.99847800380939,864
FOXF1,-129.9198760986328,1,-186.9044342041016,1,56.98455810546878,865
AHDC1,-82.83116485095415,305,-139.778172602419,305,56.94700775146485,866
ACBD3,-41.96861792428153,700,-98.90544331141881,700,56.936825387137276,867
BEAN1,-82.9755423619197,52,-139.78766837486853,52,56.81212601294884,868
HHEX,-80.21633252230558,66,-136.98180609038383,66,56.76547356807825,869
ZCCHC24,-77.62979815556453,104,-134.3302453848032,104,56.70044722923866,870
RGL3,-56.10316751771054,295,-112.79840312893108,295,56.695235611220546,871
POLR2L,-60.250776230681,2059,-116.88814119669695,2059,56.63736496601595,872
TMEM92,-93.54249116695127,537,-150.13706259842914,537,56.594571431477874,873
TBC1D16,-69.8822617119339,197,-126.4714911988544,197,56.5892294869205,874
TMEM37,-82.7067068821408,386,-139.29445312183756,386,56.58774623969677,875
HOGA1,-107.63541717529297,5,-164.167431640625,5,56.53201446533204,876
LINGO1,-102.4380133492606,7,-158.94922964913505,7,56.51121629987445,877
IRF9,-97.12059498322316,195,-153.6220500456981,195,56.501455062474946,878
FLOT2,-81.03262726552717,549,-137.49916382391814,549,56.46653655839097,879
SIX5,-86.33087199002026,187,-142.75417821547563,187,56.42330622545538,880
LGI4,-76.16551862444196,7,-132.48590741838728,7,56.32038879394533,881
CSNK1D,-80.25433258723692,915,-136.491742960612,915,56.23741037337507,882
CYP26B1,-97.657470703125,1,-153.80686950683594,1,56.14939880371094,883
PARD6A,-74.4585092717951,154,-130.58313176539036,154,56.12462249359527,884
SRRM5,-75.63065338134766,2,-131.6124725341797,2,55.98181915283203,885
PRSS23,-95.47029669008487,371,-151.41685197938165,371,55.94655528929678,886
CNP,-62.34072672403776,416,-118.28309396597055,416,55.94236724193279,887
LAMTOR2,-58.82833042144775,1420,-114.75372458981796,1420,55.92539416837021,888
TMEM51-AS1,-65.24438065748949,13,-121.12083845872145,13,55.876457801231965,889
MUTYH,-112.6199351817638,111,-168.46354510333086,111,55.843609921567065,890
PGLS,-56.25157261565852,1279,-112.06917267800124,1279,55.81760006234272,891
SCAMP3,-70.1046990555007,541,-125.7673647557962,541,55.66266570029549,892
POLDIP2,-69.4928246192824,706,-125.05492320074238,706,55.56209858145998,893
YPEL4,-91.55439605712891,5,-147.0372741699219,5,55.482878112792974,894
ETV4,-78.3757247135557,290,-133.69183539028825,290,55.31611067673255,895
LHX5,-124.2628936767578,1,-179.55873107910156,1,55.295837402343764,896
EPHA8,-88.12781524658203,1,-143.3854217529297,1,55.257606506347656,897
IL18BP,-121.61493126121727,37,-176.79685149321685,37,55.181920231999584,898
ITGA7,-106.0069314865839,21,-161.1861078171503,21,55.17917633056639,899
EEF1G,-94.80696580016497,206,-149.97184420094908,206,55.164878400784104,900
HSPA6,-93.52738458970013,238,-148.68217173343947,238,55.15478714373934,901
PLEKHD1,-78.00566366444464,23,-133.15525287130603,23,55.14958920686139,902
RRAD,-89.75477191826778,854,-144.84401819019183,854,55.089246271924054,903
GALK1,-49.66166369886283,332,-104.73118062766201,332,55.06951692879918,904
CD276,-59.69215125071852,316,-114.7107116119771,316,55.01856036125859,905
GCGR,-93.55524190266927,3,-148.55176798502603,3,54.996526082356766,906
NINJ2,-91.9595807636987,783,-146.85466841384672,783,54.89508765014803,907
BNIP3,-58.14665311476373,1149,-113.01654304391514,1149,54.869889929151405,908
CLK2,-61.98411666779291,168,-116.81774084908622,168,54.83362418129331,909
EFNA4,-81.58539986028904,328,-136.36422113092934,328,54.77882127064029,910
INPPL1,-87.09578841382807,352,-141.79351238770917,352,54.6977239738811,911
POLR2I,-48.953623968501425,1376,-103.56048929968546,1376,54.60686533118403,912
BAIAP3,-56.37583854311988,105,-110.93680209205264,105,54.56096354893276,913
DPP4,-71.3784089868122,581,-125.92769193403076,581,54.54928294721856,914
IL27RA,-72.20654884664928,257,-126.71403102652108,257,54.5074821798718,915
PRKACA,-72.89071062675812,318,-127.31654300329821,318,54.425832376540086,916
SUPT4H1,-90.82661704008306,1021,-145.2465459989871,1021,54.41992895890404,917
ARFGAP2,-83.11298371950785,480,-137.48520069122316,480,54.372216971715304,918
NKX6-2,-140.41696166992188,1,-194.71730041503903,1,54.30033874511716,919
FUT11,-77.70630676983393,171,-131.88532074153073,171,54.179013971696804,920
HPS6,-55.816474955569035,93,-109.94525433612127,93,54.12877938055223,921
TTC7B,-79.71716853550502,21,-133.83107721237909,21,54.11390867687406,922
CACNG8,-127.56310757723722,11,-181.63839305530894,11,54.07528547807172,923
FGF22,-70.81545511881511,30,-124.88482360839843,30,54.069368489583326,924
APLP1,-119.7862484741211,25,-173.84822021484376,25,54.06197174072267,925
CNNM4,-96.26550678584887,184,-150.25902565665868,184,53.99351887080981,926
BCL7C,-82.28296961037509,830,-136.24506269707737,830,53.96209308670228,927
MPV17,-99.39886971942909,563,-153.3502802467685,563,53.95141052733942,928
TMEM61,-97.21814690695868,144,-151.16440688239203,144,53.94625997543335,929
ZNF565,-86.90352825089997,51,-140.8350503958908,51,53.93152214499082,930
NPW,-86.19742460508604,37,-140.1120502368824,37,53.914625631796355,931
CA4,-73.0215835571289,5,-126.8975112915039,5,53.875927734375,932
GPRIN2,-112.27001595332705,145,-166.09885716931572,145,53.828841215988675,933
ARHGEF40,-75.27787592639662,73,-129.08300979823284,73,53.80513387183622,934
PDE4C,-68.04521944211876,736,-121.8146605387978,736,53.76944109667903,935
ALDOC,-93.5296613185102,259,-147.2756743559966,259,53.74601303748642,936
KAT2A,-68.67178690433502,320,-122.41512756347656,320,53.74334065914154,937
CACNB1,-69.4816819704496,156,-123.17923638759515,156,53.697554417145554,938
KCNH6,-78.2367655436198,6,-131.84385426839194,6,53.60708872477214,939
CNIH3,-123.52499613135753,99,-177.12084883872907,99,53.59585270737155,940
FADD,-65.32535915072002,315,-118.91274104042658,315,53.58738188970656,941
ORAI3,-96.51209907996946,328,-150.08283694197493,328,53.57073786200547,942
LRRC42,-53.68048899464062,271,-107.24123151715831,271,53.56074252251769,943
NT5C3B,-54.304110122053594,584,-107.7182144922753,584,53.4141043702217,944
TNNI2,-112.08205040701985,137,-165.4494395012403,137,53.36738909422046,945
NT5M,-54.48507181803385,18,-107.7325702243381,18,53.24749840630425,946
CCL22,-101.94854562932795,22,-155.17849731445312,22,53.22995168512517,947
SLC35E2B,-54.75875244140625,475,-107.85531614604749,475,53.096563704641234,948
PITPNM3,-80.00007936551974,154,-133.0017687809932,154,53.00168941547345,949
NAV2,-154.51592755530942,559,-207.51114079947976,559,52.995213244170344,950
HOXB5,-95.61390601264105,9,-148.57141960991754,9,52.95751359727649,951
TRIM28,-99.1636686071068,826,-152.05958163651658,826,52.89591302940978,952
SPTBN5,-82.88431627997036,29,-135.76720244308999,29,52.88288616311962,953
SGSH,-78.36714775617733,172,-131.02751913736031,172,52.66037138118298,954
KRT83,-135.68374633789062,4,-188.27031326293945,4,52.58656692504883,955
MMRN2,-113.41276779174805,10,-165.98377532958983,10,52.57100753784178,956
TBC1D3P1-DHX40P1,-106.2150421142578,1,-158.62442016601562,1,52.40937805175783,957
NCCRP1,-90.25608427628227,23,-142.659307728643,23,52.403223452360734,958
DENND4B,-72.94317519873904,171,-125.3124164335909,171,52.369241234851856,959
GPT2,-75.06672943694682,158,-127.4334015182302,158,52.36667208128338,960
BCL9L,-69.96441146216195,457,-122.32899087784848,457,52.364579415686535,961
ETNK2,-57.60126767839704,77,-109.90263644131747,77,52.301368762920426,962
HAPLN3,-72.61289305606131,59,-124.87598509707693,59,52.263092041015625,963
DTX1,-93.43126551310222,6,-145.66026051839194,6,52.22899500528972,964
ADI1,-88.51671600341797,1407,-140.60103478665545,1407,52.08431878323748,965
NOTUM,-61.0970090230306,57,-113.17993498685067,57,52.08292596382007,966
ECM1,-89.3440650236522,141,-141.31510373379322,141,51.971038710141016,967
EXOC8,-90.22432740977112,142,-142.1815199516189,142,51.957192541847775,968
TMEM95,-138.53482055664062,1,-190.4903717041016,1,51.955551147460966,969
CDH24,-88.02984666824341,48,-139.9599583943685,48,51.93011172612509,970
C16orf74,-55.23329166655845,94,-107.15939907317465,94,51.926107406616204,971
ARID5A,-71.96956894861013,211,-123.84938005926485,211,51.879811110654714,972
F7,-87.48907470703125,2,-139.3475112915039,2,51.858436584472656,973
PYCR1,-61.45791830839934,432,-113.26635869344075,432,51.80844038504141,974
GLRX5,-108.8902161916097,768,-160.5811339020729,768,51.69091771046321,975
IL11,-118.98350779215495,6,-170.60692087809244,6,51.623413085937486,976
SLC7A6,-90.83809081447181,209,-142.444576427697,209,51.60648561322519,977
SMIM22,-77.55771107065043,1614,-129.1630304187647,1614,51.605319348114264,978
ZNF700,-65.17530269157595,82,-116.76776858073909,82,51.59246588916314,979
TNS2,-72.89238248552594,322,-124.44883825171809,322,51.556455766192144,980
NAPSA,-74.44287460964021,1749,-125.9645391020385,1749,51.52166449239829,981
CADM4,-81.83158486106178,110,-133.31480373035777,110,51.48321886929598,982
AJAP1,-59.02710380554199,10,-110.44992446899414,10,51.42282066345215,983
PAOX,-97.85270841356734,71,-149.26125518369003,71,51.40854677012268,984
KLHL29,-84.65067281723023,80,-136.00371017456055,80,51.35303735733032,985
RNF126,-43.687508476225666,482,-95.03970126393425,482,51.35219278770858,986
TRAF3,-93.51983664170751,212,-144.86995761799363,212,51.35012097628612,987
TP53,-90.50273023026713,356,-141.7533950805664,356,51.25066485029927,988
MIIP,-32.257053151860966,333,-83.45734433010892,333,51.20029117824796,989
PPFIA3,-75.36319212861113,91,-126.45094081333706,91,51.08774868472592,990
ABCA7,-54.98968144652475,433,-106.04536476751949,433,51.05568332099474,991
GEMIN6,-72.67921924872384,339,-123.64727641417917,339,50.968057165455335,992
MED24,-100.96299812231172,356,-151.8675416239192,356,50.90454350160749,993
NUAK2,-62.651130718655054,270,-113.55524899518048,270,50.90411827652542,994
CILP2,-73.83912222726005,7,-124.73502458844867,7,50.89590236118862,995
AKAP8,-83.71821652151176,303,-134.59758267544285,303,50.87936615393109,996
ZPR1,-116.42265835614272,426,-167.25110755168217,426,50.82844919553945,997
GTPBP3,-66.84046365796905,194,-117.64851379394531,194,50.80805013597626,998
C10orf105,-121.61538696289062,1,-172.40005493164062,1,50.78466796875,999
MYBPH,-96.77490377426147,32,-147.5387110710144,32,50.76380729675293,1000
PRSS8,-72.14336778968573,1024,-122.87430573999882,1024,50.73093795031309,1001
PRDM11,-136.6680711649232,59,-187.29694896633342,59,50.628877801410226,1002
ZNF710,-89.06971571180556,180,-139.58483827379015,180,50.5151225619846,1003
PRCD,-118.6889397757394,7,-169.12921796526228,7,50.440278189522886,1004
TSPAN15,-52.1813630244836,481,-102.53742116503804,481,50.35605814055444,1005
TMEM185B,-64.7912200682941,187,-115.12614347080496,187,50.33492340251087,1006
ZNF48,-82.78234561873072,81,-133.04003482394748,81,50.257689205216764,1007
REEP6,-69.42682377208362,220,-119.6519438310103,220,50.22512005892668,1008
KLHL35,-115.90065699357253,104,-166.12453079223633,104,50.2238737986638,1009
PEAR1,-46.88602638244629,4,-97.0835132598877,4,50.197486877441406,1010
TRMT61A,-70.32641013787718,196,-120.51959065028599,196,50.193180512408816,1011
LRP5,-87.13579574756407,445,-137.31748931541873,445,50.18169356785465,1012
DNMT1,-41.25781200659321,518,-91.42781884329659,518,50.17000683670338,1013
AP3B2,-107.02163950602214,9,-157.14381069607205,9,50.12217119004991,1014
MAP1S,-53.135949257881414,248,-103.2580819899036,248,50.12213273202219,1015
FKBP2,-45.116106993315235,1812,-95.18967914370775,1812,50.073572150392515,1016
MZT2A,-37.67462927221777,1255,-87.73600274804105,1255,50.061373475823274,1017
C17orf99,-120.98306401570638,6,-171.01390838623047,6,50.03084437052409,1018
PLVAP,-103.92724151611328,10,-153.95126647949218,10,50.02402496337889,1019
SCTR,-80.70472390311105,469,-130.6993027872114,469,49.99457888410035,1020
ABHD15,-92.95933368051652,139,-142.94210167754468,139,49.98276799702816,1021
ATP8B2,-80.2850388171626,51,-130.25313837387984,51,49.968099556717235,1022
MEX3A,-99.97609960544877,171,-149.94314164724963,171,49.967042041800866,1023
PADI2,-71.79519471668061,21,-121.73787943522136,21,49.94268471854075,1024
CPTP,-77.03613086832996,259,-126.93203505586013,259,49.895904187530164,1025
MMP15,-53.12143333734596,433,-102.96084894263993,433,49.839415605293965,1026
SDC3,-71.10973537279212,115,-120.94824835735818,115,49.838512984566066,1027
SOX13,-64.04959154529732,119,-113.87615479541427,119,49.82656325011695,1028
ARHGEF1,-65.93888830265529,710,-115.76449791276958,710,49.8256096101143,1029
P2RY2,-67.33486727759951,105,-117.097461664109,105,49.76259438650949,1030
LINC01106,-69.42800780430736,149,-119.12345020883035,149,49.69544240452299,1031
GSDMA,-89.84784698486328,2,-139.535400390625,2,49.68755340576172,1032
PTBP1,-91.01388465475614,959,-140.66549178233856,959,49.65160712758242,1033
GADD45GIP1,-57.2249025895745,1468,-106.87089614452393,1468,49.64599355494943,1034
MRC2,-56.657814907362734,502,-106.22548225676395,502,49.56766734940122,1035
STAC2,-68.2951190655048,13,-117.820311326247,13,49.52519226074219,1036
DNM1P35,-81.1887446812221,7,-130.68395342145647,7,49.49520874023436,1037
KLHL36,-44.65097591545008,316,-94.08398430256904,316,49.43300838711895,1038
MAMSTR,-81.18377652375594,23,-130.6149620387865,23,49.43118551503056,1039
PLD3,-52.57177016953134,1651,-101.91552713118055,1651,49.34375696164921,1040
RHBDF2,-81.74562905759228,196,-131.08592578342981,196,49.34029672583753,1041
PLA2G15,-62.32122039794922,118,-111.65621883586302,118,49.3349984379138,1042
FBXL19-AS1,-85.94402391482622,39,-135.2692624605619,39,49.32523854573567,1043
LIM2,-118.59592946370442,3,-167.89852396647134,3,49.30259450276692,1044
PABPN1,-81.26552783941767,785,-130.55364330316044,785,49.28811546374277,1045
WDR43,-38.36157829741128,351,-87.60819863865518,351,49.246620341243904,1046
LRRC45,-58.834756798579775,290,-108.06468540060109,290,49.22992860202132,1047
IFFO1,-124.18509521484376,15,-173.4061757405599,15,49.22108052571613,1048
RAD51,-35.186157558275305,23,-84.37902467147164,23,49.192867113196336,1049
MADCAM1,-71.05159505208333,6,-120.24141311645508,6,49.18981806437175,1050
ADAL,-120.82212457578045,121,-169.911408353443,121,49.089283777662544,1051
MLLT6,-65.04922901449581,683,-114.09135216954512,683,49.04212315504931,1052
KIAA1522,-74.00613754870845,816,-122.94368858898387,816,48.93755104027542,1053
PPHLN1,-89.09969227471804,559,-138.03661497931574,559,48.936922704597706,1054
GLDN,-87.61222895869503,81,-136.49034476574556,81,48.878115807050534,1055
PSTPIP1,-112.95431391398112,30,-161.81688995361327,30,48.862576039632145,1056
ZBTB7B,-87.19618680742052,360,-136.05659851498075,360,48.86041170756023,1057
SLC4A8,-71.61034527453748,91,-120.43556934398609,91,48.82522406944861,1058
RHOD,-77.19522259619929,620,-126.00360422442036,620,48.80838162822107,1059
SIX2,-90.65026279025608,45,-139.3811303032769,45,48.730867513020826,1060
ROBO3,-91.03663197685691,68,-139.7602741017061,68,48.72364212484919,1061
TRPV4,-46.409402799606326,80,-95.12459831237793,80,48.7151955127716,1062
CKM,-65.18177689446344,18,-113.766052669949,18,48.584275775485565,1063
C2orf81,-76.96325519167144,116,-125.4468121364199,116,48.48355694474846,1064
COL2A1,-86.27789688110352,2,-134.73287963867188,2,48.45498275756836,1065
TMEM80,-115.59074060369821,353,-164.02677515478376,353,48.436034551085555,1066
CDC42EP3,-103.26434602775421,753,-151.6931438674015,753,48.428797839647274,1067
B3GNT9,-53.939290419868804,115,-102.32715951670771,115,48.387869096838905,1068
ANKRD30A,-74.87710571289062,1,-123.26300811767578,1,48.385902404785156,1069
CLASRP,-63.75213055438306,332,-112.09732540544258,332,48.34519485105952,1070
PARK7,-87.4299998340214,1846,-135.73450455918731,1846,48.30450472516591,1071
ATP6V0C,-72.0711441040039,7,-120.36663164411273,7,48.29548754010882,1072
SLC35E1,-70.73068618199045,663,-119.01744401796552,663,48.28675783597507,1073
ZNF181,-92.80917665000274,107,-141.0345943843093,107,48.225417734306546,1074
HAUS8,-58.41718471197434,81,-106.62070502763913,81,48.20352031566479,1075
CMPK1,-70.37846271345008,1235,-118.56928594179965,1235,48.19082322834957,1076
ANXA8,-106.3310194015503,16,-154.49938488006592,16,48.168365478515625,1077
CDKN2D,-46.49933357878104,179,-94.62441351693435,179,48.12507993815331,1078
KPNB1,-48.88771706290564,1093,-96.98342234479759,1093,48.09570528189195,1079
SARS2,-62.98073329925537,140,-111.00857832772391,140,48.02784502846854,1080
LCK,-121.03565074375697,70,-169.04792284284318,70,48.0122720990862,1081
SGPL1,-79.51664077286172,452,-127.50602421718361,452,47.98938344432189,1082
INPP5A,-90.79761195961946,153,-138.7585614771625,153,47.96094951754303,1083
IGF2-AS,-147.40829467773438,1,-195.32542419433597,1,47.91712951660159,1084
ZBTB42,-72.71866416931152,224,-120.62786613191876,224,47.90920196260724,1085
KCNK6,-65.02622934194711,325,-112.92464601956881,325,47.8984166776217,1086
OST4,-75.35765601198361,2063,-123.21196570421849,2063,47.85430969223488,1087
EFNA3,-94.00710896083287,56,-141.8567338671003,56,47.84962490626744,1088
ITGB3,-91.73936983434166,41,-139.57829842916348,41,47.83892859482182,1089
ADCY6,-82.4056137766918,179,-130.2265557656741,179,47.82094198898231,1090
ARHGDIA,-47.28625424076856,1117,-95.05902130345521,1117,47.772767062686654,1091
MIR4435-2HG,-98.07589138031005,400,-145.82804035186768,400,47.75214897155763,1092
ANKLE2,-53.707892876064655,485,-101.39553908515222,485,47.68764620908757,1093
PGAM5,-33.02143673274828,138,-80.70059463943261,138,47.67915790668433,1094
SLC18A3,-68.12190246582031,1,-115.71002960205078,1,47.58812713623047,1095
COL16A1,-81.34163811866273,94,-128.90165742914726,94,47.560019310484535,1096
CNTNAP1,-84.61777060372489,14,-132.16668374197823,14,47.54891313825334,1097
VANGL1,-76.4875735519524,133,-124.01868220738002,133,47.53110865542763,1098
TMEM127,-62.73877834899263,382,-110.24333989807448,382,47.50456154908185,1099
ARHGDIG,-69.62006378173828,1,-117.11740112304688,1,47.497337341308594,1100
TBX21,-77.56117902483258,7,-125.02080317905971,7,47.45962415422713,1101
KHDRBS1,-48.80618353339638,1209,-96.17518018749354,1209,47.36899665409716,1102
KRT33B,-129.63075637817383,2,-176.99749755859375,2,47.36674118041992,1103
ZNF496,-75.4622003859368,138,-122.78292376753213,138,47.32072338159533,1104
GRB7,-64.24775245961735,491,-111.55232600816156,491,47.30457354854421,1105
SYNGR2,-40.61794620541872,1501,-87.91154565881047,1501,47.29359945339175,1106
GAREM2,-76.99019283718533,9,-124.25438351101346,9,47.264190673828125,1107
SLC2A1,-54.20471082250756,332,-101.44103854535574,332,47.23632772284818,1108
RBP5,-100.38336320356889,11,-147.59624273126775,11,47.21287952769886,1109
SMTNL2,-94.29207950168185,18,-141.47110748291016,18,47.1790279812283,1110
MFSD6L,-74.07772420247396,30,-121.25032094319661,30,47.17259674072265,1111
C16orf91,-52.063457292885275,389,-99.13995216193113,389,47.07649486904586,1112
PTPN7,-92.86634168953731,29,-139.93221519733297,29,47.06587350779566,1113
WDR83OS,-73.2863409527134,1802,-120.3509413013183,1802,47.0646003486049,1114
SOWAHC,-73.76548185565962,307,-120.82887412204805,307,47.06339226638843,1115
DDX19B,-34.86815110270182,375,-81.89222133382161,375,47.02407023111979,1116
UCP3,-114.21971221923827,25,-161.1731915283203,25,46.95347930908203,1117
MRPL55,-76.36728498603725,1264,-123.3032560952102,1264,46.935971109172954,1118
RASSF5,-81.14072518735318,296,-128.0598520072731,296,46.91912681991991,1119
CARHSP1,-39.24654987810206,779,-86.06554868254949,779,46.81899880444743,1120
ACSM3,-105.83231387972297,223,-152.54515322013822,223,46.71283934041524,1121
IL4I1,-70.78237915039062,13,-117.48955535888672,13,46.707176208496094,1122
LINC00482,-83.04682224818639,35,-129.75141209193637,35,46.704589843749986,1123
SERPINH1,-68.97597684009327,863,-115.62067208229321,863,46.644695242199944,1124
NPHP4,-105.19647380793207,107,-151.82042244884454,107,46.623948640912474,1125
CYP4F12,-135.05220879448785,18,-181.64277818467883,18,46.59056939019098,1126
SNAI3,-62.519581721379204,13,-109.10133303128757,13,46.58175130990836,1127
BRMS1L,-100.66341444283478,121,-147.2383221082451,121,46.57490766541031,1128
GLT1D1,-83.18657493591309,8,-129.75102710723877,8,46.564452171325684,1129
RUSC1-AS1,-66.66781381460336,13,-113.222291799692,13,46.55447798508864,1130
IGHD,-112.48520591042258,11,-158.97401150790128,11,46.4888055974787,1131
GIT1,-87.5478026046444,247,-133.96337167840255,247,46.41556907375815,1132
VAC14-AS1,-92.8918685913086,1,-139.27310180664062,1,46.38123321533203,1133
DNAH10OS,-116.93161519368489,9,-163.27727254231772,9,46.34565734863283,1134
MGAT5B,-64.99576059977214,3,-111.3044942220052,3,46.30873362223306,1135
C19orf81,-111.73508170481479,89,-158.0253609646572,89,46.29027925984242,1136
GFER,-66.43333925519671,560,-112.71738958358765,560,46.28405032839093,1137
EEF2KMT,-90.33092684745789,160,-136.6081831932068,160,46.27725634574891,1138
SYNM,-152.5970916748047,14,-198.8400650024414,14,46.24297332763672,1139
SNAPC2,-44.095114216051606,285,-90.29588416919374,285,46.200769953142135,1140
MTX1,-81.43720873939316,653,-127.54241453816296,653,46.1052057987698,1141
VAT1,-67.50366965846011,380,-113.58552842391164,380,46.08185876545153,1142
AP1G2,-133.03725576720782,298,-179.0838295341338,298,46.046573766925974,1143
S1PR2,-47.59364062593183,131,-93.56037233076023,131,45.9667317048284,1144
UBE2J2,-79.11189793742048,657,-125.07576754031479,657,45.963869602894306,1145
SSH1,-47.25267817301043,209,-93.21135594856226,209,45.95867777555183,1146
TMEM132A,-108.84720146233309,141,-154.78008708548037,141,45.932885623147286,1147
MMP25-AS1,-63.008882954915364,75,-108.85869842529297,75,45.84981547037761,1148
CDH15,-83.59817061885711,93,-129.42727923649613,93,45.82910861763902,1149
CPT1C,-102.75152346962376,19,-148.45548689992805,19,45.703963430304285,1150
JKAMP,-104.12672977883702,481,-149.8038090569066,481,45.677079278069584,1151
GPN2,-77.20667591631174,249,-122.77652697582322,249,45.56985105951148,1152
SAP18,-63.721871775107324,1864,-109.28986084410049,1864,45.567989068993164,1153
SCYL1,-74.996602707439,576,-120.52760067250993,576,45.53099796507094,1154
AEBP2,-97.4923159824817,351,-142.97710977320656,351,45.484793790724865,1155
PKN1,-40.67910242757739,493,-86.15224783319005,493,45.473145405612655,1156
SAMD14,-90.40013122558594,3,-135.82544453938803,3,45.42531331380209,1157
ZNF90,-69.82129754138595,476,-115.23440335377926,476,45.41310581239331,1158
STAP2,-70.35263267531298,537,-115.72749420961632,537,45.37486153430335,1159
NUP62,-61.58885036498386,383,-106.921778228202,383,45.33292786321814,1160
PGP,-72.23528458571596,443,-117.54990965625771,443,45.31462507054175,1161
NT5C1A,-93.91537857055664,2,-139.21826171875,2,45.30288314819336,1162
SH3PXD2A,-102.29737531221829,494,-147.58582614790572,494,45.28845083568743,1163
RNF19B,-50.72798634096573,366,-95.91984485146777,366,45.191858510502044,1164
DUOXA2,-113.84083557128906,1,-159.0044708251953,1,45.16363525390625,1165
YY1AP1,-40.259747419900044,492,-85.40114689648637,492,45.14139947658632,1166
PEX16,-65.75750277768508,417,-110.89375242969686,417,45.136249652011784,1167
TTC9B,-74.99433135986328,4,-120.0519962310791,4,45.05766487121582,1168
COMTD1,-39.039582360239706,478,-84.09608839346275,478,45.056506033223044,1169
ZNF593,-73.75486999687276,1043,-118.7805874130527,1043,45.025717416179944,1170
STEAP3,-78.06306811656536,321,-123.05301290731936,321,44.989944790753995,1171
RPH3AL,-93.23973791403849,305,-138.2232629494589,305,44.98352503542041,1172
MAST1,-90.82936176500823,19,-135.77487664473685,19,44.94551487972862,1173
TAGLN2,-71.00392720005526,1921,-115.88812232029929,1921,44.88419512024403,1174
SAMD1,-88.37515496091301,299,-133.258350410589,299,44.883195449675995,1175
TMEM177,-75.36484842202098,97,-120.24191685312802,97,44.877068431107034,1176
CLK3,-105.90779687533262,367,-150.74236919184796,367,44.834572316515334,1177
GALP,-115.19763946533205,1,-160.0214385986328,1,44.82379913330077,1178
ATP2A1-AS1,-71.99576395208186,22,-116.79639608209783,22,44.80063213001597,1179
SVIL,-54.511824211413554,599,-99.30041435127067,599,44.78859013985712,1180
ADAM15,-81.31884057955308,704,-126.0352105660872,704,44.71636998653412,1181
ATPAF2,-104.1654028748021,264,-148.85252836978796,264,44.687125494985864,1182
KDM2A,-86.56459228698914,666,-131.17435738274284,666,44.6097650957537,1183
SYNPO2L,-111.45117950439453,8,-156.0464038848877,8,44.595224380493164,1184
CCDC82,-187.09555775351674,351,-231.65876674380397,351,44.56320899028722,1185
SMARCA4,-43.153681070268945,908,-87.70235989272332,908,44.54867882245438,1186
TSSC4,-74.7957166935057,594,-119.34134830770267,594,44.54563161419698,1187
LINC00200,-95.86054229736328,1,-140.3886260986328,1,44.52808380126953,1188
ZDHHC18,-70.80567698759191,255,-115.2804297952091,255,44.47475280761719,1189
PACS1,-79.5316811289106,224,-123.9656537941524,224,44.4339726652418,1190
PRTN3,-149.80557250976562,4,-194.13737869262695,4,44.33180618286133,1191
UPF1,-48.136909319962825,347,-92.46738622923749,347,44.330476909274665,1192
PPP1R1A,-79.63457606388972,13,-123.92083329420824,13,44.28625723031851,1193
SOX9,-111.12903532324648,341,-155.4014727908495,341,44.27243746760303,1194
NR1H3,-102.56782891817183,214,-146.7518063839351,214,44.18397746576328,1195
DLG4,-80.06625242011492,43,-124.2141235706418,43,44.14787115052688,1196
UNC5B-AS1,-102.90126726704258,93,-147.01094334099884,93,44.10967607395625,1197
SF3B2,-73.5635551557149,1095,-117.56537102128817,1095,44.00181586557328,1198
ELAVL1,-38.63496809047873,679,-82.58649519862763,679,43.9515271081489,1199
IGSF8,-107.25082109909289,329,-151.128370198073,329,43.8775490989801,1200
CHML,-88.43497637636173,161,-132.28178524230577,161,43.84680886594404,1201
DPEP3,-63.06656646728516,1,-106.88288879394533,1,43.81632232666016,1202
FEM1A,-55.00082500164326,312,-98.78657798278026,312,43.785752981137,1203
IFITM2,-50.8784498188915,1626,-94.64872115769802,1626,43.77027133880652,1204
SKOR1,-101.4271011352539,2,-145.19432830810547,2,43.76722717285156,1205
MRM1,-92.8854546418061,74,-136.51391498462573,74,43.62846034281962,1206
LRRC47,-59.631134099299366,404,-103.24195089434633,404,43.610816795046965,1207
TMEM201,-56.48077493784379,49,-100.06597620127152,49,43.585201263427734,1208
CCNF,-82.03861503601074,40,-125.58977184295654,40,43.5511568069458,1209
ADCY7,-96.57737040894193,191,-140.04446315266074,191,43.46709274371881,1210
SNRNP25,-52.644592615691096,704,-96.07395381277257,704,43.42936119708148,1211
KIF2C,-56.57214101155599,9,-99.99183315700955,9,43.41969214545356,1212
SECTM1,-70.00259153721696,118,-113.40769745131671,118,43.40510591409975,1213
CUEDC1,-65.7103219346824,379,-109.09709469435397,379,43.38677275967157,1214
MBD3,-53.431809814066824,395,-96.81737002602107,395,43.38556021195424,1215
KIAA2013,-58.89231027875628,490,-102.27609385276327,490,43.38378357400699,1216
TCF3,-47.74340943632455,232,-91.12460603385136,232,43.38119659752682,1217
NARF,-69.52399555235418,786,-112.85384328128727,786,43.32984772893309,1218
CDKN1C,-76.75413156773922,274,-120.05267523327014,274,43.298543665530914,1219
DYNLL2,-76.35895810102552,772,-119.64278727121304,772,43.283829170187516,1220
FAM25A,-106.92403411865234,2,-150.17867279052734,2,43.254638671875,1221
MLXIP,-53.97948013875902,776,-97.22648550800442,776,43.24700536924539,1222
HOXB-AS1,-101.70771932601929,32,-144.91537475585938,32,43.20765542984009,1223
FUCA1,-55.0492065768329,766,-98.22103485426143,766,43.17182827742853,1224
DPH1,-60.39891242980957,4,-103.53694343566895,4,43.138031005859375,1225
CCNL2,-89.49167200958212,761,-132.62855064602624,761,43.13687863644412,1226
NIPA1,-114.82468881741376,142,-157.94801169382015,142,43.12332287640639,1227
TALDO1,-61.33844028868261,1428,-104.45830415143352,1428,43.11986386275091,1228
NOL3,-80.82562603185207,648,-123.92909975405092,648,43.103473722198856,1229
CDR2L,-47.731414445689026,142,-90.82209670375771,142,43.09068225806868,1230
TRIP10,-72.50704514163041,423,-115.57984412082826,423,43.07279897919784,1231
ERO1A,-43.884326497836746,646,-86.92356535967659,646,43.03923886183984,1232
NXN,-76.14452285547995,349,-119.16890987625779,349,43.02438702077784,1233
RAB39A,-47.636375427246094,1,-90.64997100830078,1,43.01359558105469,1234
COA3,-53.103118027717834,1550,-96.10401594592679,1550,43.000897918208956,1235
ANKRD40,-61.22590253641317,364,-104.20249926388918,364,42.97659672747601,1236
MSH2,-37.55080601126848,167,-80.49820732071014,167,42.94740130944166,1237
PIGS,-73.6175859088796,563,-116.55154084227648,563,42.933954933396876,1238
S100A5,-117.40271139144897,16,-160.29740715026855,16,42.89469575881958,1239
DDOST,-54.961261597374055,879,-97.83987957951152,879,42.87861798213746,1240
NUSAP1,-79.60843322097614,93,-122.45386144166352,93,42.84542822068738,1241
CLNS1A,-58.861767952430974,852,-101.66810125252451,852,42.806333300093534,1242
MZT2B,-42.93354205983086,1681,-85.67889471922085,1681,42.74535265938999,1243
NIFK,-46.17807969890657,488,-88.91447791115182,488,42.73639821224525,1244
SIRT6,-54.39709346062314,226,-97.11890728705752,226,42.721813826434385,1245
CLDN6,-65.00380886302275,51,-107.7094997331208,51,42.70569087009804,1246
NUDT14,-86.89024343685227,1225,-129.55354332748723,1225,42.66329989063496,1247
GPR68,-80.42698544093541,140,-123.08976827348981,140,42.6627828325544,1248
COG8,-82.47561343965076,210,-125.12346423921132,210,42.64785079956056,1249
RHOC,-62.06200823517792,1129,-104.61977382420015,1129,42.55776558902223,1250
CAPN5,-83.84632526744495,143,-126.36366624098558,143,42.51734097354063,1251
ANKRD65,-89.4092175868416,647,-131.92035889662398,647,42.511141309782374,1252
HOXD4,-100.41227912902832,12,-142.91616694132486,12,42.50388781229654,1253
SEMA6C,-90.687064501704,49,-133.1724672901387,49,42.48540278843471,1254
TRIM58,-86.34697977701823,12,-128.79331970214844,12,42.446339925130204,1255
PDF,-66.03258514404297,1,-108.46719360351562,1,42.434608459472656,1256
FALEC,-43.01837005615234,15,-85.4345937093099,15,42.41622365315755,1257
P4HB,-37.96045498365766,1780,-80.37033188637723,1780,42.40987690271957,1258
PLPPR3,-72.11088950417259,55,-114.47651450417258,55,42.365624999999994,1259
PEX11B,-70.12577986647715,343,-112.44931457341586,343,42.323534706938716,1260
FN3K,-65.63944374887566,152,-107.87731266021729,152,42.23786891134162,1261
ERF,-69.68385276906301,341,-111.91720310334236,341,42.23335033427935,1262
CNOT11,-65.95130369113862,447,-108.08430187387488,447,42.13299818273626,1263
SV2A,-99.51755981445312,30,-141.6478495279948,30,42.13028971354167,1264
SEMA4G,-75.32421150854078,59,-117.44900991148867,59,42.12479840294789,1265
INSC,-122.27545420328777,3,-164.3914794921875,3,42.116025288899735,1266
ADCY4,-89.4743503223766,22,-131.58986039595172,22,42.11551007357512,1267
PTPMT1,-79.72179793800855,747,-121.81058102854125,747,42.0887830905327,1268
ITGA3,-48.4819526898085,1014,-90.5655211123254,1014,42.0835684225169,1269
BNC1,-80.03492736816406,1,-122.08450317382812,1,42.04957580566406,1270
ORAI1,-57.33229607077206,425,-99.36904226864085,425,42.036746197868794,1271
SHKBP1,-66.05213134491925,446,-108.08052606967533,446,42.02839472475608,1272
TRAPPC5,-100.62423974496348,54,-142.60209768789787,54,41.97785794293439,1273
PPM1G,-37.334065596797785,891,-79.28951645325597,891,41.955450856458185,1274
UBA2,-63.77337198472561,665,-105.70425589425223,665,41.93088390952662,1275
SMIM7,-77.29019033574181,1033,-119.15809175651971,1033,41.8679014207779,1276
ECHS1,-62.89744825148761,1201,-104.75705280033972,1201,41.85960454885211,1277
TINAGL1,-99.94922944611194,204,-141.7675973480823,204,41.81836790197035,1278
NGFR,-71.02608489990234,2,-112.83967590332031,2,41.81359100341797,1279
MAP2K2,-42.59585894890202,824,-84.40867546229687,824,41.81281651339485,1280
TEX2,-52.676389573749745,190,-94.45552058972811,190,41.779131015978365,1281
GALR2,-63.81062845083383,13,-105.4029059776893,13,41.59227752685547,1282
KCNK13,-89.57253074645996,4,-131.15729904174805,4,41.584768295288086,1283
UBE2O,-66.85455444484082,206,-108.43044910616088,206,41.57589466132006,1284
OLFM2,-62.48877668380737,72,-104.05050574408637,72,41.56172906027899,1285
KRTAP5-9,-108.5007095336914,3,-150.04021708170572,3,41.53950754801431,1286
LGALS7B,-71.90860096613567,48,-113.42443323135376,48,41.515832265218094,1287
TRIAP1,-48.78090419401704,467,-90.27540068861249,467,41.49449649459545,1288
NOC4L,-101.48177474584335,234,-142.96053568522134,234,41.47876093937799,1289
LLGL1,-61.82131290435791,44,-103.25656093250622,44,41.43524802814831,1290
CORO1C,-65.59853730801336,334,-106.9284552157282,334,41.329917907714844,1291
SYNGR3,-70.85971959431966,6,-112.10499954223633,6,41.24527994791667,1292
BCL2L10,-147.54442977905273,4,-188.7503776550293,4,41.20594787597656,1293
DPCD,-69.4112673751707,615,-110.54230385136798,615,41.13103647619728,1294
SRD5A2,-118.65940343683417,55,-159.7846094304865,55,41.125205993652344,1295
SOCS1,-65.74323395928975,291,-106.86264239963387,291,41.11940844034412,1296
TEFM,-70.17118214451989,129,-111.27211122734602,129,41.10092908282613,1297
FMNL1,-69.44218603357092,154,-110.53262532221807,154,41.09043928864715,1298
RFXANK,-44.21625490704395,869,-85.29054788780432,869,41.074292980760376,1299
HOMER3,-66.67041617631912,256,-107.68622896075249,256,41.015812784433365,1300
ZGLP1,-83.92164829799107,28,-124.85826873779297,28,40.9366204398019,1301
PUS1,-70.10407517076204,179,-111.03896186871236,179,40.93488669795032,1302
ZNF598,-55.48876982097384,237,-96.353633896711,237,40.86486407573716,1303
CPNE8,-106.21761880739771,198,-147.05742344711766,198,40.839804639719944,1304
ARMC5,-85.5508918762207,148,-126.23026724119444,148,40.67937536497374,1305
CEP95,-87.14589233398438,280,-127.78493535178048,280,40.6390430177961,1306
MALL,-105.52069732356654,1677,-146.11983373979763,1677,40.59913641623109,1307
LIG1,-96.50358150316322,138,-137.08292311516362,138,40.579341612000405,1308
PGPEP1,-46.76196852547782,350,-87.31015816824777,350,40.54818964276995,1309
ERRFI1,-79.68483339725083,1327,-120.20707500259411,1327,40.52224160534328,1310
SDK2,-72.13797403971354,15,-112.61234385172526,15,40.474369812011716,1311
GPR61,-148.44973754882812,1,-188.89773559570312,1,40.447998046875,1312
NPTX1,-61.177141189575195,4,-101.61168479919434,4,40.43454360961914,1313
CAMK2G,-59.79290624954158,466,-100.16510171849329,466,40.37219546895171,1314
SLC8B1,-94.00816218058269,174,-134.3601356594042,174,40.351973478821506,1315
GNG13,-105.82100677490234,1,-146.1663818359375,1,40.345375061035156,1316
NUP98,-35.018564251569074,349,-75.35416136908326,349,40.33559711751418,1317
C1QL2,-73.73297337123326,7,-114.04180254255023,7,40.30882917131697,1318
SFXN3,-79.89381338188751,303,-120.18216335183322,303,40.28834996994571,1319
CNNM3,-62.87794253865226,122,-103.13498106159147,122,40.25703852293921,1320
BDKRB2,-102.51866475651774,89,-142.7588547267271,89,40.24018997020936,1321
IGSF9B,-89.2897964477539,10,-129.52483367919922,10,40.23503723144532,1322
GMIP,-89.07437568487123,86,-129.15490163758744,86,40.080525952716215,1323
SAMD4B,-63.57895986284529,700,-103.60544190543038,700,40.026482042585094,1324
CSMD2,-97.68840662638347,12,-137.69929567972818,12,40.01088905334471,1325
ZBTB7A,-91.99664360924804,773,-131.98937388194332,773,39.99273027269528,1326
MFAP2,-67.5068792055731,73,-107.48553372735847,73,39.97865452178537,1327
COASY,-58.838378116747855,517,-98.77735359295194,517,39.938975476204085,1328
PHRF1,-100.73366961811864,215,-140.6699249267578,215,39.93625530863916,1329
EPN1,-94.46707824950522,752,-134.39632344753184,752,39.92924519802662,1330
NOS1AP,-85.53287895576103,143,-125.44273344453399,143,39.90985448877295,1331
PLEK2,-65.51763408440203,121,-105.41756451819553,121,39.8999304337935,1332
MPZL1,-75.12292540373626,675,-115.0130546061198,675,39.890129202383534,1333
ZMYND15,-75.25097070421491,56,-115.11212171827044,56,39.86115101405554,1334
U2AF2,-105.62641326773601,467,-145.47920298933727,467,39.852789721601255,1335
S100A6,-80.22060423223759,2162,-120.04599354026716,2162,39.82538930802957,1336
HOXD1,-74.74326749341242,580,-114.52657921889733,580,39.78331172548491,1337
ARL16,-74.59985512117797,632,-114.36136708078506,632,39.76151195960709,1338
ZNF207,-38.48923748404799,1149,-78.21719922762108,1149,39.72796174357309,1339
CIB2,-56.48325447809128,42,-96.19576826549712,42,39.71251378740584,1340
TBL3,-39.90083527765354,238,-79.53200742577305,238,39.631172148119504,1341
COX6B2,-42.96983400980631,6,-82.57922490437825,6,39.60939089457194,1342
VPS9D1,-120.20778455232319,114,-159.7643799363521,114,39.55659538402891,1343
LINC01123,-70.77356194390191,45,-110.31873423258463,45,39.54517228868272,1344
ZNF319,-73.46726709253647,68,-112.90265846252441,68,39.43539136998794,1345
KRT78,-101.17178049087525,80,-140.58364028930663,80,39.41185979843138,1346
POLR2D,-38.878395442639366,295,-78.24305769063659,295,39.364662247997224,1347
EVA1B,-73.38536303976308,276,-112.7068183456642,276,39.321455305901125,1348
ZNF555,-39.9344851175944,27,-79.25436966507523,27,39.31988454748083,1349
TMEM104,-50.75351097470238,126,-90.06863015795511,126,39.31511918325273,1350
NQO1,-53.244268465213025,558,-92.55630878735614,558,39.31204032214312,1351
ZNF385C,-62.134318571824295,26,-101.40267738929161,26,39.268358817467316,1352
ARID4B,-80.54187007235267,1021,-119.77678589255756,1021,39.23491582020489,1353
DLG5,-81.23715783013238,225,-120.42266727023654,225,39.18550944010417,1354
ZNF506,-88.03069859554893,190,-127.17933000263415,190,39.14863140708522,1355
NMT1,-104.89946283299739,609,-144.03489113793586,609,39.13542830493847,1356
KMT5B,-86.42835963602032,546,-125.54460954491472,546,39.1162499088944,1357
HHIPL1,-93.95955657958984,1,-133.01124572753906,1,39.05168914794922,1358
FNDC4,-86.07373046875,43,-125.0956039428711,43,39.021873474121094,1359
DDB1,-102.23380113225495,867,-141.20578156045565,867,38.971980428200695,1360
METTL5,-49.904513822283064,840,-88.85083962395078,840,38.94632580166771,1361
CCDC87,-79.96416091918945,2,-118.88174438476562,2,38.91758346557617,1362
AP2A2,-94.68344573974609,600,-133.58421820322673,600,38.900772463480635,1363
TACSTD2,-69.53780883158466,1839,-108.42756109771811,1839,38.889752266133456,1364
MRPL34,-57.48866940235031,967,-96.36829842505313,967,38.879629022702815,1365
CSRNP2,-40.942061211452014,242,-79.80638513486248,242,38.86432392341047,1366
TEX22,-81.96805518014091,14,-120.79709843226841,14,38.829043252127505,1367
TRABD2B,-103.77788798014323,6,-142.59739939371744,6,38.819511413574205,1368
S100A1,-104.22014441856972,13,-142.98172114445612,13,38.7615767258864,1369
ASCL5,-115.57166290283203,3,-154.33033752441406,3,38.75867462158203,1370
MSRB1,-62.93493412189361,467,-101.68215545392904,467,38.74722133203543,1371
STAT5A,-89.05200180498142,103,-127.77938531671913,103,38.72738351173771,1372
JMJD7,-75.10399627685547,1,-113.83009338378906,1,38.726097106933594,1373
PIP5K1A,-39.23323835507788,396,-77.93708082642218,396,38.703842471344295,1374
TMEM120B,-45.2423140628828,287,-83.94334584412259,287,38.70103178123979,1375
CHRNB4,-107.3953145345052,3,-146.07411193847656,3,38.67879740397136,1376
HLX-AS1,-105.78422164916992,4,-144.37502670288086,4,38.59080505371094,1377
TSPAN3,-90.82923423290252,1600,-129.37014226913453,1600,38.54090803623201,1378
KLHL21,-72.71592453422896,218,-111.22688548936756,218,38.5109609551386,1379
PAQR4,-109.21207849303288,134,-147.70243846836374,134,38.49035997533086,1380
CABP1,-49.47115707397461,1,-87.95613098144531,1,38.4849739074707,1381
LETMD1,-46.26029609608873,535,-84.73962894332743,535,38.4793328472387,1382
KLK6,-88.92432264848189,11,-127.39792563698508,11,38.47360298850319,1383
PRIMA1,-79.1290520562066,9,-117.51167127821181,9,38.382619222005204,1384
ZNF790-AS1,-69.82203918457031,25,-108.19612274169921,25,38.3740835571289,1385
ITGB4,-57.352501404876264,343,-95.69222072679169,343,38.339719321915425,1386
CERS6,-71.53161920880113,453,-109.84191081066005,453,38.31029160185892,1387
TMEM151A,-73.91895294189453,1,-112.13609313964844,1,38.217140197753906,1388
ST3GAL4,-60.350779633773,228,-98.55795756557532,228,38.20717793180232,1389
SHC1,-78.04608116493569,444,-116.24504276653668,444,38.198961601601,1390
TRAF4,-60.23722389499012,1071,-98.41375624855247,1071,38.17653235356235,1391
FAM72C,-109.76076126098631,2,-147.9211654663086,2,38.16040420532228,1392
PHLDA1,-78.0593617698564,434,-116.2168481360932,434,38.15748636623681,1393
ICMT,-49.35601562211493,476,-87.50258949023335,476,38.146573868118416,1394
CDH1,-40.7418062901302,1101,-78.86989847126058,1101,38.128092181130384,1395
SFTPD,-60.23229302815029,1400,-98.32062510899135,1400,38.08833208084106,1396
CBLC,-62.18853778181405,145,-100.26139063341864,145,38.072852851604594,1397
ADORA2B,-102.07273947674295,138,-140.1093693608823,138,38.03662988413936,1398
HPN-AS1,-106.76757049560547,2,-144.800537109375,2,38.03296661376953,1399
METRN,-66.1881000779581,629,-104.19948520872666,629,38.01138513076856,1400
MIXL1,-77.92796325683594,2,-115.92951583862305,2,38.00155258178711,1401
IGDCC3,-68.85712522618911,17,-106.81901729808135,17,37.96189207189224,1402
APOB,-102.71242141723633,2,-140.67181396484375,2,37.95939254760742,1403
NENF,-56.13331807659106,1491,-94.07337081264443,1491,37.94005273605337,1404
RBM14,-54.91725153838102,393,-92.82741189427655,393,37.910160355895535,1405
ENGASE,-66.9378322340687,161,-104.84055944407208,161,37.90272721000339,1406
NFKBID,-103.25900664419498,106,-141.1058739716152,106,37.84686732742023,1407
TMEM119,-114.51280721028645,3,-152.32022094726562,3,37.80741373697917,1408
NFE2,-101.92364802505031,66,-139.72476612437856,66,37.80111809932825,1409
TMEM69,-74.92188718467405,273,-112.72143015320047,273,37.799542968526424,1410
TCEA3,-49.825118286770405,1053,-87.5864903159291,1053,37.76137202915869,1411
RPRML,-64.61651611328125,3,-102.35064442952473,3,37.734128316243485,1412
PRSS22,-86.23506070788862,594,-123.9333338753543,594,37.69827316746567,1413
SDC1,-53.44302463933889,1422,-91.12136571484443,1422,37.67834107550554,1414
ZNHIT3,-63.943823385628434,734,-101.61932179713445,734,37.67549841150601,1415
VSTM4,-86.97549855709076,64,-124.63896751403809,64,37.66346895694733,1416
MRPL38,-43.589966505001755,39,-81.22574028602013,39,37.63577378101837,1417
LZTS2,-82.35108590932992,325,-119.94688713660607,325,37.59580122727614,1418
SNX27,-73.1016475913579,614,-110.69295080476941,614,37.59130321341151,1419
HCN4,-89.61100514729817,6,-127.18588256835938,6,37.5748774210612,1420
CCDC6,-85.0878972753486,639,-122.65888806314722,639,37.57099078779862,1421
CLMP,-79.49060264000526,26,-117.05809666560246,26,37.5674940255972,1422
BLVRB,-115.0920894565179,1655,-152.63413639126227,1655,37.54204693474438,1423
NPM3,-99.18484416270208,491,-136.7091189382518,491,37.52427477554973,1424
KCNQ1,-89.93077652214109,258,-127.45349635634311,258,37.52271983420202,1425
LIPT2,-135.2216017289595,55,-172.73803960626776,55,37.51643787730825,1426
TMCO3,-87.27064885938967,433,-124.72253238246292,433,37.45188352307325,1427
MAPK3,-55.27702298672561,441,-92.72442575052482,441,37.447402763799204,1428
LINC01139,-127.35173187255859,5,-164.76040649414062,5,37.40867462158204,1429
BCAT2,-46.443636426738664,561,-83.80601774817482,561,37.36238132143616,1430
SIKE1,-85.01169920996796,417,-122.33829265932957,417,37.32659344936161,1431
ADAMTS7,-87.5932632446289,5,-124.89055938720703,5,37.29729614257813,1432
ASRGL1,-61.60721281752226,569,-98.90433212575259,569,37.29711930823033,1433
LINGO4,-120.55285263061523,4,-157.8386573791504,4,37.285804748535156,1434
ATF1,-45.84686581915317,358,-83.10599745851655,358,37.25913163936338,1435
RBM14-RBM4,-54.53268337249756,4,-91.79001045227051,4,37.25732707977295,1436
ZNF296,-60.00143321724825,86,-97.16782689649006,86,37.16639367924181,1437
TRNP1,-60.88657455444336,90,-98.01105668809679,90,37.12448213365343,1438
HYPK,-102.14217517559345,65,-139.25292452298677,65,37.11074934739332,1439
FOXD3-AS1,-133.75622236224967,71,-170.86306504800285,71,37.10684268575318,1440
FASTKD1,-93.37453838726422,111,-130.4764343811585,111,37.101895993894274,1441
ZSWIM4,-55.65129138805248,270,-92.72236986513491,270,37.07107847708243,1442
ACD,-123.49736065810986,178,-160.54174084609815,178,37.044380187988295,1443
NME1,-41.551426792857235,937,-78.58239319433906,937,37.03096640148183,1444
LILRA2,-131.9148245418773,17,-168.85550285788145,17,36.94067831600415,1445
GATAD2A,-50.02393346782415,467,-86.9521004883074,467,36.928167020483244,1446
C15orf61,-49.404718536546184,541,-86.28259911951429,541,36.8778805829681,1447
PHGDH,-107.18207935451233,194,-143.99392778848863,194,36.81184843397631,1448
IGFALS,-84.47706402049346,34,-121.2865452485926,34,36.809481228099145,1449
HTRA2,-73.94398303364598,344,-110.7264842543491,344,36.782501220703125,1450
GLIS1,-88.10823059082031,2,-124.8333969116211,2,36.72516632080078,1451
EDC4,-89.13281059265137,4,-125.83632278442383,4,36.70351219177246,1452
RCC1,-48.37987711225237,350,-85.03113956996373,350,36.651262457711354,1453
GATAD2B,-36.029512653472835,469,-72.67670814823241,469,36.64719549475957,1454
AHCYL1,-77.6460268477499,1194,-114.27767091300619,1194,36.631644065256296,1455
NAGS,-66.35674478125385,127,-102.98455966739203,127,36.62781488613818,1456
SPAG9,-76.47095150576648,1067,-113.06828073574877,1067,36.59732922998229,1457
KIF22,-35.042239079036825,1022,-71.62592108142353,1022,36.5836820023867,1458
ROBO4,-123.27040536063058,7,-159.84566388811385,7,36.57525852748327,1459
NOB1,-87.39564154840285,465,-123.95965115126744,465,36.56400960286459,1460
MIR497HG,-139.2190607974404,19,-175.73192235043174,19,36.51286155299135,1461
ILF3,-52.85290084408609,993,-89.36390033733448,993,36.51099949324839,1462
KCNN1,-108.31417846679688,2,-144.8213119506836,2,36.50713348388672,1463
CAMK1D,-77.46457043418401,790,-113.96918208448193,790,36.50461165029792,1464
GLIS2,-59.99108229943042,212,-96.41803457152169,212,36.42695227209127,1465
SLC5A5,-71.52801513671875,22,-107.95060660622336,22,36.42259146950461,1466
CNIH4,-68.80584552910321,1364,-105.20967871142972,1364,36.40383318232651,1467
RHOG,-47.5339033724898,472,-83.93372867066981,472,36.399825298180005,1468
ITGB1BP1,-57.98279085270194,688,-94.37813291993253,688,36.39534206723059,1469
ZNF768,-73.44505507857711,351,-109.7810932170292,351,36.33603813845208,1470
NPRL3,-78.78027858617115,326,-115.10757198216724,326,36.327293395996094,1471
FRMD8,-56.338810316273864,284,-92.62694286292708,284,36.288132546653216,1472
QTRT1,-45.02905041963152,412,-81.28458661940492,412,36.2555361997734,1473
SETDB1,-52.353746648778255,187,-88.60903747069007,187,36.255290821911814,1474
LINC00900,-125.7810230255127,4,-162.0189666748047,4,36.23794364929199,1475
ZNF836,-59.12439665247182,61,-95.36208080854573,61,36.237684156073904,1476
HPCAL1,-79.40755215279331,1135,-115.57154294320665,1135,36.16399079041334,1477
CFAP46,-104.16832939664224,133,-140.32232872525552,133,36.15399932861328,1478
CMTM3,-84.31105323953831,235,-120.46360376236287,235,36.152550522824555,1479
TESK2,-55.120889516977165,39,-91.27282343155298,39,36.151933914575814,1480
TNFAIP1,-55.86161582991922,338,-91.98291119456997,338,36.12129536465075,1481
TMUB2,-37.537526732509576,412,-73.64538901986428,412,36.107862287354706,1482
TNS4,-105.74104935782296,28,-141.84494726998466,28,36.1038979121617,1483
LINC00942,-97.8522097269694,6,-133.95062510172525,6,36.098415374755845,1484
GNA13,-60.815845421865475,282,-96.8368131759319,282,36.02096775406642,1485
VANGL2,-92.77347894148393,44,-128.75375678322533,44,35.9802778417414,1486
SPRED2,-48.97540155727061,398,-84.90496176331486,398,35.92956020604425,1487
KIAA0319L,-99.51002057972129,769,-135.43568517637812,769,35.92566459665683,1488
CACNB3,-84.18847587516716,222,-120.09628502098289,222,35.90780914581573,1489
SPEM1,-121.77039337158205,1,-157.67279052734375,1,35.902397155761705,1490
NFKBIB,-71.07386505820534,440,-106.96898162148216,440,35.895116563276815,1491
FBRSL1,-66.21779188743004,208,-102.11280419276311,208,35.89501230533307,1492
ATAD3A,-56.914228962743,215,-92.78090429971384,215,35.866675336970836,1493
ACTN4,-53.29270404271483,1423,-89.14434355509927,1423,35.85163951238444,1494
CBX1,-58.46965668294778,562,-94.30240959629046,562,35.83275291334268,1495
ZNF513,-79.79015899427009,132,-115.52745362484094,132,35.73729463057086,1496
MIDN,-66.8026972084018,1393,-102.47136872258018,1393,35.668671514178385,1497
CSNK1G2,-53.20320978937922,370,-88.86856732755093,370,35.66535753817171,1498
FGF19,-82.76849320355583,17,-118.4022975248449,17,35.63380432128906,1499
SRP68,-47.50843447500715,553,-83.12998075295529,553,35.62154627794814,1500
CHD5,-73.71499633789062,1,-109.32794189453124,1,35.61294555664061,1501
WNT3,-112.15815044584728,63,-147.75938439747645,63,35.60123395162917,1502
AK4,-57.68250640364718,121,-93.24379723919324,121,35.56129083554606,1503
C19orf73,-92.99270248413086,36,-128.53068987528482,36,35.53798739115396,1504
IGFL1,-136.53644409179688,5,-172.06957092285157,5,35.53312683105469,1505
ARHGEF17,-92.86980990600586,250,-128.39075180053712,250,35.52094189453126,1506
C1QTNF4,-106.75475742505944,23,-142.2055836553159,23,35.45082623025647,1507
PDE1B,-79.71059972589666,11,-115.15840703790838,11,35.44780731201172,1508
ACVRL1,-102.80194653962788,38,-138.24330621016654,38,35.44135967053866,1509
WNT3A,-64.73382314046223,6,-100.16573842366536,6,35.431915283203125,1510
PLD2,-53.51841984799034,95,-88.91592053865132,95,35.39750069066098,1511
WTIP,-68.89840022219887,237,-104.29271437246588,237,35.39431415026701,1512
ADD2,-92.8781753540039,5,-128.21101989746094,5,35.33284454345704,1513
ZNF446,-101.20723304492515,149,-136.52378066914193,149,35.31654762421678,1514
TSPAN9,-55.498732109209556,273,-90.79788850777315,273,35.299156398563596,1515
EMC4,-46.45737980573605,1170,-81.71473905123197,1170,35.25735924549592,1516
DDX54,-84.0197826619051,490,-119.26690756350148,490,35.24712490159638,1517
PPIE,-89.72880383522515,523,-124.96244753660709,523,35.233643701381936,1518
CIAO1,-91.5647438234396,371,-126.77034093234738,371,35.20559710890778,1519
LRRC8E,-59.45967691916007,108,-94.66016154819064,108,35.200484629030576,1520
ARHGEF4,-81.67397607541552,51,-116.8389155069987,51,35.16493943158318,1521
E4F1,-41.8882207988221,243,-77.01882316055612,243,35.13060236173403,1522
ASPG,-88.76904875656655,29,-123.79199297674771,29,35.02294422018116,1523
RAI1,-55.90677141675762,306,-90.92936776354422,306,35.0225963467866,1524
NEURL1,-72.30497233072917,6,-107.31772740681966,6,35.012755076090485,1525
CC2D1A,-53.61700546055624,365,-88.57770837235124,365,34.960702911794996,1526
RAD52,-87.4184135860867,36,-122.36452950371637,36,34.94611591762967,1527
TMEM88,-116.91544554505167,79,-151.8451325621786,79,34.92968701712694,1528
RAD51D,-104.17428716023763,132,-139.08346904407847,132,34.909181883840844,1529
EFS,-84.02006331734036,69,-118.92481375431669,69,34.90475043697633,1530
FOXK2,-73.00800141926054,395,-107.82528468264809,395,34.81728326338755,1531
MFSD12,-65.71023254394531,250,-100.5187933959961,250,34.80856085205079,1532
C16orf86,-75.17483445709827,51,-109.95823669433594,51,34.78340223723767,1533
CTSD,-85.11916385871058,1921,-119.86346492737547,1921,34.744301068664896,1534
DLK1,-101.66941950871394,13,-136.40416424091046,13,34.73474473219652,1535
KRTAP5-8,-115.69847361246745,3,-150.39620463053384,3,34.69773101806639,1536
S100A3,-124.22600317001343,16,-158.84370803833008,16,34.61770486831665,1537
CYB561,-77.50598252558075,678,-112.11689679531221,678,34.61091426973147,1538
FSTL3,-89.96203318277995,150,-124.5213692220052,150,34.55933603922526,1539
AGBL5-AS1,-63.31778526306152,2,-97.86117172241211,2,34.543386459350586,1540
C1orf56,-66.23674152184093,341,-100.74191830095307,341,34.50517677911215,1541
LINC00665,-72.93748551446038,148,-107.42917029922073,148,34.49168478476035,1542
CRTC2,-120.55853736029731,225,-155.04591749403212,225,34.48738013373482,1543
AANAT,-89.71208572387695,4,-124.19894409179688,4,34.48685836791992,1544
INA,-97.1817855834961,4,-131.48844528198242,4,34.30665969848633,1545
SIGIRR,-82.51480185076201,721,-116.81972443346508,721,34.30492258270307,1546
SLC27A3,-127.84369040877009,391,-162.13824193617876,391,34.29455152740867,1547
XYLT2,-65.74632820250496,189,-100.03587470483528,189,34.289546502330325,1548
SENP3-EIF4A1,-77.18400573730469,1,-111.4512710571289,1,34.26726531982422,1549
EVI5L,-67.93830408674947,89,-102.14845584483629,89,34.21015175808682,1550
ST3GAL2,-43.65758390105172,89,-77.85667196552406,89,34.199088064472335,1551
HIPK1-AS1,-72.524456165455,54,-106.72237636424877,54,34.19792019879377,1552
RNF149,-68.01261726068479,638,-102.18887048081544,638,34.17625322013065,1553
IZUMO4,-43.73104503236968,116,-77.84021581452468,116,34.109170782155005,1554
TMEM52,-114.85758596071055,71,-148.9485624071578,71,34.09097644644724,1555
SFXN4,-79.01869444555166,245,-113.08438278509647,245,34.065688339544806,1556
TM6SF1,-66.5301504424124,33,-100.58780392733487,33,34.05765348492247,1557
NUTF2,-80.92281694332537,718,-114.97854047897467,718,34.05572353564929,1558
ULK3,-93.99682610344993,223,-128.05207852077058,223,34.055252417320645,1559
METTL23,-79.54346990430005,614,-113.57433645888338,614,34.030866554583326,1560
ZNF771,-44.090842933411814,157,-78.12057781826918,157,34.02973488485737,1561
MEIOC,-41.210405789888824,13,-75.22103999211238,13,34.01063420222356,1562
CHST8,-72.86933898925781,3,-106.87460581461589,3,34.00526682535808,1563
GRIN3B,-93.37282173850319,110,-127.34235326593573,110,33.96953152743254,1564
PPP1CA,-58.92105353476375,1356,-92.87981305642818,1356,33.958759521664426,1565
RNF135,-65.71721157996483,306,-99.65239503648546,306,33.93518345652063,1566
SNRNP70,-38.958935881510115,1067,-72.8876975291001,1067,33.92876164758998,1567
C11orf96,-97.3178503093087,1146,-131.2457377981349,1146,33.927887488826215,1568
DRGX,-66.78216996303824,43,-100.68953066093977,43,33.907360697901524,1569
GJA4,-93.56390380859375,2,-127.36847305297852,2,33.804569244384766,1570
FBXO46,-41.241077952914765,108,-75.03704932883933,108,33.795971375924566,1571
JMJD7-PLA2G4B,-82.51423568725586,10,-116.26363830566406,10,33.7494026184082,1572
OXLD1,-59.806038950887704,677,-93.53963823191701,677,33.733599281029306,1573
CPNE2,-77.60050208613558,424,-111.32611891908466,424,33.725616832949086,1574
KRT13,-122.31533203125,75,-155.97002360026042,75,33.654691569010424,1575
KRT10,-131.750037744261,1724,-165.395858693842,1724,33.64582094958101,1576
SAC3D1,-61.295900439936396,341,-94.89806603126861,341,33.602165591332216,1577
ZNHIT2,-56.688522735008824,260,-90.28033702556904,260,33.591814290560215,1578
SNN,-69.19859846743792,179,-102.6843471846767,179,33.48574871723878,1579
SPSB1,-60.67798902089722,321,-94.16357188952675,321,33.48558286862953,1580
ZNF587B,-57.216885720529866,31,-90.69038932554183,31,33.47350360501196,1581
ALDOA,-67.96751669885711,1924,-101.39483994704027,1924,33.42732324818316,1582
SNX33,-75.35403174997491,214,-108.77424871141666,214,33.42021696144175,1583
CHMP4A,-81.73892504049591,901,-115.07777738412398,901,33.33885234362806,1584
HSD17B1,-72.84676930550754,209,-106.17923977500514,209,33.33247046949761,1585
DHRS4-AS1,-100.90241294683412,344,-134.21558269234592,344,33.3131697455118,1586
MRPL24,-87.08443173389638,657,-120.3921614346439,657,33.307729700747515,1587
S100A14,-92.28287619513435,1776,-125.53767686276822,1776,33.25480066763387,1588
ELK3,-66.99238789876303,330,-100.23453024661902,330,33.24214234785599,1589
TYMS,-50.44449076159247,116,-83.6839915308459,116,33.23950076925343,1590
CTNNBIP1,-43.81362058252843,878,-76.98100308568168,878,33.16738250315325,1591
NOTO,-51.62379455566406,1,-84.77613067626953,1,33.15233612060547,1592
NEURL4,-85.58608859347314,97,-118.69744582028733,97,33.11135722681419,1593
ZNF486,-100.67589467366537,60,-133.77896169026693,60,33.10306701660156,1594
LPXN,-97.02686697436917,124,-130.0510186841411,124,33.02415170977193,1595
VWA5B1,-122.87394714355467,1,-155.8686981201172,1,32.994750976562514,1596
CGREF1,-77.7259635925293,2,-110.69833755493164,2,32.972373962402344,1597
RNF207,-44.32884078376037,177,-77.27512437206204,177,32.94628358830167,1598
PDCD7,-57.61501822350482,433,-90.56084577811508,433,32.94582755461026,1599
MAP3K6,-61.617898385736005,237,-94.53205301791807,237,32.91415463218207,1600
FAM83E,-107.81194763183593,115,-140.72209140943446,115,32.91014377759852,1601
PLD6,-115.2728924818442,71,-148.17952094279545,71,32.906628460951254,1602
STOX1,-60.413262870576645,144,-93.30662462446425,144,32.8933617538876,1603
NRTN,-76.42186676828484,38,-109.31520803351151,38,32.89334126522667,1604
PLA2G10,-70.7315882522216,582,-103.62197902194413,582,32.89039076972253,1605
BCL9,-140.12341902806207,208,-173.0092787375817,208,32.88585970951962,1606
CEP104,-90.52375295685559,328,-123.37802768335109,328,32.854274726495504,1607
NPR1,-78.41203383712082,111,-111.23579441104923,111,32.82376057392841,1608
GRID1,-91.70596694946289,2,-124.52449417114258,2,32.81852722167969,1609
SLC25A29,-74.11304059458786,521,-106.8903403108271,521,32.77729971623924,1610
RNF166,-68.47476573785146,192,-101.24835932254791,192,32.77359358469646,1611
CNGB1,-118.96266555786133,10,-151.71712188720704,10,32.754456329345714,1612
C1orf174,-96.8090968368077,202,-129.55586306883558,202,32.74676623202788,1613
SHTN1,-146.77337828033706,353,-179.51762091877103,353,32.744242638433974,1614
ZAP70,-111.34805503258339,26,-144.06512275108923,26,32.717067718505845,1615
IDH2,-55.03035053540302,930,-87.72251755909254,930,32.69216702368952,1616
SLC6A9,-93.57125505194607,83,-126.22361884059676,83,32.65236378865069,1617
PUM1,-56.85091374577703,925,-89.47514070253115,925,32.62422695675412,1618
KISS1R,-58.24063968658447,48,-90.78516483306885,48,32.544525146484375,1619
ADGRL1,-83.0818642858249,268,-115.62175466053522,268,32.53989037471031,1620
CILP,-108.37291717529295,1,-140.88790893554688,1,32.51499176025392,1621
DNAJC22,-91.57571792602539,44,-124.08879748257723,44,32.513079556551844,1622
EIF2B3,-77.53344273331142,202,-109.99533662701597,202,32.461893893704556,1623
MEGF8,-113.73790255459872,143,-146.19238910808428,143,32.454486553485566,1624
FA2H,-70.36642536040276,124,-102.77432823181152,124,32.407902871408766,1625
BACE1-AS,-105.21561024106782,58,-137.61944816852437,58,32.40383792745655,1626
PLA2G4B,-121.52646891276042,3,-153.92825826009116,3,32.401789347330734,1627
NPHS1,-95.65016174316406,1,-128.0482635498047,1,32.398101806640625,1628
KMT5A,-39.55220975714215,354,-71.92485828722937,354,32.37264853008722,1629
CORO6,-63.14557876586914,5,-95.4833770751953,5,32.33779830932617,1630
C2CD3,-128.99323250265684,136,-161.32078720541563,136,32.32755470275879,1631
SLC45A3,-74.01343027750652,45,-106.25925682915582,45,32.2458265516493,1632
ADORA3,-141.43656158447266,2,-173.65155029296875,2,32.214988708496094,1633
DAZAP1,-41.50655560506752,718,-73.64194552280777,718,32.135389917740255,1634
CMAS,-67.4101738019341,529,-99.52141886893202,529,32.11124506699791,1635
PKMYT1,-61.3862314726177,19,-93.49289020739104,19,32.10665873477334,1636
SLC27A5,-130.50623232601612,163,-162.59692317283958,163,32.09069084682346,1637
RAP2A,-80.36870585621654,143,-112.45381980842643,143,32.085113952209895,1638
PLEKHO2,-82.21351560827804,73,-114.29327434383026,73,32.07975873555222,1639
SHISA9,-91.30115763346355,9,-123.35531361897786,9,32.05415598551431,1640
ZNF667-AS1,-69.46021906534831,48,-101.40871651967366,48,31.94849745432535,1641
C17orf49,-69.32099749378322,97,-101.2564130173516,97,31.93541552356838,1642
CACTIN,-46.78151259551177,111,-78.70461926159558,111,31.92310666608381,1643
ALYREF,-43.563280684745266,247,-75.45639816469509,247,31.893117479949822,1644
CLMN,-86.95180134423451,259,-118.84450772554257,259,31.89270638130806,1645
ARF3,-67.39697168731689,1000,-99.27691484069824,1000,31.879943153381348,1646
SMG7,-87.1529941807839,383,-119.0233970024567,383,31.870402821672798,1647
INTS5,-50.99859571456909,184,-82.8542945281319,184,31.85569881356281,1648
PLLP,-41.11340343250948,646,-72.96174489307698,646,31.848341460567504,1649
GOLGA7B,-51.784812248359295,118,-83.60564454935364,118,31.820832300994347,1650
NAA40,-43.40875924383844,143,-75.22686986323004,143,31.818110619391597,1651
USF1,-85.85164801279704,24,-117.6456225713094,24,31.79397455851236,1652
MKNK2,-80.63628705745369,1105,-112.43017382729647,1105,31.793886769842786,1653
TANC2,-73.13076878700345,862,-104.91679715999594,862,31.78602837299249,1654
ZNF584,-60.53079310918258,118,-92.31359656382415,118,31.782803454641567,1655
NR2F2,-133.35115467418325,495,-165.11097763523912,495,31.759822961055875,1656
MRPL9,-89.7741417032204,604,-121.51658648055121,604,31.742444777330817,1657
SF3B6,-74.34110730740744,1718,-106.06483666416652,1718,31.72372935675908,1658
PAX7,-93.7626953125,1,-125.47132110595705,1,31.708625793457045,1659
PUSL1,-114.5751963340089,239,-146.26102610312745,239,31.685829769118556,1660
PIK3CD-AS2,-74.46346043767156,185,-106.11138074720228,185,31.64792030953072,1661
NAGLU,-72.12383913160204,286,-103.764525780311,286,31.640686648708964,1662
DDA1,-35.79398235642766,581,-67.41752845120718,581,31.623546094779513,1663
DHX37,-54.00563997741139,109,-85.57843927505913,109,31.572799297647734,1664
NUP85,-57.61078979658044,184,-89.1643471510514,184,31.55355735447096,1665
SYDE1,-64.13676364605243,26,-95.68320582463191,26,31.546442178579483,1666
DDN,-104.23352305094402,6,-135.76836140950522,6,31.534838358561203,1667
CELSR2,-81.24631477638528,135,-112.76212339048033,135,31.51580861409505,1668
PPP2R2D,-79.85209426381229,306,-111.34656851276074,306,31.49447424894845,1669
RER1,-69.85110114848297,1278,-101.33805731353999,1278,31.486956165057023,1670
NPIPA3,-55.15505599975586,4,-86.62940216064453,4,31.474346160888672,1671
VSX2,-96.35865020751952,1,-127.82107543945312,1,31.462425231933608,1672
CSPG4,-85.3520622253418,4,-116.81412315368652,4,31.462060928344727,1673
FZD2,-104.98308870869297,62,-136.43502807617188,62,31.4519393674789,1674
ANO1,-87.87021704281078,34,-119.32191826315487,34,31.45170122034409,1675
SRM,-70.4205820794893,539,-101.76265661349323,539,31.34207453400394,1676
FAH,-109.44909925610607,382,-140.75457723727402,382,31.305477981167954,1677
PRR19,-81.91561813354492,20,-113.22064590454102,20,31.30502777099609,1678
SCNN1D,-65.28883361816406,31,-96.57510449809413,31,31.286270879930072,1679
RGS1,-134.76447996659712,220,-166.0392623901367,220,31.27478242353959,1680
PRSS27,-45.35342799753383,69,-76.62654931994452,69,31.273121322410688,1681
SUPT5H,-63.30222478465369,889,-94.53449208073997,889,31.232267296086277,1682
DUS1L,-68.33250056275534,654,-99.52015814358306,654,31.187657580827718,1683
GGCX,-36.15315711962188,591,-67.33834984742244,591,31.185192727800555,1684
ARMC7,-83.58984567927219,261,-114.76487904398834,261,31.175033364716157,1685
NR2C2AP,-55.52564160382306,270,-86.64979852747034,270,31.124156923647277,1686
SPTBN2,-47.01109905632175,98,-78.09212727449378,98,31.08102821817203,1687
DHTKD1,-47.078062804428846,286,-78.15807329191195,286,31.0800104874831,1688
PIWIL1,-84.83503341674805,8,-115.90843677520752,8,31.073403358459473,1689
KANK3,-43.502450240285775,19,-74.57170225444592,19,31.06925201416015,1690
INAFM1,-109.84132298556241,264,-140.8669001261393,264,31.0255771405769,1691
MYBPC2,-76.1046651204427,6,-107.12158584594727,6,31.016920725504562,1692
SYNDIG1L,-83.31996366712782,54,-114.31749456900137,54,30.997530901873546,1693
C15orf39,-93.05433454746154,164,-124.02989982977147,164,30.97556528230993,1694
SLC25A42,-84.62485908059513,102,-115.59617547427906,102,30.971316393683935,1695
DHRS13,-79.15186092521571,158,-110.11810191673568,158,30.966240991519967,1696
MICAL2,-104.28258308580874,493,-135.24113422571767,493,30.958551139908934,1697
SBNO2,-54.539501199558266,407,-85.46802886288054,407,30.928527663322278,1698
CCDC124,-49.646675687558364,799,-80.56349848626701,799,30.916822798708644,1699
C2orf68,-44.041564532348936,401,-74.93235400192755,401,30.890789469578614,1700
TROAP,-39.14231491088867,18,-69.94009653727214,18,30.79778162638347,1701
MYO7B,-106.63879203796387,4,-137.42319107055664,4,30.784399032592773,1702
SFPQ,-61.3611940201334,1473,-92.1455790926952,1473,30.784385072561804,1703
UBXN6,-31.29860936203444,865,-62.04980504912448,865,30.75119568709004,1704
LOXL3,-126.77379455566407,5,-157.49933166503905,5,30.725537109374983,1705
CCDC28B,-89.29247970581055,100,-119.98563682556153,100,30.69315711975098,1706
ACAN,-82.80615234375,1,-113.47296142578124,1,30.666809082031236,1707
ZFYVE19,-62.35190800436182,306,-92.9725239822288,306,30.620615977866976,1708
PITPNA,-56.818679029924155,411,-87.42243686499677,411,30.603757835072614,1709
GPX4,-52.767587794687806,2109,-83.32613330115747,2109,30.558545506469663,1710
MATN1,-114.4921646118164,3,-145.05062357584634,3,30.55845896402994,1711
ARNT2,-69.7650279045105,240,-100.29814777374267,240,30.533119869232166,1712
WWP2,-53.32707718395796,305,-83.85828589767706,305,30.531208713719103,1713
GAL,-100.96470260620117,2,-131.48453521728516,2,30.519832611083984,1714
BCL6B,-99.22181701660156,1,-129.72946166992188,1,30.507644653320312,1715
RSL1D1,-53.55885861228403,1229,-84.05890706421594,1229,30.500048451931917,1716
BLOC1S3,-56.01909198760986,100,-86.48238349914551,100,30.46329151153565,1717
IGSF3,-52.73763473643813,344,-83.19756119750267,344,30.459926461064533,1718
THOC6,-96.87520994726016,357,-127.326135523179,357,30.450925575918845,1719
PLEKHH1,-76.40781092643738,32,-106.8486180305481,32,30.440807104110718,1720
MYPOP,-52.699452596552234,136,-83.10826621336095,136,30.408813616808715,1721
MATK,-63.89073787016027,34,-94.28605472340303,34,30.395316853242754,1722
MORN1,-81.51380478708367,152,-111.83800993467632,152,30.32420514759265,1723
GLIS2-AS1,-84.78900322547325,13,-115.10050377478966,13,30.311500549316406,1724
SPG11,-47.01508742823745,330,-77.31989736845999,330,30.30480994022254,1725
CKLF,-59.08999598756128,882,-89.38568852223507,882,30.29569253467379,1726
MERTK,-79.91798676037398,122,-110.18880656508149,122,30.270819804707514,1727
MMACHC,-85.46108357111613,48,-115.66600179672241,48,30.204918225606278,1728
B3GNT2,-61.1215576171875,325,-91.3150047654372,325,30.193447148249696,1729
LRRC59,-75.92564107194731,790,-106.09322888338113,790,30.16758781143382,1730
FOXN1,-108.65571812220982,7,-138.78455679757255,7,30.12883867536273,1731
CENPV,-61.42082606914432,172,-91.5494937453159,172,30.12866767617158,1732
HPCAL4,-71.59945678710938,9,-101.68717363145616,9,30.087716844346787,1733
ZNF469,-116.15008951822917,15,-146.20909423828124,15,30.059004720052073,1734
PPP2R5B,-83.99399988702002,141,-114.05188269648991,141,30.057882809469888,1735
SLC7A9,-102.6923885345459,4,-132.7342529296875,4,30.0418643951416,1736
AOC2,-99.47697101939808,11,-129.514536077326,11,30.03756505792792,1737
NRGN,-97.4527115664106,786,-127.4862515204432,786,30.033539954032605,1738
UBR7,-47.902628962978994,163,-77.9008953819977,163,29.998266419018705,1739
NR0B2,-106.04774191620153,218,-136.02738238693377,218,29.979640470732235,1740
TLE6,-42.01441652912739,121,-71.98669137245368,121,29.97227484332629,1741
TIMP2,-79.38937342225624,406,-109.29464516851115,406,29.90527174625491,1742
CA12,-60.28470506824431,244,-90.1136963015697,244,29.828991233325397,1743
SMUG1,-98.60275359882614,543,-128.42992208631878,543,29.827168487492642,1744
CCDC9,-46.18632179709042,85,-75.99385034897747,85,29.807528551887053,1745
SGSM2,-76.69843900656399,316,-106.43534573422203,316,29.736906727658038,1746
PBXIP1,-114.51380108126361,603,-144.24760082744643,603,29.733799746182825,1747
ICAM5,-67.42982980940077,144,-97.15473747253418,144,29.724907663133408,1748
CCDC57,-75.05185182905294,994,-104.75889958126444,994,29.70704775221151,1749
VPS4A,-52.056430753597546,484,-81.75646007947685,484,29.700029325879306,1750
PDCD2L,-58.42383101434991,202,-88.10412461686842,202,29.68029360251851,1751
ATE1,-72.5804329087999,225,-102.22883605957031,225,29.648403150770406,1752
TRMT1,-59.203893429765074,214,-88.77799481543425,214,29.57410138566918,1753
FADS6,-57.503079414367676,4,-87.04022979736328,4,29.537150382995605,1754
RNASEH2A,-51.99471872654544,229,-81.5280458875098,229,29.53332716096436,1755
STUB1,-112.47465262225293,1270,-141.99814962552287,1270,29.523497003269938,1756
MSI1,-114.7929511692213,23,-144.2961943253227,23,29.50324315610139,1757
MIR762HG,-45.53206639819675,72,-75.02055920494928,72,29.488492806752532,1758
OPRD1,-104.65892573765346,7,-134.13902500697546,7,29.480099269321997,1759
DCTN5,-49.41909972606438,397,-78.89548321394837,397,29.476383487883986,1760
SPRR1A,-107.14194107055664,2,-136.6179962158203,2,29.476055145263672,1761
CASP7,-84.59915319269354,275,-114.05033533269709,275,29.451182140003553,1762
KRT5,-108.22381180983324,13,-137.62569603553186,13,29.401884225698623,1763
LTB4R2,-101.45407485961914,28,-130.84572056361608,28,29.391645703996943,1764
TRIM33,-56.28587253698321,627,-85.66017223887467,627,29.374299701891452,1765
FBXO42,-44.67762142849951,194,-74.03839205712387,194,29.36077062862436,1766
CCDC144NL,-77.31396484375,6,-106.66994730631511,6,29.35598246256511,1767
RABEP1,-59.09920352390834,350,-88.4549086870466,350,29.355705163138254,1768
TET3,-87.73677370359572,139,-117.08068726903242,139,29.343913565436708,1769
PROSER3,-84.99502779089886,138,-114.3375473022461,138,29.342519511347234,1770
SSBP4,-88.84479893027962,616,-118.17688055162306,616,29.332081621343434,1771
SYNRG,-67.50009993564936,486,-96.8035868421013,486,29.303486906451937,1772
SNRPE,-44.26964421599969,1557,-73.52842885374487,1557,29.25878463774518,1773
RAB13,-51.91793344509446,1459,-81.17522683512928,1459,29.257293390034818,1774
PSME1,-46.92612697089591,1640,-76.17037527968243,1640,29.244248308786524,1775
FBN3,-66.72022386030717,11,-95.96205416592684,11,29.241830305619672,1776
ZC3H4,-51.607206285916845,260,-80.81991389347957,260,29.21270760756272,1777
AURKAIP1,-70.52938520735589,1656,-99.73957270470218,1656,29.210187497346297,1778
BPNT1,-53.77003684079737,266,-82.95207509779392,266,29.182038256996556,1779
C11orf1,-64.97341586727462,821,-94.15486485136267,821,29.18144898408805,1780
GSK3A,-58.88774226030966,508,-88.06092185673751,508,29.17317959642785,1781
FXR2,-51.02062516423114,249,-80.16850676019507,249,29.14788159596393,1782
MEIOB,-45.43096351623535,2,-74.57707977294922,2,29.146116256713867,1783
ITPKA,-72.21792910961395,47,-101.31879295186793,47,29.100863842253986,1784
VPS54,-78.57027361262196,237,-107.63989296442345,237,29.069619351801492,1785
PPP1R12C,-55.69892081347379,264,-84.75541152376117,264,29.056490710287378,1786
KLHDC4,-39.72587136768159,210,-68.78094747634161,210,29.055076108660018,1787
FAM90A1,-86.2753189086914,5,-115.29778137207032,5,29.022462463378915,1788
WT1-AS,-116.75588989257812,1,-145.76344299316406,1,29.007553100585938,1789
MACROD1,-73.65750157263565,607,-102.66033281957887,607,29.002831246943217,1790
PIEZO2,-116.6571762084961,5,-145.65899963378905,5,29.001823425292955,1791
CENPA,-44.599639089483965,19,-73.59906969572368,19,28.99943060623972,1792
SNX6,-49.69403857928221,669,-78.6712806370939,669,28.977242057811694,1793
MMP17,-64.82262367672391,36,-93.79626931084528,36,28.973645634121368,1794
EMILIN1,-113.23323313395183,15,-142.203955078125,15,28.970721944173178,1795
ORMDL3,-74.97804100920514,656,-103.9437545101817,656,28.965713500976562,1796
ELP5,-76.86810665302448,444,-105.81770757726721,444,28.94960092424273,1797
TSPAN18,-67.41175079345703,2,-96.36047744750977,2,28.948726654052734,1798
SUGP2,-53.97470306613949,421,-82.90219031037174,421,28.927487244232246,1799
CCT4,-40.48712927694539,1048,-69.40758689851252,1048,28.92045762156713,1800
RABGGTA,-84.00163803637868,284,-112.88099235212299,284,28.87935431574431,1801
PIDD1,-59.343041145938564,174,-88.21025813310996,174,28.867216987171396,1802
RGS10,-73.71824449664045,443,-102.5826942495514,443,28.864449752910943,1803
CYP27B1,-134.34534200032553,45,-163.19010755750867,45,28.844765557183138,1804
SLC38A8,-91.2737274169922,1,-120.09841918945312,1,28.824691772460923,1805
KCNQ1OT1,-100.11540112870463,1068,-128.89542261045077,1068,28.780021481746132,1806
THBS3,-96.00924468458744,171,-124.78606950191029,171,28.776824817322847,1807
ADAMTSL4,-48.53527181798761,88,-77.29215994748202,88,28.756888129494406,1808
EPB41,-82.38659615133608,361,-111.13415939457859,361,28.74756324324251,1809
TEX38,-99.65914916992188,1,-128.3886260986328,1,28.729476928710938,1810
DUSP3,-86.83050424873097,571,-115.55408501833834,571,28.723580769607366,1811
KCNA2,-146.8674087524414,2,-175.58399200439453,2,28.716583251953125,1812
UBALD2,-52.774457339582774,841,-81.44748690465684,841,28.673029565074067,1813
CRLF3,-51.19057147502899,160,-79.83648729324341,160,28.64591581821442,1814
RND2,-48.00916278173053,63,-76.65335543193514,63,28.64419265020461,1815
PFKP,-98.80095156156099,325,-127.44230076716497,325,28.641349205603973,1816
CYP46A1,-81.17032102259193,41,-109.80182480230565,41,28.63150377971371,1817
TRPM5,-96.2005386352539,1,-124.81639862060548,1,28.615859985351577,1818
DAP3,-80.53803537247029,752,-109.13866029901708,752,28.600624926546786,1819
RIC8A,-86.0129295680834,460,-114.6015312526537,460,28.588601684570307,1820
RCN3,-54.01176766121741,101,-82.54533106737797,101,28.53356340616056,1821
CTRB2,-117.99695587158205,1,-146.4879608154297,1,28.491004943847642,1822
TRAP1,-54.13975780468269,406,-82.61886042327129,406,28.4791026185886,1823
BECN1,-74.2669979249877,667,-102.73908669444575,667,28.47208876945804,1824
KLHL17,-104.56370803288051,56,-132.9889271599906,56,28.425219127110083,1825
KCNS3,-112.43595214918548,408,-140.85636567134483,408,28.42041352215935,1826
BCL2L11,-76.68938052180872,277,-105.10349708860102,277,28.414116566792302,1827
DOC2A,-116.53628471374512,100,-144.94702545166015,100,28.410740737915035,1828
GRHL1,-101.29996962903657,281,-129.70600084732436,281,28.406031218287794,1829
TBX6,-53.67823069804424,37,-82.02992269155142,37,28.35169199350718,1830
PRKD2,-80.45318560166793,352,-108.77697147022594,352,28.32378586855802,1831
MOGAT2,-148.21507263183594,1,-176.51341247558594,1,28.29833984375,1832
LMBR1L,-42.34496033243287,231,-70.63340802213331,231,28.28844768970044,1833
FAM181B,-81.04707336425781,1,-109.31849670410156,1,28.27142333984375,1834
LINC01348,-110.83754094441731,6,-139.02707163492838,6,28.189530690511063,1835
GCSH,-72.35191317041304,677,-100.48585380655624,677,28.133940636143194,1836
SDSL,-103.47633974539801,193,-131.60035843923302,193,28.124018693835012,1837
WDR59,-99.62052041205807,276,-127.74448192983434,276,28.123961517776266,1838
WASF2,-43.58072200535576,1035,-71.67900301431112,1035,28.09828100895536,1839
CHMP6,-70.6571588313326,376,-98.73324988750701,376,28.07609105617442,1840
CCDC106,-66.36643140925918,215,-94.43960053199946,215,28.073169122740282,1841
CERS5,-54.08274670555478,210,-82.15524553571429,210,28.072498830159503,1842
MUC1,-78.28850343787812,2008,-106.3609795741351,2008,28.07247613625698,1843
WDR18,-61.546395233551486,461,-89.61784288319487,461,28.071447649643382,1844
DPY30,-60.101281635448025,1469,-88.15716895511801,1469,28.055887319669985,1845
FAAP24,-45.449385382912375,44,-73.49231997403231,44,28.042934591119938,1846
SH2B3,-72.57164464932735,107,-100.57891546231563,107,28.00727081298828,1847
ADGRG5,-115.61378479003906,4,-143.5945281982422,4,27.980743408203125,1848
FZD4,-72.35545430864606,28,-100.33377238682338,28,27.978318078177324,1849
CLP1,-125.82757535188094,92,-153.80515969317892,92,27.977584341297984,1850
INTS3,-54.97149825244217,322,-82.91886920810487,322,27.9473709556627,1851
RPS6KA1,-58.71519306083661,423,-86.63670125469812,423,27.921508193861513,1852
ACLY,-63.66156379849303,510,-91.56716295130113,510,27.9055991528081,1853
SAFB,-92.9560127425612,456,-120.80300486715217,456,27.84699212459097,1854
GNG12,-78.42344082919034,550,-106.27035461425781,550,27.84691378506747,1855
SH3BGRL3,-111.93000228299856,1678,-139.7662277494483,1678,27.836225466449733,1856
RASSF7,-74.15615283083838,1228,-101.973923052561,1228,27.817770221722625,1857
HEATR3,-51.500212949865,68,-79.29753348406624,68,27.797320534201233,1858
CARM1,-69.56213409997827,319,-97.3392482506444,319,27.777114150666137,1859
TBC1D3L,-102.0475902557373,4,-129.8144416809082,4,27.7668514251709,1860
ALPK3,-76.11506288443039,134,-103.8718787805358,134,27.756815896105408,1861
RSF1,-64.43120810317993,1000,-92.15713469696045,1000,27.725926593780528,1862
NEURL3,-89.58767852783203,10,-117.23204727172852,10,27.644368743896493,1863
SRSF1,-61.83659653685409,876,-89.46339197028173,876,27.626795433427645,1864
LINC00642,-93.51190294538226,7,-121.13088553292411,7,27.61898258754185,1865
DMWD,-68.54824588173314,247,-96.16596419608545,247,27.617718314352317,1866
NANOS1,-92.05743990446392,38,-119.67020657188014,38,27.612766667416224,1867
MIR210HG,-81.78493338956962,223,-109.38744015543985,223,27.60250676587023,1868
SRGAP2,-85.91971281300421,184,-113.50474498582923,184,27.585032172825024,1869
RHOF,-115.3818528548531,368,-142.95540780606478,368,27.57355495121169,1870
NT5C,-45.73958744975807,885,-73.29755435232389,885,27.557966902565816,1871
IL17C,-79.4269847869873,8,-106.91739273071289,8,27.490407943725586,1872
B3GALNT2,-44.858884940276276,148,-72.32833991179595,148,27.469454971519674,1873
CDK18,-95.68880653381348,220,-123.1342046217485,220,27.44539808793502,1874
CDK4,-84.8522665056501,875,-112.29653644670759,875,27.444269941057485,1875
ARL3,-50.61246627545577,757,-78.04885656641528,757,27.43639029095951,1876
CSK,-100.79953952936026,208,-128.22999752484836,208,27.430457995488098,1877
ABR,-78.64343159669524,314,-106.0686254319112,314,27.425193835215964,1878
ISLR,-110.65298767089844,10,-138.0610122680664,10,27.408024597167966,1879
ACOX1,-49.90212794393301,512,-77.30462557077408,512,27.40249762684107,1880
NR1D1,-64.18644489833287,175,-91.54049425397601,175,27.35404935564314,1881
UNC5B,-84.4156996011734,64,-111.761061668396,64,27.345362067222595,1882
TMEM254,-74.74544346586187,235,-102.08793841422872,235,27.34249494836685,1883
LRFN4,-60.40569140216497,127,-87.72713752806656,127,27.321446125901595,1884
TAF5,-53.02395646468453,69,-80.34342691172724,69,27.319470447042704,1885
MMS19,-78.50418236773947,230,-105.80727834286897,230,27.303095975129494,1886
ZNF600,-77.3336623834104,98,-104.63185765791913,98,27.29819527450873,1887
SYCE1,-117.92480773925782,5,-145.2009246826172,5,27.276116943359384,1888
CPSF7,-53.193629528892394,437,-80.46756749622337,437,27.273937967330973,1889
MLEC,-58.044291232299805,1250,-85.31608420410156,1250,27.27179297180175,1890
ANGPTL4,-72.46328069601849,157,-99.68183699686816,157,27.21855630084967,1891
AKR7A2,-87.95091386510236,884,-115.13615225019498,884,27.185238385092617,1892
CBFB,-49.49196430187129,398,-76.6571307541737,398,27.165166452302415,1893
DCAF15,-57.55686490040905,159,-84.71840461395071,159,27.161539713541657,1894
FSD1,-57.720611572265625,2,-84.84181594848633,2,27.121204376220703,1895
SLC38A10,-47.637861933982386,713,-74.74086578497545,713,27.10300385099307,1896
LMNB2,-66.61592043834517,249,-93.714526256883,249,27.098605818537834,1897
POLR2E,-40.666816268002606,1213,-67.7404708673614,1213,27.07365459935879,1898
PYCARD-AS1,-102.45639306794173,159,-129.48813749109425,159,27.031744423152517,1899
RILPL1,-77.86749180385044,105,-104.88544703892299,105,27.01795523507255,1900
RSAD1,-49.16897450897085,231,-76.17758003664223,231,27.008605527671378,1901
ROGDI,-96.48018139772788,589,-123.4802017989102,589,27.000020401182326,1902
P2RX5,-74.87085723876953,2,-101.87031173706055,2,26.999454498291016,1903
VSIG8,-137.10817294650607,18,-164.10134802924262,18,26.993175082736542,1904
RGS11,-65.155102000517,17,-92.1423936731675,17,26.9872916726505,1905
KIF3C,-81.12130765561704,54,-108.10559322215893,54,26.984285566541885,1906
DNAJB12,-55.701868589443976,491,-82.65946310940683,491,26.957594519962853,1907
JMJD6,-51.839659966981614,411,-78.75965213079522,411,26.919992163813603,1908
TEX261,-53.77714593239662,321,-80.66910902362004,321,26.891963091223417,1909
SLCO3A1,-105.77092548158026,521,-132.6623290312725,521,26.891403549692228,1910
PPP1R27,-70.07392925686307,36,-96.96360291375055,36,26.88967365688748,1911
PAGR1,-106.79184502821703,52,-133.6773446890024,52,26.885499660785385,1912
CELF1,-56.92670302531298,1088,-83.81075439733617,1088,26.884051372023187,1913
CTTN,-57.73540734849218,1085,-84.59713952552339,1085,26.861732177031207,1914
ATP6V1B1,-104.01572608947754,20,-130.83703155517577,20,26.82130546569823,1915
SYNE3,-73.14515674648,67,-99.93818880906746,67,26.793032062587457,1916
VPS33A,-43.25242012991032,142,-70.03971658626072,142,26.787296456350404,1917
ALG1,-84.46803748089334,230,-111.25273132324219,230,26.784693842348844,1918
TSPAN11,-95.37707196749173,26,-122.1568958575909,26,26.779823890099166,1919
ZNF541,-57.89677810668945,3,-84.67087300618489,3,26.774094899495438,1920
LMTK3,-53.8259786161265,133,-80.58955291518592,133,26.76357429905942,1921
PSMD4,-44.67627377488097,1085,-71.41052930278163,1085,26.734255527900658,1922
HAUS4,-43.158465677897134,225,-69.89144585503472,225,26.732980177137584,1923
RUNDC1,-76.10760186691522,321,-102.83902096376984,321,26.731419096854623,1924
LDHA,-49.43711734105936,1822,-76.15066426985874,1822,26.713546928799374,1925
TBX2-AS1,-98.01807861328125,10,-124.72678833007812,10,26.708709716796875,1926
TPI1,-68.51541626942978,2021,-95.20041287670863,2021,26.684996607278848,1927
C14orf119,-91.11534517343001,731,-117.79661192678721,731,26.681266753357193,1928
CDK5R1,-79.21278341192948,38,-105.87904759457237,38,26.66626418264289,1929
SOX15,-111.6193354679988,13,-138.27803626427283,13,26.658700796274033,1930
ZMYND12,-84.77311864175087,121,-111.40850123886234,121,26.635382597111473,1931
BOLA2,-93.19989967346191,4,-119.81363868713379,4,26.613739013671875,1932
MAT2A,-88.68599328476205,846,-115.29356844205383,846,26.607575157291777,1933
KLK2,-116.4963150024414,1,-143.06455993652344,1,26.56824493408203,1934
SLC48A1,-121.27480207907188,296,-147.83734115394387,296,26.562539074871992,1935
AGAP2-AS1,-100.47837003072102,84,-127.02799406505767,84,26.549624034336645,1936
FBLN7,-64.64795659935993,46,-91.15322013523267,46,26.505263535872743,1937
AACS,-71.95453638018984,264,-98.40819416624127,264,26.453657786051437,1938
PTPN18,-104.36137617295283,487,-130.8110056883011,487,26.449629515348263,1939
COL9A2,-79.21582002861555,215,-105.64150695800781,215,26.425686929392256,1940
RAD9A,-40.566846286549286,357,-66.97080670952462,357,26.403960422975338,1941
CES2,-80.68961098817017,444,-107.09011720537066,444,26.400506217200487,1942
REM2,-103.11997814567722,49,-129.48886139538823,49,26.368883249711004,1943
WDTC1,-68.95301648885896,404,-95.3199242506877,404,26.36690776182874,1944
TCF7L2,-124.85021059376979,543,-151.2111231345498,543,26.36091254078002,1945
CKLF-CMTM1,-59.83192825317383,1,-86.18940734863281,1,26.357479095458984,1946
CCDC42,-75.1588363647461,1,-101.5121612548828,1,26.353324890136705,1947
DBNDD1,-65.49300843432434,133,-91.82993425641742,133,26.33692582209308,1948
CDC42SE1,-48.09035281163112,628,-74.42517355900661,628,26.33482074737549,1949
CRAMP1,-68.93398373143202,147,-95.26355297062673,147,26.32956923919471,1950
HTR1D,-53.147955894470215,4,-79.47588539123535,4,26.327929496765137,1951
POLRMT,-57.25733674339982,233,-83.56136845928405,233,26.304031715884236,1952
CDKL4,-117.71386425311749,13,-144.00785006009616,13,26.293985806978668,1953
SLFN5,-73.05763460759063,706,-99.34901081333754,706,26.291376205746914,1954
RNFT1,-45.146434308845045,273,-71.42360147888407,273,26.27716717003902,1955
GCKR,-87.76620483398438,6,-114.00105412801106,6,26.234849294026688,1956
C19orf44,-45.38480701446533,60,-71.61027437845866,60,26.225467363993324,1957
SARM1,-102.2829050823925,123,-128.4951398275732,123,26.21223474518071,1958
FHOD3,-88.31399146877989,49,-114.4929674109634,49,26.178975942183513,1959
KNOP1,-50.04566462400829,403,-76.21523822566712,403,26.169573601658833,1960
CTU2,-78.40487053280785,147,-104.5300386908914,147,26.125168158083554,1961
ATP13A2,-85.16761928824491,215,-111.29132296540017,215,26.123703677155262,1962
DDX39A,-41.86715025384742,415,-67.98917855871728,415,26.122028304869865,1963
PTPRJ,-75.25366789499918,240,-101.3673457145691,240,26.113677819569915,1964
RAB3A,-82.52892499092297,78,-108.63369750976562,78,26.10477251884265,1965
TMEM107,-61.860301371153234,394,-87.94215532486814,394,26.081853953714905,1966
HECTD3,-92.49051885043873,136,-118.55136125227985,136,26.060842401841114,1967
LPGAT1,-68.63746871200263,408,-94.679827746223,408,26.042359034220368,1968
RAP1GAP2,-54.12143871307373,100,-80.1548858642578,100,26.033447151184077,1969
MAP7D1,-71.20049060474743,572,-97.19336169582981,572,25.992871091082378,1970
PNPO,-56.34872203055627,183,-82.33977925451727,183,25.991057223961,1971
DCAF4,-77.73991934101234,89,-103.72923501689782,89,25.98931567588548,1972
AARSD1,-48.018467794145856,140,-74.00569098336356,140,25.98722318921771,1973
SLC35G6,-67.83232879638672,1,-93.8188934326172,1,25.986564636230483,1974
SYT6,-86.45294443766277,18,-112.41194110446506,18,25.958996666802292,1975
NLGN2,-87.03951568603516,45,-112.97583685980902,45,25.936321173773862,1976
RLF,-47.92287262873863,268,-73.85496893925453,268,25.932096310515902,1977
UBE2G1,-42.14089450430363,470,-68.06563063276575,470,25.924736128462115,1978
EXOSC1,-43.32963722520839,549,-69.24250291779175,549,25.912865692583367,1979
KLHL11,-101.21205291748046,5,-127.09336395263672,5,25.88131103515626,1980
TULP2,-57.08706283569336,1,-82.96060180664062,1,25.873538970947266,1981
PPP6R1,-39.99481794047238,406,-65.86628056981881,406,25.871462629346432,1982
ZNF71,-109.10627615040747,58,-134.96191695640826,58,25.855640806000793,1983
FLYWCH2,-58.09590148925781,413,-83.95037228489615,413,25.854470795638335,1984
C19orf12,-84.14608508812454,167,-109.98741985937792,167,25.841334771253386,1985
COQ6,-49.02766081971942,212,-74.82191290945377,212,25.79425208973435,1986
ROM1,-99.13223485346441,143,-124.92577239350005,143,25.793537540035643,1987
GNGT2,-66.10610961914062,15,-91.89214223225912,15,25.786032613118493,1988
RAB11FIP5,-86.38207366360221,157,-112.16290992688222,157,25.78083626328001,1989
HMOX2,-51.538992764327325,609,-77.31308190106171,609,25.774089136734382,1990
FOXJ1,-87.84102687524471,429,-113.60710940772282,429,25.76608253247811,1991
CELF5,-58.810829162597656,9,-84.5721452501085,9,25.76131608751085,1992
INTS4,-37.48661221644675,129,-63.22353853920634,129,25.736926322759587,1993
ZNF480,-54.78115198016167,256,-80.51003700494766,256,25.728885024785995,1994
SRCAP,-47.96057429680457,52,-73.684418458205,52,25.72384416140043,1995
MAPKAPK5-AS1,-56.82719714661495,359,-82.54053444184964,359,25.713337295234695,1996
GOSR1,-110.95522327254304,565,-136.64137816302545,565,25.686154890482413,1997
CTBP2,-77.58980830265925,715,-103.27019012024353,715,25.680381817584276,1998
CYP26A1,-87.71881294250488,4,-113.37440299987793,4,25.655590057373047,1999
SIGLEC15,-118.0350808037652,9,-143.6889173719618,9,25.653836568196596,2000
RNASEH2C,-55.862030332451624,1057,-81.49874389273103,1057,25.636713560279404,2001
USP48,-39.40683340647864,441,-65.02373982989599,441,25.616906423417348,2002
NSL1,-62.271192873027964,426,-87.88637281247708,426,25.615179939449114,2003
PPAN,-97.1459237584528,212,-122.72518276718428,212,25.579259008731484,2004
USP1,-52.50362174651202,544,-78.07692423988792,544,25.5733024933759,2005
BTBD6,-95.31220165412583,334,-120.80100828159355,334,25.488806627467724,2006
AQR,-71.12608735457711,276,-96.60712800509688,276,25.481040650519773,2007
PAPLN,-85.55794750560413,44,-111.03895048661666,44,25.481002981012523,2008
TMEM88B,-83.03947448730469,1,-108.51470947265624,1,25.47523498535155,2009
RFX1,-51.1881438551278,290,-76.65912517679149,290,25.470981321663693,2010
SPRR1B,-115.5484887147561,78,-141.0126714461889,78,25.4641827314328,2011
SLC13A2,-109.2047799428304,24,-134.64466444651285,24,25.43988450368245,2012
EMC6,-61.246095624813904,938,-86.68526365202881,938,25.439168027214905,2013
ZNF385A,-104.92023582101983,107,-130.34529976532838,107,25.425063944308548,2014
TFCP2L1,-79.14814799099682,374,-104.57166934905842,374,25.423521358061606,2015
DRAXIN,-87.8014653523763,6,-113.2243258158366,6,25.422860463460296,2016
SPOP,-49.66119444970371,735,-75.06067853655134,735,25.39948408684763,2017
GSTM1,-85.68959426879883,2,-111.07433700561523,2,25.384742736816406,2018
TMEM221,-69.14152145385742,2,-94.49010467529297,2,25.348583221435547,2019
MRPL10,-63.90453099538228,501,-89.24935992273267,501,25.344828927350385,2020
ENKD1,-122.33176410981338,274,-147.62805159074546,274,25.29628748093208,2021
PDPK1,-58.974988108802286,587,-84.24371365184881,587,25.26872554304652,2022
MYCNOS,-108.96605682373048,1,-134.2273406982422,1,25.261283874511705,2023
VAMP5,-69.45083804571608,573,-94.66339358983863,573,25.21255554412255,2024
FIBP,-74.79314705693228,822,-99.98485621802708,822,25.191709161094792,2025
HYOU1,-70.75281718206266,339,-95.94384637343146,339,25.1910291913688,2026
NDUFB7,-58.454077998605136,1863,-83.6185507863936,1863,25.164472787788462,2027
SNF8,-56.017932618281755,1004,-81.17028199913968,1004,25.15234938085792,2028
SLC29A3,-59.67036355336507,60,-84.80815760294597,60,25.137794049580897,2029
PPIF,-92.0404237002061,407,-117.16969132481981,407,25.129267624613703,2030
FAHD1,-76.52035569796597,274,-101.643315503197,274,25.122959805231034,2031
SH2B1,-97.81240832616412,315,-122.93016025603764,315,25.11775192987352,2032
CAPZB,-44.47315314617879,1347,-69.57524531420373,1347,25.10209216802494,2033
SLAMF8,-132.84619674682617,20,-157.90924987792968,20,25.063053131103516,2034
ZNF276,-65.38083534425007,207,-90.41123151548818,207,25.03039617123811,2035
MIER2,-69.09720401909514,131,-94.11109237088502,131,25.013888351789873,2036
CYS1,-59.29539385708895,44,-84.29785745794123,44,25.00246360085228,2037
P2RX5-TAX1BP3,-71.99297841389973,3,-96.98684438069661,3,24.993865966796875,2038
PNP,-77.8583540882138,417,-102.83573948336448,417,24.977385395150677,2039
C1orf159,-74.31263169297227,111,-99.23887593037374,111,24.926244237401463,2040
TYSND1,-62.97011231982018,242,-87.87591376186403,242,24.905801442043845,2041
HNRNPF,-50.497796871461404,1354,-75.38387436070857,1354,24.88607748924717,2042
RASGRP2,-95.19019864400228,60,-120.07320938110351,60,24.88301073710123,2043
ZBTB18,-86.99690726878111,386,-111.8382783603174,386,24.84137109153629,2044
NOVA1,-83.8594807539836,303,-108.69367286002282,303,24.83419210603921,2045
ZNF526,-63.36872127321031,72,-88.19358656141493,72,24.82486528820462,2046
ZNF790,-68.31721143722534,80,-93.13663110733032,80,24.819419670104978,2047
ZNF750,-85.66188496226546,239,-110.47706706154796,239,24.815182099282495,2048
DCPS,-50.544434840284936,254,-75.34484142393578,254,24.80040658365084,2049
CCND1,-81.26547925092638,1187,-106.06301204999556,1187,24.797532799069188,2050
XKR8,-93.93732699439639,105,-118.71719847179594,105,24.779871477399553,2051
EFR3B,-63.06427401588077,42,-87.82991518293109,42,24.76564116705032,2052
SGPP1,-57.74034129983128,202,-82.50028338290677,202,24.759942083075494,2053
MRPL45,-51.09538490250266,507,-75.84279495630508,507,24.747410053802426,2054
ZNF525,-74.76265258789063,35,-99.49439871651786,35,24.731746128627236,2055
SMIM24,-101.06199951171875,5,-125.78903503417969,5,24.727035522460938,2056
RPS6KB2,-41.6541520324062,757,-66.35491658642869,757,24.700764554022484,2057
HSPG2,-79.35992782180374,481,-104.04789752920551,481,24.687969707401777,2058
C19orf38,-89.82230667840867,21,-114.50652967180524,21,24.684222993396574,2059
KANSL1,-59.91421790578257,597,-84.5842438766505,597,24.670025970867933,2060
SLC45A1,-95.06133270263672,16,-119.69549655914307,16,24.634163856506348,2061
TSSK3,-66.79562886555989,6,-91.41209030151367,6,24.61646143595378,2062
SKI,-71.15992082868304,448,-95.77137558800834,448,24.611454759325298,2063
PYGO2,-114.65529668433035,234,-139.22325049506293,234,24.567953810732575,2064
TVP23A,-68.93467140197754,4,-93.43051147460938,4,24.495840072631836,2065
RAB3D,-66.7996860443873,443,-91.29455018743167,443,24.494864143044367,2066
GRWD1,-88.51246476711187,266,-112.9910658069123,266,24.478601039800438,2067
CSRP1,-80.38793084846832,751,-104.86327451459577,751,24.475343666127458,2068
ZBTB39,-109.92785331530449,39,-134.39342361841446,39,24.46557030310997,2069
EXOSC5,-102.49801832218235,299,-126.92981668937963,299,24.43179836719729,2070
PCSK4,-64.87498582493176,88,-89.27923636002974,88,24.404250535097987,2071
CYTH1,-70.60726954782609,556,-94.93594504431854,556,24.32867549649245,2072
GPR157,-89.6172098869825,137,-113.92424284106623,137,24.307032954083738,2073
CHFR,-52.185664505986445,171,-76.49188625045687,171,24.306221744470427,2074
SPC24,-53.4473934173584,22,-77.74894679676403,22,24.301553379405632,2075
GLTPD2,-53.30799221992493,16,-77.60703182220459,16,24.299039602279663,2076
ZNF763,-92.32855606079102,20,-116.60500564575196,20,24.276449584960943,2077
GOSR2,-95.24500223030721,266,-119.50676406057258,266,24.26176183026537,2078
C19orf53,-54.86294626760873,1835,-79.10662810198292,1835,24.243681834374193,2079
RHBG,-66.15758260091145,3,-90.38967641194661,3,24.232093811035156,2080
USP5,-70.9244739265199,314,-95.15058536894003,314,24.226111442420134,2081
TARS2,-66.97247586007846,177,-91.18945924575719,177,24.21698338567873,2082
KCNC4,-84.24396792325106,33,-108.44739324396306,33,24.203425320712,2083
P3H4,-82.51212962382549,185,-106.68914572226035,185,24.177016098434862,2084
IRF3,-88.91774252958076,602,-113.09142520182156,602,24.1736826722408,2085
TIMM13,-83.88537596147471,1517,-108.05236779189691,1517,24.166991830422205,2086
ZMYM2,-101.90532086638787,494,-126.0697887899422,494,24.164467923554326,2087
RIMS3,-67.00238418579102,22,-91.16549439863725,22,24.163110212846235,2088
LINC01127,-88.19900894165039,2,-112.36041259765624,2,24.161403656005845,2089
CORO1B,-55.0871113844199,882,-79.24170752285289,882,24.154596138432993,2090
ESRRA,-87.9919469795975,510,-112.08698404349533,510,24.095037063897834,2091
BET1L,-72.64049663878323,399,-96.73020164470624,399,24.08970500592301,2092
CEBPZ,-92.34038567425966,611,-116.42997648048713,611,24.089590806227463,2093
MYO18A,-84.5308242210975,26,-108.61300130990836,26,24.08217708881085,2094
ARHGEF10L,-83.16880208065635,190,-107.24401261179071,190,24.07521053113436,2095
SDHB,-50.5371686525994,764,-74.60279627495412,764,24.065627622354718,2096
UBALD1,-82.15745083902785,386,-106.21607728078575,386,24.05862644175791,2097
ABHD17A,-50.62934723032387,578,-74.68311733523042,578,24.053770104906548,2098
SPG7,-96.29780772516497,602,-120.34252995589247,602,24.0447222307275,2099
PHACTR4,-47.91256974019161,588,-71.93984568848902,588,24.027275948297408,2100
C16orf95,-94.46997022628784,32,-118.44080233573914,32,23.970832109451294,2101
OTOF,-100.23123931884766,1,-124.1948013305664,1,23.96356201171875,2102
CCDC43,-55.074789991184154,392,-78.98296445729781,392,23.908174466113657,2103
PALM3,-71.6706936323463,199,-95.57433575960859,199,23.903642127262287,2104
LEMD1,-96.60699975202625,207,-120.51034973439387,207,23.903349982367615,2105
TMED2,-44.85297060393818,1627,-68.73275887196827,1627,23.87978826803009,2106
MCM6,-45.65819669843794,111,-69.53506119186814,111,23.876864493430197,2107
HAPLN4,-99.75589752197266,1,-123.62776947021484,1,23.871871948242188,2108
LYSMD1,-70.39502302266784,59,-94.21467473951436,59,23.819651716846522,2109
KLK13,-104.21477666394463,29,-128.02649872878501,29,23.81172206484038,2110
TPCN1,-49.94857352684284,290,-73.75595682078395,290,23.807383293941108,2111
COG2,-91.17856297966178,262,-114.98303752637092,262,23.804474546709145,2112
EIF4A3,-58.114152244013596,936,-81.90613759684767,936,23.791985352834075,2113
RAD23A,-72.03438976687089,1309,-95.81594893511604,1309,23.781559168245153,2114
SRPRA,-69.28141157191803,597,-93.0386833305934,597,23.757271758675373,2115
PRCC,-89.35366723892537,517,-113.10572494713435,517,23.75205770820898,2116
CCT3,-71.21627230090563,1111,-94.94383233565667,1111,23.727560034751036,2117
APLNR,-93.0115852355957,2,-116.73119735717773,2,23.71961212158203,2118
POU6F1,-92.06948343912761,27,-115.75877549913194,27,23.689292060004334,2119
FARP1,-65.7599470301406,691,-89.4472946741129,691,23.687347643972302,2120
CTNS,-56.62350017923704,71,-80.29863932434942,71,23.675139145112382,2121
PAK4,-63.31219563027272,407,-86.98653964855747,407,23.67434401828475,2122
MANEAL,-60.69865502929687,125,-84.35288159179687,125,23.6542265625,2123
TDRD9,-73.48207201276507,7,-97.08642469133649,7,23.604352678571416,2124
LTBP2,-74.76669216156006,32,-98.33329606056213,32,23.566603899002075,2125
PLEKHA6,-77.13918257493239,130,-100.70293796245869,130,23.5637553875263,2126
NIT1,-35.471605641881844,358,-59.033820019087976,358,23.562214377206132,2127
PPP4R3A,-49.96039098064167,641,-73.52094717516728,641,23.56055619452561,2128
PML,-86.79679866036969,334,-110.34092545652103,334,23.544126796151346,2129
ITPRIPL2,-54.39846275195067,397,-77.93677945461322,397,23.53831670266255,2130
SEMA4C,-59.077663301887,223,-82.61229185780067,223,23.53462855591367,2131
IGHGP,-118.35451889038086,16,-141.88078689575195,16,23.526268005371094,2132
SLC39A1,-70.34334920569312,790,-93.8537720595734,790,23.510422853880286,2133
PARG,-103.47343032552588,161,-126.96662812795698,161,23.493197802431098,2134
ATP2A1,-113.82097434997559,4,-137.30592346191406,4,23.484949111938477,2135
CEP131,-54.643960571289064,175,-78.11456874302455,175,23.470608171735485,2136
PBX4,-74.28232636998911,61,-97.7518575699603,61,23.469531199971186,2137
MIEF2,-57.626487178656895,131,-81.07489310694105,131,23.448405928284153,2138
KCNG3,-66.3443998448989,17,-89.78688273710362,17,23.442482892204723,2139
PAM16,-91.18159690270058,52,-114.61114780719464,52,23.429550904494064,2140
POLR3K,-57.72110772220851,542,-81.14954545137188,542,23.42843772916337,2141
CCDC33,-104.07519394604128,67,-127.49539537572149,67,23.420201429680205,2142
MBOAT2,-81.51850455826249,482,-104.92123707498257,482,23.40273251672008,2143
MED1,-56.73147116161528,420,-80.10953000386556,420,23.378058842250276,2144
BAMBI,-73.64865914428343,331,-96.99103919544969,331,23.34238005116626,2145
CEP89,-46.182701800731905,282,-69.51211877917567,282,23.32941697844376,2146
SLC6A17,-81.64443969726562,1,-104.9687271118164,1,23.32428741455078,2147
LIN7B,-67.76441912651062,160,-91.0850350856781,160,23.320615959167483,2148
ABHD8,-100.51177208576728,218,-123.82960646743075,218,23.317834381663474,2149
PIK3R6,-144.27591705322266,2,-167.56143951416016,2,23.2855224609375,2150
CAMSAP2,-69.28075177741773,297,-92.5485067399664,297,23.267754962548665,2151
PPP1R14A,-53.793031454086304,32,-77.05087113380432,32,23.257839679718018,2152
MAU2,-53.62249758336451,308,-76.86004680782169,308,23.237549224457176,2153
TMEM234,-71.73291918835832,223,-94.96684887804793,223,23.233929689689603,2154
CWF19L1,-66.04334354400635,92,-89.2584228515625,92,23.215079307556152,2155
SLC16A7,-107.15921649793638,274,-130.3696798338507,274,23.210463335914326,2156
PGAM1,-51.76788600696409,1084,-74.96271601462276,1084,23.194830007658666,2157
TMEM167B,-66.56741944613032,426,-89.74830745643294,426,23.180888010302624,2158
VTI1B,-45.54454497390792,1017,-68.71941419243227,1017,23.17486921852435,2159
ZFP1,-77.1690693446568,35,-100.33822828020368,35,23.169158935546875,2160
SNRNP40,-66.8556041148943,369,-90.02322030002831,369,23.16761618513401,2161
CENPL,-78.22122806202282,220,-101.37774016640402,220,23.156512104381207,2162
PLBD2,-76.86498155422554,167,-100.00041641874941,167,23.135434864523873,2163
ATXN7L3,-64.7226263710816,221,-87.84648163394151,221,23.123855262859905,2164
AP4B1,-63.311333254159216,83,-86.42334021143166,83,23.11200695727245,2165
PDE6G,-76.13695526123047,15,-99.24658762613932,15,23.109632364908848,2166
ITGB3BP,-67.99851581470386,370,-91.07585931726405,370,23.077343502560183,2167
C1orf216,-62.16915886218731,52,-85.24312210083008,52,23.07396323864277,2168
DNAJC4,-63.972618809629594,799,-87.03905232110817,799,23.06643351147858,2169
S100A13,-82.55802104629089,1819,-105.58978190534779,1819,23.031760859056902,2170
ANKRD23,-72.22843501878822,23,-95.26009368896484,23,23.031658670176625,2171
COPZ1,-95.24354310222368,1124,-118.26806425454353,1124,23.02452115231985,2172
EMX1,-73.99287414550781,2,-97.01526260375977,2,23.022388458251953,2173
MAP3K10,-56.79297826376306,83,-79.76919895769602,83,22.97622069393296,2174
ELAVL3,-99.46143395560128,14,-122.43216160365513,14,22.970727648053852,2175
ASB7,-64.7349196089075,94,-87.70262511233067,94,22.96770550342316,2176
SNTB2,-66.65620841673169,373,-89.60096669133164,373,22.94475827459995,2177
VHLL,-78.33248901367188,1,-101.2574691772461,1,22.92498016357422,2178
LEPROT,-91.21477620389449,955,-114.1029561067751,955,22.88817990288061,2179
CD320,-54.084148277541594,501,-76.96839651994839,501,22.88424824240679,2180
EPOR,-72.02358901548577,249,-94.88450043459973,249,22.86091141911396,2181
TACR1,-92.78541056315105,12,-115.61998112996419,12,22.83457056681314,2182
PLEKHA7,-73.43785368877909,92,-96.26951101551886,92,22.831657326739773,2183
OXA1L,-65.52515840204114,1023,-88.35548940828235,1023,22.83033100624121,2184
S1PR5,-82.65790875752766,24,-105.48359489440918,24,22.825686136881515,2185
SNAP47,-68.06843145270096,304,-90.87871267921047,304,22.810281226509503,2186
TNKS1BP1,-106.92791015337099,530,-129.7042760741036,530,22.776365920732616,2187
PADI1,-119.89410099230315,38,-142.66675045615747,38,22.77264946385432,2188
NDUFB10,-101.74527996336704,1646,-124.5174913047151,1646,22.772211341348054,2189
CD27,-128.84070671929254,18,-151.6119096544054,18,22.771202935112854,2190
RAB5C,-71.26293850019516,1281,-94.02967622445767,1281,22.766737724262512,2191
ATN1,-122.34053509051984,598,-145.1057943133606,598,22.76525922284077,2192
FLAD1,-59.70356061903097,354,-82.46725095328638,354,22.763690334255415,2193
KLK1,-100.8864242553711,10,-123.63740692138671,10,22.750982666015616,2194
SF3A2,-62.396380529134625,319,-85.08961943623414,319,22.69323890709952,2195
FAM72D,-109.58118438720703,3,-132.26790873209634,3,22.686724344889313,2196
MED18,-56.273460388183594,75,-78.95914357503256,75,22.685683186848962,2197
OTUB1,-51.08705819082833,749,-73.76188712635728,749,22.67482893552895,2198
PLEKHM1,-55.11301613403672,347,-77.76487283404347,347,22.651856700006753,2199
ABLIM1,-98.90638378090011,501,-121.55445376032603,501,22.648069979425912,2200
ARHGEF19,-102.73186302989848,237,-125.37034896657437,237,22.63848593667589,2201
NEK8,-101.44836643449855,347,-124.08561884635463,347,22.637252411856082,2202
FLYWCH1,-49.76591447194417,180,-72.38305583530003,180,22.617141363355856,2203
MAP3K14-AS1,-102.08308821458083,13,-124.62088893010066,13,22.537800715519836,2204
ZBTB17,-71.88615578099301,171,-94.42298608077199,171,22.536830299778984,2205
CRISPLD2,-70.74985965929534,38,-93.2526152761359,38,22.50275561684056,2206
MTOR,-60.04803281450002,177,-82.54455682786845,177,22.49652401336843,2207
FBXW8,-78.4482795715332,100,-100.93829406738281,100,22.490014495849607,2208
DTX3,-115.51236840450403,231,-137.98687889462425,231,22.474510490120224,2209
DSC3,-103.24943923950195,2,-125.68588638305664,2,22.436447143554688,2210
VN1R1,-86.0801773071289,3,-108.51184336344399,3,22.43166605631508,2211
SLC9C2,-159.91308038884944,11,-182.3385536887429,11,22.42547329989347,2212
ARL8A,-54.71401095295332,502,-77.11842697265139,502,22.40441601969807,2213
ZSWIM8,-56.09861989946508,335,-78.49431241163568,335,22.395692512170598,2214
DEGS2,-82.04546737670898,282,-104.43839488469118,282,22.392927507982193,2215
CACNG6,-140.71013330530238,54,-163.0961939493815,54,22.386060644079123,2216
BSND,-94.6059799194336,1,-116.96380615234376,1,22.35782623291017,2217
JSRP1,-111.47210468965419,17,-133.80792326085708,17,22.335818571202893,2218
CLCN7,-47.874432480126096,342,-70.1835309748064,342,22.309098494680306,2219
HSPB6,-67.35213775634766,5,-89.65731658935547,5,22.305178833007815,2220
GPX2,-111.64554451451157,132,-133.93058932911265,132,22.28504481460108,2221
PIAS4,-46.92732248897046,226,-69.19013511185098,226,22.262812622880517,2222
MINK1,-55.19374223681988,211,-77.44404587587474,211,22.250303639054856,2223
PTGES3L,-70.36936442057292,6,-92.61408233642578,6,22.24471791585286,2224
FRMD5,-65.79101648870504,53,-88.01956623005417,53,22.228549741349127,2225
RPS27L,-63.322154528969214,1900,-85.5048053741455,1900,22.18265084517629,2226
MCF2L-AS1,-92.04659776563769,77,-114.19788856010932,77,22.151290794471635,2227
DNAJC7,-73.07090868405446,797,-95.20501610386177,797,22.134107419807307,2228
SYT13,-111.72497177124023,2,-133.84828186035156,2,22.123310089111328,2229
LRFN3,-139.48251521333734,94,-161.60081676726645,94,22.118301553929115,2230
HOXB13,-108.90283966064453,3,-131.01522827148438,3,22.112388610839844,2231
GLP2R,-102.2482452392578,1,-124.33226013183594,1,22.08401489257814,2232
MAP3K9,-66.67085435655382,261,-88.74483867075251,261,22.073984314198697,2233
TSC2,-74.56093065362228,380,-96.6297230971487,380,22.06879244352642,2234
PRR12,-86.82259012858073,165,-108.87207567619555,165,22.04948554761482,2235
QRICH2,-78.07515913440335,31,-100.12392228649509,31,22.048763152091738,2236
TMEM53,-70.5697883472108,399,-92.61302276840783,399,22.043234421197027,2237
SLC43A3,-97.6929517883492,638,-119.73128798912312,638,22.038336200773912,2238
AMPD3,-96.31899923044485,143,-118.35598696195163,143,22.036987731506784,2239
SPEN,-72.50215835070453,457,-94.53777630428256,457,22.035617953578026,2240
SLX1A,-64.60175857543945,20,-86.61186256408692,20,22.010103988647472,2241
AKR1A1,-49.69262165493436,1044,-71.68705099113143,1044,21.994429336197072,2242
ZCCHC8,-52.40872129217371,308,-74.39335129477762,308,21.984630002603907,2243
SYMPK,-72.42685012494104,472,-94.3676858675682,472,21.940835742627158,2244
HECTD4,-70.55686005949974,256,-92.48978033661842,256,21.932920277118683,2245
YPEL2,-93.24958570015863,386,-115.17810355072812,386,21.92851785056949,2246
H6PD,-63.2500911138754,452,-85.16641606693774,452,21.916324953062343,2247
POLA2,-56.433542148486985,74,-78.347501393911,74,21.913959245424017,2248
HSD17B14,-115.59115718138543,331,-137.48524299921226,331,21.894085817826834,2249
ABCA10,-176.8025665283203,12,-198.69317372639975,12,21.890607198079437,2250
PDPR,-55.52817527152396,185,-77.40803511336043,185,21.879859841836463,2251
DCUN1D2,-70.02563690557713,82,-91.8980684978206,82,21.872431592243473,2252
LUC7L3,-38.4248444446672,1303,-60.29720936128934,1303,21.87236491662214,2253
HS3ST2,-90.6757214864095,6,-112.54564921061198,6,21.869927724202483,2254
BMS1,-88.10955796547987,327,-109.97279259917933,327,21.863234633699463,2255
KCNMA1,-126.39663711859255,49,-148.25322583256934,49,21.85658871397679,2256
GSTZ1,-71.17494284853022,376,-93.02573216215093,376,21.85078931362071,2257
TNK1,-83.82633988062541,48,-105.67227172851562,48,21.845931847890213,2258
GCN1,-58.1771652552195,277,-79.99152699274276,277,21.814361737523264,2259
ARHGAP27,-80.43549395622091,423,-102.2296608818902,423,21.794166925669288,2260
MRPS12,-58.92240156271519,936,-80.6874278141902,936,21.765026251475014,2261
MOB1A,-54.40982932087341,837,-76.16650724240101,837,21.756677921527597,2262
RNH1,-46.47392147938746,1422,-68.21932101886819,1422,21.74539953948073,2263
RAB34,-56.896481132158634,1094,-78.63746055170648,1094,21.74097941954785,2264
ADCK1,-45.92234212701971,55,-67.64594254927202,55,21.72360042225231,2265
PALB2,-47.41036275716928,52,-69.13031137906589,52,21.719948621896606,2266
AKNAD1,-73.93011856079102,2,-95.64061737060545,2,21.71049880981444,2267
PLEKHB2,-71.55089191929758,797,-93.25986347653186,797,21.70897155723428,2268
AGMAT,-59.25198887012623,27,-80.95543218542028,27,21.703443315294045,2269
ZSCAN32,-79.71717834472656,62,-101.41342790665165,62,21.696249561925086,2270
RBP7,-61.93124066866361,13,-83.60875232403095,13,21.677511655367333,2271
IL1R2,-137.27874638484076,13,-158.94578434870795,13,21.667037963867188,2272
DUS3L,-45.807641498113085,118,-67.46765537585242,118,21.66001387773933,2273
APOC3,-103.98252868652344,1,-125.60491943359376,1,21.622390747070327,2274
TK1,-52.68302410377,167,-74.28779857886765,167,21.60477447509765,2275
EPHA2,-81.34862217203776,750,-102.94723109944661,750,21.598608927408847,2276
AQP6,-94.60794790167557,19,-116.20584347373561,19,21.59789557206004,2277
USP6,-72.51753997802734,70,-94.11353628976005,70,21.595996311732705,2278
TAF1C,-62.34937691029923,181,-83.92620276351002,181,21.576825853210792,2279
UNC45A,-68.11678314208984,288,-89.68842588530646,288,21.571642743216614,2280
RITA1,-43.02470917203533,335,-64.58849958732947,335,21.563790415294136,2281
NATD1,-63.13809717917929,98,-84.67487996938277,98,21.536782790203482,2282
CDC37,-97.43892240160294,1048,-118.9605889575172,1048,21.521666555914265,2283
RPIA,-97.37553021661166,435,-118.88874513472634,435,21.51321491811467,2284
ZIK1,-116.30161895751954,5,-137.812353515625,5,21.51073455810547,2285
LINC00853,-77.43058670891656,36,-98.93420134650336,36,21.503614637586793,2286
CCNE1,-74.12530581156413,24,-95.62471357981364,24,21.49940776824951,2287
RNF112,-103.42012278238933,3,-124.91531372070312,3,21.495190938313797,2288
REXO1,-53.626175527040125,197,-75.04794629092144,197,21.42177076388132,2289
IGF2BP1,-96.00815200805664,4,-117.41012001037598,4,21.401968002319336,2290
CDK12,-48.93784394390815,565,-70.33309026397436,565,21.395246320066207,2291
CRIPT,-105.8618496539546,612,-127.25397523867538,612,21.392125584720787,2292
DECR2,-70.89819119475608,215,-92.28904447333757,215,21.39085327858149,2293
PABPC4,-58.96938252749449,873,-80.35556641149357,873,21.38618388399908,2294
ITPK1,-47.697444478974084,262,-69.08186381099789,262,21.384419332023803,2295
SNRPA,-80.89806259186224,493,-102.28079743607775,493,21.382734844215506,2296
TGM1,-92.76859148810891,17,-114.14509941549862,17,21.37650792738971,2297
NDUFA7,-81.7376088258937,581,-103.10904708048153,581,21.37143825458783,2298
MOGS,-61.449446788086696,321,-82.7938689947871,321,21.344422206700408,2299
ARPIN,-60.90779281616211,325,-82.23593174861027,325,21.328138932448162,2300
IRX6,-96.33515793649774,95,-117.64941486559417,95,21.31425692909643,2301
PAPSS2,-67.72886486863537,518,-88.99768069351963,518,21.268815824884257,2302
ZNF678,-91.67736887048792,108,-112.94238125836408,108,21.265012387876155,2303
PCGF2,-85.61029684697098,466,-106.87510027905903,466,21.264803432088044,2304
KRT6A,-130.98005558894232,13,-152.23805002065805,13,21.25799443171573,2305
SLC5A9,-126.66124877929687,10,-147.88971710205078,10,21.228468322753912,2306
DLGAP5,-59.291983090914215,13,-80.51107435960036,13,21.219091268686142,2307
LIN52,-86.87288992745536,189,-108.09196827399037,189,21.219078346535014,2308
PLEKHH2,-55.34114160208866,116,-76.55660813430259,116,21.21546653221393,2309
BCAM,-88.68998998908528,1381,-109.89224737058248,1381,21.202257381497205,2310
MYO19,-60.03875822693337,262,-81.20882328412004,262,21.170065057186676,2311
NES,-92.1695187886556,12,-113.32702128092448,12,21.15750249226889,2312
EIF3CL,-58.242645263671875,3,-79.39141591389973,3,21.14877065022786,2313
UBXN1,-53.05120106574881,1514,-74.1868298579711,1514,21.135628792222292,2314
GDPD5,-65.67989269892375,48,-86.80553150177002,48,21.125638802846268,2315
DCUN1D5,-91.22500194487024,488,-112.33245397786625,488,21.107452032996008,2316
LEXM,-131.0901870727539,2,-152.19310760498047,2,21.102920532226562,2317
PPFIA1,-52.35340189050745,459,-73.44543360624958,459,21.09203171574213,2318
MAP2K7,-54.4812806102717,535,-75.57317263879509,535,21.091892028523382,2319
C15orf48,-72.4664768477711,693,-93.49501090441947,693,21.02853405664837,2320
PELI3,-67.27569428929743,53,-88.29007389860332,53,21.01437960930589,2321
RCVRN,-119.55667877197266,2,-140.5472412109375,2,20.990562438964844,2322
SUPT7L,-91.35438853643815,379,-112.34003339782554,379,20.985644861387385,2323
BAX,-43.636295116252185,1018,-64.6214389051576,1018,20.985143788905418,2324
C18orf21,-75.43459337894048,214,-96.41156447936442,214,20.97697110042394,2325
PCID2,-84.59285450238744,371,-105.56914343409782,371,20.976288931710386,2326
SLC35F6,-47.692627130278126,323,-68.64489290219711,323,20.952265771918988,2327
STX1B,-90.8519344329834,4,-111.7977180480957,4,20.945783615112305,2328
CALR,-60.00849611476762,1815,-80.95182882682023,1815,20.943332712052616,2329
FRAT2,-68.34526133314472,214,-89.28610183145398,214,20.940840498309257,2330
LRP1,-79.34347671297839,217,-100.18788523168608,217,20.844408518707695,2331
SOCS7,-79.99484879841177,258,-100.83196033803067,258,20.837111539618903,2332
DPAGT1,-112.35028796586835,305,-133.18623572177574,305,20.835947755907398,2333
ZNF605,-54.57494303005845,134,-75.40138512227072,134,20.826442092212275,2334
ZFYVE21,-76.93545405069987,708,-97.75286157252425,708,20.81740752182438,2335
RNF181,-55.608036795815266,1365,-76.42476689824255,1365,20.816730102427286,2336
ESYT1,-129.1166862728089,254,-149.92705085333876,254,20.810364580529864,2337
CDH3,-71.43536060414415,188,-92.22000905300709,188,20.78464844886294,2338
LARP6,-60.14549320765904,105,-80.92045622326079,105,20.77496301560175,2339
MYCBPAP,-52.11871813260592,130,-72.8517943749061,130,20.733076242300186,2340
ARL17B,-59.79115047454834,60,-80.48869120279947,60,20.697540728251134,2341
HAP1,-66.28257858276368,50,-86.96650512695312,50,20.683926544189447,2342
CINP,-79.1182002411214,469,-99.76897850117957,469,20.650778260058175,2343
RPLP2,-51.55842683464987,2134,-72.20348242319066,2134,20.645055588540792,2344
NOP10,-42.88822748712805,1566,-63.530518043391396,1566,20.642290556263347,2345
KCNA3,-87.83318477723657,41,-108.47367188988662,41,20.64048711265005,2346
C11orf24,-50.16890801978388,259,-70.79654222289568,259,20.627634203111803,2347
RDH14,-99.84974537725034,483,-120.47180646497517,483,20.62206108772483,2348
HGS,-86.3920145215348,581,-107.0092967258263,581,20.6172822042915,2349
SLC37A4,-51.74505827516691,239,-72.35388882688898,239,20.608830551722065,2350
SUGP1,-60.56155424053166,147,-81.16851043701172,147,20.606956196480056,2351
KRT72,-100.61919784545898,2,-121.20601272583008,2,20.586814880371094,2352
GCDH,-70.54197840446973,274,-91.10137878195212,274,20.55940037748239,2353
KCTD19,-78.71665287017822,8,-99.27262592315674,8,20.555973052978516,2354
MFN2,-50.05801152453875,327,-70.60917595912922,327,20.55116443459047,2355
UBE2Q1,-68.3439263181985,607,-88.88726097747954,607,20.543334659281044,2356
NAP1L4,-54.026523914742974,658,-74.56735023104311,658,20.540826316300134,2357
DNAJC14,-105.19541509100732,141,-125.71190967965633,141,20.51649458864901,2358
COPZ2,-63.090182659672756,51,-83.59389630485984,51,20.503713645187084,2359
ZDHHC7,-45.72823600269301,458,-66.2311910021253,458,20.50295499943229,2360
COA5,-71.64104891837911,658,-92.13539520078155,658,20.494346282402432,2361
CCDC40,-89.53014832610017,143,-110.0020843719269,143,20.471936045826723,2362
DHX9,-59.300158004654925,721,-79.74822804402048,721,20.448070039365554,2363
CACYBP,-100.35652028931857,921,-120.8011454396864,921,20.444625150367827,2364
CHP2,-60.29574813842773,10,-80.7398666381836,10,20.444118499755866,2365
A1BG-AS1,-86.14652824401855,40,-106.58354759216309,40,20.43701934814453,2366
PTGES3,-44.31448878560747,1568,-64.72389199295823,1568,20.409403207350756,2367
SMPDL3B,-73.61234426818439,447,-94.0194750962908,447,20.407130828106418,2368
PAF1,-54.847460786835484,476,-75.25297907019863,476,20.40551828336315,2369
MBD2,-57.388316038613006,428,-77.76170737721095,428,20.373391338597948,2370
BATF3,-92.33550903320312,50,-112.70417861938476,50,20.36866958618164,2371
MTFMT,-54.53061859842409,193,-74.89479207251357,193,20.364173474089476,2372
RPL18A,-42.54094128776999,2125,-62.88457012939453,2125,20.343628841624543,2373
CAPNS1,-48.84128626674211,1176,-69.18412324036059,1176,20.342836973618482,2374
TMEM50A,-81.54905047466431,1342,-101.86323661065137,1342,20.314186135987057,2375
TSSK6,-66.09376525878906,3,-86.37860107421875,3,20.284835815429688,2376
SCAMP5,-105.92809975665548,46,-126.20275845734969,46,20.274658700694204,2377
SLC30A2,-68.73783950805664,10,-89.00087509155273,10,20.26303558349609,2378
SYT3,-60.87318801879883,2,-81.11785507202148,2,20.244667053222656,2379
COX8A,-54.955176218013285,2049,-75.19392533532697,2049,20.23874911731368,2380
NADK,-80.12506530003517,483,-100.33610084486304,483,20.211035544827865,2381
ALX4,-94.60038757324219,2,-114.79793167114258,2,20.19754409790039,2382
PLK3,-69.96560313831677,825,-90.14181857022372,825,20.176215431906954,2383
RPS24,-48.694138994265465,2161,-68.86838695308998,2161,20.174247958824516,2384
ATG13,-133.52189485718603,294,-153.67759600788557,294,20.155701150699542,2385
C1orf109,-55.39763352365205,132,-75.54746188539447,132,20.149828361742422,2386
SCGB2A1,-83.25131116594586,266,-103.38947603039276,266,20.138164864446892,2387
PYGL,-78.54771418659233,163,-98.65868199822361,163,20.110967811631284,2388
NABP2,-65.49586616213627,454,-85.59516026164992,454,20.099294099513656,2389
EIF3M,-82.18249498979502,1078,-102.22841858023394,1078,20.045923590438917,2390
TMEM223,-70.94633744851924,497,-90.97987324275242,497,20.033535794233174,2391
DACT3,-76.42576293945312,10,-96.44594879150391,10,20.020185852050787,2392
GLUD1,-73.10436598175541,559,-93.10648006104826,559,20.002114079292852,2393
NIPA2,-49.21465904944766,452,-69.19442178506768,452,19.979762735620014,2394
TYK2,-45.21671108972458,252,-65.16550394088503,252,19.948792851160448,2395
IST1,-53.27594351020839,574,-73.20497195147472,574,19.929028441266325,2396
CD58,-98.29940810626998,259,-118.22571870074769,259,19.926310594477712,2397
ANO8,-52.42036299272017,66,-72.3305716081099,66,19.910208615389735,2398
PSME4,-51.414106601046534,485,-71.31482473157116,485,19.90071813052463,2399
EML2,-53.69051033176788,292,-73.591001876413,292,19.90049154464512,2400
SPAG5,-53.50935089588165,32,-73.40485692024231,32,19.895506024360657,2401
CAPN1,-62.46219370721193,1058,-82.35161705954539,1058,19.88942335233346,2402
MRPS23,-80.86970130170701,865,-100.75744331668567,865,19.887742014978656,2403
SCNN1G,-94.73371613025665,64,-114.615691781044,64,19.881975650787354,2404
SERTAD1,-35.956919300940726,1240,-55.81498693650769,1240,19.85806763556696,2405
SAMD11,-89.36934779240535,26,-109.20112815270058,26,19.831780360295227,2406
ISG20L2,-50.84678377781707,457,-70.67251000936496,457,19.825726231547883,2407
COX6A1,-47.97259532897516,1972,-67.7840247860303,1972,19.81142945705514,2408
KIF19,-75.80640126788427,126,-95.6175914340549,126,19.811190166170633,2409
QPCTL,-48.59813128019634,19,-68.40087207994964,19,19.802740799753295,2410
NAV1,-90.56219958137063,85,-110.36406833424287,85,19.801868752872238,2411
PLAU,-81.58781610952842,296,-101.38229272172258,296,19.79447661219416,2412
CD151,-78.42969615723703,1633,-98.21437339992956,1633,19.784677242692524,2413
SRP9,-91.37599378117837,1561,-111.15419131467772,1561,19.778197533499352,2414
FOXJ2,-50.271780014038086,142,-70.04517219436,142,19.77339218032192,2415
BLACAT1,-103.03472449562766,22,-122.7894242026589,22,19.75469970703125,2416
ZNF490,-78.74416046142578,5,-98.45275421142578,5,19.708593750000006,2417
PPP4R1,-92.98611393681279,756,-112.68229391713622,756,19.696179980323436,2418
WNT10B,-106.87022018432617,2,-126.55906295776367,2,19.6888427734375,2419
HOMEZ,-83.73556920101768,190,-103.41408257735402,190,19.67851337633634,2420
POU2F3,-118.52505898181303,81,-138.19504330482013,81,19.6699843230071,2421
IL4R,-75.28401866805888,428,-94.93330916288858,428,19.6492904948297,2422
FBXO21,-74.5471743710946,577,-94.18608999004397,577,19.63891561894937,2423
CDCA8,-107.75634246826172,25,-127.39048431396485,25,19.634141845703127,2424
LINC01347,-79.09525299072266,3,-98.69543711344402,3,19.60018412272136,2425
SLC47A1,-71.40066416123334,34,-90.98573572495404,34,19.585071563720703,2426
GRP,-88.61068725585938,1,-108.1932144165039,1,19.58252716064453,2427
IQSEC3,-96.42743530273438,5,-116.00749206542969,5,19.580056762695307,2428
RASGEF1A,-64.1277763911656,70,-83.70310777936663,70,19.575331388201036,2429
ASF1B,-56.56990490220998,73,-76.08858270514501,73,19.518677802935038,2430
MAP2K1,-44.664458097037624,472,-64.17512188119403,472,19.510663784156407,2431
SLC25A33,-51.427796321239285,515,-70.9258015456709,515,19.49800522443161,2432
SNRPA1,-69.42799825394012,591,-88.90292638530183,591,19.474928131361708,2433
ATP6V0A2,-51.37339360281925,149,-70.84707119320863,149,19.473677590389386,2434
KPNA6,-52.59856226271477,690,-72.06247518788213,690,19.463912925167357,2435
BFAR,-43.22690509827447,853,-62.690746924522195,853,19.463841826247723,2436
NKAIN1,-64.04656982421875,1,-83.50733184814453,1,19.46076202392578,2437
ADGRB2,-125.72290519431785,27,-145.1637787995515,27,19.440873605233648,2438
LINC00445,-114.86068725585938,1,-134.28976440429688,1,19.4290771484375,2439
DCAF7,-51.153304774858796,684,-70.56083777355171,684,19.407532998692915,2440
FAM136A,-59.75452534775985,608,-79.15817970978587,608,19.403654362026018,2441
ZNHIT6,-113.91824136931321,232,-133.31776865597428,232,19.39952728666107,2442
CIB1,-49.18154416575274,1719,-68.57257152422005,1719,19.391027358467312,2443
MTMR4,-51.27124847684588,224,-70.65761324337551,224,19.38636476652963,2444
ZNF497,-48.9953200241615,29,-68.37507050612876,29,19.379750481967264,2445
CADM3,-99.17300224304199,4,-118.55010604858398,4,19.377103805541992,2446
KAZALD1,-75.47918922670426,93,-94.84457873272639,93,19.365389506022126,2447
ZNF57,-47.80388341051467,47,-67.16798124922083,47,19.364097838706158,2448
TMEM54,-52.365795003704285,1042,-71.72171414424727,1042,19.355919140542987,2449
ADAMTS8,-81.30508295694987,6,-100.65227381388347,6,19.347190856933594,2450
FICD,-56.7914091388831,89,-76.13824119996488,89,19.346832061081784,2451
REEP3,-80.4806029524433,876,-99.82577507680953,876,19.34517212436623,2452
GOLGA3,-64.76945923595893,410,-84.10926495063596,410,19.339805714677027,2453
COX6B1,-42.585781759374285,2040,-61.91936227574068,2040,19.333580516366396,2454
BARX2,-69.16559931275192,157,-88.47404416807139,157,19.308444855319465,2455
LINC01527,-139.78638458251953,2,-159.07691955566406,2,19.29053497314453,2456
KSR1,-76.48499212201857,151,-95.75904780507877,151,19.274055683060197,2457
GPR162,-103.56918287277222,144,-122.82759586970012,144,19.258412996927902,2458
RRP8,-80.42232349102314,260,-99.67893682626577,260,19.256613335242633,2459
FCHO1,-53.71507728099823,96,-72.96004350980122,96,19.244966228802994,2460
CHRNB1,-95.69434596646217,124,-114.9046583483296,124,19.21031238186744,2461
CHUK,-76.3707017103831,192,-95.57739222049713,192,19.20669051011403,2462
PRIM1,-63.820101400522084,65,-83.0167481642503,65,19.196646763728218,2463
GRB14,-73.41679568623387,86,-92.58583343860715,86,19.169037752373285,2464
LENG1,-83.80380902345154,348,-102.97079158651418,348,19.166982563062646,2465
BRF1,-91.0690670452909,217,-110.19830909412578,217,19.129242048834882,2466
IPO7,-62.500202237712266,844,-81.59909874794043,844,19.098896510228165,2467
PSME3,-53.4495531056428,519,-72.54812132554247,519,19.09856821989967,2468
HSDL1,-58.07928522205886,179,-77.17333191599926,179,19.0940466939404,2469
NBPF3,-58.27839161799504,39,-77.34502567389073,39,19.06663405589569,2470
MYH3,-105.2458141871861,14,-124.2555046081543,14,19.009690420968198,2471
MDM4,-55.972155615893755,722,-74.97775718710099,722,19.005601571207237,2472
GPR3,-96.5191146850586,10,-115.50484085083008,10,18.98572616577148,2473
SMARCC2,-62.19279418541835,416,-81.1743023945735,416,18.98150820915515,2474
TPM3,-104.1678116423767,1423,-123.14472217787677,1423,18.976910535500068,2475
PAX9,-78.67704473959434,74,-97.63052667153848,74,18.95348193194414,2476
B3GNT3,-59.21916767290443,157,-78.16973269517254,157,18.95056502226811,2477
TMC7,-69.2389761435019,74,-88.17325148711333,74,18.934275343611432,2478
DOCK6,-69.00403600459477,139,-87.89749332126097,139,18.8934573166662,2479
SLC9A3R1,-76.02314841813634,539,-94.90496635083144,539,18.8818179326951,2480
CENPT,-62.421969822474885,189,-81.30182429722377,189,18.87985447474889,2481
TMEM134,-51.614915124410416,1205,-70.48606129246629,1205,18.871146168055873,2482
IFI44,-106.28355885701008,332,-125.14751985848667,332,18.863961001476596,2483
PPP4R1-AS1,-104.95237731933594,17,-123.81503430534812,17,18.862656986012183,2484
LSM10,-67.7736049451326,665,-86.56903942366291,665,18.79543447853031,2485
ATP1A2,-110.60107421875,1,-129.39645385742188,1,18.795379638671875,2486
GIPC3,-60.73828125,1,-79.49560546875,1,18.75732421875,2487
ANKS3,-67.05740507558924,207,-85.79460214071227,207,18.737197065123027,2488
SMYD3,-75.90417590894197,380,-94.59322007831774,380,18.689044169375777,2489
RAB6A,-47.63991589763266,681,-66.32462065440443,681,18.684704756771765,2490
FAM110C,-90.59505724439434,102,-109.27240020153569,102,18.67734295714135,2491
LMNTD2,-112.10307380334655,67,-130.7566137740861,67,18.65353997073956,2492
CRTC1,-64.24495232105255,192,-82.89767746130626,192,18.652725140253708,2493
ZNF324,-54.19397156925525,118,-72.83619424852274,118,18.642222679267498,2494
P3H1,-81.17016496658326,80,-99.79407510757446,80,18.6239101409912,2495
SLC37A2,-110.93829896714952,18,-129.55971315171985,18,18.621414184570327,2496
PLAUR,-75.9727189344148,606,-94.58398609979712,606,18.611267165382316,2497
ADGRE3,-56.39620876312256,4,-75.00038719177246,4,18.604178428649902,2498
EHD2,-65.57504183747048,473,-84.1699280043233,473,18.594886166852817,2499
SH2D4B,-101.2358627319336,1,-119.81905364990234,1,18.58319091796875,2500
SMG5,-81.71031218104892,288,-100.29121094279819,288,18.580898761749268,2501
ZNF675,-118.32167100906372,48,-136.90002536773682,48,18.578354358673096,2502
ELL,-56.60872228185558,179,-75.13154090582991,179,18.52281862397433,2503
ZNF417,-54.684115534243375,23,-73.16251505976138,23,18.478399525518,2504
KRTCAP2,-92.14246629813753,1255,-110.61308894062422,1255,18.47062264248669,2505
ZNF626,-105.1575439322708,234,-123.60042184030908,234,18.442877908038284,2506
TARBP2,-89.10348667180877,317,-107.53482151934026,317,18.431334847531488,2507
YBX2,-81.42804064069476,7,-99.85462079729352,7,18.42658015659876,2508
IFT20,-76.90088254115621,976,-95.31765746288612,976,18.41677492172991,2509
RELB,-45.253649068979115,325,-63.650775921161355,325,18.39712685218224,2510
ACRBP,-60.71826095581055,5,-79.09016265869141,5,18.371901702880862,2511
PRPF31,-72.03610396996523,624,-90.40614939958621,624,18.370045429620987,2512
SULT1A2,-94.74857565296014,263,-113.11148494821991,263,18.36290929525977,2513
NAPA-AS1,-71.79550552368164,52,-90.14219856262207,52,18.34669303894043,2514
ATP8A2,-60.63770120239258,375,-78.97785628255208,375,18.340155080159505,2515
CT62,-76.70918528238933,3,-94.99665832519531,3,18.287473042805985,2516
EIF3A,-47.621849129154995,1325,-65.90687522168429,1325,18.285026092529293,2517
SIN3B,-56.22511602059389,156,-74.49758935586,156,18.272473335266113,2518
XYLT1,-77.16542598179409,7,-95.43687111990792,7,18.271445138113833,2519
POLR2G,-52.756021843817,798,-71.01587621550213,798,18.25985437168513,2520
ZNF577,-162.63260110994665,41,-180.89209468190262,41,18.25949357195597,2521
RANBP10,-65.3287173966716,133,-83.58031205485638,133,18.25159465818477,2522
FXYD6-FXYD2,-118.27113342285156,1,-136.52076721191406,1,18.2496337890625,2523
FKRP,-95.0584714274761,121,-113.288974919595,121,18.2305034921189,2524
PPP4C,-48.1308528582255,1152,-66.34027124775781,1152,18.20941838953231,2525
ACER3,-56.94308865771574,272,-75.12328414356007,272,18.18019548584433,2526
QSOX1,-82.16982227985125,1330,-100.33101432628202,1330,18.16119204643077,2527
MARK3,-52.34498545451781,827,-70.49596344141747,827,18.15097798689966,2528
STRN4,-66.40807486942836,280,-84.52919431413923,280,18.12111944471087,2529
TINF2,-42.10914116912037,417,-60.21603999149313,417,18.106898822372763,2530
VWCE,-55.17446953909738,14,-73.26756395612445,14,18.093094417027068,2531
TMEM182,-108.56471150716146,45,-126.65548926459418,45,18.09077775743272,2532
CCDC47,-83.2185068371077,991,-101.29191644785983,991,18.073409610752137,2533
MYOZ1,-76.58443608777276,29,-94.6307478279903,29,18.046311740217547,2534
CST6,-71.7255172580189,511,-89.76445495545748,511,18.038937697438584,2535
CAMTA1,-94.90478528083575,1286,-112.93096311578113,1286,18.026177834945372,2536
SPAST,-51.933743462195764,130,-69.95470745380108,130,18.020963991605313,2537
PSMC4,-53.79451319988996,706,-71.80319888193276,706,18.008685682042795,2538
TBC1D10C,-74.22782162922185,82,-92.2343157326303,82,18.006494103408443,2539
WBP1,-105.21364345550538,40,-123.21814880371093,40,18.004505348205555,2540
CDC42BPB,-71.02189542936242,368,-89.01635526574177,368,17.99445983637935,2541
ARRB1,-80.80077040315878,396,-98.78649029587254,396,17.98571989271376,2542
PRDX2,-68.30314669956586,1674,-86.27209543298792,1674,17.968948733422067,2543
KMT2B,-102.67884095509847,288,-120.64352181222704,288,17.96468085712857,2544
PPP1R12B,-77.53626145923975,413,-95.4936393571535,413,17.957377897913744,2545
LEO1,-55.61116618998567,171,-73.53607650667604,171,17.924910316690372,2546
BIN1,-55.95900469935218,430,-73.88371587354084,430,17.92471117418866,2547
CPEB1-AS1,-110.3312250773112,3,-128.24520365397134,3,17.913978576660142,2548
CBX8,-88.1777411471592,89,-106.08139758163624,89,17.903656434477043,2549
NAA25,-64.31023165778196,291,-82.19646902182667,291,17.886237364044717,2550
FAM171A2,-91.35027720133463,30,-109.21774495442709,30,17.867467753092455,2551
AQP11,-52.4172890403054,22,-70.2784090909091,22,17.861120050603695,2552
TRIM25,-90.69996115988361,317,-108.5409113164956,317,17.84095015661198,2553
IL6R,-93.30250069488632,574,-111.14176152724423,574,17.83926083235791,2554
P2RX4,-53.72855384290711,484,-71.56203388182585,484,17.833480038918744,2555
KRTDAP,-66.50277165004185,7,-84.3294437953404,7,17.826672145298545,2556
LRPPRC,-61.36335187231391,454,-79.12726347667005,454,17.76391160435614,2557
ZNF709,-105.77965087890625,15,-123.52638346354166,15,17.74673258463541,2558
PSMB4,-53.33791879161651,1019,-71.07683295941564,1019,17.73891416779913,2559
CCDC137,-84.61509117505229,282,-102.34780377868219,282,17.732712603629906,2560
TLX2,-61.97310256958008,2,-79.69306182861328,2,17.719959259033203,2561
MZF1-AS1,-90.89385461294523,93,-108.593259585801,93,17.69940497285576,2562
WDR76,-54.99511354234483,45,-72.66859351264105,45,17.67347997029622,2563
LYPLA2,-69.64968319739314,739,-87.32211246929246,739,17.67242927189932,2564
GPR137B,-124.97978937058221,147,-142.61378499764163,147,17.63399562705942,2565
CDK11B,-48.783399412903606,395,-66.41508284943014,395,17.63168343652653,2566
ADAM17,-67.32864830393677,547,-84.95820617675781,547,17.62955787282104,2567
TIPIN,-71.71089108250722,119,-89.33808616830521,119,17.627195085797993,2568
PPP6R3,-45.82704687756745,523,-63.44572650041452,523,17.618679622847075,2569
ECH1,-56.16683331498375,1407,-73.73790959491744,1407,17.571076279933692,2570
IGSF9,-74.4522625107363,83,-92.0217835759542,83,17.5695210652179,2571
CD1D,-163.7747120104338,19,-181.3285675048828,19,17.55385549444901,2572
FAM98C,-46.60210968017578,375,-64.12107377115885,375,17.51896409098307,2573
TFPT,-55.086236439253156,304,-72.60390590366565,304,17.517669464412492,2574
LINC01124,-111.65100684532753,13,-129.16776862511267,13,17.516761779785142,2575
ELOF1,-45.11803248478816,975,-62.63261308327699,975,17.514580598488834,2576
IDI2-AS1,-106.11215348677202,11,-123.62499930641867,11,17.512845819646657,2577
CHRFAM7A,-95.29745483398438,1,-112.79460906982422,1,17.497154235839844,2578
NCSTN,-89.27338191441127,420,-106.74476173037574,420,17.471379815964468,2579
UBE2S,-61.76129918823242,625,-79.220336328125,625,17.45903713989258,2580
MAP4K1,-64.25932776927948,32,-81.71125435829163,32,17.451926589012146,2581
CASQ1,-101.49016571044922,1,-118.9353256225586,1,17.445159912109375,2582
UBR3,-64.88767692370293,312,-82.31814509171706,312,17.43046816801413,2583
ATXN3,-54.43510667228143,343,-71.85445495249579,343,17.419348280214358,2584
ABCC1,-62.96697975101328,133,-80.3851155445988,133,17.418135793585527,2585
ZNF708,-54.3736857211951,66,-71.78720786354758,66,17.413522142352477,2586
LINC00524,-113.8566472189767,28,-131.2700903756278,28,17.4134431566511,2587
LUC7L,-49.92739047614896,490,-67.32783014725666,490,17.400439671107705,2588
SPR,-77.10131459032368,585,-94.49764146071215,585,17.396326870388464,2589
TMEM121,-84.83929598533501,59,-102.22134283033468,59,17.382046844999664,2590
FAM222B,-77.10659782306568,296,-94.48509071968697,296,17.37849289662128,2591
DISP2,-100.51877784729004,8,-117.89593601226807,8,17.377158164978027,2592
C19orf25,-66.32501601394343,490,-83.64178373375718,490,17.316767719813754,2593
PFKFB3,-69.20437038037204,516,-86.52046397305274,516,17.3160935926807,2594
ZNF592,-63.32703785987417,157,-80.63671632025653,157,17.309678460382358,2595
FZR1,-56.68691380818685,228,-73.99320686072635,228,17.306293052539495,2596
C12orf57,-80.16451806127662,1642,-97.45953488553195,1642,17.295016824255327,2597
ZNF461,-87.19298583984374,25,-104.47576477050781,25,17.282778930664065,2598
P2RX2,-97.5988032023112,3,-114.87751770019531,3,17.27871449788411,2599
LINC01518,-90.25508117675781,3,-107.5215835571289,3,17.266502380371094,2600
THYN1,-83.14840597198123,672,-100.40252168973286,672,17.25411571775163,2601
VPS51,-115.29241077319996,703,-132.5143768831473,703,17.22196610994733,2602
VRK1,-62.46132999615077,137,-79.67776244226164,137,17.216432446110865,2603
TMEM161A,-70.28441989380308,287,-87.48184568292173,287,17.197425789118654,2604
TELO2,-72.30346074179998,189,-89.49621473039899,189,17.19275398859901,2605
RPL13,-37.395422987981675,2180,-54.57743883045441,2180,17.182015842472737,2606
NFATC4,-116.76102076939173,175,-133.93671517508372,175,17.175694405691985,2607
CNNM1,-73.14319356282552,6,-90.26046880086263,6,17.11727523803711,2608
C16orf90,-82.61957550048828,2,-99.71562194824219,2,17.096046447753906,2609
RANBP3,-61.55817608449651,348,-78.64067989656294,348,17.082503812066435,2610
U2AF1L4,-90.31715112924576,256,-107.39571249485016,256,17.0785613656044,2611
SFMBT2,-92.60311204959184,39,-109.6599852733123,39,17.05687322372046,2612
ATM,-76.8433916091919,320,-93.84866144657136,320,17.00526983737946,2613
ZNF37A,-69.50611268906366,336,-86.47050623666672,336,16.964393547603066,2614
TARDBP,-56.38358773922955,691,-73.33875889647024,691,16.95517115724069,2615
FAM131C,-74.47771453857422,1,-91.42383575439452,1,16.9461212158203,2616
DENND5B,-60.636955473158096,36,-77.58304744296603,36,16.946091969807938,2617
IFT172,-87.69344130701988,318,-104.63041682213357,318,16.936975515113687,2618
RRAS,-71.33866034322905,583,-88.2744228304148,583,16.935762487185755,2619
CCDC121,-68.29169780186244,70,-85.2230961390904,70,16.93139833722796,2620
ZNF785,-49.745377791555306,76,-66.64764655263801,76,16.902268761082702,2621
JPH4,-122.2415180206299,4,-139.14368438720703,4,16.902166366577134,2622
PFAS,-58.017880803888495,55,-74.90805788907137,55,16.890177085182877,2623
ZNF646,-69.7071011517499,74,-86.59218463382206,74,16.88508348207216,2624
MTG1,-73.60827478548376,82,-90.48732441227611,82,16.87904962679235,2625
MFGE8,-57.3479138744521,389,-74.22221290176509,389,16.874299027312993,2626
MCAM,-59.35181026923947,41,-76.22353344428831,41,16.871723175048835,2627
ZNF581,-69.62142039679996,393,-86.45746575663715,393,16.836045359837186,2628
ACSL5,-106.17100523839754,718,-123.00262070764738,718,16.83161546924984,2629
ERN2,-83.3333251953125,40,-100.13523197174072,40,16.801906776428225,2630
ZC3H7A,-68.91482569662372,356,-85.69974196359013,356,16.784916266966405,2631
SFT2D2,-78.2163980929165,587,-94.97956866340702,587,16.763170570490516,2632
VPS37B,-51.50319551482914,889,-68.26243164783388,889,16.75923613300474,2633
SPHK1,-82.9446516903964,44,-99.70308043740012,44,16.75842874700372,2634
TRIP11,-99.37817622017938,606,-116.12476259489658,606,16.746586374717197,2635
SLC16A13,-58.76065717424665,7,-75.49377986363002,7,16.73312268938337,2636
HID1,-56.10160498401436,241,-72.83450374365842,241,16.73289875964406,2637
LRFN1,-132.7274651160607,13,-149.45811227651743,13,16.730647160456726,2638
FAM178B,-96.99049209966893,41,-113.7198404451696,41,16.729348345500668,2639
OPN3,-117.87615181879742,243,-134.5963502106843,243,16.720198391886882,2640
TINCR,-88.83878928736637,57,-105.53022297641687,57,16.6914336890505,2641
BOLA2B,-81.17570614505124,77,-97.85933279062246,77,16.683626645571223,2642
CUZD1,-127.2539176940918,4,-143.921142578125,4,16.667224884033203,2643
ZNF500,-49.95812327521188,112,-66.61932066508702,112,16.661197389875134,2644
DOCK1,-84.38127158208148,243,-101.00859509377813,243,16.627323511696645,2645
CHST14,-87.01029205322266,128,-103.63096499443054,128,16.620672941207886,2646
ALPL,-90.4292643518293,862,-107.03981001249875,862,16.610545660669445,2647
IL12RB1,-74.22631434390419,19,-90.8282719662315,19,16.601957622327305,2648
DIRAS3,-100.84770650227864,75,-117.43003743489584,75,16.582330932617197,2649
PDZD7,-108.03994916832966,23,-124.60079193115234,23,16.560842762822688,2650
KLHL12,-73.06335375649589,280,-89.61004516056606,280,16.546691404070174,2651
STX6,-83.7190171941515,323,-100.25118302856067,323,16.53216583440917,2652
CHAMP1,-65.07347610731165,237,-81.59991638569892,237,16.52644027838727,2653
TMOD3,-68.51751069568452,735,-85.04276050385975,735,16.525249808175232,2654
DEDD,-50.59505160038288,208,-67.0984074152433,208,16.50335581486042,2655
ZNF692,-76.38900991379161,283,-92.8914621845151,283,16.502452270723495,2656
LMO1,-115.99650382995605,4,-132.46456909179688,4,16.46806526184082,2657
ZNF846,-65.6150484499724,115,-82.07738567849864,115,16.462337228526238,2658
GCLM,-68.01579343989395,463,-84.47753448156764,463,16.46174104167369,2659
DYNC1LI2,-82.87718756766796,911,-99.33624171268535,911,16.45905414501739,2660
SYCN,-90.03959655761719,1,-106.47710418701172,1,16.43750762939453,2661
USP3,-68.81778306661384,541,-85.25234628561023,541,16.434563218996388,2662
MPND,-64.42622605271227,254,-80.85073182714267,254,16.4245057744304,2663
GABARAPL1,-55.755329610291405,694,-72.14269180737585,694,16.38736219708445,2664
ANXA9,-88.61600030637256,51,-104.98917074764476,51,16.373170441272208,2665
HNRNPC,-53.22078531397807,1698,-69.56278135301929,1698,16.34199603904122,2666
DMRTA2,-91.60824069976806,40,-107.94386520385743,40,16.335624504089367,2667
RASIP1,-98.4142894744873,12,-114.73579406738281,12,16.321504592895508,2668
CD79A,-112.39697774251302,24,-128.71184825897217,24,16.314870516459152,2669
CCDC62,-57.53739438738142,7,-73.84516034807477,7,16.307765960693352,2670
AKIP1,-73.07684793107497,366,-89.37616838132098,366,16.299320450246015,2671
IFFO2,-76.69071756242376,269,-92.98645198212238,269,16.29573441969862,2672
RUNX3,-112.87164832221137,90,-129.14882185194227,90,16.277173529730902,2673
SRRM4,-110.40049674294211,11,-126.66485179554333,11,16.264355052601218,2674
VPS33B,-65.19915152215339,77,-81.43616029813693,77,16.23700877598354,2675
TMEM38A,-76.8667148844401,75,-93.09693237304687,75,16.23021748860677,2676
TLCD1,-45.079202545355564,483,-61.306913553557784,483,16.22771100820222,2677
CDHR1,-75.80089569091797,1,-92.02570343017578,1,16.224807739257812,2678
VPS25,-66.27236017654967,807,-82.49109395345052,807,16.218733776900848,2679
GON4L,-87.63895821664848,510,-103.85738070618872,510,16.218422489540245,2680
PRMT3,-44.170975741218115,136,-60.37633301230038,136,16.205357271082264,2681
ZNF140,-90.86151602461531,148,-107.06665626732078,148,16.20514024270547,2682
ALX3,-111.97715911865234,5,-128.15997161865235,5,16.18281250000001,2683
MGMT,-80.88023776902678,905,-96.99900297723423,905,16.11876520820745,2684
TCP11L1,-55.06552823384603,30,-71.17923329671224,30,16.11370506286621,2685
RPS17,-57.12956390815996,2104,-73.24026603843777,2104,16.110702130277808,2686
RUNDC3A,-78.83110427856445,2,-94.93715286254883,2,16.106048583984375,2687
PIANP,-88.96550750732422,1,-105.06148529052734,1,16.095977783203125,2688
RPS27,-53.88755349655433,2168,-69.97965210918132,2168,16.092098612626984,2689
HMBS,-58.761029980519474,361,-74.84744805840575,361,16.08641807788627,2690
RPGRIP1,-95.27796681722005,6,-111.35598754882812,6,16.078020731608078,2691
PITPNM1,-91.74004611129281,318,-107.81245796635466,318,16.072411855061844,2692
FFAR4,-100.71655382428851,28,-116.78790610177177,28,16.071352277483257,2693
FAM171A1,-63.9652099609375,16,-80.03333044052124,16,16.06812047958374,2694
HAT1,-45.37917140093334,453,-61.43636190654426,453,16.057190505610926,2695
CRB3,-79.59345643855323,1210,-95.64176968030694,1210,16.048313241753704,2696
SLC35F5,-48.00556155410653,403,-64.05243844725653,403,16.046876893150007,2697
FLT1,-111.8532464163644,7,-127.89415413992745,7,16.040907723563052,2698
RAB1A,-63.91025689627032,1347,-79.94499281874036,1347,16.03473592247004,2699
PKM,-63.90300236884537,1729,-79.92786537642559,1729,16.024863007580215,2700
HERC4,-59.144187840940724,442,-75.16649035630722,442,16.022302515366498,2701
ST6GALNAC1,-98.25644411740603,572,-114.26531022078507,572,16.008866103379034,2702
CYFIP1,-77.13610553077645,431,-93.13711061057248,431,16.00100507979603,2703
DDIT4,-94.01384724242777,632,-109.97007030776784,632,15.956223065340069,2704
CLPB,-59.43988324884783,57,-75.30358030084977,57,15.863697052001946,2705
C19orf47,-62.523443319501666,137,-78.38502391063383,137,15.861580591132167,2706
PLCD3,-60.85070104598999,40,-76.70865020751953,40,15.857949161529532,2707
CYP4F8,-106.5608139038086,1,-122.41417694091795,1,15.85336303710936,2708
ENAH,-78.21109986000873,940,-94.05216839567144,940,15.841068535662714,2709
EIF3G,-44.9489029540807,1463,-60.78745035887253,1463,15.838547404791832,2710
LINC00664,-75.86402130126953,3,-91.6932856241862,3,15.829264322916671,2711
PTPRU,-72.19096352850977,317,-88.01057527945245,317,15.819611750942684,2712
TRAPPC12,-70.4826469543262,313,-86.29484582480531,313,15.812198870479108,2713
TMEM106C,-74.79952509758881,543,-90.59906538371443,543,15.79954028612562,2714
RAB25,-70.10282871179413,1425,-85.85785814251815,1425,15.755029430724022,2715
COLGALT1,-49.57553277109184,255,-65.32038559259153,255,15.744852821499698,2716
CYP27C1,-58.41706070245481,51,-74.13967656154259,51,15.722615859087774,2717
TMEM138,-53.043657297162866,335,-68.75784005691756,335,15.714182759754692,2718
EFHD2,-82.06129307624622,624,-97.7677887280782,624,15.706495651831986,2719
NOP2,-63.84394581087174,248,-79.54697907355524,248,15.703033262683498,2720
DNAJC8,-61.95323497464198,966,-77.59576483937771,966,15.642529864735728,2721
BRD4,-58.40079797406789,982,-74.02493702564124,982,15.624139051573344,2722
SLC25A44,-72.21827116466704,504,-87.84151784200517,504,15.62324667733813,2723
AKT2,-51.53223515273933,532,-67.14975275312152,532,15.617517600382186,2724
OTOG,-106.39393615722656,1,-121.98593139648438,1,15.591995239257812,2725
CRABP1,-69.22226176542394,17,-84.78807696174172,17,15.565815196317786,2726
C1GALT1C1L,-103.81100346491887,13,-119.37589439978966,13,15.564890934870789,2727
DOT1L,-46.19623480075743,205,-61.75626421672542,205,15.560029415967989,2728
KDM5B,-68.93369480972687,577,-84.49053561047003,577,15.55684080074316,2729
DNAAF2,-79.85724977700107,332,-95.38247416392866,332,15.52522438692759,2730
SYCE1L,-114.24137930436568,220,-129.7665050506592,220,15.525125746293511,2731
TMEM199,-92.42405621210735,336,-107.909562928336,336,15.485506716228656,2732
AGO4,-54.49158572719108,221,-69.97389690692609,221,15.482311179735007,2733
RASL11A,-64.78384138036657,54,-80.26474733705874,54,15.480905956692169,2734
ENDOD1,-75.94029237554314,445,-91.39960841489642,445,15.459316039353283,2735
SLC14A1,-84.79533233642579,5,-100.24310150146485,5,15.447769165039062,2736
PRADC1,-84.33866228757205,286,-99.77118090649584,286,15.432518618923794,2737
CALM3,-64.2566153239734,1218,-79.68855293161177,1218,15.43193760763836,2738
SDR39U1,-79.47481675897481,439,-94.90669686701955,439,15.431880108044737,2739
PREB,-60.44336221483019,360,-75.8732683605618,360,15.429906145731607,2740
HDDC3,-99.03980688291175,428,-114.44436511815151,428,15.404558235239762,2741
TP53I13,-94.31204101220885,536,-109.71048941541073,536,15.398448403201883,2742
KRAS,-76.37089621615247,735,-91.76046047080942,735,15.389564254656946,2743
PYCR2,-56.29149100342723,659,-71.67722314768025,659,15.38573214425302,2744
RNU11,-58.45393543243408,20,-73.81087265014648,20,15.3569372177124,2745
SEH1L,-83.18564165187182,239,-98.53985068987603,239,15.354209038004214,2746
TPO,-129.68443298339844,1,-145.02862548828125,1,15.344192504882812,2747
AMMECR1L,-82.1845711517334,200,-97.5188659286499,200,15.334294776916508,2748
ANAPC11,-94.93217379016897,1838,-110.24950134974699,1838,15.317327559578018,2749
BBOF1,-61.69669210442289,229,-77.00579214304295,229,15.309100038620066,2750
EGLN3,-73.46179306595414,135,-88.75972001817492,135,15.297926952220777,2751
MTCH2,-52.6388160348267,726,-67.92893647753503,726,15.290120442708336,2752
ITPKC,-82.74943840945208,432,-98.01416679664895,432,15.264728387196868,2753
TAPBPL,-100.05210696361104,305,-115.27589111328125,305,15.223784149670209,2754
P2RY6,-111.38161165752108,63,-126.60057116311694,63,15.218959505595862,2755
AP1G1,-47.24589152818316,445,-62.45475051536989,445,15.20885898718673,2756
DENND5A,-73.49143112123244,257,-88.70019258135487,257,15.208761460122432,2757
MYCL,-57.426416899028574,95,-72.63218986109683,95,15.20577296206826,2758
NOD2,-166.8346228966346,13,-182.03797912597656,13,15.20335622934195,2759
LDLRAP1,-68.13578192299762,341,-83.33033651760246,341,15.194554594604838,2760
PLEKHG2,-103.61791061632562,396,-118.79757825292722,396,15.179667636601607,2761
AUP1,-103.57716065520174,1001,-118.74837424538352,1001,15.171213590181779,2762
OGFOD2,-49.046357213234415,245,-64.20184802619778,245,15.155490812963365,2763
SLC38A6,-123.36333433011683,164,-138.5185799017185,164,15.155245571601682,2764
PLEKHG6,-69.35623150993796,85,-84.4951779533835,85,15.138946443445548,2765
MEN1,-63.44028768692424,187,-78.5591283380029,187,15.118840651078663,2766
WBP2,-54.21754874082712,1040,-69.32829696948711,1040,15.110748228659993,2767
SCN4B,-93.43468508513078,23,-108.54304006825323,23,15.108354983122453,2768
CRTC3,-67.34014129638672,290,-82.41379147233634,290,15.073650175949624,2769
ZNF420,-82.1964932649032,115,-97.26823637589165,115,15.07174311098845,2770
POLE2,-51.47791595458985,30,-66.51647109985352,30,15.038555145263672,2771
STK40,-89.4111046689622,376,-104.42063118549103,376,15.009526516528837,2772
ANKLE1,-48.58459296593299,13,-63.57434111375075,13,14.989748147817757,2773
TMEM216,-50.333057575159835,289,-65.30949323977566,289,14.976435664615828,2774
CISD1,-81.39770658794203,950,-96.37394026906867,950,14.976233681126644,2775
SIRT2,-67.82185878379673,510,-82.78788063198913,510,14.966021848192398,2776
FAM76A,-54.82146120258406,255,-69.77035917394302,255,14.94889797135896,2777
PAAF1,-66.949140581034,236,-81.89702948877367,236,14.947888907739667,2778
NOVA2,-90.7902603149414,1,-105.69735717773438,1,14.907096862792969,2779
CDA,-101.4664054283729,26,-116.3639878493089,26,14.897582420936004,2780
CDK2AP1,-59.59737225582725,152,-74.48772129259612,152,14.890349036768868,2781
GBF1,-76.5101131720831,298,-91.39165535229165,298,14.881542180208555,2782
LAMTOR5,-57.79815000745052,1817,-72.6780477134356,1817,14.87989770598508,2783
CHMP1A,-68.67310370468512,451,-83.5359797678607,451,14.862876063175577,2784
OAT,-75.88626326949507,675,-90.74623732955368,675,14.859974060058605,2785
KSR2,-78.60165214538574,52,-93.43742443965031,52,14.835772294264572,2786
ABL2,-93.80409341109426,380,-108.63136815522846,380,14.8272747441342,2787
DPF2,-55.16329727421366,307,-69.98302665983815,307,14.819729385624484,2788
GLG1,-75.58704496060338,643,-90.40232367389495,643,14.815278713291576,2789
ANKRD52,-51.56226323445638,120,-66.37633714675903,120,14.814073912302646,2790
CNN2,-57.18749379666052,963,-71.99769803816656,963,14.810204241506042,2791
KCTD5,-72.13704330856736,222,-86.93724417471671,222,14.800200866149353,2792
UNG,-52.582162300745644,144,-67.3754506111145,144,14.793288310368858,2793
MYO9B,-65.3367586216005,238,-80.11069494936646,238,14.773936327765966,2794
MXRA8,-72.76890870799188,92,-87.53751721589461,92,14.768608507902727,2795
POLL,-58.411307953022146,216,-73.1769677621347,216,14.765659809112549,2796
ADAT3,-50.5026611328125,15,-65.26456095377604,15,14.761899820963542,2797
VPS18,-72.53418838394272,143,-87.28956315900896,143,14.755374775066244,2798
EMG1,-72.51356901945891,648,-87.26620310324209,648,14.752634083783178,2799
ZNF439,-88.90633627947639,68,-103.64865807925953,68,14.742321799783142,2800
SCAF1,-64.59527481926813,324,-79.322899547624,324,14.727624728355877,2801
HSH2D,-103.83428714388893,168,-118.56144659859794,168,14.72715945470901,2802
SMIM12,-62.16247441754138,493,-76.87643701889935,493,14.71396260135797,2803
ADM,-81.01709795427752,111,-95.72817512031074,111,14.71107716603322,2804
FAM234A,-60.52607561664124,459,-75.19066721265872,459,14.66459159601748,2805
KAT5,-59.910763786645944,393,-74.55919449201977,393,14.648430705373826,2806
ZBTB1,-74.94032184818248,193,-89.58808713132235,193,14.647765283139876,2807
LINC01376,-102.41659715440538,9,-117.01393551296658,9,14.597338358561203,2808
KIAA1549L,-69.76593017578125,1,-84.36212158203125,1,14.59619140625,2809
MPRIP,-81.4450191755736,562,-96.0316179893195,562,14.586598813745894,2810
TTC30A,-120.97680582898728,94,-135.55182542192176,94,14.575019592934481,2811
PSMD11,-63.390564901051505,819,-77.94795331384381,819,14.557388412792307,2812
SMURF2,-61.95990334745097,578,-76.51482936502741,578,14.554926017576442,2813
ENO1-AS1,-56.89806432309358,23,-71.39441448709239,23,14.496350163998812,2814
AP2S1,-48.50325544174403,1460,-62.994029486669255,1460,14.490774044925224,2815
SPRED3,-117.74169276310847,26,-132.19864595853366,26,14.456953195425186,2816
ZNF414,-48.16392596342557,361,-62.61207639741765,361,14.448150433992083,2817
WDR24,-60.306010418250914,122,-74.73903574709033,122,14.433025328839413,2818
RBM4B,-47.30543639860957,166,-61.73065486586238,166,14.425218467252805,2819
GPR179,-81.6525650024414,1,-96.06090545654295,1,14.408340454101548,2820
ANKRD39,-74.25055650879489,419,-88.65706299483634,419,14.406506486041451,2821
SAP130,-59.22360889829438,145,-73.62801476840315,145,14.404405870108768,2822
STX5,-88.90315287630722,539,-103.27832229416092,539,14.375169417853698,2823
TOMM20L,-70.88338279724121,4,-85.24696731567383,4,14.363584518432617,2824
GRAMD1A,-78.42497384989703,864,-92.77373177916915,864,14.348757929272125,2825
NRP1,-91.22775519296025,356,-105.57493801331252,356,14.347182820352273,2826
SLC30A6,-53.438824740323156,220,-67.78492629311302,220,14.346101552789861,2827
POGZ,-73.04687950240078,649,-87.37725365731309,649,14.330374154912306,2828
SEC61A2,-58.190703582763675,50,-72.51640228271485,50,14.325698699951175,2829
CEP85,-61.827862044512216,59,-76.14373494810977,59,14.315872903597551,2830
LAG3,-108.00956374458644,115,-122.32029717486837,115,14.310733430281928,2831
LINC00551,-121.1280746459961,2,-135.42195892333984,2,14.29388427734375,2832
PIGW,-88.20168795530823,87,-102.47735209848689,87,14.275664143178659,2833
SORL1,-106.3864558921588,439,-120.63977589531206,439,14.253320003153249,2834
EFNA1,-98.19580408712024,1267,-112.42138619486893,1267,14.225582107748693,2835
TBCEL,-92.20621421688892,122,-106.4311348962002,122,14.224920679311282,2836
GTF3C2,-53.188589740443874,296,-67.41072832571494,296,14.222138585271068,2837
THRSP,-110.62535095214844,2,-124.84112167358398,2,14.215770721435547,2838
PRRC2C,-71.23827422755359,1345,-85.43425692306575,1345,14.195982695512157,2839
IER3IP1,-71.9280611956561,945,-86.10627284781643,945,14.178211652160329,2840
RBFA,-102.30849352318222,241,-116.4695768554181,241,14.161083332235876,2841
MATN3,-84.59961474383319,27,-98.75910356309679,27,14.1594888192636,2842
AEN,-50.651903572729076,177,-64.80560852309405,177,14.153704950364975,2843
APOC2,-114.01333109537761,3,-128.14412689208984,3,14.130795796712235,2844
METTL1,-69.97586635121128,171,-84.10446555154365,171,14.128599200332374,2845
SYPL2,-67.28721618652344,8,-81.41126728057861,8,14.124051094055176,2846
GNA15,-75.92994412704253,355,-90.02206487521319,355,14.092120748170657,2847
ZBTB32,-64.67431831359863,4,-78.76314544677734,4,14.088827133178711,2848
GPATCH4,-72.51580542202653,435,-86.60393082191204,435,14.088125399885513,2849
OTUD3,-67.76387506649817,162,-81.84140042905454,162,14.077525362556372,2850
LINC00467,-96.69085067085598,575,-110.75416668435801,575,14.063316013502032,2851
SYCE2,-52.198551177978516,9,-66.24725765652127,9,14.048706478542755,2852
HIF1AN,-84.11233000578704,270,-98.14311009159795,270,14.030780085810903,2853
SCUBE2,-155.71251971905048,130,-169.71175900972807,130,13.999239290677593,2854
APEX1,-52.59567761445557,979,-66.59070044372372,979,13.995022829268152,2855
RUFY2,-52.067470875653356,176,-66.06187497485767,176,13.994404099204317,2856
ZFR2,-73.92640240987141,12,-87.91344515482585,12,13.987042744954437,2857
ADAT1,-65.35327501719809,203,-79.33562413107586,203,13.982349113877774,2858
UNKL,-55.4860716162261,161,-69.45253966906056,161,13.966468052834458,2859
ATP8B4,-99.1510632832845,6,-113.10966873168945,6,13.958605448404953,2860
TAGLN,-82.04449134595467,165,-95.99615284312856,165,13.951661497173887,2861
PAFAH1B3,-67.6935153074458,641,-81.64411306158057,641,13.950597754134776,2862
ISOC2,-110.13375396911914,832,-124.05648777118095,832,13.922733802061813,2863
OLA1,-51.72570095921841,821,-65.64248458360493,821,13.916783624386518,2864
LPIN2,-51.20315332795245,723,-65.11171346218589,723,13.90856013423344,2865
LGALS3,-96.54943141216972,2039,-110.4522199008674,2039,13.90278848869768,2866
CCDC142,-61.61904030415549,67,-75.4902114868164,67,13.871171182660916,2867
RRP12,-63.293047100889915,204,-77.15757594389073,204,13.86452884300082,2868
SULT1C2,-82.00851457015328,230,-95.85730312181556,230,13.848788551662281,2869
BTBD18,-52.29353332519531,1,-66.14143371582031,1,13.847900390625,2870
ZNF208,-68.8631067276001,8,-82.70229053497314,8,13.839183807373047,2871
GATA3,-113.44332908181583,34,-127.2812962251551,34,13.83796714333927,2872
STAT6,-120.90181345098159,680,-134.7339038175695,680,13.83209036658792,2873
B3GAT3,-51.4651642557991,482,-65.29396922954385,482,13.828804973744745,2874
RIF1,-51.42891539983682,421,-65.25695896828259,421,13.828043568445771,2875
TMED3,-55.20482892568555,1199,-69.0327106249939,1199,13.82788169930835,2876
ZKSCAN2,-74.52008503880994,58,-88.33955264913625,58,13.819467610326313,2877
FBXL19,-70.85410785675049,128,-84.67325955629349,128,13.819151699543,2878
ST6GAL2,-87.10412161690849,7,-100.92230006626674,7,13.818178449358257,2879
KCTD14,-65.52043643268435,229,-79.31646188794265,229,13.796025455258302,2880
ZNF625-ZNF20,-58.0531063079834,2,-71.84778594970703,2,13.794679641723633,2881
FBXO6,-60.81885381014842,318,-74.59106176604264,318,13.772207955894224,2882
PGD,-70.52207818808266,626,-84.29055450975704,626,13.768476321674385,2883
CLPX,-44.60930206018483,381,-58.37558579132,381,13.766283731135168,2884
RBBP8,-80.04727149539524,360,-93.79688847859701,360,13.749616983201776,2885
SLC2A4,-86.91143798828125,4,-100.65367317199707,4,13.74223518371582,2886
ASB2,-122.33687744140624,5,-136.07726440429687,5,13.740386962890625,2887
CCDC159,-79.68548917599476,279,-93.40777120282573,279,13.722282026830968,2888
SLC39A5,-99.77275085449219,3,-113.49469248453777,3,13.721941630045578,2889
COX7A1,-61.71097676894244,17,-75.43121248133042,17,13.720235712387982,2890
SMIM6,-90.31893423606427,359,-104.01983842345001,359,13.700904187385746,2891
RNF41,-51.28666793823242,375,-64.98350686645507,375,13.696838928222654,2892
FAM181A-AS1,-126.70182800292967,1,-140.3849334716797,1,13.683105468750014,2893
NKIRAS2,-108.25854314960772,353,-121.9181464089888,353,13.659603259381086,2894
ZNF408,-56.065971102033345,84,-69.70860372270856,84,13.642632620675215,2895
EIF2B1,-60.82331182048786,323,-74.44140372261543,323,13.618091902127574,2896
CHIT1,-94.4593719482422,5,-108.07313842773438,5,13.613766479492185,2897
C11orf91,-80.0289306640625,2,-93.63541793823242,2,13.606487274169922,2898
DVL2,-135.03000928129745,247,-148.63173246190615,247,13.601723180608701,2899
MRPL21,-74.06936041133578,919,-87.66361972945818,919,13.594259318122397,2900
LIMS1,-76.99117962362399,709,-90.58357755287074,709,13.592397929246744,2901
ZNF627,-54.41244743748715,95,-68.00334448563426,95,13.590897048147106,2902
DNM2,-54.59481300638582,563,-68.1625618401048,563,13.56774883371898,2903
CDK2,-89.85709778805996,94,-103.42317873366336,94,13.566080945603403,2904
PUS3,-90.62978860233606,178,-104.18766458918539,178,13.557875986849325,2905
TNFRSF13B,-132.9863077799479,3,-146.53694661458334,3,13.550638834635436,2906
ANO4,-93.36976114908855,6,-106.91888173421223,6,13.549120585123688,2907
TCF25,-52.900854628607135,1359,-66.44943800667264,1359,13.548583378065501,2908
G6PC3,-55.310624443635305,407,-68.77639196897314,407,13.465767525337839,2909
COX5A,-54.51642261240653,1702,-67.97565296141717,1702,13.459230349010639,2910
KIDINS220,-73.33923739531278,691,-86.78509168169433,691,13.445854286381547,2911
TRMT61B,-51.32020988227418,161,-64.74136027934388,161,13.421150397069702,2912
PRPF3,-62.656746561616764,293,-76.07620819925042,293,13.419461637633653,2913
LCAT,-156.5173468106035,69,-169.93369680211163,69,13.416349991508127,2914
TDRKH,-79.29419016838074,96,-92.70101618766785,96,13.40682601928711,2915
CHID1,-89.25827250761144,833,-102.63027713221518,833,13.372004624603747,2916
FGD6,-79.67207876428381,308,-93.03914255910105,308,13.367063794817241,2917
MRTO4,-62.008961690544105,367,-75.37138530928692,367,13.362423618742817,2918
KTI12,-69.14006628813567,108,-82.49356820848253,108,13.353501920346858,2919
RPA1,-52.028128633660785,295,-65.37276589345124,295,13.34463725979046,2920
TBC1D3D,-100.70303649902344,5,-114.04569396972656,5,13.342657470703116,2921
HDAC1,-49.77961117857316,583,-63.101849289333025,583,13.322238110759862,2922
ANKRD13C,-58.742412096603324,227,-72.0541261177231,227,13.311714021119776,2923
RNF125,-53.76853506905692,49,-67.07655552455357,49,13.308020455496653,2924
DHX58,-133.5500506376609,156,-146.85506116426907,156,13.305010526608186,2925
YIPF1,-106.58053565482071,261,-119.82139467553617,261,13.240859020715462,2926
NFATC2IP,-50.22623888987923,567,-63.46705568236228,567,13.240816792483052,2927
PARP1,-61.30168064844977,776,-74.52766815657468,776,13.22598750812491,2928
TOE1,-60.06371536254883,70,-73.2642699105399,70,13.200554547991068,2929
DNAJC16,-81.1712220435049,255,-94.36995505538641,255,13.198733011881515,2930
CREBL2,-62.2995460670413,524,-75.49775282299245,524,13.198206755951155,2931
ZNF205,-76.36906205052915,184,-89.52043027463166,184,13.151368224102512,2932
TYW3,-143.8697824342556,422,-157.01461980015182,422,13.144837365896223,2933
CREG2,-96.98318481445312,2,-110.12482833862305,2,13.141643524169922,2934
CWC25,-59.115948317015445,739,-72.25051255284207,739,13.134564235826623,2935
RRP15,-56.14865042100725,451,-69.27401432282645,451,13.125363901819199,2936
LRRC37A3,-54.77237629890442,32,-67.89656686782837,32,13.12419056892395,2937
ACP2,-61.17781709976427,331,-74.27874795043577,331,13.100930850671503,2938
CHRNA3,-83.90042114257812,2,-96.99275970458984,2,13.092338562011719,2939
LBX2-AS1,-106.44837125142415,60,-119.53259137471517,60,13.084220123291018,2940
TNRC6A,-90.44060060127296,597,-103.50353427548305,597,13.062933674210086,2941
PIP4K2A,-72.14778527631447,213,-85.20315605485943,213,13.055370778544969,2942
CTSE,-98.39205392448169,387,-111.42641987172208,387,13.034365947240389,2943
DPP3,-85.25885738450654,245,-98.2594541588608,245,13.000596774354264,2944
AURKB,-64.28827412923177,15,-77.28822733561198,15,12.999953206380212,2945
ESR2,-69.40210673014323,15,-82.3764638264974,15,12.974357096354169,2946
WFDC1,-114.8841069539388,3,-127.85290273030598,3,12.968795776367188,2947
CACUL1,-57.19047927197603,579,-70.15621550301402,579,12.965736231037994,2948
SHPK,-61.60825313221324,44,-74.57290666753596,44,12.964653535322718,2949
CHIA,-137.69938420590168,217,-150.6589600171911,217,12.959575811289426,2950
RCC2,-89.86594715069876,393,-102.79749901846772,393,12.93155186776896,2951
ZNF665,-71.813034929548,35,-84.7366943359375,35,12.923659406389504,2952
SNRNP200,-67.17978703409554,737,-80.09221051861829,737,12.912423484522748,2953
ADGRD1,-100.88321987613217,273,-113.79045705830221,273,12.907237182170036,2954
FKBP1B,-54.08590367824171,269,-66.98597505987799,269,12.900071381636273,2955
APRT,-77.05651957573801,1741,-89.95590551333616,1741,12.899385937598154,2956
RHOV,-67.51966743728741,294,-80.40581831640127,294,12.886150879113856,2957
EARS2,-93.77972035235669,83,-106.66271209716797,83,12.882991744811278,2958
MAST3,-62.50070138071098,102,-75.35544571222043,102,12.854744331509451,2959
CRCT1,-119.55628967285156,1,-132.41075134277344,1,12.854461669921875,2960
PHYH,-69.60717112223307,450,-82.45420337253147,450,12.847032250298398,2961
SYNJ2BP,-75.76295231647804,551,-88.59767643812563,551,12.834724121647596,2962
SSTR2,-114.00721130371093,10,-126.83872451782227,10,12.83151321411134,2963
SPATA2L,-62.57519836899657,161,-75.40593378292107,161,12.8307354139245,2964
CYP2S1,-66.39350613425759,136,-79.2197525361005,136,12.826246401842909,2965
SLC25A15,-60.93046996172737,17,-73.71639027315028,17,12.785920311422913,2966
DDX55,-48.13157021999359,192,-60.880850632985435,192,12.749280412991844,2967
PSMC3,-51.45456100683682,833,-64.1810369915178,833,12.726475984680981,2968
LPCAT4,-63.977230072021484,165,-76.69911170728278,165,12.721881635261298,2969
ILF2,-56.19034668520632,1023,-68.89219710647419,1023,12.701850421267864,2970
SETD6,-54.88563445035149,136,-67.58331646638759,136,12.697682016036097,2971
SYNGR4,-68.7837282816569,6,-81.46933237711589,6,12.685604095458984,2972
ZFP36L1,-79.10943488068341,2009,-91.78807844481936,2009,12.678643564135953,2973
GJB4,-114.75828621604226,11,-127.43168709494851,11,12.67340087890625,2974
PIK3R2,-65.16264878458051,67,-77.83128117803318,67,12.668632393452668,2975
NID2,-82.73621368408203,1,-95.40323638916016,1,12.667022705078125,2976
ZC3H10,-103.63513073022814,69,-116.29944422625113,69,12.664313496022984,2977
EMC1,-55.546105498567634,218,-68.19663756484286,218,12.650532066275225,2978
ZNF837,-56.567447916666666,60,-69.20119018554688,60,12.633742268880212,2979
SNAP23,-54.75431162716129,509,-67.38320016017832,509,12.628888533017026,2980
PRTFDC1,-101.63744735717773,34,-114.23624285529641,34,12.598795498118676,2981
KCNIP2,-104.73625946044922,1,-117.32839965820312,1,12.592140197753906,2982
SUZ12,-64.34971593041303,566,-76.92137240352564,566,12.571656473112611,2983
KDM1A,-60.21654106515353,305,-72.7861186543449,305,12.569577589191375,2984
PDE4A,-61.499963807471005,324,-74.04289026613588,324,12.54292645866488,2985
CYP4F3,-129.98370933532715,8,-142.52451705932617,8,12.540807723999023,2986
LYPD3,-78.75058776257085,51,-91.2908706665039,51,12.540282903933061,2987
CDK11A,-52.307638129089106,243,-64.84313071608052,243,12.535492586991417,2988
GTF2F1,-60.193772564763606,552,-72.70576840552731,552,12.511995840763703,2989
DOHH,-60.766911625082976,306,-73.27843607484905,306,12.511524449766078,2990
NT5DC3,-71.97513854980468,50,-84.48433914184571,50,12.509200592041026,2991
DDX21,-60.48686372902361,1115,-72.98724595826837,1115,12.500382229244764,2992
SNAPIN,-51.99865751862526,640,-64.49712309241295,640,12.49846557378769,2993
FADS3,-74.07887092916881,257,-86.55120561651682,257,12.47233468734801,2994
SRSF10,-72.26714975102024,1062,-84.72895880517763,1062,12.461809054157385,2995
PIAS3,-69.17360844056299,326,-81.62906707576447,326,12.45545863520148,2996
NSUN4,-60.42938121224222,247,-72.87586307911738,247,12.44648186687516,2997
CYP1B1,-96.47669944193825,670,-108.91623920042123,670,12.43953975848298,2998
CHERP,-56.82975643827715,393,-69.26225694263255,393,12.432500504355396,2999
STT3A,-59.04592452652153,435,-71.46602407871991,435,12.42009955219838,3000
KPTN,-62.76072812963415,108,-75.1780276828342,108,12.417299553200046,3001
GJB2,-78.09493547327378,68,-90.51138990065631,68,12.416454427382533,3002
VASP,-50.319380608157836,759,-62.7337219680565,759,12.414341359898664,3003
SENP3,-79.5302163326379,66,-91.9408960053415,66,12.410679672703594,3004
YES1,-71.06093048326898,396,-83.47058309689916,396,12.409652613630186,3005
PPIH,-68.04651760855756,359,-80.4540846248191,359,12.407567016261538,3006
DUOX2,-105.51916219673905,51,-117.91997243843826,51,12.400810241699219,3007
NPFFR1,-91.23330307006836,36,-103.62922181023492,36,12.395918740166564,3008
PAPOLG,-55.49183852380986,139,-67.88328991347937,139,12.391451389669513,3009
TMEM208,-98.83655685237137,1057,-111.19306019735201,1057,12.356503344980638,3010
DIP2B,-49.098697560356264,187,-61.44735834050306,187,12.348660780146794,3011
RMI2,-64.0147173530177,76,-76.3564096751966,76,12.3416923221789,3012
CNKSR1,-59.62985327421729,335,-71.97018890380859,335,12.340335629591301,3013
CCNT2,-64.49607968974757,296,-76.83102576797073,296,12.334946078223155,3014
RNF157,-72.9763981955392,28,-85.30806486947196,28,12.331666673932759,3015
TIMM17A,-54.38981842413181,738,-66.71594221740557,738,12.326123793273759,3016
SEC14L5,-71.06420135498047,3,-83.37762705485027,3,12.313425699869796,3017
TMEM132D,-89.38308461507161,3,-101.693359375,3,12.31027475992839,3018
BICC1,-93.16206165660512,110,-105.45434826937588,110,12.292286612770766,3019
EXOSC10,-46.97579404342273,242,-59.262390893352915,242,12.286596849930184,3020
MT1G,-160.14178744229403,77,-172.4214804513114,77,12.279693009017365,3021
TMEM214,-47.47886344761525,412,-59.739726177697044,412,12.260862730081797,3022
LRRK1,-97.48152546498967,87,-109.73260752360027,87,12.251082058610592,3023
ENO3,-91.77043957180447,36,-104.01448970370822,36,12.244050131903748,3024
BRMS1,-130.2536537286007,660,-142.49086696740352,660,12.23721323880281,3025
ZNF436,-87.97826829390092,55,-100.21361236572265,55,12.235344071821729,3026
IRGQ,-81.6434185612309,222,-93.8764924745302,222,12.233073913299293,3027
RPS11,-49.60963717309774,2162,-61.835055784424846,2162,12.225418611327107,3028
ST3GAL3,-144.2313793285473,111,-156.45403805294552,111,12.22265872439823,3029
RPL3L,-136.28602600097656,2,-148.48925018310547,2,12.203224182128906,3030
SLFN13,-62.78286524358786,265,-74.94947337024617,265,12.16660812665831,3031
SLC10A2,-112.07536015745069,61,-124.22617227523054,61,12.15081211777985,3032
ZNF503-AS2,-144.1290726661682,64,-156.27619457244873,64,12.147121906280518,3033
MAN2B1,-68.66352310180665,40,-80.8039644241333,40,12.140441322326652,3034
AKR7A3,-87.89899044945126,21,-100.03859383719308,21,12.139603387741815,3035
KLHL10,-85.2603759765625,1,-97.37812042236328,1,12.117744445800781,3036
PLEKHH3,-70.48963781402692,291,-82.59582168212052,291,12.106183868093595,3037
TMEM205,-65.25267703157641,1365,-77.34650634094909,1365,12.09382930937268,3038
E2F2,-77.21124860975478,9,-89.25091383192274,9,12.039665222167969,3039
PPP1R15B,-56.95547888366091,602,-68.95850305145365,602,12.003024167792738,3040
ZNF808,-51.4778689216165,85,-63.46439226935892,85,11.98652334774242,3041
ATXN2L,-76.18989161359585,492,-88.17173404228396,492,11.981842428688111,3042
MED17,-102.75595082701629,303,-114.73607932616382,303,11.980128499147526,3043
RAB31,-104.12469825643977,758,-116.1015389676459,758,11.976840711206123,3044
TBC1D10B,-109.32747184502686,213,-121.27426265662825,213,11.946790811601389,3045
MRPL53,-75.14922026584023,152,-87.0745177018015,152,11.92529743596127,3046
CIT,-67.14344480502531,318,-79.06596014634619,318,11.922515341320874,3047
RHPN2,-59.24211658130992,154,-71.14499545406986,154,11.902878872759935,3048
A2M-AS1,-105.19651576450893,14,-117.09799902779716,14,11.901483263288227,3049
ALKBH7,-54.55620095515446,1468,-66.45717410885345,1468,11.900973153698992,3050
ASH1L-AS1,-113.18462989903703,79,-125.07683582547345,79,11.892205926436418,3051
SH2D3A,-58.99241439819336,450,-70.88362431844075,450,11.891209920247391,3052
VPS37C,-82.1671279552371,215,-94.04129674157431,215,11.874168786337208,3053
ID2-AS1,-121.64483533586774,7,-133.5096675327846,7,11.86483219691685,3054
DHX8,-67.08880432381117,242,-78.94984558988209,242,11.861041266070913,3055
GOT2,-51.73980256040653,334,-63.60067490903204,334,11.860872348625506,3056
EDARADD,-63.30158513387044,15,-75.12457631429037,15,11.822991180419926,3057
FBXL8,-66.14137421837148,129,-77.96370401308518,129,11.822329794713696,3058
POMT2,-61.4425116435136,101,-73.2577262349648,101,11.815214591451209,3059
ST8SIA6-AS1,-89.43677825927735,5,-101.23810272216797,5,11.80132446289062,3060
ZNF488,-82.53328704833984,1,-94.32664489746094,1,11.793357849121094,3061
PLEKHA3,-81.6875351799859,558,-93.4808106507879,558,11.793275470802001,3062
DDX28,-69.23387249605155,81,-81.01366641197676,81,11.779793915925211,3063
VSIG10L,-126.15550295511882,24,-137.93382771809897,24,11.778324762980148,3064
ZNF511,-82.25293480903531,721,-94.01506970494201,721,11.762134895906698,3065
PRR15L,-119.83744685811207,665,-131.5876743058513,665,11.75022744773922,3066
NECAP2,-59.99285563065916,478,-71.73629929929598,478,11.743443668636822,3067
ARL4D,-58.34229112778032,237,-70.07725711613264,237,11.734965988352322,3068
SFTA3,-75.07589193255681,1747,-86.8064540039831,1747,11.730562071426291,3069
FNBP4,-40.502276816925445,616,-52.22074273964027,616,11.718465922714827,3070
CYB5RL,-87.61495144084348,59,-99.30575328762248,59,11.690801846778996,3071
GPI,-73.07549545637524,655,-84.76207706364056,655,11.686581607265325,3072
ANKK1,-113.44055557250977,10,-125.11213836669921,10,11.671582794189447,3073
ASCL1,-96.11058553059895,3,-107.77260843912761,3,11.662022908528655,3074
PARN,-50.09160546266316,366,-61.737310753494015,366,11.645705290830854,3075
GPBP1L1,-58.619830454999246,684,-70.2644959053798,684,11.644665450380558,3076
NKX2-1,-75.09134869710662,1517,-86.72846463328533,1517,11.637115936178702,3077
EPHX4,-76.82600480682996,49,-88.46099370839644,49,11.634988901566487,3078
ZNF562,-57.92304762297986,255,-69.55789582495596,255,11.634848201976105,3079
GDI2,-58.41917902116697,1093,-70.05136039294132,1093,11.632181371774351,3080
DLEU1,-98.14059695205248,173,-109.77043531120168,173,11.629838359149204,3081
PAN3-AS1,-87.48858388264973,9,-99.11340586344402,9,11.62482198079428,3082
KMT5C,-68.5559907561367,206,-80.1375529465166,206,11.581562190379913,3083
SMARCD1,-68.8274359814698,299,-80.35445513773124,299,11.527019156261431,3084
FUT2,-73.03673275538853,140,-84.55538836887905,140,11.518655613490523,3085
AP3D1,-71.1442694226151,795,-82.63827271851353,795,11.494003295898438,3086
NUBP2,-89.7677832298878,764,-101.26049040749434,764,11.492707177606547,3087
EIF4G3,-60.27523769476475,390,-71.76148853791065,390,11.486250843145903,3088
PLCG2,-58.35016678060804,224,-69.83121153286525,224,11.481044752257212,3089
NEMF,-87.49672832685647,679,-98.92250818356499,679,11.425779856708516,3090
HSPB9,-85.58851896013532,14,-96.99994277954102,14,11.411423819405698,3091
ZNF585B,-80.2898656484243,37,-91.68072159225876,37,11.390855943834467,3092
KXD1,-48.7270340468753,804,-60.10213517905468,804,11.375101132179374,3093
REL,-62.418547077308205,1033,-73.79137000409816,1033,11.37282292678995,3094
PRPF8,-38.84813268361998,605,-50.2102282122147,605,11.362095528594722,3095
NLRP12,-84.12223358154297,10,-95.48226547241211,10,11.360031890869138,3096
CDCA3,-79.62395180596246,18,-90.92971462673611,18,11.305762820773651,3097
BBC3,-69.75126402559336,342,-81.03931360077439,342,11.288049575181034,3098
ZNF687,-44.92656805001053,153,-56.18588159598556,153,11.259313545975033,3099
NBL1,-69.56685689460474,299,-80.82196624143467,299,11.255109346829926,3100
ZNF284,-81.65990098317464,24,-92.90585581461589,24,11.245954831441253,3101
DNAJA3,-45.341109562983746,269,-56.58272745352252,269,11.241617890538777,3102
SLC26A9,-95.7472220043208,298,-106.94882332718612,298,11.201601322865315,3103
TXNRD1,-58.53757184865523,784,-69.69953523363385,784,11.16196338497862,3104
WDFY2,-76.64692746038023,276,-87.80853879624519,276,11.161611335864961,3105
EYA3,-52.060530290246646,187,-63.213228827491804,187,11.152698537245158,3106
UCHL3,-99.80349773135993,549,-110.95304810848826,549,11.149550377128335,3107
XAF1,-76.4581590661019,223,-87.585606014782,223,11.127446948680102,3108
TMPRSS12,-92.20784759521484,2,-103.32622909545898,2,11.11838150024414,3109
SDHAF1,-69.28337595451391,418,-80.39627797980057,418,11.112902025286658,3110
MRPS35,-65.67016749027204,551,-76.75892061763147,551,11.088753127359439,3111
CAPRIN1,-78.60246609309532,716,-89.68758021519837,716,11.08511412210305,3112
POMC,-67.31231641769409,32,-78.39510750770569,32,11.082791090011597,3113
GUK1,-68.3775563278239,1873,-79.43906016841142,1873,11.06150384058752,3114
COA7,-62.57583494640532,105,-73.63558996291388,105,11.05975501650856,3115
SYT2,-75.10340309143066,8,-86.15186405181885,8,11.048460960388184,3116
TMEM255B,-130.95452041625975,20,-141.99894256591796,20,11.044422149658203,3117
KRT28,-162.30599975585938,1,-173.3227996826172,1,11.016799926757812,3118
UNC79,-79.70694478352864,3,-90.72218577067058,3,11.015240987141937,3119
GYS1,-82.47969525415192,159,-93.46016995411999,159,10.98047469996807,3120
SF1,-70.9069879841039,1277,-81.87253960091898,1277,10.965551616815077,3121
MYH10,-82.13858747182402,159,-93.1032697089813,159,10.964682237157277,3122
PER3,-65.58031371494509,265,-76.54289003768058,265,10.962576322735487,3123
NFKB2,-55.52084374182003,388,-66.47877360865013,388,10.9579298668301,3124
GDPD1,-60.739776857437626,62,-71.6963397610572,62,10.956562903619577,3125
C19orf54,-57.89814902923919,182,-68.85250762268737,182,10.954358593448177,3126
BLOC1S2,-102.31623480293189,623,-113.26374575644014,623,10.947510953508257,3127
EPS8,-80.41402519370025,1325,-91.35669028803987,1325,10.942665094339617,3128
PSMB10,-79.44672837804575,244,-90.38648567825068,244,10.939757300204931,3129
SMYD5,-61.79508987127566,102,-72.72839071236405,102,10.93330084108839,3130
C1orf198,-96.35325954334947,522,-107.2681041732145,522,10.91484462986503,3131
TRAF5,-61.07741922874973,146,-71.98123477256462,146,10.903815543814886,3132
HNRNPUL1,-125.74667548775449,1066,-136.6101265597746,1066,10.863451072020126,3133
MVD,-63.16145595897328,550,-74.00807325883345,550,10.84661729986017,3134
SLC1A6,-102.39234313964843,5,-113.21857299804688,5,10.826229858398449,3135
TIMM50,-71.01922777824595,591,-81.8389776136266,591,10.819749835380648,3136
NDUFS8,-60.61017949970884,1511,-71.42790523607316,1511,10.817725736364316,3137
OSCAR,-54.12678883526776,74,-64.94044417303962,74,10.813655337771863,3138
GRIN2A,-86.76720428466797,4,-97.57155990600586,4,10.80435562133789,3139
IGHV1-18,-146.34811782836914,4,-157.14099502563477,4,10.792877197265625,3140
PIP4K2C,-74.35241854798561,255,-85.1331049002853,255,10.780686352299696,3141
NRAV,-89.18109228049114,157,-99.94830438893312,157,10.767212108441981,3142
ZNF764,-69.72204030354818,60,-80.48543802897136,60,10.763397725423175,3143
GPR83,-98.14611562093098,3,-108.90929921468098,3,10.76318359375,3144
MYH11,-98.52633056640624,15,-109.28271128336588,15,10.75638071695964,3145
UBE2L6,-64.12036503972234,703,-74.87544658546936,703,10.755081545747018,3146
EID2B,-93.25548142653246,78,-103.99372922457181,78,10.738247798039353,3147
PLXNC1,-99.07096681140717,21,-109.80236235119048,21,10.731395539783307,3148
SGF29,-54.431763356526695,225,-65.14751488579644,225,10.715751529269745,3149
PSMA3,-80.00433362479956,1067,-90.71786064998838,1067,10.713527025188824,3150
USP14,-105.50314696969338,515,-116.21032371150638,515,10.707176741813,3151
DNAJC17,-82.17424647013347,276,-92.87884499370188,276,10.704598523568407,3152
CSNK1G1,-47.37080369327531,273,-58.060162289238676,273,10.689358595963363,3153
LASP1,-72.5056219858185,869,-83.18653598342036,869,10.680913997601863,3154
AXDND1,-66.38540649414062,9,-77.05947536892361,9,10.67406887478299,3155
SNRPD2,-55.8852296312801,1843,-66.55314779669709,1843,10.667918165416992,3156
HCRT,-90.98186874389648,2,-101.64381408691406,2,10.661945343017578,3157
UBE2M,-114.61608649805973,570,-125.26974657292952,570,10.65366007486979,3158
ACADS,-60.80039776872286,421,-71.44731393845801,421,10.64691616973515,3159
MICU2,-104.76321824874381,461,-115.39000162385291,461,10.626783375109099,3160
ZNF845,-60.92262881142752,28,-71.53027752467564,28,10.607648713248118,3161
MMP14,-100.67411237094491,374,-111.27285240295737,374,10.598740032012458,3162
PMAIP1,-70.71981255419843,616,-81.30524190679773,616,10.585429352599306,3163
ZNF676,-69.53629608154297,5,-80.1206771850586,5,10.584381103515625,3164
TSPAN10,-57.38596426207444,116,-67.96995051153775,116,10.583986249463308,3165
SERPINA6,-122.38652038574219,6,-132.96750132242838,6,10.580980936686188,3166
PGLYRP4,-122.18086589466442,11,-132.7540845003995,11,10.573218605735079,3167
NUDC,-73.86411566221753,1228,-84.4087034219251,1228,10.544587759707568,3168
COIL,-61.01802639046101,396,-71.54365331476384,396,10.525626924302834,3169
PSMD3,-78.56613596870896,821,-89.07285562531521,821,10.50671965660625,3170
ZNF423,-108.71725463867188,3,-119.21406555175781,3,10.496810913085938,3171
TTC22,-91.212998055123,111,-101.69403364851668,111,10.481035593393685,3172
RAB21,-58.57012524741037,700,-69.0399749973842,700,10.46984974997384,3173
BRSK1,-79.02782930646624,14,-89.49385288783482,14,10.466023581368574,3174
DDX6,-79.15508304987834,769,-89.61936331601385,769,10.464280266135503,3175
SWSAP1,-78.9099737900954,130,-89.36958964421198,130,10.459615854116578,3176
TEKT2,-53.08628706681101,190,-63.52897318789834,190,10.442686121087327,3177
ZNF257,-58.458158794202305,19,-68.89285679867393,19,10.434698004471628,3178
RPL5,-66.44975583922322,2158,-76.87403354521037,2158,10.424277705987151,3179
PPM1E,-68.36662084406072,11,-78.7805439342152,11,10.413923090154483,3180
TAL1,-90.58006540934245,3,-100.98704783121745,3,10.406982421875,3181
TAF1D,-68.79531813004967,1273,-79.19227685800989,1273,10.396958727960225,3182
PIK3R5,-77.64041442871094,20,-88.03316917419434,20,10.392754745483401,3183
SLX4,-70.01046429258405,66,-80.38306068651605,66,10.372596393932,3184
CEBPG,-49.62556150609797,440,-59.989496023004705,440,10.363934516906738,3185
ZBTB8B,-56.93592834472656,4,-67.26729011535645,4,10.331361770629883,3186
FBXW9,-51.213077527340324,214,-61.54330492465296,214,10.330227397312633,3187
ZNF136,-76.72500642817072,141,-87.05229435913952,141,10.327287930968808,3188
UQCC3,-96.3374898988601,855,-106.66414298788149,855,10.326653089021391,3189
FBLIM1,-97.65561231872846,213,-107.97685553322376,213,10.321243214495297,3190
TOLLIP,-99.109112173612,610,-109.43024723490731,610,10.321135061295308,3191
ERP29,-61.381225464869715,1796,-71.70120879430283,1796,10.319983329433114,3192
BTBD2,-83.6138191102807,317,-93.91548043621076,317,10.301661325930056,3193
CPD,-102.4394402127719,621,-112.71811720253764,621,10.278676989765742,3194
PRKCB,-101.52022770472935,28,-111.78854588099888,28,10.268318176269531,3195
CHTOP,-51.29436308795895,779,-61.54173946258192,779,10.247376374622974,3196
ANKRD16,-75.7440069820104,89,-85.98202531793144,89,10.23801833592104,3197
ADNP2,-104.70849213983021,274,-114.94161168676223,274,10.233119546932016,3198
KCNQ1DN,-108.23389282226563,5,-118.45784759521484,5,10.223954772949213,3199
SRSF9,-85.47841313046493,1405,-95.66974349378266,1405,10.191330363317732,3200
TMCC3,-67.00065067836216,35,-77.18044913155693,35,10.179798453194763,3201
CCNK,-79.83901221277416,457,-89.99981280437444,457,10.160800591600278,3202
ABCB10,-54.53683494799065,132,-64.68551283171682,132,10.148677883726172,3203
LRRTM1,-108.66781330108643,8,-118.8082857131958,8,10.140472412109375,3204
TBC1D3B,-116.91325378417967,1,-127.05306243896484,1,10.13980865478517,3205
RPL18,-62.61343375224728,2138,-72.75314172257654,2138,10.139707970329262,3206
NUMA1,-68.3180474896803,705,-78.4269016671688,705,10.10885417748851,3207
TNFSF13,-94.62165641784668,4,-104.72340393066406,4,10.101747512817383,3208
THTPA,-51.370409111276054,211,-61.469130999669076,211,10.098721888393023,3209
CCSER2,-54.63497010652009,666,-64.69290869658415,666,10.057938590064062,3210
SZRD1,-78.75796395109911,651,-88.81587132513981,651,10.057907374040695,3211
KLK14,-123.47370256696429,7,-133.52683040073939,7,10.053127833775093,3212
RGS2,-92.5370206330952,456,-102.57160693720768,456,10.03458630411248,3213
DDX19A,-60.48610911649816,255,-70.51336245069317,255,10.027253334195002,3214
HSPB2-C11orf52,-96.48591613769533,1,-106.5089874267578,1,10.023071289062472,3215
PMF1,-97.0381206238669,1045,-107.04576478802987,1045,10.007644164162969,3216
ZNF77,-52.87952702840169,45,-62.87689463297526,45,9.997367604573569,3217
RAPGEFL1,-104.6399004900897,81,-114.61631068476925,81,9.976410194679545,3218
RETSAT,-112.82465470575653,339,-122.79647548079139,339,9.971820775034857,3219
PSMD13,-57.539258920529235,734,-67.5086331744285,734,9.969374253899261,3220
AIPL1,-63.15732002258301,8,-73.12421321868896,8,9.966893196105957,3221
HEYL,-91.23282368977864,9,-101.18289862738715,9,9.950074937608505,3222
TMEM233,-82.62843577067058,15,-92.55833791097005,15,9.929902140299475,3223
ZNRF1,-64.46733320913008,310,-74.38044327766664,310,9.913110068536568,3224
ZFP3,-60.87958224066372,29,-70.7836001165982,29,9.904017875934471,3225
ARHGAP32,-100.91066979782784,494,-110.81412385639392,494,9.903454058566084,3226
MPP3,-72.88203577841482,93,-82.75262082007623,93,9.870585041661414,3227
MIEN1,-57.415637739649355,1325,-67.28367474825878,1325,9.86803700860942,3228
PTBP2,-65.27341464209178,126,-75.12691812666635,126,9.853503484574574,3229
NKD1,-79.4996337890625,7,-89.33883340018136,7,9.839199611118858,3230
CIAPIN1,-56.439926997593474,350,-66.27632869175503,350,9.836401694161552,3231
AMIGO2,-91.52305665406041,318,-101.34031535694434,318,9.817258702883933,3232
NTHL1,-61.99525917029079,632,-71.80843138392967,632,9.813172213638886,3233
DDX42,-60.235468496723236,638,-70.0306054357451,638,9.795136939021866,3234
TAF6L,-65.2104420763381,94,-75.00391753176426,94,9.793475455426162,3235
PRMT1,-61.4412851636742,818,-71.20724205632665,818,9.765956892652447,3236
PSMA5,-69.96693536342855,895,-79.72447127869675,895,9.757535915268207,3237
ZNF878,-54.40137481689453,1,-64.14897155761719,1,9.747596740722656,3238
B4GALT3,-68.40579170650906,504,-78.12003397563147,504,9.714242269122408,3239
DEF8,-104.5219193064496,409,-114.23545007309296,409,9.713530766643359,3240
MRPL35,-64.43542271568661,252,-74.14661770775204,252,9.71119499206543,3241
EFCAB11,-79.07247529206452,81,-88.781792157962,81,9.709316865897478,3242
KIF17,-71.94738977605647,11,-81.64052373712713,11,9.693133961070657,3243
MEFV,-114.12584940592448,3,-123.80674489339192,3,9.680895487467438,3244
PODN,-94.27796478271485,30,-103.9570297241211,30,9.679064941406253,3245
HES7,-91.93749346051898,14,-101.60892377580915,14,9.671430315290166,3246
CAPN8,-116.54832759857177,800,-126.21205454826355,800,9.663726949691778,3247
PTP4A2,-57.9624761530911,1586,-67.62270953646224,1586,9.660233383371136,3248
ERCC6,-75.05591018994649,96,-84.70817875862122,96,9.652268568674728,3249
LTK,-73.25676463200496,26,-82.90858430128831,26,9.651819669283356,3250
CPPED1,-58.406841003143036,111,-68.0532390147716,111,9.64639801162857,3251
UQCR11,-46.66077735258801,2020,-56.294996669504904,2020,9.63421931691689,3252
PACSIN3,-71.59098400813276,465,-81.20902435959026,465,9.618040351457495,3253
PRR13,-65.5071131548999,1583,-75.11609797137339,1583,9.608984816473495,3254
ADAR,-95.86163278392641,989,-105.4503379258637,989,9.588705141937297,3255
SNIP1,-61.875297684743614,193,-71.43373214642618,193,9.558434461682566,3256
STRADA,-52.949177742004395,16,-62.46186089515686,16,9.512683153152466,3257
USP39,-92.47651633036506,291,-101.97297977827668,291,9.496463447911623,3258
IL23A,-76.61700647527522,44,-86.09612135453658,44,9.47911487926136,3259
UHRF1,-99.44239533253206,78,-108.91769692836664,78,9.47530159583458,3260
FOXRED1,-97.00794113238241,193,-106.47070328312216,193,9.46276215073975,3261
IKZF3,-100.36738033745233,127,-109.81923236997109,127,9.451852032518758,3262
AMZ2,-70.36564452356572,556,-79.81280635586745,556,9.447161832301731,3263
HHAT,-80.8096041275283,118,-90.25220554157839,118,9.442601414050088,3264
RRN3,-50.140923351880566,251,-59.57291760387648,251,9.431994251995917,3265
VAX2,-98.99873352050781,6,-108.42914708455403,6,9.43041356404622,3266
PFDN5,-76.4943089474074,2149,-85.90578310164588,2149,9.411474154238476,3267
CITED4,-78.653757389968,246,-88.06278638141912,246,9.409028991451109,3268
DCST2,-101.07935938341865,29,-110.48773114434604,29,9.408371760927395,3269
PPP1R37,-92.74066392580669,288,-102.14681763119168,288,9.406153705384995,3270
TPM4,-90.05173922390408,1125,-99.44935509575738,1125,9.397615871853304,3271
SOX21-AS1,-97.30825805664062,2,-106.70333862304688,2,9.39508056640625,3272
HCN3,-79.61759535471599,24,-89.00988547007243,24,9.392290115356445,3273
CNOT1,-51.78860531833832,603,-61.177131172041,603,9.388525853702681,3274
FOXM1,-62.20341121789181,33,-71.58559533321497,33,9.382184115323156,3275
ATP6V1E2,-95.78835788302952,90,-105.1682748582628,90,9.379916975233286,3276
HNRNPM,-48.35428258223986,1127,-57.73051745762525,1127,9.376234875385386,3277
XAB2,-85.19671679982237,497,-94.57245949144574,497,9.375742691623373,3278
SRSF4,-93.4034565044914,993,-102.77631840701069,993,9.37286190251929,3279
ZNF682,-55.47135068659197,171,-64.83939988431875,171,9.368049197726783,3280
PXN-AS1,-64.53813596041698,159,-73.86151075063262,159,9.323374790215638,3281
ANGEL2,-72.42231341770717,252,-81.73886405097113,252,9.316550633263958,3282
PGAP2,-74.09365196228028,260,-83.39872410113995,260,9.305072138859671,3283
NBPF20,-66.78875526222023,74,-76.08151286357158,74,9.29275760135134,3284
LRRC10B,-84.13948811780686,149,-93.43006134033203,149,9.290573222525168,3285
FAM32A,-52.249979371549095,682,-61.532570562055035,682,9.28259119050594,3286
DCHS1,-104.27257755824498,14,-113.54472024100167,14,9.272142682756694,3287
LRR1,-61.55268850405354,121,-70.82179979056366,121,9.269111286510118,3288
ATG2A,-64.86872940584254,293,-74.13298670016864,293,9.2642572943261,3289
TM2D1,-60.84805989488263,749,-70.10495847694386,749,9.256898582061233,3290
SUFU,-93.31642320421007,81,-102.56759539945627,81,9.251172195246198,3291
TXNDC11,-61.184011231607464,670,-70.41009477074466,670,9.2260835391372,3292
VEZF1,-113.03893897505586,771,-122.24886166662867,771,9.209922691572814,3293
YOD1,-56.07741172173444,272,-65.2755716267754,272,9.19815990504096,3294
CAND1,-85.93224703843127,649,-95.12900801836435,649,9.196760979933075,3295
ZNF143,-71.11800321747985,158,-80.30060905746267,158,9.182605839982813,3296
OSBPL7,-133.6844984527327,117,-142.86334189390524,117,9.178843441172546,3297
IKZF4,-54.91922922453812,209,-64.08845722618285,209,9.169228001644733,3298
SLC25A30,-73.0008870594537,67,-82.16289508876515,67,9.162008029311451,3299
CD82,-113.20945091534378,532,-122.36204180323092,532,9.152590887887143,3300
FOXB1,-93.14831458197699,9,-102.2914776272244,9,9.143163045247405,3301
ZNF287,-69.69998168945312,35,-78.83818228585379,35,9.138200596400665,3302
R3HDM2,-54.94757671202795,373,-64.07575541846553,373,9.12817870643758,3303
CTSH,-85.64914194481065,1943,-94.77154959591773,1943,9.122407651107082,3304
RBBP4,-61.14228228592291,820,-70.25898863629597,820,9.116706350373057,3305
SMARCD2,-61.35789415125873,547,-70.4740613557303,547,9.116167204471566,3306
ACTR1A,-79.57351450539805,489,-88.66372579250843,489,9.090211287110378,3307
UCN,-79.15940757419752,46,-88.22687298318614,46,9.067465408988625,3308
THNSL2,-82.31147091205304,364,-91.37205174205067,364,9.060580829997633,3309
DPH2,-69.63572085860872,137,-78.67209848000185,137,9.036377621393129,3310
ELMOD3,-70.62016441485633,163,-79.63884744468642,163,9.018683029830086,3311
ACACA,-55.67131972516704,468,-64.68622031578651,468,9.014900590619476,3312
LYPD4,-80.19063568115234,1,-89.20121002197266,1,9.010574340820312,3313
NUFIP1,-60.73202729499203,174,-69.73411432902019,174,9.002087034028158,3314
IPO13,-61.892102594975825,143,-70.88642216395665,143,8.994319568980828,3315
ZNF652,-71.1511395719536,482,-80.1383482588772,482,8.987208686923594,3316
OTOA,-59.970356941223145,8,-68.94969367980957,8,8.979336738586426,3317
XRCC3,-80.61154191037441,47,-89.59064840763173,47,8.97910649725732,3318
YTHDF2,-62.905277631414215,1016,-71.87533707506074,1016,8.970059443646527,3319
PSMC3IP,-54.019064386206935,83,-62.98237517942865,83,8.963310793221716,3320
VRK3,-64.50872562762191,399,-73.47164366299049,399,8.962918035368574,3321
GPRC5B,-84.6783514583812,17,-93.63870014863856,17,8.960348690257362,3322
TNFRSF1A,-82.12614712223731,883,-91.0803006389268,883,8.954153516689487,3323
CKAP2,-95.86797365934953,92,-104.81317321113919,92,8.945199551789656,3324
ELOVL1,-59.52616691887845,639,-68.46430527473653,639,8.93813835585808,3325
XPO6,-55.724058032776256,322,-64.66112900964961,322,8.937070976873358,3326
SART1,-64.87364856967984,323,-73.79712828172619,323,8.923479712046344,3327
REC8,-60.46502941997112,238,-69.37341577866498,238,8.90838635869386,3328
SNX1,-75.63848231810428,557,-84.53488312589415,557,8.896400807789874,3329
SSRP1,-68.79529286579914,747,-77.68428301013299,747,8.888990144333846,3330
VTN,-104.30176289876302,3,-113.18109639485677,3,8.87933349609375,3331
CREBBP,-80.88216668537684,560,-89.7511397770473,560,8.868973091670455,3332
OAZ2,-91.18592144629199,1002,-100.05365603174754,1002,8.867734585455551,3333
PSRC1,-68.98585319519043,24,-77.84427007039388,24,8.858416875203446,3334
COX20,-66.24528688537288,985,-75.10191718551714,985,8.85663030014426,3335
FOXJ3,-61.57672983943929,367,-70.42937432063049,367,8.852644481191199,3336
SH3GL1,-61.04990409206023,343,-69.87745094855394,343,8.827546856493711,3337
KBTBD6,-117.80928219689264,72,-126.61967002020941,72,8.810387823316773,3338
RPS13,-52.9464910937213,2169,-61.74051949064432,2169,8.794028396923018,3339
FOSB,-57.91646209547791,1896,-66.70848724107702,1896,8.792025145599112,3340
LRIF1,-82.34500464237098,330,-91.1324518145937,330,8.787447172222713,3341
SOAT2,-89.54741668701172,1,-98.33272552490234,1,8.785308837890625,3342
ELANE,-82.95523725237165,7,-91.73616681780133,7,8.780929565429688,3343
MRPL20,-57.86043905354232,1668,-66.63978340414216,1668,8.779344350599843,3344
XPR1,-82.49637944738292,358,-91.26762748164171,358,8.77124803425879,3345
IGHV3-30,-133.18223571777344,2,-141.93846130371094,2,8.7562255859375,3346
FBXL12,-69.56597027375331,201,-78.32011462918561,201,8.754144355432302,3347
PRC1-AS1,-83.00392150878906,1,-91.73383331298828,1,8.729911804199219,3348
CIC,-65.26004228023899,319,-73.98566716591766,319,8.72562488567867,3349
HPX,-139.58508809407553,9,-148.2950727674696,9,8.709984673394075,3350
DLL4,-96.87539672851562,72,-105.5527941385905,72,8.677397410074875,3351
NBPF15,-78.3176825205485,60,-86.9941780090332,60,8.676495488484704,3352
HOXD-AS2,-120.4013442993164,1,-129.06854248046875,1,8.667198181152344,3353
PLA2G4D,-104.2815040588379,10,-112.94192810058594,10,8.660424041748044,3354
RALB,-89.91970222430993,362,-98.57197848999698,362,8.65227626568705,3355
FRAT1,-71.03529815673828,75,-79.669016011556,75,8.633717854817718,3356
SLC12A4,-75.95306657092407,202,-84.57602257303672,202,8.622956002112659,3357
DCLK1,-109.79266965711439,74,-118.41542383142419,74,8.622754174309804,3358
ACVR1B,-79.30093441867498,289,-87.9159186076128,289,8.614984188937811,3359
PRMT7,-76.25837514932873,206,-84.86233068669884,206,8.603955537370112,3360
LSM4,-51.885980003110824,1240,-60.469172065488756,1240,8.583192062377933,3361
SCAMP4,-53.81059223434831,558,-62.384882957704605,558,8.574290723356292,3362
PTEN,-95.50351306049764,595,-104.06799285632222,595,8.564479795824582,3363
TLE2,-64.24428485506144,398,-72.80502091220875,398,8.56073605714731,3364
RPS25,-61.24524803833415,2101,-69.79189301989636,2101,8.546644981562217,3365
PPFIBP2,-108.80109610104694,179,-117.34401907467975,179,8.542922973632812,3366
PGS1,-58.92247382572719,280,-67.4638085774013,280,8.541334751674107,3367
LONP1,-49.14443105350841,440,-57.68167380419644,440,8.53724275068803,3368
HSD11B1L,-76.08355596888136,342,-84.56082822565446,342,8.477272256773105,3369
RBM42,-52.31729418827937,650,-60.79123110844539,650,8.473936920166018,3370
BACE1,-65.85910428156618,122,-74.33079478779777,122,8.471690506231596,3371
HACD3,-65.72482481323371,952,-74.19245171747288,952,8.467626904239168,3372
GALNT16,-96.96912384033203,7,-105.43497685023716,7,8.465853009905132,3373
FAM81A,-76.63712914045468,43,-85.09478742022847,43,8.457658279773796,3374
SNW1,-57.59560090019589,672,-66.03855873289562,672,8.442957832699733,3375
RFFL,-51.03202987406295,173,-59.458135615883535,173,8.426105741820585,3376
TMEM117,-103.36457942082332,13,-111.78991464468149,13,8.42533522385817,3377
LSM7,-71.80400154754406,1310,-80.22747254116845,1310,8.423470993624392,3378
RANGRF,-51.49722623739771,559,-59.92055674571684,559,8.423330508319125,3379
TMEM97,-97.4845866158243,783,-105.88257382564618,783,8.397987209821878,3380
ATP8B1,-86.27591617455643,356,-94.67137986086728,356,8.395463686310848,3381
CKAP5,-59.92898803411745,255,-68.31263729918237,255,8.383649265064918,3382
LRRC41,-51.13422315628802,488,-59.51396116663198,488,8.379738010343956,3383
HIGD2B,-55.95631408691406,2,-64.33321380615234,2,8.376899719238281,3384
HOXC6,-114.3530158996582,2,-122.70771408081055,2,8.354698181152344,3385
AXL,-97.50396968433692,159,-105.85708138327928,159,8.353111698942357,3386
KNCN,-112.39559936523438,1,-120.72091674804688,1,8.3253173828125,3387
UPP2,-100.1189193725586,2,-108.42914199829102,2,8.310222625732422,3388
PCP4L1,-99.96876375332326,299,-108.26860577127208,299,8.29984201794882,3389
RPRM,-92.37640795791359,57,-100.66162323533443,57,8.285215277420846,3390
RASAL2-AS1,-86.48282623291016,6,-94.76205062866211,6,8.279224395751953,3391
CHST6,-48.23275264616935,62,-56.496459161081624,62,8.263706514912272,3392
OSBPL5,-122.26434178028292,103,-130.52307136313428,103,8.258729582851359,3393
EIF1AD,-95.63664997748609,212,-103.88927841186523,212,8.252628434379147,3394
ZNF20,-93.15507178471006,58,-101.39314967188342,58,8.238077887173361,3395
GPATCH8,-55.48427233309359,555,-63.719208581597954,555,8.234936248504361,3396
ELAC1,-52.892843169284006,173,-61.125742542950405,173,8.232899373666399,3397
B9D2,-58.15394507971093,371,-66.37857437133789,371,8.224629291626961,3398
INO80E,-157.77243345512403,553,-165.99103715837973,553,8.218603703255695,3399
NME4,-67.29235334654112,888,-75.50273766388764,888,8.210384317346524,3400
AMBRA1,-66.85367088051109,143,-75.05789003172121,143,8.204219151210125,3401
RBM4,-87.49238579713703,341,-95.69570748337553,341,8.203321686238496,3402
RHEBL1,-54.773630945306074,38,-62.962034827784485,38,8.188403882478411,3403
PDCD5,-63.677555591402786,1226,-71.86390862768276,1226,8.186353036279975,3404
TMEM51,-96.72245216369629,232,-104.90669904906174,232,8.184246885365454,3405
MCOLN2,-76.10551503499349,15,-84.27832590738932,15,8.172810872395829,3406
DLL3,-77.67696694766774,17,-85.84782858455883,17,8.17086163689109,3407
SEMA4B,-79.87024020546362,475,-88.0347805625514,475,8.164540357087787,3408
KANK2,-63.287562153684,339,-71.44064340056923,339,8.153081246885229,3409
PDE8A,-108.16554567183572,261,-116.30599586808361,261,8.140450196247897,3410
ZNF610,-58.15575763157436,14,-66.29564503261021,14,8.13988740103585,3411
FABP3,-114.28610965504366,85,-122.3932098388672,85,8.107100183823533,3412
KLK8,-89.834716796875,1,-97.93815612792967,1,8.103439331054673,3413
JUP,-67.80574534690544,876,-75.89039555205602,876,8.08465020515058,3414
FAIM2,-83.61462593078613,4,-91.69019508361816,4,8.075569152832031,3415
ZNF18,-93.43585343794389,33,-101.50624361905184,33,8.070390181107953,3416
MRPS21,-70.15599403085635,1548,-78.22502422086336,1548,8.069030190007012,3417
CASC3,-48.88691060248645,413,-56.950413683136205,413,8.063503080649753,3418
PI4K2A,-86.35808321029421,189,-94.41221437000092,189,8.054131159706714,3419
WDR11,-99.17431849353719,318,-107.20527025138807,318,8.030951757850886,3420
UBQLNL,-178.47109867976263,13,-186.50132751464844,13,8.030228834885804,3421
A2M,-120.62784008863495,82,-128.61014817400675,82,7.982308085371798,3422
TRIT1,-49.270124399437094,159,-57.25109608968099,159,7.980971690243898,3423
PRKCSH,-55.826301668223614,979,-63.796402534742036,979,7.970100866518422,3424
CTRC,-81.67632293701172,4,-89.63977813720703,4,7.9634552001953125,3425
RCN1,-65.63704332933358,705,-73.59777075584898,705,7.960727426515405,3426
LGR4,-68.55416275138286,268,-76.50135026049259,268,7.947187509109725,3427
GGNBP2,-56.07589065024456,926,-63.99624192585956,926,7.920351275614998,3428
IER5,-72.26678455716842,964,-80.18045617732764,964,7.913671620159221,3429
ASAP3,-62.2328869934082,125,-70.14475689697265,125,7.911869903564451,3430
TRAPPC6B,-68.23990934280329,229,-76.15176838037749,229,7.911859037574203,3431
ARL14EP,-92.41728216433057,255,-100.31447873583026,255,7.897196571499691,3432
C10orf71-AS1,-101.91545867919922,1,-109.79183959960938,1,7.876380920410156,3433
TRNAU1AP,-63.71374218557763,635,-71.58286960631844,635,7.86912742074081,3434
ZNF98,-119.34530639648438,4,-127.20809555053711,4,7.862789154052734,3435
USP36,-84.50368693395315,394,-92.36366632142042,394,7.859979387467277,3436
SNRNP35,-61.76359625994149,354,-69.61266503630385,354,7.849068776362365,3437
SF3B4,-100.98407102158852,497,-108.83243546975211,497,7.8483644481635935,3438
SMCR8,-84.99759842014913,159,-92.84366559682402,159,7.846067176674893,3439
KLHDC7A,-111.01798201195987,81,-118.84344859182099,81,7.825466579861114,3440
PHC2,-66.44569078027433,543,-74.25972747802734,543,7.814036697753011,3441
VPS11,-57.03926818065154,195,-64.85147826365936,195,7.81221008300782,3442
C17orf98,-56.952714920043945,4,-64.75364112854004,4,7.800926208496094,3443
MTF1,-66.11487684732282,257,-73.91340153319362,257,7.798524685870802,3444
UBL4B,-99.64395141601562,1,-107.4342269897461,1,7.790275573730469,3445
GTF2H3,-56.931679286127505,230,-64.71804870937181,230,7.7863694232443095,3446
KDM6B,-93.93105699618657,768,-101.7161384721597,768,7.785081475973129,3447
NOMO3,-64.85706612159466,58,-72.6393691753519,58,7.782303053757246,3448
RPS7,-45.65728663731288,2145,-53.41792639174383,2145,7.760639754430954,3449
KCNK12,-120.61595639315519,11,-128.35763411088422,11,7.741677717729033,3450
RPS5,-91.62570286550837,2151,-99.35548054346202,2151,7.729777677953649,3451
DRG2,-59.72761864175602,245,-67.45437506850885,245,7.726756426752836,3452
ZFHX2,-106.93708330319251,81,-114.66361820550613,81,7.726534902313617,3453
MPV17L2,-53.414073587161056,171,-61.13516824287281,171,7.721094655711752,3454
USP35,-85.99879531860351,20,-93.70099792480468,20,7.702202606201169,3455
INO80,-58.55361978695416,313,-66.24881395821373,313,7.695194171259573,3456
NBR1,-66.13501417474559,661,-73.82784264314914,661,7.6928284684035475,3457
NAA16,-54.19896003244004,207,-61.866807707265956,207,7.667847674825914,3458
LBX2,-90.19982038225446,21,-97.85495794387091,21,7.655137561616456,3459
LSM12,-68.48828948267733,626,-76.12158343281608,626,7.63329395013875,3460
ABCD4,-54.27707214139949,354,-61.896238736513645,354,7.619166595114152,3461
HPS1,-73.8395476919232,528,-81.4565038247542,528,7.6169561328309925,3462
PLEKHA4,-91.64572319287932,178,-99.24188746763079,178,7.596164274751473,3463
PCAT6,-87.35187456249136,113,-94.94591387183266,113,7.594039309341298,3464
THEMIS2,-67.67182461051054,86,-75.23224471336188,86,7.560420102851339,3465
SH2D5,-84.12867736816406,1,-91.68392944335938,1,7.5552520751953125,3466
GMEB1,-48.09343302732258,173,-55.6481162275193,173,7.55468320019672,3467
ZNF579,-101.14029723136656,155,-108.6778312436996,155,7.53753401233304,3468
KCNF1,-104.62252044677734,2,-112.15843963623047,2,7.535919189453125,3469
SSR2,-65.98113169383366,1796,-73.50714530180186,1796,7.526013607968196,3470
CEMIP,-88.07071618866502,57,-95.59084092525013,57,7.520124736585117,3471
TECR,-139.22498250719613,1239,-146.73743473819613,1239,7.5124522309999975,3472
LINC01134,-97.14861121544472,13,-104.65030963604266,13,7.501698420597947,3473
RPLP0,-50.74579070143981,2134,-58.22494526499325,2134,7.479154563553443,3474
TXNDC12,-79.30040012285548,824,-86.77493664824847,824,7.474536525392992,3475
PSPC1,-77.8459293611588,496,-85.31609465998989,496,7.470165298831091,3476
PCSK7,-95.48005706954481,547,-102.94355761372847,547,7.46350054418366,3477
IGFBP6,-88.61074278089735,342,-96.07105569672166,342,7.460312915824304,3478
BCAS3,-56.565124738538586,185,-64.02292709350586,185,7.457802354967271,3479
LCTL,-125.19283294677734,1,-132.623046875,1,7.430213928222656,3480
FKBP8,-67.01441419529105,1503,-74.44221897087174,1503,7.427804775580682,3481
ECSIT,-55.24669909892276,517,-62.66189582573837,517,7.4151967268156085,3482
UBE4B,-56.43229445289163,272,-63.83265116635491,272,7.400356713463275,3483
TAOK1,-57.00224765230602,537,-64.40108269064564,537,7.3988350383396195,3484
TRIM17,-118.90348815917969,20,-126.2954200744629,20,7.391931915283209,3485
ZNF774,-57.03348032633463,45,-64.4227043999566,45,7.389224073621968,3486
ZC3H12C,-94.31816893133498,131,-101.7004403267198,131,7.382271395384819,3487
ZNF805,-63.572696685791016,17,-70.94549111758961,17,7.372794431798596,3488
TTL,-74.03359600676208,119,-81.37243883148963,119,7.33884282472755,3489
LINC01144,-62.949297124689274,11,-70.28184231844816,11,7.332545193758882,3490
FAHD2B,-85.61274216703312,167,-92.93953147477019,167,7.326789307737073,3491
MICU1,-43.978389185855264,475,-51.29626001458419,475,7.317870828728928,3492
HAUS1,-56.02024533626807,274,-63.317038556955154,274,7.296793220687086,3493
GPHA2,-90.76976776123048,1,-98.0655746459961,1,7.295806884765611,3494
GAS2,-151.42033996582032,10,-158.70728912353516,10,7.286949157714844,3495
SHANK2-AS1,-162.86724853515625,3,-170.1476593017578,3,7.2804107666015625,3496
TMED8,-265.18175859493306,227,-272.4544064021846,227,7.272647807251531,3497
MPV17L,-75.92875169452869,38,-83.18826615182977,38,7.25951445730108,3498
MRPL48,-61.31641520624576,437,-68.54241260729339,437,7.225997401047628,3499
RPS2,-64.19126439653162,2134,-71.41194712702314,2134,7.220682730491518,3500
CSAD,-97.2791809034198,319,-104.46693116669371,319,7.187750263273912,3501
ZBTB8OS,-61.08734509163378,723,-68.26187557996062,723,7.1745304883268375,3502
KANK4,-61.90184020996094,1,-69.07268524169922,1,7.170845031738281,3503
C11orf80,-55.18583784984941,119,-62.32392392839704,119,7.13808607854763,3504
ZNF236,-80.82081367492675,100,-87.95814895629883,100,7.137335281372074,3505
MOB3C,-84.68125523158483,105,-91.81510496593657,105,7.133849734351742,3506
LINC00235,-89.50531959533691,4,-96.63820266723633,4,7.132883071899414,3507
ALOX12-AS1,-81.04864421171301,85,-88.17733989042394,85,7.128695678710926,3508
SLC39A3,-65.82568193273791,542,-72.94970252681043,542,7.124020594072519,3509
GDPGP1,-73.62675987590443,88,-80.72263518246737,88,7.095875306562945,3510
DDX49,-64.55406783347907,344,-71.64073753356934,344,7.086669700090269,3511
ZNF830,-104.29707759201148,314,-111.35057685025939,314,7.053499258247911,3512
TPRG1L,-128.92172388947768,346,-135.9698539689786,346,7.048130079500936,3513
HHLA3,-103.0618877315042,199,-110.108059715386,199,7.0461719838818055,3514
TFAP2E,-89.72961103651258,45,-96.76722479926215,45,7.037613762749572,3515
CDC42,-45.76422069607835,1702,-52.79170530523172,1702,7.027484609153376,3516
LRRC27,-64.29227340121228,238,-71.3127751711036,238,7.020501769891311,3517
WDR62,-46.28645044214585,34,-53.29684347264907,34,7.010393030503224,3518
MOK,-46.03054359736836,279,-53.03654443064043,279,7.006000833272076,3519
TICAM1,-66.20769273873532,264,-73.21286900838216,264,7.005176269646839,3520
AZIN2,-75.72565225454477,65,-82.71241971529447,65,6.986767460749704,3521
MZF1,-81.44559972089036,266,-88.41549040141858,266,6.9698906805282235,3522
CCDC85A,-83.2891781455592,19,-90.25771010549445,19,6.968531959935248,3523
COG1,-85.08862980076525,183,-92.05631272779787,183,6.967682927032627,3524
YJEFN3,-84.17775586186623,49,-91.14315515634965,49,6.965399294483419,3525
COPA,-79.0409362076113,894,-86.00056844109656,894,6.959632233485266,3526
CORO2B,-81.22309466770717,28,-88.17049271719796,28,6.947398049490786,3527
TIMM10,-82.6428530009031,771,-89.56924024846613,771,6.926387247563028,3528
LGMN,-83.76498247436048,1285,-90.69095751691886,1285,6.9259750425583775,3529
LAMC1,-79.9268868813527,387,-86.84977432369261,387,6.922887442339913,3530
ZNF283,-80.27097680833604,36,-87.19022454155817,36,6.919247733222122,3531
MARK4,-82.04360794559602,155,-88.93866990612399,155,6.895061960527968,3532
KPNA3,-50.80621303695131,502,-57.69505759919307,502,6.888844562241758,3533
ARHGAP1,-77.37830947768772,427,-84.25527435945962,427,6.876964881771897,3534
APOA1,-138.3107216127457,93,-145.17312425182712,93,6.8624026390814095,3535
DET1,-127.0921340153135,58,-133.94612174198545,58,6.853987726671946,3536
RAD54L,-75.06034037272136,15,-81.91199137369792,15,6.85165100097656,3537
MED25,-44.25973501659575,294,-51.10302247806471,294,6.843287461468961,3538
APH1A,-68.56521399390007,1157,-75.39138449072941,1157,6.826170496829334,3539
GALE,-100.53998955070199,770,-107.3535450031231,770,6.813555452421113,3540
FAM118B,-75.93636180736401,351,-82.74510734101646,351,6.808745533652456,3541
TTC12,-90.51818711417062,112,-97.32006631578717,112,6.801879201616558,3542
NEK2,-56.63834322415865,26,-63.40166267981896,26,6.763319455660309,3543
DHX34,-55.89808838455765,81,-62.652121555658034,81,6.754033171100382,3544
TMX2,-64.08183133338905,634,-70.82983907464927,634,6.748007741260224,3545
AFAP1L2,-69.81049571317784,17,-76.5558588364545,17,6.745363123276661,3546
SWAP70,-83.41534084156052,721,-90.14266810106338,721,6.727327259502857,3547
LRP10,-49.29651147908178,1160,-56.01506870204005,1160,6.7185572229582675,3548
CPSF2,-51.491881922671666,304,-58.20581501408627,304,6.713933091414603,3549
MNT,-100.36719040216184,255,-107.06296661975337,255,6.695776217591529,3550
GPR137,-91.8110834757487,279,-98.49854133633302,279,6.687457860584317,3551
SLC24A1,-70.19597993578229,56,-76.88182394845145,56,6.685844012669165,3552
NDST2,-89.73444019664417,33,-96.41515026670514,33,6.680710070060968,3553
PKD1,-57.64853856578377,322,-64.32277968507375,322,6.674241119289988,3554
TUB,-91.55835189819337,30,-98.22594884236653,30,6.6675969441731695,3555
CDNF,-90.49276511899886,31,-97.1590111024918,31,6.666245983492942,3556
GNG7,-64.99630913037932,178,-71.65578246384524,178,6.659473333465925,3557
UBE2D1,-78.10164729062448,563,-84.75374897335182,563,6.652101682727334,3558
C1orf220,-95.73027801513672,3,-102.36959838867188,3,6.639320373535156,3559
PINLYP,-70.97831622974293,74,-77.61017041592984,74,6.631854186186914,3560
TMEM25,-83.79688137625726,207,-90.42429042208022,207,6.627409045822958,3561
EI24,-59.422305634681216,1316,-66.04216184587102,1316,6.619856211189806,3562
MISP,-73.69981184123475,324,-80.31278400656618,324,6.612972165331428,3563
CDC42BPA,-96.90885640780131,480,-103.51788233121236,480,6.609025923411053,3564
ARF1,-59.036229610970004,1810,-65.64210949470984,1810,6.6058798837398385,3565
DHRS1,-79.43213031910084,432,-86.03667225661101,432,6.604541937510177,3566
HNRNPR,-56.94223549406407,944,-63.488405559022546,944,6.546170064958474,3567
PRPF40A,-85.75855977072645,1005,-92.27706990408068,1005,6.518510133354226,3568
BMP8B,-92.45453643798828,32,-98.9703061580658,32,6.515769720077515,3569
MRPS16,-87.56643534815589,989,-94.08042646201724,989,6.513991113861351,3570
ECI1,-91.82163366479186,638,-98.32583749705347,638,6.504203832261609,3571
ACTG2,-97.65042114257812,1,-104.1241226196289,1,6.473701477050781,3572
NDUFC2,-80.14557073552005,1762,-86.60566281460471,1762,6.46009207908466,3573
METTL3,-48.73732852935791,212,-55.18728382182571,212,6.4499552924677985,3574
EPS15L1,-65.10638578461437,205,-71.55104280797447,205,6.444657023360094,3575
SP1,-72.02602140527023,304,-78.46625809920461,304,6.440236693934381,3576
FLII,-58.61730921027366,445,-65.04325111474884,445,6.425941904475181,3577
TMEM238,-104.52311013539632,120,-110.93006572723388,120,6.4069555918375585,3578
ZNF672,-104.42765425644912,385,-110.832479779132,385,6.404825522682884,3579
POLD3,-104.49107930545723,229,-110.86384212710452,229,6.372762821647285,3580
ZNF865,-71.40073354620682,95,-77.76871024683902,95,6.367976700632198,3581
ZNF528,-74.6813236065765,67,-81.04886718294513,67,6.367543576368632,3582
ARL2,-54.02565488729391,1110,-60.38474255123654,1110,6.359087663942631,3583
B3GNT4,-73.56139553294463,34,-79.91461787504308,34,6.353222342098448,3584
C19orf33,-82.97244278523932,1446,-89.31251798131159,1446,6.340075196072263,3585
RNF214,-87.28482177040793,176,-93.62406292828646,176,6.339241157878533,3586
RERE,-80.87121053761449,725,-87.2031813522865,725,6.331970814672019,3587
GRB2,-57.39928266943955,615,-63.72476590164309,615,6.325483232203538,3588
ZNF263,-55.39958094706577,226,-61.71958742732495,226,6.320006480259181,3589
GNG4,-63.38304608110069,69,-69.69393732927847,69,6.310891248177782,3590
UBFD1,-56.583124545375995,243,-62.88589934360834,243,6.302774798232342,3591
SUCLA2-AS1,-73.00736999511719,2,-79.30543899536133,2,6.298069000244141,3592
LYVE1,-157.64222717285156,1,-163.93527221679688,1,6.2930450439453125,3593
SPRYD4,-55.3258544586517,182,-61.61699481586834,182,6.291140357216641,3594
SSB,-62.62271168978979,1066,-68.9127664190296,1066,6.290054729239806,3595
CHST15,-85.86631494317173,242,-92.15445775434006,242,6.288142811168328,3596
EMC10,-84.99639790896599,1163,-91.27547137325217,1163,6.279073464286185,3597
TMEM229B,-78.64624404907227,10,-84.91647720336914,10,6.270233154296875,3598
JPH3,-107.20655250549316,4,-113.47314262390137,4,6.266590118408203,3599
LOXL1,-110.85625917949373,63,-117.10396466936383,63,6.2477054898701,3600
THUMPD1,-87.3872180068702,684,-93.6154771325184,684,6.228259125648194,3601
SNX19,-94.67821640830962,243,-100.90471938019427,243,6.226502971884642,3602
ERCC1,-68.13605650716754,670,-74.33180288058608,670,6.195746373418544,3603
MLF2,-102.7785608317401,1184,-108.97412502443468,1184,6.19556419269459,3604
AURKC,-55.49775723048619,14,-61.6812686920166,14,6.183511461530415,3605
RBM8A,-58.80183005593933,1553,-64.97305567557783,1553,6.1712256196384985,3606
FIZ1,-141.42066812858306,139,-147.5729731278454,139,6.152304999262327,3607
GJB5,-125.93251140697582,37,-132.04494414458404,37,6.112432737608216,3608
PCP2,-110.46628365149864,52,-116.57015976539024,52,6.103876113891602,3609
ZC3H11A,-60.348731153364874,789,-66.43532275549208,789,6.086591602127207,3610
DNASE2,-52.43251667686956,603,-58.51452145805802,603,6.082004781188459,3611
ZBED6,-60.403080492388476,181,-66.46418593601628,181,6.0611054436278025,3612
LINC00857,-64.7174089605158,44,-70.77382330460982,44,6.056414344094023,3613
NMNAT2,-73.8983112970988,72,-79.9499380323622,72,6.0516267352633974,3614
HKDC1,-85.42740972255304,123,-91.46302925668111,123,6.035619534128074,3615
DAGLA,-68.50066018104553,32,-74.52785348892212,32,6.027193307876587,3616
AP1M1,-84.95930211073687,294,-90.96041745555644,294,6.001115344819567,3617
ZNF256,-72.1279354095459,12,-78.12359301249187,12,5.995657602945968,3618
SLC24A4,-133.37161254882812,5,-139.3661865234375,5,5.994573974609381,3619
C10orf88,-110.37967984816608,68,-116.30505225237678,68,5.925372404210705,3620
POLR2C,-102.19468570065189,1001,-108.11451902589597,1001,5.919833325244085,3621
TUBB4A,-69.96301879882813,10,-75.87040786743164,10,5.907389068603507,3622
HMG20B,-63.03698617686396,690,-68.94030307272206,690,5.903316895858097,3623
CD2BP2,-90.14128790728164,727,-96.03517019699495,727,5.893882289713318,3624
ZNF784,-63.99797681967417,96,-69.874658425649,96,5.876681605974831,3625
HORMAD1,-75.10743713378906,13,-80.97610062819261,13,5.868663494403549,3626
NCK2,-81.07108491564554,252,-86.9077637687562,252,5.836678853110655,3627
RPAP1,-56.97057095202771,91,-62.78852772974706,91,5.817956777719353,3628
SFTPB,-72.37675923969022,1809,-78.19391743842905,1809,5.817158198738838,3629
TAF5L,-80.00210258608959,183,-85.80989416570611,183,5.80779157961652,3630
IGFLR1,-100.18139702933175,42,-105.9817377726237,42,5.8003407432919545,3631
NOMO1,-66.2013902452257,135,-71.97132144504123,135,5.769931199815531,3632
UTP6,-61.34281092325846,300,-67.10677502950033,300,5.763964106241865,3633
EME1,-76.4113260904948,12,-82.17427635192871,12,5.7629502614339145,3634
ST8SIA6,-87.34147033691406,5,-93.10186462402343,5,5.760394287109378,3635
TRIM8,-134.3467008125882,714,-140.1058323109517,714,5.759131498363502,3636
ZNF559,-117.93844308658522,98,-123.67278071812221,98,5.734337631536988,3637
NDUFV1,-119.33578221101939,966,-125.056248919564,966,5.720466708544606,3638
IQCC,-89.17807223002116,60,-94.88114840189616,60,5.703076171874997,3639
ESRRB,-103.35702514648438,2,-109.05345153808594,2,5.6964263916015625,3640
SLC38A7,-57.21281734265779,95,-62.90122483905993,95,5.688407496402135,3641
TXNL4A,-140.08960421347206,865,-145.77296541247065,865,5.683361198998597,3642
SMCR5,-81.08292388916016,125,-86.76611505126954,125,5.683191162109381,3643
SESN2,-73.93808845476916,177,-79.60338286491437,177,5.665294410145208,3644
AIFM2,-55.64198138629119,197,-61.28675886822231,197,5.644777481931115,3645
SKA3,-66.03836483425565,9,-71.68168385823567,9,5.643319023980027,3646
C2orf50,-102.02533185482025,64,-107.66681277751923,64,5.641480922698975,3647
ZNF529-AS1,-88.68286675347223,45,-94.32372046576606,45,5.640853712293833,3648
PXN,-65.68465516969184,433,-71.31845221398333,433,5.633797044291498,3649
SLC1A5,-61.25911645200316,526,-66.86053040363036,526,5.601413951627201,3650
F11R,-55.652589951661604,1179,-61.245863502767754,1179,5.593273551106151,3651
COQ10A,-62.093025866603355,191,-67.67430889668888,191,5.58128303008553,3652
TMEM256,-101.79295656005439,1161,-107.35100010650923,1161,5.55804354645484,3653
NSF,-60.412956601622476,346,-65.9699270325589,346,5.556970430936424,3654
KNSTRN,-73.41233028835721,90,-78.96458189222548,90,5.552251603868271,3655
TLK1,-112.24149563438014,418,-117.79243777699448,418,5.550942142614332,3656
NLK,-77.08584520153534,133,-82.62625225325276,133,5.540407051717423,3657
TAF13,-69.19118535241415,344,-74.71900984298351,344,5.527824490569358,3658
DLGAP1-AS4,-124.5358657836914,1,-130.03158569335938,1,5.495719909667969,3659
SMPD1,-88.33783543546434,355,-93.83306506519587,355,5.495229629731526,3660
KAT8,-103.6882946653064,442,-109.17842738984397,442,5.490132724537574,3661
PRDM10,-64.58173274993896,32,-70.0535569190979,32,5.4718241691589355,3662
YRDC,-99.69864437830587,257,-105.15843488641286,257,5.459790508106991,3663
EIF4B,-51.23015865761443,1454,-56.68414873860397,1454,5.453990080989541,3664
SLC35D1,-69.46257641440944,76,-74.89447975158691,76,5.431903337177474,3665
SLC25A3,-56.906711292107815,1799,-62.33016104748542,1799,5.423449755377604,3666
SAMD4A,-84.14969291687012,140,-89.56292975289482,140,5.413236836024694,3667
CTF1,-90.0555376219518,103,-95.46614022856777,103,5.410602606615967,3668
ANKRD24,-69.8675905863444,12,-75.26684379577637,12,5.399253209431961,3669
LINC01358,-125.30113220214844,4,-130.67573738098145,4,5.374605178833008,3670
VPS26B,-94.26860135019776,439,-99.64131070704015,439,5.3727093568423925,3671
ZNF740,-67.34588159833636,84,-72.7142541976202,84,5.368372599283845,3672
SHMT1,-54.920774573710425,268,-60.28399932918264,268,5.363224755472217,3673
C14orf93,-63.10761421109423,81,-68.44398771686319,81,5.336373505768961,3674
UBE2Q2,-90.24044008867456,218,-95.57296175475514,218,5.332521666080581,3675
GPALPP1,-65.42397435968573,275,-70.74422679554333,275,5.320252435857597,3676
RAD51B,-78.21138541481712,55,-83.52761826948687,55,5.3162328546697495,3677
FGF9,-100.52099048660462,83,-105.83559270651944,83,5.314602219914818,3678
SLC39A6,-85.82243295963978,447,-91.13207302904236,447,5.309640069402576,3679
SFT2D3,-87.66135607267681,171,-92.96825788174456,171,5.306901809067753,3680
TOR3A,-83.50362117202194,432,-88.80321621011805,432,5.299595038096115,3681
PRMT5-AS1,-75.68570709228516,7,-80.9780044555664,7,5.29229736328125,3682
TRADD,-57.333621606839344,759,-62.60240939294868,759,5.2687877861093355,3683
CPSF3,-99.54221450142238,230,-104.7954811759617,230,5.253266674539319,3684
ANKRD36,-76.4562953269645,146,-81.70430186023451,146,5.248006533270015,3685
SLC7A6OS,-65.77538663108876,149,-71.02068677044555,149,5.245300139356786,3686
GEMIN4,-125.62169647216797,98,-130.86677084163745,98,5.245074369469478,3687
LRRC57,-63.648451733139325,212,-68.88063358810713,212,5.232181854967806,3688
GTPBP4,-77.9711000366211,500,-83.20047497558593,500,5.229374938964838,3689
IRS2,-96.58047449316963,614,-101.80502291999345,614,5.224548426823816,3690
MFAP1,-70.51104549312326,359,-75.72305098084686,359,5.2120054877236015,3691
BBS10,-63.98960494995117,65,-69.19571533203126,65,5.206110382080084,3692
SLC6A16,-67.0705497448261,52,-72.27530684837929,52,5.204757103553192,3693
NEMP1,-97.02765217046628,87,-102.23151757251257,87,5.20386540204629,3694
CPT2,-79.50575181993388,236,-84.70350414211467,236,5.19775232218079,3695
KBTBD3,-88.34810515372983,279,-93.52806012006643,279,5.179954966336595,3696
TMEM259,-62.58911791490149,772,-67.7546038355852,772,5.165485920683707,3697
E2F4,-83.16554026510201,408,-88.32811561285281,408,5.162575347750803,3698
UBXN2A,-107.063305750433,265,-112.22106792521926,265,5.1577621747862565,3699
PIGL,-73.39072364199478,113,-78.54183352310045,113,5.151109881105668,3700
ZFP28,-89.98273337227958,35,-95.09947531563895,35,5.116741943359372,3701
CYB5D1,-90.7427322932652,280,-95.85885917118617,280,5.116126877920962,3702
TDRD12,-90.052490234375,1,-95.15605926513672,1,5.103569030761719,3703
C1QTNF1-AS1,-104.18739318847656,1,-109.28388214111328,1,5.096488952636719,3704
TANGO6,-56.713601510736005,79,-61.77080637292017,79,5.0572048621841645,3705
CUEDC2,-61.22398428511275,623,-66.27084002793313,623,5.046855742820384,3706
ZNF436-AS1,-75.41216568719773,21,-80.43933287121001,21,5.027167184012285,3707
SLC13A5,-76.74542236328125,1,-81.76712799072266,1,5.021705627441406,3708
CXCL16,-125.61246668726244,779,-130.62608752660788,779,5.013620839345435,3709
TUBGCP3,-123.62794847691313,188,-128.6364602839693,188,5.0085118070561805,3710
ATP6V1C2,-62.944599548975624,48,-67.93487644195557,48,4.990276892979942,3711
ETAA1,-96.49125420986077,195,-101.46282219519982,195,4.97156798533905,3712
CD6,-95.85143280029297,34,-100.7848429960363,34,4.933410195743335,3713
EIF3K,-90.51555894120602,1868,-95.44036123533066,1868,4.924802294124632,3714
PHF12,-92.32467559169066,331,-97.24428309414682,331,4.919607502456159,3715
MRPL19,-74.53010795485805,497,-79.42957063364071,497,4.899462678782655,3716
ZNF625,-58.65217163085938,25,-63.547052154541014,25,4.8948805236816355,3717
URB2,-88.35189707686261,41,-93.23691056414349,41,4.885013487280872,3718
IFIT5,-79.4171258975298,234,-84.291014451247,234,4.873888553717194,3719
LURAP1,-67.52668762207031,30,-72.39602966308594,30,4.869342041015628,3720
SYVN1,-78.81266613058281,369,-83.67284048023586,369,4.86017434965305,3721
RPL19,-67.55250775419324,2114,-72.3970952606923,2114,4.844587506499053,3722
IAH1,-88.63437965956311,745,-93.47325947396708,745,4.838879814403967,3723
EPHX3,-52.54289914850603,171,-57.38083537140785,171,4.837936222901817,3724
SBF2,-115.94148503267829,187,-120.76420368867763,187,4.8227186559993385,3725
ACADVL,-128.28655815490606,1042,-133.10877552142298,1042,4.822217366516924,3726
SPPL2B,-67.2767460427923,321,-72.0959916634723,321,4.819245620680007,3727
HP1BP3,-55.746093064253834,1018,-60.55598240985383,1018,4.8098893455999985,3728
LONRF2,-102.94571782084344,206,-107.75500521613556,206,4.809287395292117,3729
CLEC18A,-92.60928024784211,31,-97.3921388195407,31,4.782858571698597,3730
CDC42EP2,-61.9070449691635,111,-66.68213162121472,111,4.775086652051222,3731
TMEM126A,-73.87762743226368,721,-78.65143224369636,721,4.773804811432683,3732
SPINT1,-72.08214892029132,1134,-76.84020381840028,1134,4.758054898108966,3733
RCE1,-76.29715008889475,248,-81.0514112287952,248,4.75426113990045,3734
LINC01132,-133.00491919884314,13,-137.75454359788162,13,4.749624399038481,3735
ADAMTSL3,-96.1423095703125,5,-100.87019348144531,5,4.727883911132807,3736
MRPL57,-60.93860724624525,1539,-65.66337528687316,1539,4.7247680406279144,3737
ZNF823,-93.59863564627511,35,-98.32158835274832,35,4.722952706473208,3738
PRSS33,-83.73254013061523,2,-88.45514678955078,2,4.722606658935547,3739
ARHGAP30,-85.28943525041852,140,-89.99573669433593,140,4.706301443917411,3740
WDR81,-80.87858520695038,163,-85.5718337919083,163,4.693248584957928,3741
KLC3,-83.96602308246452,71,-88.64143221143266,71,4.675409128968141,3742
ZNF821,-70.16518390712453,134,-74.8255029365198,134,4.660319029395268,3743
SHANK2,-99.91433847963421,306,-104.5746028127234,306,4.660264333089188,3744
MYRF,-71.4289985728041,107,-76.086744575857,107,4.6577460030528925,3745
PPCDC,-64.77663799694606,224,-69.43360372952053,224,4.656965732574463,3746
LZIC,-64.88780874676175,288,-69.54474523332384,288,4.656936486562088,3747
VMP1,-67.70508719026373,1424,-72.36093366815803,1424,4.6558464778943005,3748
PTPN9,-62.72578487974225,198,-67.3624184155705,198,4.636633535828253,3749
EVA1A,-125.90020320773462,706,-130.5359398082701,706,4.635736600535466,3750
FBXO41,-103.30352374485561,28,-107.93159784589496,28,4.628074101039346,3751
RAPGEF3,-67.5249134020859,89,-72.13979579625504,89,4.614882394169143,3752
TFAP4,-102.47017288208008,56,-107.07517514910016,56,4.605002267020083,3753
MIR9-3HG,-108.40084711710612,6,-112.99834314982097,6,4.597496032714844,3754
MEG9,-139.96805572509766,2,-144.5602264404297,2,4.592170715332031,3755
SUPT16H,-90.47839986078233,467,-95.0642946067663,467,4.585894745983964,3756
ERH,-77.10865295082597,1677,-81.68504561422549,1677,4.576392663399517,3757
POU2AF1,-166.87476050335428,69,-171.44733948638475,69,4.572578983030468,3758
FAM216A,-68.67307430360376,41,-73.23099852771294,41,4.557924224109186,3759
PTGFRN,-83.62128474924825,202,-88.17754579298567,202,4.556261043737422,3760
TP53BP1,-108.60427414996069,318,-113.15105742928367,318,4.54678327932298,3761
C1S,-100.32048447855404,445,-104.85772747939892,445,4.537243000844882,3762
S100A7,-127.26497268676758,2,-131.79096221923828,2,4.525989532470703,3763
LINC01381,-83.89079284667969,1,-88.41514587402344,1,4.52435302734375,3764
BRCA2,-62.22675415565227,58,-66.72253582395356,58,4.495781668301291,3765
RPS6KB1,-63.3590415357669,409,-67.85070828761914,409,4.491666751852243,3766
CDIP1,-72.54823791665375,189,-77.02659885467045,189,4.478360938016706,3767
PITRM1-AS1,-106.88281059265137,4,-111.33573722839355,4,4.4529266357421875,3768
MRPL17,-67.9410218703102,721,-72.39170699840444,721,4.45068512809425,3769
MIR3180-4,-60.41547181871202,9,-64.86137432522244,9,4.445902506510421,3770
SHE,-73.46923511433151,159,-77.90307559607164,159,4.433840481740134,3771
ADCY3,-77.22090260575457,82,-81.64409237373167,82,4.423189767977092,3772
ZBTB3,-60.17977396647135,42,-64.60024461292085,42,4.420470646449495,3773
IFI27L2,-99.15021658871424,1028,-103.5659259914888,1028,4.415709402774553,3774
RAB12,-95.05807787751499,73,-99.46837762283953,73,4.4102997453245365,3775
CARD14,-105.229982648577,14,-109.63424355643136,14,4.404260907854351,3776
CSF3,-88.99833070562127,89,-93.38736236229371,89,4.389031656672444,3777
RPS15,-60.14473627523739,2135,-64.52291095921251,2135,4.378174683975118,3778
SMYD2,-68.77975084405196,380,-73.15373077392579,380,4.373979929873826,3779
SLC9A3R2,-93.89084252687258,856,-98.26047290374186,856,4.3696303768692815,3780
ZNF844,-51.672644070216585,168,-56.02968567893619,168,4.357041608719605,3781
MYO1C,-102.05510630114325,580,-106.40853779233736,580,4.353431491194101,3782
CCT7,-49.63853446500642,896,-53.98305659634726,896,4.344522131340838,3783
RBMXL1,-88.24270224804211,307,-92.5842403697657,307,4.3415381217235876,3784
MINPP1,-121.5485844662315,190,-125.88732685289885,190,4.338742386667349,3785
WDR47,-50.680328266040696,111,-55.010124825142526,111,4.32979655910183,3786
DNTTIP2,-91.26951674757332,464,-95.59572696685791,464,4.32621021928459,3787
IQCH,-61.7612316267831,56,-66.08721590042114,56,4.325984273638042,3788
ARL2BP,-47.89323268578067,684,-52.215651294641326,684,4.322418608860659,3789
RTN2,-78.9004908635066,130,-83.22082584087666,130,4.320334977370052,3790
PSKH1,-48.15372178720873,172,-52.4668265276177,172,4.313104740408967,3791
MAGOH,-69.01352344276276,951,-73.3213052278312,951,4.307781785068443,3792
DYNC1H1,-88.19326982169316,725,-92.49943721376616,725,4.306167392072993,3793
GJA5,-136.96818033854166,3,-141.27387491861978,3,4.305694580078125,3794
TNPO2,-75.62986009705742,265,-79.93239478345187,265,4.302534686394452,3795
ZWINT,-75.28550063239203,108,-79.57766066657172,108,4.2921600341796875,3796
CLUH,-59.427598864943896,216,-63.718377342930545,216,4.290778477986649,3797
CDIPT,-116.13505861762054,831,-120.4234057172828,831,4.288347099662261,3798
LHPP,-79.19182639286436,290,-83.46125093657395,290,4.26942454370959,3799
CREB3L4,-55.476631980718565,215,-59.726527866097385,215,4.24989588537882,3800
PER1,-43.972582795884875,540,-48.20551343847204,540,4.232930642587164,3801
NMNAT1,-64.8874637785412,105,-69.11695084344773,105,4.229487064906522,3802
DHDH,-67.20110340861531,77,-71.42612982415534,77,4.225026415540029,3803
ELF3,-98.952412759845,1993,-103.1747276011389,1993,4.222314841293894,3804
NEK3,-82.44957659321446,93,-86.66886245563467,93,4.219285862420207,3805
RIMKLA,-70.53121366657194,122,-74.74490963044714,122,4.213695963875196,3806
TMEM220-AS1,-64.24307844373915,18,-68.43864822387695,18,4.195569780137802,3807
PRKCG,-74.20458221435547,8,-78.39918041229248,8,4.194598197937012,3808
SYF2,-73.75808883294826,1271,-77.93352077553162,1271,4.175431942583359,3809
FAU,-44.12256791350035,2092,-48.276905088989956,2092,4.154337175489609,3810
COX16,-84.44592497364575,302,-88.59936781119038,302,4.153442837544631,3811
ZNF548,-109.9969023447188,63,-114.14647238595145,63,4.14957004123265,3812
SP2-AS1,-69.42124857221332,28,-73.56709507533482,28,4.145846503121504,3813
CORT,-106.98167419433594,1,-111.12310791015624,1,4.141433715820298,3814
C2orf74,-79.88272672486536,309,-84.00496834072867,309,4.122241615863302,3815
SPRED1,-100.97073505922185,447,-105.0923984024082,447,4.121663343186341,3816
ARL17A,-56.885190259842645,168,-61.000525179363436,168,4.115334919520791,3817
NR2C1,-59.27573861843202,205,-63.38927362953744,205,4.113535011105419,3818
ENTPD7,-82.94926071166992,34,-87.05757679658778,34,4.10831608491786,3819
MLLT11,-97.90659430719191,31,-102.01149479035408,31,4.104900483162169,3820
LMOD1,-102.21062469482422,3,-106.30448659261067,3,4.093861897786454,3821
BCCIP,-59.48600233578291,488,-63.579238102084304,488,4.09323576630139,3822
PRDX5,-104.96393269505994,2088,-109.0362065779295,2088,4.072273882869567,3823
ZFP36L2,-95.82695791907344,1128,-99.89827946737303,1128,4.0713215482995935,3824
SPCS2,-63.73695269253739,1562,-67.80826765199629,1562,4.0713149594588955,3825
LBHD1,-62.66218730381557,7,-66.73318699428013,7,4.070999690464561,3826
ZNF738,-74.32242046702991,88,-78.38739291104403,88,4.064972444014117,3827
TIPRL,-66.22208795792017,546,-70.27729273366404,546,4.055204775743874,3828
MRPL46,-82.21935818646405,296,-86.26496809882087,296,4.045609912356824,3829
STXBP4,-78.05925024414063,125,-82.09820703125,125,4.03895678710937,3830
COX4I1,-85.15483172696092,2065,-89.19320453338993,2065,4.03837280642901,3831
PELI1,-83.95842545755794,534,-87.97843408763185,534,4.020008630073917,3832
CACNB2,-68.56891632080078,1,-72.58296966552734,1,4.0140533447265625,3833
TAX1BP3,-65.92451358616137,831,-69.93714695458809,831,4.0126333684267195,3834
MBD6,-69.87021049700286,304,-73.87943461066799,304,4.009224113665127,3835
ZNF684,-87.80664324079241,35,-91.81046970912388,35,4.003826468331468,3836
COX8C,-124.15309377817007,26,-128.15314806424655,26,4.000054286076477,3837
DFFB,-62.68979318936666,48,-66.6779073079427,48,3.9881141185760427,3838
STARD10,-59.877834409250575,1326,-63.83610307109482,1326,3.9582686618442438,3839
SLC25A12,-76.1774194071612,127,-80.13089577982745,127,3.953476372666259,3840
SLC20A1,-73.74374899192837,554,-77.69591518085356,554,3.9521661889251902,3841
ZZZ3,-66.62846766453163,255,-70.57413222369026,255,3.9456645591586295,3842
RNPS1,-87.62547599098899,1100,-91.51297427090732,1100,3.887498279918333,3843
SYNJ2BP-COX16,-81.44569969177246,4,-85.31725692749023,4,3.8715572357177734,3844
LLPH,-112.93881825371332,491,-116.80839331912412,491,3.8695750654107997,3845
BCL2L14,-112.98184396844161,95,-116.84380268297697,95,3.861958714535362,3846
MYOCD,-89.31647491455078,3,-93.14286041259766,3,3.826385498046875,3847
ARNT,-55.83606927924686,288,-59.661730448404946,288,3.8256611691580886,3848
DPYSL5,-76.06869506835938,1,-79.88806915283203,1,3.8193740844726562,3849
EPN2,-61.86396478084808,376,-65.66984343021474,376,3.8058786493666616,3850
MYL6,-65.72560382717651,2130,-69.52452330253493,2130,3.7989194753584172,3851
PDCL3,-57.04558243207484,447,-60.833898420568545,447,3.788315988493707,3852
LMO7-AS1,-95.62036628723145,80,-99.40643119812012,80,3.786064910888669,3853
C1orf122,-84.64933323359989,1001,-88.42067660580386,1001,3.7713433722039724,3854
PHLPP2,-83.39919445561428,51,-87.16815080829696,51,3.768956352682679,3855
PRR29-AS1,-96.40323003133138,30,-100.16229909261068,30,3.7590690612793054,3856
CASC2,-129.3092759231041,116,-133.05336833822315,116,3.7440924151190416,3857
STARD5,-67.85542343602036,33,-71.59707156094638,33,3.741648124926016,3858
LRP8,-76.39963669247098,72,-80.10566107432048,72,3.7060243818495024,3859
CLSTN3,-111.82324689782185,345,-115.52253194615461,345,3.6992850483327686,3860
EBF3,-99.10134887695312,1,-102.7909698486328,1,3.6896209716796733,3861
PSMB2,-67.46201159234204,1189,-71.1490371550102,1189,3.6870255626681683,3862
FOSL2,-75.95559029522299,587,-79.63990761596055,587,3.684317320737563,3863
NUMB,-74.45163227629777,619,-78.11466404386407,619,3.663031767566295,3864
IFNLR1,-81.21014515946551,41,-84.85808321324791,41,3.647938053782397,3865
PIGH,-50.57945366744157,364,-54.21992974752908,364,3.6404760800875096,3866
FEN1,-45.03077806008829,148,-48.67007884463749,148,3.6393007845491994,3867
TIMM23B,-69.53069783086362,115,-73.16553948443868,115,3.634841653575066,3868
PPP2R5C,-137.87782624248968,1115,-141.511401387715,1115,3.633575145225336,3869
TSHZ3,-123.99566650390625,9,-127.62907833523221,9,3.633411831325958,3870
SIRT1,-77.42197413840745,349,-81.03219903984179,349,3.6102249014343357,3871
GAA,-83.69388593188023,593,-87.30396179405071,593,3.6100758621704756,3872
ANKRD36C,-81.7304095695032,362,-85.33039101447848,362,3.5999814449752847,3873
MRPL4,-59.02716651472073,824,-62.60604128791291,824,3.578874773192176,3874
MYL6B,-70.86756557080011,734,-74.42128202765774,734,3.5537164568576287,3875
ARHGAP17,-83.61444457696409,196,-87.16803834876235,196,3.553593771798262,3876
ABCC4,-73.61092111234754,319,-77.16402538144102,319,3.553104269093481,3877
TDRD1,-89.26925964355469,10,-92.79658508300781,10,3.527325439453122,3878
DDHD1,-100.47660565522551,163,-103.9921443915806,163,3.515538736355083,3879
RAB11B,-61.71209292640483,1126,-65.22285222922507,1126,3.51075930282024,3880
GNL2,-84.36906975585144,308,-87.87761928508809,308,3.508549529236646,3881
ZNF200,-102.15051520498176,76,-105.65447455958316,76,3.503959354601406,3882
ATL3,-72.16933635468787,534,-75.6638715794024,534,3.494535224714525,3883
SNX15,-94.48341751098633,8,-97.9562120437622,8,3.472794532775879,3884
PRMT5,-66.36128797344134,255,-69.83383854884727,255,3.4725505754059327,3885
GPX7,-81.40256008255147,107,-84.87100740236657,107,3.4684473198150982,3886
MGA,-62.40048418098322,179,-65.85132598876953,179,3.450841807786311,3887
MLLT1,-57.48369679306493,528,-60.92658797899882,528,3.442891185933888,3888
DIXDC1,-98.75525205429287,146,-102.1564634662785,146,3.401211411985628,3889
IGHV3OR15-7,-128.1986541748047,1,-131.58302307128906,1,3.384368896484375,3890
GID4,-81.79985850941051,110,-85.17474691217596,110,3.3748884027654498,3891
CCDC59,-94.5880280535368,844,-97.94626663533433,844,3.358238581797522,3892
KIF23,-85.23557405214052,37,-88.59344193742082,37,3.3578678852802994,3893
GCA,-104.42173056627708,378,-107.77761421001777,378,3.3558836437406967,3894
MRPS7,-70.49148064417555,1057,-73.8159590606545,1057,3.3244784164789536,3895
SLC39A11,-68.07412872314453,325,-71.39478708120492,325,3.320658358060399,3896
RAB1B,-84.10551732691323,820,-87.42180263240162,820,3.3162853054883925,3897
MAP3K8,-69.3409072028266,630,-72.65503301469107,630,3.3141258118644714,3898
ETFB,-88.63819277051469,1420,-91.93662999650122,1420,3.2984372259865324,3899
CD226,-112.85542899683902,19,-116.14241871080901,19,3.2869897139699873,3900
KCTD15,-76.215086437407,21,-79.50147210984002,21,3.2863856724330276,3901
ZFPL1,-73.24226283772786,375,-76.5197373860677,375,3.277474548339839,3902
KLC2,-82.2231944157527,182,-85.50021353920738,182,3.2770191234546786,3903
NBPF1,-92.45114033257784,67,-95.72456747026585,67,3.2734271376880173,3904
ATAD3C,-104.32286376953125,410,-107.59298220378597,410,3.2701184342547123,3905
ITSN2,-73.65675305519744,834,-76.9069608967367,834,3.2502078415392646,3906
RANBP2,-65.46482488132963,596,-68.70934867858887,596,3.244523797259234,3907
GMPR2,-63.25571779104379,572,-66.50022710786833,572,3.2445093168245336,3908
ZSCAN1,-62.57946065266927,15,-65.80796483357747,15,3.228504180908203,3909
DYRK1B,-71.17915627052044,232,-74.40318265454522,232,3.224026384024782,3910
SGTA,-62.09241936883496,377,-65.30830037246017,377,3.2158810036252063,3911
ARID3B,-65.19277984794529,87,-68.4062193070335,87,3.2134394590882067,3912
FCHSD2,-85.30075638110822,208,-88.51053989850558,208,3.2097835173973692,3913
CYP1A1,-79.22908574884588,11,-82.43671001087536,11,3.2076242620294835,3914
BTBD16,-115.86047808329265,12,-119.06626319885254,12,3.205785115559891,3915
KAT7,-78.19558017494624,307,-81.4010657145845,307,3.2054855396382607,3916
ISCU,-76.64510908658924,1631,-79.84551257724634,1631,3.200403490657095,3917
ZNF558,-73.84233411153157,60,-77.02663968404134,60,3.1843055725097713,3918
HSD11B2,-112.53128788389009,29,-115.7063014589507,29,3.1750135750606177,3919
DNA2,-68.428140048323,29,-71.57813184014682,29,3.1499917918238225,3920
CHD1L,-95.1250606039296,230,-98.25783270130987,230,3.1327720973802684,3921
ZNF534,-58.923078536987305,2,-62.05051803588867,2,3.127439498901367,3922
ZIM2-AS1,-115.2509994506836,3,-118.36163584391277,3,3.1106363932291714,3923
USH1C,-69.0319709777832,8,-72.13787269592285,8,3.1059017181396484,3924
ESPL1,-57.29513653841886,11,-60.37832745638761,11,3.08319091796875,3925
ITGA8,-83.07221984863281,1,-86.14167785644531,1,3.0694580078125,3926
S100A9,-112.7363270758854,1309,-115.80404875240224,1309,3.0677216765168396,3927
METTL13,-71.88500240629753,226,-74.94716796199832,226,3.062165555700787,3928
SLTM,-63.032986524806844,1043,-66.08269997411126,1043,3.04971344930442,3929
PNN,-48.447619398135544,929,-51.49402977293608,929,3.046410374800537,3930
NAT9,-79.64030619392618,342,-82.67120539793494,342,3.0308992040087617,3931
ZNF285,-83.53319358825684,4,-86.56398963928223,4,3.0307960510253906,3932
LILRA4,-115.0586051940918,4,-118.07976531982422,4,3.021160125732422,3933
POP5,-69.15206785567545,574,-72.16616753501759,574,3.014099679342138,3934
APBA3,-80.9025276184082,140,-83.91231367928641,140,3.0097860608782128,3935
ZNF839,-80.2204306294599,127,-83.22685812401959,127,3.006427494559688,3936
PLD5,-81.88348029641544,34,-84.84468796673943,34,2.9612076703239865,3937
GPR39,-90.87896532531178,109,-93.83926706576565,109,2.960301740453872,3938
PTS,-122.49545694398121,691,-125.44561770890452,691,2.950160764923311,3939
NOMO2,-69.60082092285157,5,-72.54927062988281,5,2.9484497070312443,3940
RIPK3,-110.14778639849494,85,-113.08925619686352,85,2.9414697983685727,3941
ADRA2A,-99.12472327979836,37,-102.06272723223712,37,2.9380039524387627,3942
ZNF32,-66.60551617413583,507,-69.5392510077422,507,2.9337348336063656,3943
NRBP1,-73.52396822157014,526,-76.45413648946203,526,2.9301682678918866,3944
ATMIN,-98.18741418771039,311,-101.10981529701944,311,2.9224011093090496,3945
RPA2,-63.275415735659394,460,-66.19197496331256,460,2.916559227653167,3946
TMEM72,-110.3805694580078,1,-113.2616958618164,1,2.881126403808608,3947
CELA2A,-81.86608123779297,4,-84.74168586730957,4,2.8756046295166016,3948
SMARCE1,-55.08766397699579,777,-57.936278378794704,777,2.848614401798912,3949
TRIB2,-87.06718606506752,151,-89.91339854057262,151,2.846212475505098,3950
MIB1,-81.36997712473917,307,-84.21160361821178,307,2.841626493472617,3951
CCDC86,-93.07914672026763,111,-95.91399541631475,111,2.8348486960471178,3952
KLF2,-83.23150969099724,696,-86.04101550442049,696,2.809505813423243,3953
PPT1,-78.46478034821854,706,-81.25855653887092,706,2.7937761906523804,3954
NETO2,-82.05757460302236,98,-84.85119963665397,98,2.7936250336316135,3955
USP10,-67.59242471622515,395,-70.38397614684285,395,2.7915514306177016,3956
PSMB3,-77.16367016550504,1554,-79.95403103724102,1554,2.7903608717359845,3957
ACTN1,-75.41381455257566,483,-78.19442570530356,483,2.7806111527279,3958
CDC42EP4,-73.55290259566962,510,-76.33252665201823,510,2.7796240563486094,3959
EMC9,-86.9079741564664,264,-89.68758429902972,264,2.779610142563328,3960
SNAPC5,-99.03247318307312,483,-101.80912888173485,483,2.7766556986617275,3961
GIT2,-75.19448240038375,213,-77.93422544953968,213,2.7397430491559334,3962
TGFBR3,-75.13873193430346,86,-77.85121012842933,86,2.7124781941258647,3963
SP2,-71.86004006522042,175,-74.56561824253627,175,2.705578177315857,3964
CTPS1,-60.80256368552044,157,-63.50032444364706,157,2.69776075812662,3965
IGFN1,-109.5820541381836,1,-112.26951599121094,1,2.6874618530273438,3966
IRF2BPL,-57.88339779610369,521,-60.56346564558326,521,2.6800678494795704,3967
USP21,-105.53134463248996,109,-108.2034347254202,109,2.672090092930233,3968
TAS1R1,-75.1288235982259,6,-77.7992451985677,6,2.670421600341797,3969
NASP,-58.34958693675506,780,-61.00557808998303,780,2.6559911532279727,3970
DEDD2,-62.96476034479817,508,-65.61006256914514,508,2.6453022243469704,3971
RTKN,-77.51241181839345,215,-80.15213058826535,215,2.639718769871905,3972
GPD2,-78.09065151585679,257,-80.720378593712,257,2.6297270778552075,3973
RCSD1,-95.64566487279431,29,-98.27385159196525,29,2.628186719170941,3974
RNF144A,-93.4488289242699,105,-96.07211332775297,105,2.623284403483069,3975
TUFM,-61.62040647243824,1364,-64.24278512098923,1364,2.622378648550985,3976
MAPK4,-85.07906112670898,10,-87.6829818725586,10,2.6039207458496207,3977
IVD,-71.22648188656498,597,-73.80039305822733,597,2.5739111716623455,3978
OVOL1,-91.20923964643248,207,-93.7746909689788,207,2.5654513225463234,3979
PAWR,-80.5688065238621,690,-83.13344455663709,690,2.564638032774994,3980
MED11,-56.751272691316544,479,-59.30493506509227,479,2.5536623737757296,3981
ZNF792,-83.01719419417843,31,-85.56477552844632,31,2.547581334267889,3982
TTC27,-90.7737827647816,110,-93.31783676147461,110,2.544053996693009,3983
ZNF613,-98.12289683024089,30,-100.66404647827149,30,2.541149648030597,3984
FAHD2A,-81.85874065235502,303,-84.38355522029865,303,2.524814567943622,3985
ZNF224,-79.29578868762867,148,-81.81784810246648,148,2.5220594148378126,3986
TREH,-96.9322738647461,1,-99.4494171142578,1,2.5171432495117045,3987
CALML4,-120.924943639877,47,-123.4288604411673,47,2.503916801290302,3988
MAPKAPK5,-74.56603589361113,346,-77.04336272223148,346,2.477326828620349,3989
SH3D21,-116.6361312866211,22,-119.10323160344905,22,2.4671003168279526,3990
ZNF544,-68.57763417561848,117,-71.02220701559996,117,2.4445728399814755,3991
CNST,-55.022402154191475,227,-57.4600932587611,227,2.4376911045696232,3992
NUP160,-64.45706460442342,355,-66.89179318925025,355,2.4347285848268285,3993
FBXL15,-95.1750871750404,725,-97.60791850122912,725,2.432831326188719,3994
SLC25A30-AS1,-57.74877166748047,3,-60.176962534586586,3,2.4281908671061174,3995
DNAJC11,-81.00385934055441,101,-83.42563719796662,101,2.4217778574122093,3996
IER2,-78.91421390636442,1963,-81.33441920773569,1963,2.4202053013712685,3997
ZNF428,-61.58732884152275,977,-64.00553710531432,977,2.41820826379157,3998
ZNF160,-60.918745941911006,163,-63.329169969617226,163,2.4104240277062203,3999
RAB38,-90.59837294185863,340,-93.00812384661506,340,2.409750904756436,4000
MED13,-74.46815549410306,741,-76.86866741720964,741,2.4005119231065777,4001
C1orf167,-104.16615038785068,220,-106.558270853216,220,2.3921204653653234,4002
KANSL3,-83.00956233097956,260,-85.39879995492788,260,2.3892376239483184,4003
RASAL2,-93.72599456045363,288,-96.11401995023091,288,2.388025389777283,4004
NDUFA11,-67.3581122174014,1781,-69.7385977906233,1781,2.380485573221904,4005
PARD3,-87.41240709168571,448,-89.78856229782104,448,2.376155206135337,4006
L1TD1,-92.91908264160156,15,-95.29416046142578,15,2.375077819824213,4007
NDUFB1,-64.2549449131023,1715,-66.59427982697333,1715,2.3393349138710278,4008
TTC9,-90.96362540625424,346,-93.27836855849779,346,2.314743152243551,4009
MRPL16,-87.60349308937623,541,-89.91153117689319,541,2.3080380875169624,4010
EZH1,-71.76602909352519,202,-74.07009256948339,202,2.304063475958202,4011
ZNF615,-65.92700594947452,42,-68.21280197870163,42,2.2857960292271144,4012
YME1L1,-52.94485304130362,1069,-55.224215230058576,1069,2.279362188754959,4013
BANP,-99.2872125636266,179,-101.54425381282188,179,2.2570412491952823,4014
CANT1,-81.120356236474,472,-83.37734131893869,472,2.256985082464695,4015
LUZP1,-78.4166284837487,283,-80.66320097151578,283,2.2465724877670823,4016
ZNF688,-74.72120810614692,450,-76.94638020833334,450,2.22517210218642,4017
EIF3J,-53.28840794682078,843,-55.48471987487866,843,2.196311928057874,4018
PLIN3,-75.89110546009331,557,-78.08587082155731,557,2.1947653614639933,4019
FARSA,-69.21854191785418,358,-71.40986746249918,358,2.1913255446449966,4020
ERI3,-71.90998064975842,553,-74.08605947373789,553,2.1760788239794664,4021
TUBGCP2,-141.13679693163056,485,-143.312261616815,485,2.175464685184437,4022
ZNF816-ZNF321P,-74.06872620874522,49,-76.2368916102818,49,2.1681654015365837,4023
NLRX1,-84.84420515361585,114,-87.00955267119826,114,2.1653475175824184,4024
INPP5F,-84.2483434677124,128,-86.38668167591095,128,2.1383382081985474,4025
NPAS1,-76.5071284596513,41,-78.63294461878334,41,2.125816159132043,4026
RRM2,-81.00707766884251,38,-83.12660518445466,38,2.1195275156121482,4027
C17orf97,-56.35887699938835,188,-58.472935392501505,188,2.1140583931131545,4028
RASSF10,-89.59992162804855,152,-91.71365210884495,152,2.1137304807964057,4029
PIP4K2B,-89.35967318421392,311,-91.46352962972267,311,2.103856445508754,4030
RABGGTB,-78.66449752720919,704,-80.76695011962543,704,2.102452592416242,4031
CTC1,-67.26113275381235,78,-69.34665855994591,78,2.0855258061335604,4032
COQ9,-62.187099061481696,386,-64.24577661622992,386,2.058677554748222,4033
GPATCH3,-69.46338011423747,120,-71.51723690032959,120,2.053856786092126,4034
RALGPS2,-98.95389060603762,206,-100.97857810455619,206,2.024687498518574,4035
MYSM1,-57.30853279309395,195,-59.32201810005384,195,2.013485306959886,4036
TPCN2,-69.96997430351342,89,-71.98079364219409,89,2.010819338680662,4037
NCAPH,-65.060728634105,17,-67.07064101275276,17,2.009912378647755,4038
ZNF492,-65.90742492675781,1,-67.91610717773438,1,2.0086822509765625,4039
ORC6,-79.30739890204535,36,-81.29577700297038,36,1.9883781009250328,4040
TSFM,-100.5961350489707,274,-102.56027614287217,274,1.9641410939014747,4041
ZNF766,-59.712793184842674,173,-61.67489725454694,173,1.9621040697042673,4042
SETD1A,-71.05313776500189,134,-73.00720220537328,134,1.9540644403713827,4043
ZNF586,-67.48942843350497,55,-69.4411191073331,55,1.951690673828125,4044
MYO16,-119.29267120361328,4,-121.24168395996094,4,1.9490127563476562,4045
MYBBP1A,-81.3618959101235,164,-83.31073807507026,164,1.9488421649467682,4046
FN3KRP,-67.93726514180501,300,-69.88152852376302,300,1.9442633819580095,4047
KCNJ5,-104.81526051839192,75,-106.75383138020834,75,1.938570861816416,4048
EBNA1BP2,-115.24278866327725,832,-117.17853773557223,832,1.935749072294982,4049
SCRN2,-63.020692104763455,495,-64.95630117859503,495,1.9356090738315714,4050
RIT1,-80.58348195502099,470,-82.51356852105323,470,1.9300865660322444,4051
PRDM2,-77.35542744129627,444,-79.26389714833853,444,1.9084697070422578,4052
ZNF668,-82.28203932061253,83,-84.16884695765484,83,1.8868076370423097,4053
SNAI3-AS1,-85.32371368408204,20,-87.20528068542481,20,1.8815670013427734,4054
HACD1,-59.54534140767505,454,-61.41892335698468,454,1.8735819493096244,4055
CAPN2,-98.39203881973945,1371,-100.25917136695244,1371,1.8671325472129894,4056
B4GALNT2,-74.60164833068848,4,-76.46261405944824,4,1.8609657287597656,4057
PPP1R13L,-88.7941174233428,331,-90.6480141723264,331,1.8538967489836011,4058
ALG8,-69.00040601914928,248,-70.84971467910275,248,1.849308659953465,4059
RPL27,-67.68796603974505,2159,-69.52741530870276,2159,1.8394492689577078,4060
SP9,-101.86228942871094,1,-103.7004623413086,1,1.8381729125976562,4061
MUL1,-73.40061152258585,215,-75.23036406760993,215,1.8297525450240784,4062
IL19,-136.750728062221,7,-138.57122802734375,7,1.8204999651227638,4063
LCMT1-AS1,-56.01979351043701,4,-57.82996845245361,4,1.8101749420166016,4064
NPC1,-80.95293474316895,399,-82.75648339828453,399,1.803548655115577,4065
ZNF594,-56.4096428655809,31,-58.20048141479492,31,1.7908385492140226,4066
PDIK1L,-72.15163904825846,120,-73.93521448771159,120,1.7835754394531307,4067
CDC123,-76.65644369405858,544,-78.4342158682206,544,1.777772174162024,4068
MAPK8IP1,-94.51066497064406,124,-96.28459481270083,124,1.7739298420567735,4069
TTC4,-83.91783746083577,24,-85.67671330769856,24,1.758875846862793,4070
ZNF560,-75.94509887695312,1,-77.69438934326172,1,1.7492904663085938,4071
HSPB11,-96.12496711077009,875,-97.87023420933315,875,1.7452670985630618,4072
AMY1C,-168.48936462402344,1,-170.23365783691406,1,1.744293212890625,4073
TMEM26,-109.75627136230469,3,-111.48194885253906,3,1.725677490234375,4074
CNOT2,-100.80455545186996,640,-102.529680788517,640,1.7251253366470394,4075
TFB2M,-89.1285571824032,251,-90.84972652116144,251,1.7211693387582443,4076
EXOC6B,-81.32343175459881,98,-83.03507785407864,98,1.7116460994798217,4077
KIAA1217,-109.86820600519133,402,-111.5769889034442,402,1.7087828982528777,4078
CLSPN,-64.67887477874756,40,-66.38364391326904,40,1.7047691345214844,4079
UBTD1,-76.69657312782066,824,-78.39840477878607,824,1.701831650965417,4080
HAGLROS,-112.64594650268555,2,-114.3272933959961,2,1.6813468933105469,4081
POLR3A,-60.44693820476532,160,-62.126194095611574,160,1.6792558908462567,4082
ASPA,-86.91181182861328,8,-88.5899248123169,8,1.6781129837036133,4083
ELL3,-63.99074172973633,1,-65.65767669677734,1,1.6669349670410156,4084
TOMM20,-74.00819578822714,1653,-75.67044802167815,1653,1.6622522334510137,4085
SORD,-62.54764554100315,274,-64.20916011559702,274,1.6615145745938662,4086
VMAC,-100.49272401229194,115,-102.15356412141219,115,1.6608401091202438,4087
TATDN3,-65.63830182537343,159,-67.29861287051027,159,1.6603110451368366,4088
KIF5C,-78.27421188354492,2,-79.93360900878906,2,1.6593971252441406,4089
ITGA11,-94.25713857014973,3,-95.90944417317708,3,1.6523056030273438,4090
LHCGR,-116.17121887207033,1,-117.7785415649414,1,1.6073226928710795,4091
SUPT20H,-87.55569944381713,400,-89.15619955062866,400,1.6005001068115234,4092
GLT8D2,-83.4058609008789,18,-84.99479420979817,18,1.588933308919266,4093
COMMD4,-67.72491024508335,707,-69.30944326743378,707,1.5845330223504277,4094
CXCL12,-76.76464952741351,21,-78.34298379080636,21,1.578334263392847,4095
ZDHHC5,-70.22167291139301,304,-71.79682648809333,304,1.5751535767003162,4096
ARG2,-73.59964099231067,111,-75.17354528753607,111,1.5739042952254039,4097
CCDC115,-63.86765909866548,568,-65.42059866811188,568,1.5529395694464014,4098
MYO15B,-80.84564865960016,108,-82.38980759514703,108,1.544158935546875,4099
UBIAD1,-61.845660777802166,188,-63.386262163202815,188,1.5406013854006488,4100
BNIP2,-61.49356478700543,505,-63.03178840863823,505,1.5382236216327954,4101
SNRPG,-69.08299259824915,1713,-70.61432855698496,1713,1.5313359587358093,4102
CLEC19A,-144.7424072265625,5,-146.26282958984376,5,1.5204223632812557,4103
TIE1,-126.77486991882324,8,-128.2707176208496,8,1.4958477020263672,4104
DERL2,-65.63131283150345,488,-67.12616458486337,488,1.4948517533599244,4105
FAM72A,-111.24531274092824,19,-112.73877515290913,19,1.493462411980886,4106
NSMCE1,-71.69472890565878,702,-73.1822281644555,702,1.487499258796717,4107
PAN2,-70.06769930436307,149,-71.55138177039639,149,1.483682466033315,4108
CDKN3,-69.15994190719893,53,-70.62617060823261,53,1.4662287010336854,4109
KCNJ3,-104.28556823730467,1,-105.74858856201172,1,1.4630203247070455,4110
BORCS8-MEF2B,-59.68919372558594,3,-61.12708282470703,3,1.4378890991210938,4111
CLIC4,-63.638898952334536,408,-65.068262016072,408,1.429363063737462,4112
ACP6,-72.6305791536967,240,-74.05678129196167,240,1.4262021382649692,4113
PARP6,-81.1507349650065,225,-82.57402652316624,225,1.4232915581597325,4114
GAST,-99.18635940551758,4,-100.5986042022705,4,1.4122447967529155,4115
BTBD1,-71.55936797533167,217,-72.97139079010432,217,1.412022814772655,4116
PLXDC1,-70.14201775150022,69,-71.55291250477667,69,1.4108947532764518,4117
ZNF100,-113.4927477993808,91,-114.90328258472485,91,1.4105347853440549,4118
ACSF2,-98.09443283081055,340,-99.50494108761058,340,1.4105082568000284,4119
ELOVL3,-74.63424682617188,21,-76.03748575846355,21,1.4032389322916714,4120
MED16,-58.058446059992285,405,-59.45561277601454,405,1.3971667160222552,4121
TCF23,-94.86466979980469,2,-96.25889587402344,2,1.39422607421875,4122
MBTD1,-81.12970789467415,164,-82.5128772084306,164,1.38316931375644,4123
MMD,-68.86065377762068,134,-70.2370491027832,134,1.3763953251625196,4124
UBAC2,-62.3234233230841,488,-63.698928661033754,488,1.3755053379496545,4125
GRAMD1B,-86.49661799839565,7,-87.86083875383649,7,1.36422075544084,4126
CDC6,-93.7889918875187,47,-95.14837841277426,47,1.3593865252555588,4127
CELF3,-90.52546691894533,1,-91.87676239013672,1,1.351295471191392,4128
ZNF195,-80.19340535427662,188,-81.5210323739559,188,1.3276270196792836,4129
TBC1D30,-80.9961956822595,172,-82.32140439055686,172,1.3252087082973674,4130
ISCA2,-77.65491494738785,751,-78.97719676580314,751,1.3222818184152914,4131
ZMIZ1-AS1,-123.33627543729894,17,-124.65606689453125,17,1.3197914572323128,4132
LRRC37B,-56.14594206057097,152,-57.46322360791658,152,1.3172815473456154,4133
ZNF121,-68.76516537738935,197,-70.05207301880502,197,1.2869076414156666,4134
ADAP2,-87.39425220228222,73,-88.67749410132839,73,1.2832418990461747,4135
UTS2,-77.29966076937589,44,-78.58115491000089,44,1.281494140625,4136
ZNF383,-69.6207346730418,77,-70.89066057081347,77,1.269925897771671,4137
DRAM2,-105.0806653071109,651,-106.3258519912462,651,1.245186684135291,4138
C1orf74,-97.05311046947132,44,-98.29717376015402,44,1.2440632906827034,4139
GRN,-83.529442071419,1443,-84.76027398165613,1443,1.2308319102371286,4140
ARHGAP22,-112.03731905180832,29,-113.26035256221377,29,1.2230335104054433,4141
DCLRE1C,-62.39215135278169,161,-63.61473924624994,161,1.2225878934682513,4142
ETFA,-74.56702220565774,663,-75.77270870295045,663,1.2056864972927173,4143
DCTPP1,-66.68331240890618,665,-67.88105933397335,665,1.1977469250671788,4144
CCDC102A,-87.38067358732224,128,-88.56975483894348,128,1.1890812516212463,4145
RNASEH1,-53.42118272923712,335,-54.602895150255804,335,1.1817124210186876,4146
TMEM102,-55.54327882366416,81,-56.722507900661896,81,1.1792290769977356,4147
NIP7,-101.88333649173859,310,-103.06123462800056,310,1.1778981362619731,4148
ARPC3,-61.92840653240585,1871,-63.10264233253271,1871,1.1742358001268585,4149
FAM222A-AS1,-79.5400390625,1,-80.70846557617188,1,1.168426513671875,4150
ZNF551,-66.45765018463135,32,-67.60347533226013,32,1.1458251476287842,4151
SUSD6,-80.00406496597317,559,-81.1469956945648,559,1.1429307285916224,4152
KDM8,-94.50275366646903,14,-95.62468610491071,14,1.1219324384416751,4153
HAUS5,-62.715600850031926,130,-63.83171779926007,130,1.116116949228143,4154
HERC2,-51.193388148116014,363,-52.29255986279364,363,1.0991717146776239,4155
CNGA4,-94.36805534362793,4,-95.46720123291016,4,1.0991458892822266,4156
MAP2K6,-105.54776306152344,25,-106.63357147216797,25,1.0858084106445318,4157
GABRB3,-97.12540809475645,49,-98.19794090426699,49,1.072532809510534,4158
BLOC1S1,-75.30286900338642,1517,-76.37418223653252,1517,1.0713132331460997,4159
ARHGEF12,-97.41140023684171,868,-98.47970896602226,868,1.0683087291805435,4160
DNM1L,-54.10595600057093,322,-55.173905923499824,322,1.0679499229288965,4161
RAB11FIP3,-86.18276582915207,58,-87.24817736395474,58,1.0654115348026636,4162
C2orf76,-89.40293312832654,251,-90.46260608809878,251,1.059672959772243,4163
C16orf87,-66.38975290818648,220,-67.44885246970436,220,1.0590995615178826,4164
ZNF649,-118.45214712208715,29,-119.50307359366582,29,1.0509264715786628,4165
KIAA1614,-85.06596803665161,16,-86.10686540603638,16,1.0408973693847656,4166
RAB11B-AS1,-104.41567641038161,208,-105.41723896906926,208,1.0015625586876524,4167
ZNF438,-79.77719284652116,77,-80.7740599396941,77,0.9968670931729378,4168
LILRB2,-116.40159606933594,20,-117.38970031738282,20,0.9881042480468807,4169
ZNF514,-80.62563346024882,173,-81.60561900056166,173,0.979985540312839,4170
MTHFD1,-61.95085700740659,246,-62.93079382423463,246,0.9799368168280367,4171
SF3B3,-64.08538468293936,413,-65.0272247462238,413,0.941840063284431,4172
CHD9,-86.53919790699996,905,-87.47966086877643,905,0.9404629617764755,4173
EIF1,-61.30586088415402,2144,-62.23169570538535,2144,0.9258348212313265,4174
ZNF433,-88.35938809522942,67,-89.2587078720776,67,0.8993197768481735,4175
MPI,-79.33029477349643,232,-80.21618468185952,232,0.8858899083630831,4176
CCDC144A,-84.62784641810826,35,-85.50302320207868,35,0.8751767839704172,4177
CHMP2A,-108.61321406745301,1565,-109.4760160501011,1565,0.8628019826480795,4178
RHOBTB1,-86.32453444908406,116,-87.17957273022881,116,0.8550382811447577,4179
R3HDM1,-59.701110174191875,149,-60.52073085708106,149,0.8196206828891874,4180
MTUS2,-86.64585767473493,7,-87.45363071986607,7,0.8077730451311425,4181
SYTL2,-71.6723488963123,227,-72.46640394437681,227,0.7940550480645072,4182
TMIGD2,-78.1704581124442,7,-78.96169063023159,7,0.7912325177873925,4183
VSIG2,-102.0599347402599,937,-102.83578487139756,937,0.7758501311376591,4184
GEMIN7,-83.47877184549968,384,-84.2505997021993,384,0.7718278566996162,4185
B9D1,-82.39434334833362,377,-83.16125911237074,377,0.7669157640371225,4186
IDH3A,-90.6570083770245,301,-91.4137203685469,301,0.7567119915224083,4187
VKORC1,-88.61243849012587,1125,-89.35019889322916,1125,0.7377604031032945,4188
LINC01220,-63.161302839006694,42,-63.8952765691848,42,0.7339737301781071,4189
ZNF274,-82.20758549672253,212,-82.92090599491911,212,0.7133204981965804,4190
PDXDC1,-66.98796545055635,637,-67.69168585473365,637,0.7037204041773037,4191
NCAN,-65.15474700927734,1,-65.85356140136719,1,0.6988143920898438,4192
PHF21A,-122.84830025320726,241,-123.54578580104464,241,0.6974855478373883,4193
CSNK2A2,-88.65192553123332,322,-89.34925399211623,322,0.6973284608829147,4194
SRR,-58.455730364872856,52,-59.14641945178692,52,0.6906890869140625,4195
LHX1,-111.424560546875,5,-112.10235748291015,5,0.6777969360351506,4196
ACAD8,-79.82861564528774,355,-80.48641054395219,355,0.6577948986644486,4197
FBRS,-55.21038206353743,369,-55.865726078105816,369,0.6553440145683851,4198
TMBIM6,-98.84978064264968,2054,-99.50238005536904,2054,0.6525994127193684,4199
ZNF691,-97.8924338692113,76,-98.52960385774311,76,0.6371699885318094,4200
TRAPPC4,-84.17415042778046,731,-84.8006652852905,731,0.6265148575100454,4201
ZNF267,-87.30819965231008,116,-87.93251853153623,116,0.624318879226152,4202
GAS7,-78.8162178915055,61,-79.42924637090964,61,0.6130284794041359,4203
ACOT11,-73.68127671333208,146,-74.27893113436764,146,0.597654421035557,4204
CCDC169,-73.94059594472249,24,-74.53441492716472,24,0.5938189824422295,4205
PSEN1,-67.49058708777794,403,-68.07447186415604,403,0.583884776378099,4206
LHB,-92.16274515787761,3,-92.7462870279948,3,0.5835418701171875,4207
FMO5,-94.02077526745495,555,-94.59172115841427,555,0.5709458909593224,4208
DRC1,-67.27180506674091,178,-67.84032431613194,178,0.5685192493910307,4209
USP8,-58.63883476214123,883,-59.197404967294005,883,0.5585702051527761,4210
THRAP3,-47.80200113748249,912,-48.35999238281919,912,0.5579912453367015,4211
AJUBA,-78.93939895629883,210,-79.48924080984933,210,0.5498418535505039,4212
RFX5,-74.66172545406235,249,-75.19534981968891,249,0.5336243656265651,4213
HEATR5A,-71.45829266666817,217,-71.99117771271736,217,0.5328850460491878,4214
UQCRFS1,-77.4415834788591,1197,-77.9711893284032,1197,0.5296058495440974,4215
NF1,-57.85105626688063,636,-58.36665170897478,636,0.5155954420941455,4216
TIMM23,-77.56759515989248,311,-78.07168127716163,311,0.5040861172691535,4217
VPS13D,-68.05533621446142,318,-68.54745053945098,318,0.49211432498955787,4218
FDXR,-82.44955460667974,327,-82.92871320065373,327,0.47915859397399174,4219
DDX11,-111.18600145975749,72,-111.65719943576389,72,0.471197976006394,4220
AIM2,-100.61256643442007,13,-101.07953585111179,13,0.4669694166917111,4221
ZNF329,-61.97979986667633,32,-62.44675290584564,32,0.4669530391693115,4222
PHF13,-80.09815534508746,115,-80.54788274350373,115,0.44972739841627174,4223
RABL2A,-90.84917481251252,195,-91.29603897485977,195,0.44686416234725357,4224
ARL1,-60.542780851094385,799,-60.9693942016296,799,0.426613350535213,4225
CRYL1,-72.93444684778119,383,-73.34471144315157,383,0.4102645953703785,4226
PAPOLA,-75.72823253308115,1309,-76.11350102785255,1309,0.38526849477139535,4227
YWHAE,-46.609280658781664,1788,-46.99232323111037,1788,0.383042572328705,4228
TMEM98,-74.55432189194974,1063,-74.9370030630117,1063,0.38268117106196087,4229
SMG1,-60.25189690081934,582,-60.62617195758623,582,0.37427505676689066,4230
STX8,-88.38851756691186,479,-88.7616520604908,479,0.3731344935789451,4231
ZNF202,-67.98159805609255,49,-68.35229414336536,49,0.3706960872728047,4232
TMEM9B-AS1,-87.54450539981617,17,-87.91137201645795,17,0.3668666166417722,4233
RAB40C,-75.27413281265375,397,-75.62782454790937,397,0.35369173525562303,4234
NR1I3,-86.81366402762276,7,-87.16647774832589,7,0.352813720703125,4235
ZC2HC1C,-75.88223973258597,122,-76.22600768042392,122,0.3437679478379465,4236
GNG3,-83.09088516235352,2,-83.41291427612305,2,0.32202911376953125,4237
NCBP3,-64.74347803327773,360,-65.0629642592536,360,0.3194862259758793,4238
SLC6A4,-85.59677401455966,11,-85.90600516579367,11,0.309231151234016,4239
BCL10,-61.12583408610026,375,-61.41782712809245,375,0.29199304199218545,4240
SFTPA2,-132.5911636352539,1712,-132.86187540036497,1712,0.2707117651110593,4241
CREB3L1,-84.77283750338226,711,-85.02296988571746,711,0.2501323823351953,4242
AP3S2,-93.80306741667957,164,-94.05024230770948,164,0.24717489102991408,4243
ERO1B,-62.92262215940108,161,-63.16960366764424,161,0.24698150824315945,4244
FBXO39,-87.47694396972656,1,-87.7219467163086,1,0.24500274658203125,4245
ZNF286B,-101.43662037568934,17,-101.67190551757812,17,0.2352851418887809,4246
SUCLG1,-115.74656641511224,854,-115.98068022002101,854,0.2341138049087732,4247
LRRC20,-70.92746131802782,162,-71.16054793934764,162,0.2330866213198135,4248
TRIM66,-76.28050787654924,81,-76.50664058732397,81,0.22613271077473485,4249
TICRR,-81.3070571899414,5,-81.51667175292968,5,0.2096145629882784,4250
PDCD11,-86.7469240250126,155,-86.94556545134513,155,0.19864142633252868,4251
TPRKB,-67.9554807531225,666,-68.14989328241205,666,0.19441252928955066,4252
CSHL1,-102.8308563232422,1,-103.0079116821289,1,0.17705535888670454,4253
LYRM1,-97.37992861592178,564,-97.54784199870224,564,0.16791338278045487,4254
ZNF638,-85.54961410957047,632,-85.70013145253628,632,0.15051734296581287,4255
MRPL43,-135.95005547228476,1112,-136.09847029679113,1112,0.148414824506375,4256
ZNF382,-104.03841236659459,14,-104.18418448311942,14,0.14577211652483868,4257
CCDC8,-62.77931051434211,106,-62.918055372418095,106,0.13874485807598802,4258
ODC1,-84.49396517700083,1087,-84.62803096122005,1087,0.13406578421921722,4259
TDG,-70.26644721283138,511,-70.38841181865178,511,0.12196460582039492,4260
C10orf95,-82.17339457235029,248,-82.29373141257993,248,0.12033684022964053,4261
ZNF681,-87.8398891248201,38,-87.95977622584293,38,0.11988710102282596,4262
PECAM1,-78.81415900004279,194,-78.91646745032871,194,0.10230845028591773,4263
DYDC1,-76.00271467729048,44,-76.09993449124423,44,0.09721981395374257,4264
PPA1,-72.4830506106457,1743,-72.57610491754266,1743,0.09305430689695982,4265
NTAN1,-71.73907098602831,285,-71.82407395212275,285,0.0850029660944358,4266
C17orf75,-97.44883435443766,206,-97.5207026953836,206,0.07186834094594019,4267
SPNS1,-59.48886111142824,417,-59.55810467287791,417,0.06924356144966737,4268
TUT1,-119.09908366203308,128,-119.15444606542587,128,0.05536240339279175,4269
NUTM2E,-100.58154296875,1,-100.6068344116211,1,0.02529144287109375,4270
SNX29,-72.76876889334784,288,-72.78119723002116,288,0.01242833667332377,4271
ACOT1,-84.05573654174805,2,-84.05365753173828,2,-0.002079010009765625,4272
OSBP,-86.19141738852173,387,-86.18334649453176,387,-0.008070893989966521,4273
DUSP6,-82.62145719366559,1180,-82.57612613742634,1180,-0.045331056239248824,4274
GPR12,-109.93673324584961,4,-109.86980247497559,4,-0.06693077087402344,4275
GNAI3,-98.06645867310453,691,-97.98118560393536,691,-0.0852730691691761,4276
TGFB1I1,-85.7351288551508,215,-85.64325171182323,215,-0.09187714332757935,4277
PITPNC1,-75.93985860101108,116,-75.82377243041992,116,-0.11608617059116,4278
RASAL3,-105.23639637715108,37,-105.11651302028346,37,-0.11988335686761786,4279
KDM3A,-151.79590406574187,244,-151.65566922797532,244,-0.1402348377665419,4280
ASAH2B,-92.7253173828125,60,-92.57905871073405,60,-0.14625867207846,4281
ENOX1,-85.27409907749721,14,-85.12390191214425,14,-0.15019716535296368,4282
SLC6A2,-115.31377410888672,1,-115.14623260498048,1,-0.1675415039062358,4283
NUCB1,-51.22104581866348,1140,-51.053111257051164,1140,-0.1679345616123129,4284
C11orf86,-101.42547538063742,11,-101.2367838079279,11,-0.18869157270951575,4285
LINC01569,-53.280322560092856,57,-53.091136263127915,57,-0.18918629696494094,4286
PEBP1,-62.44673794854307,1962,-62.25712401908229,1962,-0.18961392946077638,4287
C1orf115,-73.19916837643355,78,-73.00767037807367,78,-0.19149799835987835,4288
PTPN20,-104.58617123690519,33,-104.37382992831144,33,-0.21234130859375,4289
ZNF629,-68.69657699705108,127,-68.47975188728392,127,-0.2168251097671572,4290
ARL6IP1,-57.507794377693635,1147,-57.2886657914392,1147,-0.21912858625443477,4291
CHAF1A,-58.91825569554379,95,-58.69280279059159,95,-0.22545290495219916,4292
DAD1,-63.5531718482949,1721,-63.32174397567758,1721,-0.23142787261732423,4293
MLKL,-83.99127338115986,65,-83.75796473576473,65,-0.23330864539512675,4294
PSMA3-AS1,-110.68065963025953,976,-110.4460886111025,976,-0.2345710191570305,4295
HMGCL,-89.68130139259748,429,-89.43615904054441,429,-0.24514235205306534,4296
GSTP1,-71.31844240654684,2173,-71.07152576683525,2173,-0.24691663971158562,4297
EXD1,-70.04002475738525,8,-69.78591728210449,8,-0.2541074752807617,4298
TUBA1C,-96.38072630152394,1142,-96.11088381631988,1142,-0.26984248520405174,4299
PAK1,-79.37631355734432,340,-79.09793090820312,340,-0.27838264914119293,4300
REN,-99.6059175816978,41,-99.32536595042158,41,-0.28055163127621086,4301
DDIT3,-75.93365280255169,735,-75.65263576377816,735,-0.2810170387735269,4302
SIPA1L2,-87.9898709487915,200,-87.70821174621582,200,-0.2816592025756819,4303
OS9,-100.02593212089462,998,-99.74272757398342,998,-0.28320454691120744,4304
RPS29,-113.69263034674249,2138,-113.39598926012486,2138,-0.2966410866176261,4305
FAM228B,-78.22120602925618,180,-77.90691604614258,180,-0.31428998311359635,4306
MAEL,-110.22045516967773,4,-109.89372062683105,4,-0.3267345428466797,4307
CD8A,-76.15598442440941,42,-75.81945691789899,42,-0.3365275065104214,4308
AMPD2,-95.4300720908425,132,-95.07654768047911,132,-0.35352441036339144,4309
TNFAIP8L1,-76.08605865934003,201,-75.72768041506336,201,-0.35837824427666476,4310
MMADHC,-113.42200176532452,923,-113.05917798969108,923,-0.36282377563344426,4311
C17orf107,-104.4407705491589,31,-104.05694457023374,31,-0.38382597892515946,4312
DNHD1,-86.3149962955051,72,-85.92729663848877,72,-0.38769965701632714,4313
COG7,-55.06669758895819,279,-54.66800779937416,279,-0.3986897895840329,4314
OPTN,-75.73767060329651,517,-75.32940688585174,517,-0.4082637174447683,4315
LINC00910,-69.27364567347935,28,-68.85960251944405,28,-0.4140431540352978,4316
ADAMTS15,-76.74909210205078,5,-76.3140365600586,5,-0.43505554199218466,4317
ZNF487,-55.934198184446856,176,-55.49866687167775,176,-0.4355313127691076,4318
CACNG1,-124.533935546875,1,-124.09239959716795,1,-0.44153594970704546,4319
VASH1,-86.19835424423218,32,-85.73557162284851,32,-0.462782621383667,4320
PMVK,-83.1295702334789,1147,-82.66335004625262,1147,-0.4662201872262841,4321
UPF2,-65.44937360841566,709,-64.9765952073973,709,-0.4727784010183598,4322
THAP11,-56.18040987457892,396,-55.70183959151759,396,-0.4785702830613303,4323
FMOD,-94.72125244140625,94,-94.24169337495844,94,-0.47955906644780555,4324
FMNL3,-131.54814575195311,25,-131.04591796875,25,-0.502227783203125,4325
ERAL1,-60.8358640611542,322,-60.31986263820103,322,-0.5160014229531669,4326
NBPF9,-81.1891990661621,70,-80.66819163731166,70,-0.5210074288504387,4327
DPH6,-74.44870684520308,166,-73.92594937244094,166,-0.5227574727621374,4328
FAM186A,-90.25760650634766,1,-89.72964477539062,1,-0.5279617309570312,4329
ZNF529,-66.86485706676136,88,-66.31238027052446,88,-0.5524767962369026,4330
PHKB,-120.32934212724973,591,-119.77225329145764,591,-0.5570888357920865,4331
COQ5,-75.36542776007401,285,-74.80484785113418,285,-0.5605799089398289,4332
NEK7,-74.90874756386677,463,-74.34162174496744,463,-0.5671258188993278,4333
PPP1R3E,-69.07118654714047,103,-68.48740001789575,103,-0.5837865292447191,4334
GJC1,-59.91090393066406,18,-59.32347106933594,18,-0.587432861328125,4335
BTF3L4,-85.80100183162712,853,-85.20912078284994,853,-0.5918810487771822,4336
CDKN2C,-90.49144624011352,101,-89.89700438244508,101,-0.5944418576684427,4337
SPHK2,-95.36909728848995,197,-94.76658006852048,197,-0.6025172199694708,4338
PCDH20,-133.66409947321966,26,-133.0551426227276,26,-0.6089568504920635,4339
GTF3C2-AS1,-104.6074930826823,3,-103.98293813069661,3,-0.6245549519856866,4340
PSTK,-65.48463323381212,72,-64.842050075531,72,-0.6425831582811128,4341
SOHLH2,-80.87192344665527,4,-80.22626495361328,4,-0.6456584930419922,4342
TEPP,-97.99859828948975,80,-97.30914764404297,80,-0.689450645446783,4343
EXOSC8,-80.59575643219073,387,-79.90582415361429,387,-0.6899322785764355,4344
HDAC7,-109.9757260796744,537,-109.28500440089618,537,-0.6907216787782176,4345
GPATCH2L,-78.4530950960461,373,-77.75777926202115,373,-0.695315834024953,4346
YIPF4,-71.60688938962264,757,-70.90711418766641,757,-0.6997752019562284,4347
CHRM3-AS1,-133.064697265625,1,-132.3515625,1,-0.713134765625,4348
KCNAB3,-101.05457162857056,16,-100.33981227874756,16,-0.714759349822998,4349
XPOT,-65.21857187570619,242,-64.4997440212029,242,-0.7188278545032887,4350
CHD8,-63.9893357203557,390,-63.26986846923828,390,-0.7194672511174147,4351
SPIRE2,-63.14661821952233,208,-62.42035310085003,208,-0.7262651186723019,4352
TMEM256-PLSCR3,-101.70598602294922,1,-100.96137237548828,1,-0.7446136474609375,4353
CAPN14,-104.07975769042969,2,-103.31731033325195,2,-0.7624473571777344,4354
LINC00324,-79.04979152679444,40,-78.28702793121337,40,-0.7627635955810632,4355
LPCAT2,-88.62610978791209,132,-87.84879198941317,132,-0.7773177984989132,4356
MORN4,-81.25470893923976,238,-80.4648261831588,238,-0.7898827560809565,4357
EHD1,-99.05805245423929,429,-98.25897037177097,429,-0.7990820824683169,4358
ZNF667,-77.855788230896,8,-77.0548324584961,8,-0.8009557723999023,4359
LRRC75A,-86.17330274753228,167,-85.35909919967195,167,-0.8142035478603304,4360
LRRN4CL,-110.06843566894531,4,-109.25081634521484,4,-0.8176193237304688,4361
JOSD2,-97.27211736771713,803,-96.44987687316363,803,-0.8222404945534976,4362
LAMA1,-68.78210163116455,16,-67.95873785018921,16,-0.8233637809753418,4363
TMEM147,-89.8577003175044,1506,-89.03037394692065,1506,-0.8273263705837479,4364
B4GAT1,-78.76590967178345,224,-77.92861570630755,224,-0.8372939654758937,4365
TFCP2,-68.81168530537532,208,-67.96112192594089,208,-0.8505633794344334,4366
RPF1,-86.18369578228996,439,-85.33264928309413,439,-0.8510464991958315,4367
EBPL,-76.98219984797122,1310,-76.13103938211921,1310,-0.8511604658520042,4368
SNHG22,-87.13241577148438,2,-86.27872848510742,2,-0.8536872863769531,4369
EEF2K,-74.77966655384411,220,-73.92587585449219,220,-0.8537906993519186,4370
SGCA,-122.92776870727539,2,-122.07059860229492,2,-0.8571701049804688,4371
UPK2,-117.35445513044085,28,-116.49578203473773,28,-0.858673095703125,4372
SCCPDH,-73.309191039657,639,-72.44223935839156,639,-0.8669516812654336,4373
HAAO,-110.04434909820557,40,-109.17388954162598,40,-0.8704595565795898,4374
FDPS,-69.35885291177718,1220,-68.47669447601818,1220,-0.8821584357589956,4375
ELF5,-114.08188274928501,140,-113.18637907845634,140,-0.8955036708286741,4376
PFN4,-66.23520980010161,37,-65.32537037617452,37,-0.9098394239270959,4377
ZNF106,-55.64222450754114,843,-54.7311931035414,843,-0.9110314039997363,4378
ZNF350,-97.3020746374643,93,-96.38121697210497,93,-0.9208576653593354,4379
ICAM1,-70.86334993795383,1304,-69.93507319140288,1304,-0.9282767465509494,4380
CXCL17,-93.62886711629758,1933,-92.69879278665495,1933,-0.9300743296426361,4381
SERTAD3,-65.1453228122035,457,-64.20366308099592,457,-0.9416597312075794,4382
PCGF5,-89.66470786561358,470,-88.72240519422166,470,-0.9423026713919143,4383
RYR1,-76.70146887152045,111,-75.75571029250686,111,-0.9457585790135852,4384
RPL6,-60.70047067462676,2146,-59.74912373061949,2146,-0.9513469440072697,4385
PROSER2-AS1,-99.63997650146484,1,-98.68299865722656,1,-0.9569778442382812,4386
USP32,-91.59464213053386,315,-90.61226460290334,315,-0.9823775276305184,4387
NDUFAB1,-67.63750784517539,1485,-66.63682629620587,1485,-1.0006815489695242,4388
ACVR1,-115.78354338374004,249,-114.76130244243576,249,-1.0222409413042755,4389
CAMSAP3,-82.86365753173828,300,-81.83252293904623,300,-1.0311345926920552,4390
PAFAH1B2,-94.52406310023301,754,-93.48727123553937,754,-1.0367918646936403,4391
PTPN11,-68.55639294965552,436,-67.51958990534511,436,-1.0368030443104033,4392
ING4,-101.81901527720795,338,-100.78125015800521,338,-1.0377651192027457,4393
NPAS2,-86.55279880978283,193,-85.50267902433563,193,-1.050119785447194,4394
ERI2,-69.7716113740364,113,-68.72125534462718,113,-1.0503560294092154,4395
ZNF333,-69.82960769365418,53,-68.76671312440116,53,-1.062894569253018,4396
MIA3,-87.2276888221025,437,-86.15288514021606,437,-1.0748036818864364,4397
SLC35F2,-86.76369803863047,191,-85.67638077661005,191,-1.0873172620204201,4398
SPSB2,-63.98559511436144,622,-62.89658253292562,622,-1.0890125814358171,4399
BCAN,-115.81257247924805,4,-114.71843910217285,4,-1.0941333770751953,4400
SNRPD1,-55.95170250755951,1214,-54.83713282313339,1214,-1.1145696844261224,4401
CALB2,-62.82266532050239,9,-61.68851640489366,9,-1.1341489156087263,4402
ZNF14,-70.26630401611328,39,-69.1284678532527,39,-1.1378361628605802,4403
NDUFA12,-79.7359264590876,1230,-78.58670981802591,1230,-1.1492166410616846,4404
NTNG1,-127.33357620239258,4,-126.1759204864502,4,-1.1576557159423828,4405
MFSD5,-67.22978742661014,248,-66.07185271478468,248,-1.1579347118254617,4406
CYB5R1,-75.19994016754723,746,-74.0302626172595,746,-1.1696775502877301,4407
NKX2-8,-114.08699169787732,91,-112.91221266526442,91,-1.1747790326129035,4408
RBM25,-52.71022411076874,1401,-51.5316773196104,1401,-1.1785467911583396,4409
FJX1,-83.87386164171943,29,-82.69390500825027,29,-1.1799566334691605,4410
ZC3H18,-85.15623863286174,347,-83.96871114945206,347,-1.1875274834096814,4411
NUBP1,-93.48343878624424,447,-92.29245433764703,447,-1.1909844485972059,4412
SRP54,-70.00904671662774,612,-68.81320983288335,612,-1.1958368837443913,4413
FAM20A,-80.23346883494679,656,-79.03295243658671,656,-1.2005163983600795,4414
NFU1,-94.12524348871412,749,-92.91876309322261,749,-1.2064803954915106,4415
MEF2D,-72.73923922807742,429,-71.52896560989059,429,-1.2102736181868323,4416
ASCC1,-93.16690738865587,183,-91.93308583243949,183,-1.233821556216384,4417
DCDC2B,-153.4287304733739,132,-152.1946687409372,132,-1.234061732436686,4418
STARD9,-99.87942044240124,53,-98.64162963291385,53,-1.237790809487393,4419
EMP3,-67.35064182725064,602,-66.11049395462999,602,-1.2401478726206534,4420
EPN3,-103.2529839943713,127,-102.00834625724733,127,-1.2446377371239805,4421
MFSD2A,-78.16146926234106,827,-76.90980555616238,827,-1.2516637061786753,4422
NUCKS1,-81.46644371343415,1768,-80.2147587564736,1768,-1.2516849569605455,4423
CLPP,-62.07854554777462,844,-60.82180132120141,844,-1.256744226573204,4424
YARS2,-84.06603448569369,147,-82.80178506033761,147,-1.264249425356084,4425
RPL11,-69.90173679397597,2166,-68.63246526040089,2166,-1.269271533575079,4426
MVK,-82.01222026778991,332,-80.71868280617588,332,-1.2935374616140365,4427
IVL,-132.16001201811292,42,-130.8573186965216,42,-1.3026933215913346,4428
PIK3R3,-110.16351635051224,265,-108.85249291186062,265,-1.3110234386516169,4429
BBIP1,-92.31541456229955,514,-90.99438105483,514,-1.3210335074695507,4430
SEMA4F,-77.8734009152367,84,-76.54115422566731,84,-1.3322466895693879,4431
DLEU7,-124.66462816510882,7,-123.328615461077,7,-1.3360127040318162,4432
SEC31B,-75.83307878361192,43,-74.49514894707258,43,-1.3379298365393453,4433
GXYLT1,-87.62113202794939,233,-86.25738296181348,233,-1.3637490661359095,4434
PSPN,-129.39175805812928,41,-128.028007693407,41,-1.3637503647222786,4435
TTLL5,-147.08954111735025,204,-145.7249200858322,204,-1.3646210315180554,4436
CLEC11A,-131.07036399043255,239,-129.7034899340514,239,-1.3668740563811639,4437
ONECUT2,-91.0337576615183,19,-89.66422954358552,19,-1.3695281179327736,4438
IGHV1-69-2,-136.43067932128906,1,-135.06005859375,1,-1.3706207275390625,4439
ZNF84,-77.00208165736798,183,-75.62451117677115,183,-1.3775704805968303,4440
IL32,-79.53962033021384,716,-78.14888076142891,716,-1.390739568784923,4441
SIPA1L3,-69.29942071437836,320,-67.90261883735657,320,-1.3968018770217867,4442
RHCG,-97.50167846679688,1,-96.09725189208984,1,-1.4044265747070312,4443
PPIP5K1,-68.5643686467951,55,-67.15577600652522,55,-1.4085926402698874,4444
MAP3K14,-83.26149660746256,120,-81.84611339569092,120,-1.4153832117716405,4445
MKNK1,-77.22121100717035,311,-75.79788740348202,311,-1.4233236036883312,4446
HDGF,-93.43667240934043,1133,-92.01042371919907,1133,-1.4262486901413638,4447
LATS2-AS1,-116.08285217285156,5,-114.62258453369141,5,-1.4602676391601506,4448
POLI,-71.88441925048828,125,-70.41674731445312,125,-1.4676719360351598,4449
ADPRHL1,-99.51236850112232,67,-98.03660731529122,67,-1.4757611858311037,4450
CCSAP,-82.92650722927517,45,-81.43275400797526,45,-1.4937532212999116,4451
METTL4,-108.04264138539632,120,-106.50799617767333,120,-1.5346452077229884,4452
DPP8,-58.93679883467589,382,-57.3966889406374,382,-1.540109894038494,4453
GEMIN2,-71.66257657936151,139,-70.11872243538177,139,-1.5438541439797433,4454
PINK1,-75.61234141963189,426,-74.04561539770852,426,-1.5667260219233725,4455
PRMT6,-94.70662138197157,108,-93.1360885478832,108,-1.5705328340883682,4456
PEPD,-90.22625707909764,498,-88.6503789817473,498,-1.5758780973503406,4457
LRRN2,-95.86428124564034,14,-94.28775732857841,14,-1.5765239170619338,4458
MSL1,-73.02208538384905,521,-71.43145763668126,521,-1.5906277471677868,4459
TOMM40,-84.97672548385474,626,-83.38096465089451,626,-1.5957608329602238,4460
THAP10,-74.48399925231934,48,-72.88714043299358,48,-1.5968588193257602,4461
PLCE1,-96.23307334498355,95,-94.63465463738693,95,-1.5984187075966219,4462
RNF121,-76.75266093345144,199,-75.13040820557868,199,-1.6222527278727625,4463
UGGT1,-74.25025104202388,262,-72.62662616758855,262,-1.6236248744353219,4464
MRPL27,-74.30633292865942,1014,-72.65568014291617,1014,-1.6506527857432474,4465
AFG3L2,-76.5878753281591,401,-74.93703289460066,401,-1.650842433558438,4466
SVBP,-81.27352241966507,559,-79.6119259337833,559,-1.6615964858817733,4467
BOD1L2,-115.57029724121094,1,-113.90119934082033,1,-1.6690979003906108,4468
CCDC88B,-98.66160270256725,246,-96.99151930770253,246,-1.6700833948647187,4469
HELZ,-69.19188659171748,615,-67.51640448841623,615,-1.675482103301249,4470
BCKDHA,-71.7558740234375,25,-70.07474548339843,25,-1.6811285400390688,4471
CTIF,-73.64413024902343,100,-71.96067222595215,100,-1.6834580230712817,4472
NOL9,-72.47589352445782,212,-70.79123378249834,212,-1.6846597419594787,4473
TSPAN4,-70.3534825916948,928,-68.66861748695374,928,-1.684865104741064,4474
TMCO4,-77.20602097470537,234,-75.50837639050606,234,-1.6976445841993097,4475
SNX11,-66.26146269156263,153,-64.5629682104572,153,-1.6984944811054277,4476
CREM,-54.146205563517015,507,-52.42602144801875,507,-1.720184115498263,4477
RPL28,-106.66179902238497,2134,-104.93425752877519,2134,-1.7275414936097775,4478
C12orf4,-122.43473613771619,117,-120.70101537459936,117,-1.7337207631168212,4479
ZMYM5,-104.10405025398154,227,-102.36862219587822,227,-1.7354280581033237,4480
ZNF609,-91.12673768364533,407,-89.38488364629723,407,-1.741854037348105,4481
CFAP20,-49.387407416498796,621,-47.63132152465231,621,-1.7560858918464888,4482
CCNT1,-66.27893515908794,314,-64.51858682085754,314,-1.7603483382304006,4483
MPHOSPH9,-114.67392549867984,135,-112.8985942699291,135,-1.77533122875073,4484
ZNF93,-138.20738392955852,53,-136.43079966419148,53,-1.7765842653670347,4485
PLEKHF1,-84.64471254850689,152,-82.86497296785053,152,-1.7797395806563543,4486
TUSC8,-123.97900085449218,5,-122.19841613769532,5,-1.7805847167968665,4487
PIGB,-63.64903844789017,129,-61.86642003613849,129,-1.7826184117516775,4488
NCDN,-94.82022849635074,95,-93.00044041683799,95,-1.8197880795127475,4489
MUC16,-126.17756864759657,162,-124.34088186570156,162,-1.8366867818950112,4490
ESRP2,-65.96333043715534,289,-64.12388115853174,289,-1.83944927862359,4491
AAAS,-86.12989350181212,187,-84.28265282942012,187,-1.8472406723920045,4492
ZACN,-110.23013305664062,2,-108.35503005981445,2,-1.8751029968261719,4493
SERPINA9,-122.99210357666016,2,-121.11680221557617,2,-1.8753013610839844,4494
NCKAP5L,-87.22836632361779,260,-85.35243911743164,260,-1.875927206186148,4495
MDP1,-89.01249900817871,100,-87.13549499511718,100,-1.8770040130615229,4496
NFRKB,-68.00118341407622,249,-66.11591758881228,249,-1.885265825263943,4497
JAKMIP3,-125.38705698649089,3,-123.49613444010417,3,-1.8909225463867188,4498
TUBB8,-64.59853813864969,11,-62.70122320001776,11,-1.8973149386319292,4499
XPO4,-50.152363591224145,159,-48.250747776631286,159,-1.9016158145928586,4500
TUFT1,-88.16048281394829,295,-86.23493810104111,295,-1.9255447129071825,4501
PDZK1,-89.01889038085938,1,-87.0586166381836,1,-1.9602737426757812,4502
TBC1D8,-91.46193931842673,87,-89.49574455173536,87,-1.9661947666913733,4503
FAM180B,-96.37278747558594,1,-94.38723754882812,1,-1.9855499267578125,4504
ZNF135,-112.59335327148438,27,-110.58921842221861,27,-2.0041348492657676,4505
SEC24C,-81.9285113049792,385,-79.92269435733944,385,-2.005816947639758,4506
STRN3,-76.58630422218559,388,-74.56770655051949,388,-2.0185976716661003,4507
NUDT17,-86.14025374590341,59,-84.10884352861825,59,-2.0314102172851562,4508
SARNP,-112.68052434654875,179,-110.64447737539281,179,-2.0360469711559404,4509
STON2,-65.65903896755643,54,-63.599495781792534,54,-2.059543185763893,4510
FBXO28,-85.86404089086196,340,-83.79241768332089,340,-2.071623207541066,4511
PRRG2,-81.84563073515892,256,-79.77093026041985,256,-2.0747004747390747,4512
CDK2AP2,-72.88829963053159,1439,-70.80914722307429,1439,-2.0791524074573005,4513
RSPRY1,-82.15248310565948,320,-80.06704714298249,320,-2.0854359626769963,4514
MDM2,-65.42996155920108,484,-63.33924168200532,484,-2.0907198771957525,4515
RABAC1,-72.58760700378984,1619,-70.49405459992454,1619,-2.093552403865303,4516
ERBB2,-76.85274613245893,801,-74.74848737966701,801,-2.104258752791921,4517
DCLRE1B,-86.6687073884187,54,-84.56412421332465,54,-2.1045831750940494,4518
ARV1,-91.76964582991504,494,-89.65701471552676,494,-2.1126311143882788,4519
RNPC3,-120.8529759441239,251,-118.73843392907861,251,-2.114542015045288,4520
C19orf48,-84.26411399745702,399,-82.14580920226592,399,-2.1183047951910936,4521
WHAMM,-82.79409290895623,295,-80.67340695655952,295,-2.1206859523967125,4522
HEBP1,-130.05876022233147,866,-127.923317818939,866,-2.1354424033924744,4523
ABHD1,-110.6542755126953,10,-108.49172668457031,10,-2.162548828124997,4524
SPATS2,-70.54719981878576,355,-68.36149345720318,355,-2.185706361582575,4525
UBAP2L,-97.27060846727947,430,-95.082324378435,430,-2.188284088844469,4526
TJP1,-87.69360743250165,672,-85.50281609807696,672,-2.190791334424688,4527
DGKE,-92.29423008408658,43,-90.10127151844114,43,-2.1929585656454407,4528
CHST10,-60.59970079149519,84,-58.40138294583275,84,-2.1983178456624373,4529
SCAMP2,-66.09166373551915,641,-63.882702016607276,641,-2.2089617189118727,4530
TRIM29,-144.13464980828957,122,-141.91681633620965,122,-2.217833472079917,4531
CRYZ,-100.78236475125165,426,-98.54550577441292,426,-2.2368589768387324,4532
MRPS31,-60.18831164850665,519,-57.947781895396794,519,-2.240529753109854,4533
NTN5,-106.44280751546223,9,-104.19107988145616,9,-2.2517276340060732,4534
LINC01224,-77.75470733642578,1,-75.4854507446289,1,-2.269256591796875,4535
CLUAP1,-84.05388864100665,435,-81.76412956851652,435,-2.289759072490128,4536
SEC23IP,-64.41305176965122,348,-62.12036721459751,348,-2.292684555053711,4537
RPP25,-72.8982662235925,218,-70.58902586490736,218,-2.3092403586851447,4538
MPHOSPH10,-64.62531134212718,425,-62.314314655977135,425,-2.310996686150041,4539
MARVELD1,-90.44081216109426,190,-88.12689963892886,190,-2.3139125221653956,4540
ATF7IP,-65.55439820041546,346,-63.23430583931807,346,-2.3200923610973945,4541
C16orf46,-64.61809736085169,103,-62.29097007084819,103,-2.327127290003503,4542
INPP4A,-77.2069149304874,199,-74.87735790463549,199,-2.329557025851912,4543
SLC25A11,-70.3698262084961,625,-68.03943442382813,625,-2.3303917846679667,4544
CD55,-77.43653178991273,1720,-75.10214536799941,1720,-2.3343864219133224,4545
CLCC1,-81.71634614525772,205,-79.3775024041897,205,-2.3388437410680183,4546
C10orf82,-132.05331420898438,1,-129.7029266357422,1,-2.3503875732421875,4547
CELA1,-109.40196990966795,1,-107.0408706665039,1,-2.3610992431640483,4548
ZFP14,-60.14117529504586,191,-57.77055223075507,191,-2.3706230642907897,4549
PHKG2,-61.21596285783125,362,-58.84164028273103,362,-2.374322575100223,4550
SFSWAP,-92.02629579418767,411,-89.64032864164552,411,-2.3859671525421504,4551
FBXL20,-69.46739693456048,447,-67.07965646014118,447,-2.387740474419303,4552
PCBP1,-90.80455835963275,1705,-88.41489908883999,1705,-2.3896592707927624,4553
MAP3K12,-87.07052798981363,94,-84.67934287862575,94,-2.3911851111878804,4554
AZU1,-93.99341928958893,64,-91.58258926868439,64,-2.410830020904541,4555
CATSPERG,-70.09958171844482,48,-67.66637929280598,48,-2.4332024256388394,4556
MRPL52,-75.22785289689607,1275,-72.79317512063419,1275,-2.4346777762618785,4557
PAFAH2,-105.6277950240905,166,-103.184973751206,166,-2.442821272884501,4558
CAD,-100.97362674985614,112,-98.53009455544608,112,-2.4435321944100536,4559
WSB1,-63.39018412264225,1929,-60.93778464286175,1929,-2.452399479780503,4560
DRAIC,-59.64910486394709,55,-57.18471894697709,55,-2.464385916969995,4561
CYB5A,-112.5370777064518,2035,-110.07201758907233,2035,-2.4650601173794655,4562
ACTA2,-89.11922640013464,103,-86.65222893872307,103,-2.466997461411566,4563
EPS8L1,-91.5603243324569,343,-89.08599915796397,343,-2.4743251744929324,4564
CTDSPL2,-70.94603617051068,238,-68.46568625313895,238,-2.4803499173717256,4565
DNAJC5G,-80.50228881835938,1,-78.01657104492188,1,-2.4857177734375,4566
C19orf84,-85.60138320922852,2,-83.09792709350586,2,-2.5034561157226562,4567
LINC00511,-79.85560377983198,219,-77.34126765978391,219,-2.514336120048071,4568
RAB5B,-102.95203695379692,694,-100.43486173558304,694,-2.517175218213879,4569
RAD51C,-71.83549875994913,306,-69.31368527381248,306,-2.521813486136651,4570
SLC44A2,-53.72879441906906,582,-51.204398584529706,582,-2.524395834539355,4571
FADS2,-53.953820864359535,216,-51.409472430193865,216,-2.54434843416567,4572
KDELR1,-119.88226953414456,1223,-117.32819156225646,1223,-2.5540779718880913,4573
EML1,-93.10579339890253,105,-90.54355824788412,105,-2.562235151018413,4574
ATP7B,-84.0798944745745,28,-81.51734433855329,28,-2.5625501360212155,4575
SLC30A3,-97.37068786621094,10,-94.79598464965821,10,-2.5747032165527344,4576
SH3YL1,-118.85923403567794,1169,-116.2777602340137,1169,-2.581473801664245,4577
HTATIP2,-108.67257641056102,649,-106.08987380910912,649,-2.5827026014518992,4578
GLYR1,-76.59522627350083,532,-74.00941032753852,532,-2.5858159459623096,4579
FZD8,-85.11718399047851,100,-82.53019546508789,100,-2.5869885253906233,4580
LCOR,-91.98506106606013,395,-89.3871805118609,395,-2.5978805541992216,4581
BBS4,-71.07075055965707,242,-68.46247337278255,242,-2.608277186874517,4582
RTN4RL1,-70.32605710236922,69,-67.71534496804942,69,-2.6107121343197974,4583
TMEM145,-70.36317326472356,13,-67.7463396512545,13,-2.616833613469055,4584
XPO1,-64.49655733576482,591,-61.87499799905896,591,-2.6215593367058574,4585
LINC00926,-83.19804486361417,22,-80.57507116144353,22,-2.62297370217064,4586
RPS16,-97.08669515285852,2120,-94.45105249656821,2120,-2.6356426562903152,4587
BCL2L12,-92.81133135433855,464,-90.17556382869851,464,-2.635767525640034,4588
AGO1,-72.13116836547852,238,-69.49406250384675,238,-2.637105861631767,4589
COX15,-63.662283520820814,195,-61.02416553986378,195,-2.638117980957034,4590
PC,-78.30756071747327,122,-75.66118534275743,122,-2.6463753747158307,4591
ENKUR,-104.50224362566172,183,-101.84732568459432,183,-2.6549179410673958,4592
ZNF222,-92.75405190207742,22,-90.09057478471236,22,-2.663477117365062,4593
ZSCAN2,-65.56911140575744,57,-62.90211640742787,57,-2.666994998329571,4594
NIPAL3,-66.51339983231951,404,-63.84406725250849,404,-2.6693325798110195,4595
BEND5,-108.92917673211349,95,-106.24653938695005,95,-2.6826373451634424,4596
THUMPD2,-75.64586855515901,233,-72.94410751408262,233,-2.701761041076395,4597
PPL,-77.8428669923581,644,-75.1397091764841,644,-2.7031578158739933,4598
RND3,-102.77514867631216,630,-100.07156162564716,630,-2.703587050664993,4599
LINC01535,-78.1690444946289,7,-75.45966448102679,7,-2.7093800136021144,4600
ZNF814,-74.56316823807974,63,-71.85012587289961,63,-2.7130423651801294,4601
FAM219B,-62.64097674300031,328,-59.9108787397059,328,-2.730098003294408,4602
OCEL1,-57.129110967224,523,-54.39366885125067,523,-2.7354421159733278,4603
GSTM4,-92.62400994300842,160,-89.88003654479981,160,-2.7439733982086096,4604
FAM161B,-63.84890521302515,49,-61.09871362180126,49,-2.7501915912238886,4605
CDK5RAP3,-105.19149287369741,647,-102.43236834188518,647,-2.7591245318122333,4606
ZNF628,-63.97476530808669,130,-61.20445653475248,130,-2.7703087733342073,4607
TRDMT1,-101.76382393672549,87,-98.9882760760428,87,-2.7755478606826927,4608
CATSPERD,-72.2575975281099,181,-69.47698569956405,181,-2.780611828545844,4609
ZNF223,-92.52814914869225,23,-89.72082220989725,23,-2.8073269387950006,4610
RIN3,-91.27245127360025,150,-88.44876449584962,150,-2.8236867777506376,4611
SENCR,-102.19107818603516,2,-99.35571670532227,2,-2.8353614807128906,4612
MSI2,-107.10007751948609,757,-104.22908856531745,757,-2.870988954168638,4613
SLAMF1,-103.6803347269694,6,-100.80175272623698,6,-2.878582000732422,4614
RNFT2,-117.47943806648254,32,-114.59833359718323,32,-2.8811044692993164,4615
GNA11,-64.9071834295388,596,-62.01006409305854,596,-2.897119336480266,4616
CBL,-75.82350423384686,147,-72.92019217354911,147,-2.9033120602977505,4617
NUFIP2,-84.39350714522801,890,-81.48083388939332,890,-2.91267325583469,4618
C11orf54,-75.5901445031641,502,-72.66666904768621,502,-2.9234754554778846,4619
GALNT6,-77.51923142817982,171,-74.5714363410459,171,-2.947795087133926,4620
ZDHHC13,-73.76574621945066,269,-70.78246159890327,269,-2.983284620547394,4621
EML4,-77.38400618270552,901,-74.39477804101399,901,-2.9892281416915267,4622
STXBP2,-86.6495402036525,834,-83.66008213326799,834,-2.989458070384515,4623
OTUD1,-68.22795422871907,228,-65.21608685610587,228,-3.011867372613196,4624
GCHFR,-51.28641191044369,1184,-48.27398399404577,1184,-3.012427916397918,4625
ZNF689,-100.20003894490934,109,-97.18528887547484,109,-3.0147500694344984,4626
KDF1,-76.6594338695618,291,-73.64062848697414,291,-3.018805382587658,4627
ZZEF1,-65.52761467135683,196,-62.502382765010914,196,-3.0252319063459154,4628
TAF1B,-61.224917676371916,155,-58.17392912833921,155,-3.0509885480327057,4629
ANKRD35,-70.90453938075474,28,-67.85051727294922,28,-3.0540221078055225,4630
POP4,-73.25018822993331,466,-70.17196319645566,466,-3.0782250334776506,4631
HIF3A,-87.88464614323208,56,-84.79969515119281,56,-3.0849509920392677,4632
FUBP1,-74.70434054891572,524,-71.55525880187523,524,-3.1490817470404977,4633
C1orf43,-104.72409510094187,1472,-101.56978965842205,1472,-3.1543054425198136,4634
KCTD13,-75.88035791015625,125,-72.71744982910157,125,-3.162908081054681,4635
LIN7C,-86.00219240655817,347,-82.82680122309529,347,-3.175391183462878,4636
RAB10,-77.01008114657559,910,-73.8334848341051,910,-3.1765963124704797,4637
GREB1,-85.60085678100586,10,-82.40903778076172,10,-3.191819000244138,4638
PRRG4,-67.07791744525616,650,-63.88327336237981,650,-3.1946440828763514,4639
IPO5,-95.96505615927957,484,-92.75767903288533,484,-3.207377126394235,4640
RPRD1A,-78.12513653487437,317,-74.9165678776401,317,-3.2085686572342667,4641
PYGO1,-87.97048530578613,60,-84.75841026306152,60,-3.2120750427246065,4642
DNAH9,-104.94948895345598,149,-101.73162928843658,149,-3.217859665019404,4643
FECH,-78.53643995462005,97,-75.3138260988845,97,-3.2226138557355455,4644
MIR3179-3,-99.94071044921876,5,-96.70935516357422,5,-3.2313552856445398,4645
SIGLEC7,-109.77800473299894,11,-106.53835088556463,11,-3.2396538474343117,4646
GGA3,-88.3968510020863,220,-85.15307121276855,220,-3.243779789317742,4647
ZDHHC20,-74.50574425539357,326,-71.25543732438351,326,-3.2503069310100585,4648
BIRC5,-68.06473601810517,63,-64.80398274981786,63,-3.260753268287303,4649
HBA1,-82.29059364426304,71,-79.02761604416538,71,-3.2629776000976562,4650
MMP21,-96.07638549804688,1,-92.78624725341795,1,-3.2901382446289205,4651
RTBDN,-71.23630196707589,7,-67.93191855294364,7,-3.3043834141322463,4652
FANCI,-91.2807223002116,36,-87.97430992126465,36,-3.306412378946945,4653
GINS2,-86.81791003782358,67,-83.50444679829612,67,-3.313463239527465,4654
NFE2L1,-79.33174479389673,593,-76.01171386101194,593,-3.320030932884791,4655
E2F6,-66.5626168684526,198,-63.2414608001709,198,-3.321156068281695,4656
C17orf80,-76.27789237851002,122,-72.93155007284196,122,-3.3463423056680597,4657
SYNE4,-131.5922823008041,342,-128.24099530671774,342,-3.351286994086365,4658
SPTBN4,-88.89766693115234,10,-85.5388397216797,10,-3.3588272094726506,4659
ZCCHC17,-64.4372616483965,655,-61.071068386631154,655,-3.3661932617653463,4660
TMEM247,-119.57395341661241,18,-116.20769288804796,18,-3.366260528564453,4661
KLF11,-87.50859497070313,175,-84.11926923479352,175,-3.3893257359096083,4662
EIF3I,-78.76408501120174,1275,-75.35355855904373,1275,-3.4105264521580096,4663
ZNF564,-86.79648006663604,17,-83.37766669778263,17,-3.4188133688534066,4664
ABTB2,-87.74994843094437,54,-84.31816228230794,54,-3.4317861486364336,4665
SLC1A7,-100.20065478889309,49,-96.75902557373047,49,-3.441629215162621,4666
ANP32E,-76.11986389160157,645,-72.67734683724336,645,-3.4425170543582055,4667
S100PBP,-70.1865003578979,279,-66.74342619646407,279,-3.4430741614338274,4668
SF3A3,-73.02407547523235,406,-69.57598679641197,406,-3.4480886788203833,4669
TEAD4,-91.84020590013073,62,-88.36835516652754,62,-3.4718507336031905,4670
MRPL23,-87.61660560928685,1213,-84.14169502730027,1213,-3.4749105819865775,4671
USP54,-60.47505556628308,446,-56.99956438038916,446,-3.4754911858939224,4672
NET1,-89.72944576957009,880,-86.24594535827637,880,-3.4835004112937185,4673
STK24-AS1,-110.82979202270508,8,-107.33874130249023,8,-3.4910507202148438,4674
FUT3,-100.88408220867778,215,-97.39169439271438,215,-3.492387815963397,4675
ANKRD10,-81.39156519731384,638,-77.88671344051541,638,-3.5048517567984305,4676
TM9SF1,-67.82937865204863,91,-64.32215063912528,91,-3.507228012923349,4677
HNRNPA3,-75.98860299063591,1548,-72.47390338000709,1548,-3.514699610628824,4678
ATCAY,-82.46208953857422,1,-78.94709014892578,1,-3.5149993896484375,4679
HIP1R,-88.13336944580078,255,-84.61705881754557,255,-3.516310628255212,4680
UNC93B1,-116.55736937889687,624,-113.04055859492375,624,-3.5168107839731135,4681
SDF2,-89.04656846651937,871,-85.51771107442617,871,-3.528857392093201,4682
BABAM1,-61.414057553983206,816,-57.87095399463878,816,-3.5431035593444236,4683
SH3RF3,-90.34702568054199,20,-86.79956359863282,20,-3.547462081909174,4684
RRM1,-76.2280077061183,284,-72.6759419777024,284,-3.5520657284159114,4685
FAM210A,-79.41051994939768,161,-75.8394921818135,161,-3.5710277675841837,4686
MTHFD2,-73.01942470799322,368,-69.4368958680526,368,-3.582528839940622,4687
DAPK3,-50.885223408184395,391,-47.29410968595149,391,-3.5911137222329046,4688
TRIM3,-76.77016088124869,74,-73.15893719647381,74,-3.6112236847748704,4689
DYM,-89.02355015172368,226,-85.40705800689427,226,-3.616492144829408,4690
ITFG2,-62.42902674120526,215,-58.767510347588114,215,-3.6615163936171484,4691
UROS,-74.24157177886363,763,-70.5785233883839,763,-3.66304839047973,4692
ZNF669,-89.76418213617234,84,-86.08925401596795,84,-3.6749281202043846,4693
NOL10,-61.50018199015472,236,-57.82444598311085,236,-3.6757360070438736,4694
PLA2R1,-101.91776706861413,46,-98.23902428668478,46,-3.678742781929344,4695
C1orf210,-84.10716861948399,529,-80.42404008948284,529,-3.6831285300011416,4696
TEX35,-119.3092041015625,1,-115.62377166748048,1,-3.685432434082017,4697
CTDSP2,-76.33628496772799,924,-72.64999720750949,924,-3.686287760218505,4698
PROSER2,-72.67858358808039,211,-68.98807919759886,211,-3.6905043904815216,4699
PITX3,-65.37593078613281,1,-61.6558837890625,1,-3.7200469970703125,4700
SYT17,-61.73594045639038,232,-58.00895858633107,232,-3.726981870059312,4701
FBXO17,-80.71327850341797,50,-76.98215423583984,50,-3.7311242675781244,4702
SIGLEC14,-114.12545013427734,4,-110.37497329711914,4,-3.750476837158203,4703
ZCCHC14,-78.51392843735277,199,-74.75664351573542,199,-3.757284921617355,4704
DPP9,-61.237562452043804,343,-57.46151728949811,343,-3.7760451625456923,4705
ATG101,-69.26307512598545,714,-65.47505175165769,714,-3.7880233743277643,4706
SLC1A4,-119.07521650526259,99,-115.28675950175584,99,-3.7884570035067497,4707
DUSP10,-90.36400324430711,349,-86.56993789454245,349,-3.794065349764665,4708
FBN1,-84.73353599779534,33,-80.93941035415187,33,-3.7941256436434685,4709
CDYL2,-101.7694649947317,38,-97.96962376644737,38,-3.799841228284336,4710
CDC27,-82.77393131903507,383,-78.97030729288844,383,-3.803624026146636,4711
PRKCA,-101.44616016146237,363,-97.63748866730157,363,-3.808671494160805,4712
MED31,-100.25775676609315,485,-96.44705506944165,485,-3.810701696651506,4713
PARP4,-114.80285350101094,355,-110.98638488339706,355,-3.8164686176138787,4714
EHD4,-71.50243291139186,573,-67.68435342732108,573,-3.818079484070779,4715
CCER2,-103.5538828923152,13,-99.72559415377103,13,-3.828288738544174,4716
SCYL3,-92.38767993324682,190,-88.55931099339536,190,-3.828368939851458,4717
MAPT,-73.13365720113119,60,-69.29878018697103,60,-3.8348770141601562,4718
ALDH3A2,-110.72617383070396,710,-106.87374555560905,710,-3.8524282750949084,4719
TOMM40L,-98.49484650076252,73,-94.6056150671554,73,-3.8892314336071223,4720
FKBP7,-102.15620017673659,115,-98.26648904551631,115,-3.889711131220281,4721
PPRC1,-70.20867729187012,264,-66.30443681370129,264,-3.9042404781688305,4722
PITRM1,-84.76996348885929,272,-80.84719181060791,272,-3.9227716782513795,4723
NAGPA,-97.93407401060446,117,-94.01094355134883,117,-3.9231304592556313,4724
AFMID,-80.24903696324122,383,-76.2878766171926,383,-3.9611603460486293,4725
APOA2,-102.69473266601562,1,-98.72168731689452,1,-3.973045349121108,4726
MIB2,-75.05631651128004,394,-71.06743048653385,394,-3.9888860247461935,4727
HOXB7,-84.37651038169861,96,-80.38080072402954,96,-3.9957096576690674,4728
TSG101,-70.28721834478057,859,-66.28908856783812,859,-3.9981297769424486,4729
IRF2BP1,-84.531964057654,199,-80.52933368011935,199,-4.0026303775346435,4730
PRR14,-77.17512503512565,351,-73.16761812389406,351,-4.007506911231587,4731
SPRYD3,-70.41359766998855,271,-66.40144849263434,271,-4.012149177354203,4732
KATNAL2,-111.19987674635284,49,-107.18468428631218,49,-4.015192460040666,4733
GCC2,-94.30260060368752,980,-90.27528506687709,980,-4.027315536810434,4734
MED4,-82.68015140035878,736,-78.65100322598997,736,-4.029148174368814,4735
CLCN6,-72.70966754815517,156,-68.67402707613431,156,-4.035640472020859,4736
USP24,-100.84288917209791,230,-96.7975877844769,230,-4.045301387621009,4737
DSCAML1,-133.28674825032553,18,-129.2344856262207,18,-4.052262624104827,4738
DDX52,-78.3940699066596,422,-74.33920759951334,422,-4.0548623071462515,4739
FRA10AC1,-122.53635333913617,452,-118.47552596573281,452,-4.060827373403356,4740
MTIF2,-65.43673034877712,291,-61.348737565922164,291,-4.087992782854954,4741
SGMS1-AS1,-102.58470074542157,77,-98.49593373088094,77,-4.088767014540636,4742
ARF6,-56.5377622591395,1029,-52.445647021887716,1029,-4.092115237251782,4743
EXO5,-68.62829107987254,38,-64.5337055607846,38,-4.094585519087943,4744
THBS1,-93.96569150807906,196,-89.85390904484963,196,-4.1117824632294315,4745
MIR4432HG,-131.51734924316406,1,-127.39801025390624,1,-4.119338989257827,4746
ESCO1,-44.87236225821755,220,-40.74967568137429,220,-4.1226865768432575,4747
RBM34,-61.36501595069622,58,-57.238883314461546,58,-4.126132636234672,4748
EMP2,-105.31134339178261,1718,-101.18421171763445,1718,-4.12713167414816,4749
OMA1,-114.23158047117036,232,-110.09670783733499,232,-4.134872633835371,4750
PLEKHB1,-72.4057167712553,405,-68.27074309925975,405,-4.134973671995553,4751
PTPRS,-57.31583912262289,281,-53.17126172971895,281,-4.1445773929039404,4752
MORN2,-64.78937870100432,765,-60.61899968066247,765,-4.170379020341855,4753
NFE2L2,-91.738884102109,1233,-87.54685060202543,1233,-4.192033500083568,4754
HELLS,-77.37087187219839,122,-73.16704065291609,122,-4.203831219282307,4755
TMEM179B,-116.94864265377782,1190,-112.74427308154708,1190,-4.204369572230746,4756
ZRANB2,-112.17664104768599,870,-107.9698090301163,870,-4.206832017569695,4757
DISC1,-87.53539703369141,25,-83.32298065185547,25,-4.212416381835936,4758
CALM1,-79.3626005538387,1930,-75.14931440995765,1930,-4.213286143881049,4759
IQGAP1,-64.09242918701172,1250,-59.87810934753418,1250,-4.21431983947754,4760
MMP25,-69.92257458230723,23,-65.69409428472105,23,-4.228480297586188,4761
COL13A1,-98.07035525639851,48,-93.8320852915446,48,-4.238269964853913,4762
TMPO-AS1,-70.63014120804637,38,-66.3726961236251,38,-4.2574450844212635,4763
C5AR2,-87.93561226981026,21,-83.66254134405227,21,-4.273070925757992,4764
MT1A,-88.19582722981771,15,-83.91383260091146,15,-4.281994628906247,4765
GCFC2,-141.2876918045516,194,-136.99534355242227,194,-4.2923482521293295,4766
CTXN2,-114.54080200195312,1,-110.24632263183594,1,-4.2944793701171875,4767
ACP7,-83.25004577636719,2,-78.94969940185547,2,-4.300346374511719,4768
VPS53,-95.43415086217387,321,-91.1328742244162,321,-4.301276637757667,4769
METAP2,-87.62790354909927,1284,-83.31560090323475,1284,-4.31230264586452,4770
AGL,-93.75885743473681,261,-89.41934449645295,261,-4.33951293828386,4771
SHMT2,-79.49841864850609,299,-75.10852977025469,299,-4.389888878251398,4772
ZFYVE26,-71.93558091876888,119,-67.53783641142003,119,-4.397744507348847,4773
NEDD8,-102.77947792310393,1869,-98.37152980112532,1869,-4.407948121978606,4774
TEX29,-125.02328338623047,5,-120.61256866455078,5,-4.410714721679696,4775
TAF15,-86.29965701123676,699,-81.8849712475516,699,-4.414685763685156,4776
SART3,-81.32800508960742,219,-76.91062293205087,219,-4.4173821575565455,4777
MED19,-87.28984128281269,509,-82.84495710811353,509,-4.444884174699155,4778
DGAT2,-114.60721142457264,101,-110.16127935730584,101,-4.445932067266796,4779
CSGALNACT2,-96.22509167151537,167,-91.77443672225861,167,-4.450654949256759,4780
PCGF6,-62.7446668715704,105,-58.288311476934524,105,-4.456355394635878,4781
GH1,-88.07175699869792,3,-83.61377461751302,3,-4.457982381184905,4782
HAS3,-68.42914853321808,359,-63.97051366524444,359,-4.458634867973643,4783
ZNF442,-97.1968649159307,23,-92.73704561979875,23,-4.459819296131954,4784
KDM4B,-90.24679578061135,302,-85.78056615867362,302,-4.466229621937728,4785
TARBP1,-94.2789999950363,332,-89.79569864847574,332,-4.483301346560566,4786
RNF10,-73.83882126339903,723,-69.3433701342402,723,-4.495451129158823,4787
LPIN1,-102.46746465211274,465,-97.95661626015941,465,-4.510848391953331,4788
AP4S1,-144.32959747314453,150,-139.81390116373697,150,-4.515696309407559,4789
NLRP11,-80.17303466796875,1,-75.65010833740234,1,-4.522926330566406,4790
BHLHE41,-102.0768889030524,113,-97.5159095831677,113,-4.560979319884709,4791
MPDU1,-100.73776690391459,562,-96.16408089471457,562,-4.573686009200017,4792
NAA60,-53.807608234283585,438,-49.23341914834497,438,-4.574189085938613,4793
CDC20,-74.97829585605197,36,-70.40026262071397,36,-4.5780332353379976,4794
IGSF23,-107.97586059570312,1,-103.39032745361328,1,-4.585533142089844,4795
TIMELESS,-93.27151247821277,79,-88.68391331539878,79,-4.587599162813987,4796
ZNF730,-58.1495107014974,6,-53.556573232014976,6,-4.592937469482422,4797
ALKBH6,-139.08607874331267,230,-134.45778778739597,230,-4.628290955916697,4798
SNHG21,-81.51403605937958,128,-76.86578702926636,128,-4.64824903011322,4799
FLI1,-92.7277990270544,27,-88.07504752830222,27,-4.652751498752181,4800
SLC43A2,-87.12486205032567,418,-82.47171825427188,418,-4.653143796053797,4801
MEIG1,-66.64290574017693,68,-61.986317690681005,68,-4.656588049495923,4802
ZNF460,-84.66382797904636,23,-79.99100925611413,23,-4.672818722932234,4803
HEATR6,-92.60242377387152,81,-87.92889677448038,81,-4.673526999391143,4804
C11orf98,-92.08941014607747,6,-87.40881983439128,6,-4.680590311686188,4805
ICAM2,-83.74344877956966,179,-79.06253558963371,179,-4.68091318993595,4806
NOL11,-69.25115935246747,266,-64.57018040535145,266,-4.680978947116017,4807
PITPNA-AS1,-63.71517490386963,300,-59.030755310058595,300,-4.684419593811036,4808
DARS2,-95.44093160918264,66,-90.75529260346384,66,-4.685639005718798,4809
CAMKMT,-88.49047063401908,121,-83.78284561535544,121,-4.707625018663634,4810
ZNF85,-100.0808375767299,35,-95.3725315638951,35,-4.708306012834811,4811
DDB2,-66.61269256997346,301,-61.901458828948265,301,-4.711233741025197,4812
LINC00638,-97.23665442833534,13,-92.51456040602464,13,-4.722094022310699,4813
ZNF567,-79.78948156782191,139,-75.06542886418404,139,-4.724052703637867,4814
ZNF8,-69.70319813695447,58,-64.95905639385354,58,-4.744141743100926,4815
TRAF7,-75.01399628518533,403,-70.26763766456774,403,-4.746358620617585,4816
TBC1D2B,-85.39171597384667,258,-80.64096953517706,258,-4.7507464386696086,4817
PRDX6,-85.89278709739365,1839,-81.11070219105258,1839,-4.782084906341069,4818
WDR89,-84.75268822042351,117,-79.95925120818309,117,-4.7934370122404175,4819
TSR1,-102.76883568743614,237,-97.96275587122149,237,-4.806079816214648,4820
PTCH2,-57.514315650576634,63,-52.70437355647012,63,-4.809942094106518,4821
S100A10,-74.20700778265069,2055,-69.39258676422193,2055,-4.81442101842876,4822
CDH23,-95.9870957268609,18,-91.15448888142903,18,-4.832606845431869,4823
ZNF552,-101.34276517980238,170,-96.5058572656968,170,-4.836907914105581,4824
GPATCH1,-93.64722054092972,108,-88.8054283283375,108,-4.841792212592225,4825
DCAF17,-96.67836330247962,92,-91.81911576312521,92,-4.8592475393544134,4826
ZSCAN30,-99.385095557388,98,-94.50170929577885,98,-4.883386261609147,4827
ZNF585A,-113.63815196867913,62,-108.74795495310137,62,-4.890197015577755,4828
SLK,-64.94646478097972,598,-60.05227960312247,598,-4.894185177857253,4829
TIMM44,-64.28442088785691,349,-59.3887315657214,349,-4.89568932213551,4830
NLE1,-87.67797128478092,134,-82.778372351803,134,-4.8995989329779235,4831
DPEP2,-99.09098229041466,26,-94.18903174767128,26,-4.9019505427433785,4832
CNN3,-75.4430857795981,1206,-70.54104996992778,1206,-4.902035809670323,4833
UGGT2,-75.08989486226275,163,-70.17769735137378,163,-4.912197510888973,4834
SNUPN,-92.89160579119542,258,-87.9657254773517,258,-4.92588031384372,4835
MADD,-101.86478141784669,200,-96.92487747192382,200,-4.939903945922865,4836
EPB42,-105.9517214457194,30,-101.01164932250977,30,-4.940072123209632,4837
ZNF471,-85.84722713001987,57,-80.90665221632572,57,-4.9405749136941495,4838
RFX2,-85.06792494579942,359,-80.12392827196041,359,-4.94399667383901,4839
MAGOHB,-84.3413314819336,437,-79.38656361315834,437,-4.954767868775249,4840
C17orf58,-87.98703579878925,201,-83.0307980058205,201,-4.95623779296875,4841
ZNF569,-68.34547368491569,41,-63.388387633533014,41,-4.957086051382674,4842
LINC01562,-93.91492462158205,1,-88.95555877685547,1,-4.959365844726577,4843
TGFBRAP1,-99.52415295580884,143,-94.55927650078193,143,-4.964876455026911,4844
KATNB1,-65.1297960393569,170,-60.152131383559286,170,-4.977664655797618,4845
HNRNPUL2,-86.5800989672387,578,-81.60207465940694,578,-4.97802430783176,4846
ADAM10,-74.57834429014858,486,-69.59426262937946,486,-4.984081660769121,4847
GLI1,-71.46099853515625,1,-66.4710464477539,1,-4.989952087402344,4848
ADCY9,-74.23065799975213,262,-69.23212811419071,262,-4.99852988556141,4849
MORN3,-77.40088254555889,174,-72.38578743770205,174,-5.015095107856837,4850
FAM222A,-92.15368374911222,11,-87.1361812244762,11,-5.017502524636015,4851
MBIP,-107.00484124971595,1358,-101.97660400098484,1358,-5.028237248731116,4852
AMN1,-72.86351746203853,153,-67.83106107026144,153,-5.032456391777089,4853
ADAMTS17,-69.18247767857143,7,-64.14073726109096,7,-5.041740417480469,4854
COQ7,-69.1801710571667,323,-64.1194080907863,323,-5.060762966380409,4855
PPP2R1A,-93.66733408209139,1015,-88.58580375633804,1015,-5.081530325753349,4856
CDK17,-84.10472279378813,146,-79.0132255031638,146,-5.091497290624332,4857
RGS9BP,-75.69315338134766,8,-70.59865283966064,8,-5.094500541687012,4858
SALL2,-105.89506553423287,101,-100.79837338287051,101,-5.096692151362362,4859
OPA3,-69.34541360606318,345,-64.19995123821757,345,-5.14546236784561,4860
ZNF773,-128.53965086095474,17,-123.38641806209789,17,-5.153232798856848,4861
PROC,-102.21755149147727,22,-97.05310301347212,22,-5.164448478005141,4862
ADO,-62.36810576550068,163,-57.19087659215634,163,-5.177229173344337,4863
GPR4,-70.32295989990234,1,-65.1414566040039,1,-5.1815032958984375,4864
ANKRD36B,-88.85342006546131,139,-83.66302808583211,139,-5.190391979629197,4865
ORC1,-81.57525693453275,13,-76.34923436091496,13,-5.226022573617783,4866
MIER1,-71.71288747130455,479,-66.48009702009547,479,-5.232790451209084,4867
ATP6V0D1,-96.79706850238875,1122,-91.55165881396614,1122,-5.245409688422612,4868
MAPK1IP1L,-63.3220244715694,839,-58.07595212752259,839,-5.246072344046809,4869
ZRANB3,-97.08618135805483,27,-91.83508639865451,27,-5.251094959400319,4870
PCSK6,-89.82426663102775,58,-84.54910778177195,58,-5.275158849255803,4871
TIMM22,-58.072274212127034,235,-52.788810941006275,235,-5.283463271120759,4872
NUP93,-90.5444090402671,197,-85.25854887211989,197,-5.2858601681472095,4873
IPO9,-79.99209500375841,469,-74.70585899109017,469,-5.28623601266824,4874
RNF40,-83.07602264742442,361,-77.76432056374166,361,-5.311702083682761,4875
NCMAP,-62.27398013659301,233,-56.957043479952176,233,-5.316936656640834,4876
CYTH2,-76.11700399100854,813,-70.79796021333627,813,-5.319043777672277,4877
MIR3180-1,-65.55206298828125,1,-60.21206283569336,1,-5.340000152587891,4878
TECPR2,-69.89605391025543,128,-64.55503571033478,128,-5.341018199920654,4879
ZNF260,-78.85320518291103,113,-73.51150141353101,113,-5.341703769380018,4880
GNPNAT1,-79.9207248248263,217,-74.57367256270027,217,-5.347052262126027,4881
LDLRAD4,-81.0111631155014,128,-75.65328419208527,128,-5.357878923416138,4882
GJB6,-77.15399169921875,10,-71.79487228393555,10,-5.359119415283203,4883
MRPS14,-93.7016218922621,652,-88.34017960718073,652,-5.361442285081367,4884
GLRX2,-90.82274972760635,283,-85.44974550173055,283,-5.373004225875803,4885
PDLIM1,-67.81761905156564,1738,-62.44132550264804,1738,-5.376293548917602,4886
TESC-AS1,-96.63416290283203,2,-91.2479476928711,2,-5.3862152099609375,4887
E2F8,-116.33581097920735,12,-110.94769859313965,12,-5.388112386067704,4888
TRAV12-1,-150.9248046875,1,-145.51922607421875,1,-5.40557861328125,4889
TMC3-AS1,-112.02823638916016,2,-106.62105178833008,2,-5.407184600830078,4890
USP2,-67.14922533196918,118,-61.736893799345374,118,-5.412331532623803,4891
OAS3,-107.19532845237039,231,-101.78079930425206,231,-5.4145291481183335,4892
DDX10,-82.46584641876944,211,-77.02980786364225,211,-5.4360385551271975,4893
RNF26,-82.38409011090388,305,-76.93522596515594,305,-5.448864145747947,4894
PPP1R8,-81.51417149271711,319,-76.0573070848997,319,-5.456864407817406,4895
DR1,-73.19702604937504,483,-67.72831678686676,483,-5.468709262508284,4896
PANX1,-98.82544544361255,135,-93.35344752558956,135,-5.471997918022993,4897
TLR5,-80.91492947288181,184,-75.43897305364194,184,-5.475956419239864,4898
DUSP12,-138.61414574131823,264,-133.136368896022,264,-5.477776845296233,4899
KCNH3,-90.08065115438926,37,-84.59846084182327,37,-5.48219031256599,4900
FAM124A,-80.6642957051595,30,-75.18192901611329,30,-5.482366689046216,4901
MRPL49,-92.98254088213913,401,-87.49910869265435,401,-5.4834321894847875,4902
NMT2,-92.50206099616156,72,-87.00192186567519,72,-5.5001391304863745,4903
TOP2A,-66.85785939143254,104,-61.35607315943791,104,-5.501786231994629,4904
PAFAH1B1,-54.55349381973047,763,-49.04925251632031,763,-5.504241303410161,4905
TAC4,-101.91487121582031,3,-96.39929453531902,3,-5.515576680501297,4906
IMPA2,-73.96478447813281,662,-68.43259680019044,662,-5.532187677942375,4907
LINC00939,-82.56384468078613,4,-77.03035926818848,4,-5.533485412597656,4908
KIF21A,-78.05251538240456,395,-72.51404760819447,395,-5.5384677742100905,4909
SAMD13,-92.49853172302247,20,-86.95531883239747,20,-5.543212890625,4910
RAB3GAP1,-69.2019165906861,422,-63.65223758028582,422,-5.549679010400276,4911
NGDN,-69.32406295706693,438,-63.76567892832299,438,-5.558384028743937,4912
NGRN,-91.75020043581527,151,-86.18966245335459,151,-5.560537982460687,4913
PPP5C,-68.37722036000845,370,-62.8159168449608,370,-5.561303515047648,4914
PATL1,-65.9468682633396,241,-60.37756483782376,241,-5.569303425515834,4915
LDHC,-82.31374034881591,40,-76.7412073135376,40,-5.572533035278312,4916
TTC31,-120.60902026632557,115,-115.01464989703635,115,-5.594370369289223,4917
KDM4A,-75.59171446107274,278,-69.9884627362807,278,-5.603251724792045,4918
LRP6,-72.13286267931217,428,-66.52616452725134,428,-5.606698152060829,4919
DICER1-AS1,-116.02350362141927,126,-110.41479788886176,126,-5.60870573255751,4920
HSPB2,-97.33441416422527,6,-91.7156867980957,6,-5.618727366129562,4921
SLC27A1,-95.35099427778643,182,-89.73162820837,182,-5.619366069416429,4922
GCC2-AS1,-101.06826782226562,4,-95.44408988952637,4,-5.624177932739258,4923
ACOT7,-77.46454624485325,185,-71.8361448133314,185,-5.628401431521851,4924
SLC26A11,-114.5130173380341,211,-108.88243034326635,211,-5.630586994767754,4925
GLMP,-81.17531151696198,443,-75.52466154421425,443,-5.650649972747729,4926
NOSIP,-109.41857329461978,674,-103.76756266245856,674,-5.651010632161217,4927
CRIP1,-116.75294111338322,838,-111.09939441362258,838,-5.653546699760639,4928
PITPNM2,-98.27993025473498,109,-92.62022105925674,109,-5.659709195478243,4929
GPR52,-145.70358276367188,2,-140.02350616455078,2,-5.680076599121094,4930
PSMD8,-55.93255755015782,1400,-50.249206019810266,1400,-5.683351530347551,4931
ARHGAP12,-105.94105519702256,454,-100.2516609561601,454,-5.68939424086247,4932
AAGAB,-110.29863665477339,249,-104.56968480611901,249,-5.728951848654376,4933
VPS72,-73.10115148123761,449,-67.37172338744845,449,-5.729428093789153,4934
POLR3GL,-99.46583709716796,820,-93.73378169362138,820,-5.732055403546582,4935
CTRL,-96.86144638061523,2,-91.12659454345703,2,-5.734851837158203,4936
IKZF5,-84.14803730357777,187,-78.41272119532294,187,-5.735316108254821,4937
CNOT3,-81.35443847568807,349,-75.61645606185782,349,-5.737982413830252,4938
GPR180,-83.63050678432388,149,-77.87867598565633,149,-5.751830798667555,4939
ZNF91,-78.46634752036881,411,-72.70809505861752,411,-5.758252461751297,4940
NUDT19,-82.16061875457136,243,-76.39882327107244,243,-5.761795483498915,4941
ERCC2,-64.71059055746036,137,-58.946926701677974,137,-5.76366385578239,4942
TUBG1,-82.60548456534065,329,-76.83845816847038,329,-5.767026396870264,4943
UNC119B,-97.9449473323985,234,-92.17524950728458,234,-5.769697825113923,4944
LEMD3,-86.50073832385945,212,-80.7286040468036,212,-5.772134277055855,4945
KLK7,-85.84773381551106,12,-80.070494333903,12,-5.777239481608063,4946
DHRS11,-87.09576013115014,178,-81.30648186501492,178,-5.789278266135227,4947
CHRDL2,-83.029925477271,102,-77.23242733525295,102,-5.797498142018043,4948
PIF1,-73.47105625697544,7,-67.65497153145927,7,-5.816084725516177,4949
ARPC5,-86.5928832378584,1261,-80.76740220725584,1261,-5.82548103060256,4950
HSPBP1,-77.03898944103248,533,-71.21222542195562,533,-5.826764019076862,4951
CEACAM3,-147.04196166992188,1,-141.20249938964844,1,-5.8394622802734375,4952
DUS2,-101.61047046940502,82,-95.76128192064239,82,-5.849188548762626,4953
TBX3,-123.76335144042967,1,-117.9132843017578,1,-5.850067138671875,4954
BRAP,-69.16062347705548,208,-63.30691542992225,208,-5.853708047133232,4955
SPA17,-71.38031770991184,348,-65.52415321613181,348,-5.856164493780028,4956
HRK,-96.89508588386305,33,-91.02766626531428,33,-5.867419618548766,4957
TMEM170A,-72.06445077609332,419,-66.18865582595862,419,-5.875794950134704,4958
ZNF174,-79.74581231011285,63,-73.83760288783482,63,-5.908209422278034,4959
SSBP3-AS1,-85.63033294677734,1,-79.71317291259766,1,-5.9171600341796875,4960
ERCC3,-98.8165493774414,275,-92.8883096036044,275,-5.9282397738370065,4961
KLHL25,-75.65789794921875,37,-69.72836571770745,37,-5.929532231511303,4962
GUCY1A2,-110.4545146397182,7,-104.49637821742466,7,-5.958136422293535,4963
MALT1,-90.98697014377542,219,-85.02781701632286,219,-5.959153127452566,4964
ZNF248,-90.22753012300741,99,-84.2570581147165,99,-5.970472008290912,4965
LINC01550,-119.6623802419089,163,-113.67155929284593,163,-5.990820949062979,4966
RMND5A,-114.02805589182309,313,-108.02895581912689,313,-5.999100072696194,4967
TRIM37,-59.74063979336654,259,-53.72620409519976,259,-6.014435698166778,4968
USP31,-87.59371613293159,123,-81.57507671573298,123,-6.018639417198614,4969
PABPC3,-89.2317305855129,23,-83.2089094079059,23,-6.022821177607,4970
L3HYPDH,-86.17090402735342,101,-80.14610773974125,101,-6.024796287612162,4971
ASB8,-88.54480206190482,338,-82.49589980988813,338,-6.048902252016688,4972
VSIG10,-58.12069541386196,280,-52.06125165394374,280,-6.059443759918217,4973
DAND5,-95.73038465326482,44,-89.66640749844638,44,-6.063977154818446,4974
RAG1,-93.65378316243489,6,-87.57299168904622,6,-6.080791473388672,4975
UCP2,-76.88472356167615,713,-70.7887612833716,713,-6.095962278304555,4976
PGM2L1,-81.45425203546607,487,-75.35382481130486,487,-6.1004272241612085,4977
HHIPL2,-100.92645645141602,6,-94.80967076619466,6,-6.116785685221359,4978
UBB,-67.60066705492638,2042,-61.4736757810856,2042,-6.126991273840773,4979
GPRC5A,-86.6272947181798,1663,-80.4991492284613,1663,-6.1281454897184915,4980
ULK2,-63.98936705753721,174,-57.85921419077906,174,-6.130152866758145,4981
OSCP1,-64.2258045587195,332,-58.094358099512306,332,-6.131446459207197,4982
NOP9,-78.86114148395818,205,-72.71382517000524,205,-6.147316313952942,4983
PITHD1,-64.61862779541848,733,-58.461353000156876,733,-6.1572747952616,4984
TTC13,-75.53532301641144,113,-69.37553095184596,113,-6.15979206456548,4985
LIPE-AS1,-104.98499100296586,135,-98.81440356219257,135,-6.170587440773289,4986
DPY19L3,-69.63872041924056,215,-63.46196791183117,215,-6.17675250740939,4987
RBM19,-89.6174399997877,115,-83.4331942350968,115,-6.1842457646909,4988
NDRG4,-90.51454970415901,17,-84.32937038646025,17,-6.185179317698754,4989
AIDA,-69.88807285276704,831,-63.70134090143564,831,-6.186731951331396,4990
BMF,-78.90473943286472,144,-72.70805814531114,144,-6.196681287553574,4991
DFFA,-66.41660405392469,482,-60.21611976623535,482,-6.200484287689335,4992
RPEL1,-82.21283340454102,6,-76.00690841674805,6,-6.205924987792969,4993
DHCR7,-88.29440644651979,455,-82.0820546412206,455,-6.212351805299193,4994
WDR37,-79.8598018222385,162,-73.64689202956211,162,-6.212909792676385,4995
SNHG10,-101.8928205752801,167,-95.66801251622731,167,-6.2248080590527906,4996
STX12,-70.02420985026828,621,-63.77253785801395,621,-6.25167199225433,4997
KRT81,-125.2077711674205,57,-118.92145832797937,57,-6.286312839441138,4998
FEZ1,-77.12239244249132,9,-70.83352322048611,9,-6.288869222005204,4999
CDR2,-88.27148602459881,185,-81.98014010867557,185,-6.2913459159232445,5000
PAQR7,-96.20195160971747,144,-89.896722846561,144,-6.305228763156464,5001
ERICH4,-99.01987330118816,12,-92.70565350850423,12,-6.314219792683929,5002
MAP10,-103.44088745117188,22,-97.1108661998402,22,-6.330021251331672,5003
BRCA1,-90.03074106852213,75,-83.68565511067709,75,-6.345085957845043,5004
BAHCC1,-93.39718468244686,129,-87.05079236880754,129,-6.346392313639328,5005
APAF1,-77.59106568367251,155,-71.23688384025327,155,-6.354181843419241,5006
AKAP1,-64.08921645742137,771,-57.72214521910276,771,-6.367071238318616,5007
SLC30A1,-82.00367065013066,293,-75.59884784164689,293,-6.404822808483772,5008
BUB1B,-100.01612769232855,9,-93.60840945773654,9,-6.407718234592011,5009
CFAP74,-58.68821984863281,125,-52.27838317871094,125,-6.409836669921873,5010
LGALS9,-100.43316893078033,525,-94.01106885637556,525,-6.422100074404767,5011
CD244,-102.46286265055339,6,-96.04045104980469,6,-6.422411600748703,5012
RNF220,-83.27296116181064,474,-76.84213438718128,474,-6.430826774629367,5013
RHOU,-77.94616623656057,313,-71.51095754117631,313,-6.4352086953842615,5014
BBS1,-77.29086348589729,17,-70.8424139583812,17,-6.44844952751609,5015
ZNF493,-76.3206021154351,253,-69.86734397797717,253,-6.453258137457922,5016
PPP3CB,-107.40824576747991,353,-100.94951653412988,353,-6.458729233350027,5017
WDR25,-100.09357730320522,140,-93.60342548915318,140,-6.490151814052041,5018
WDHD1,-110.02497055951287,51,-103.51489691640816,51,-6.510073643104704,5019
HCFC2,-70.85731072676809,95,-64.31333039936267,95,-6.543980327405421,5020
SIGLEC11,-128.76522827148438,7,-122.21695273263114,7,-6.5482755388532325,5021
LINC00299,-137.3087158203125,1,-130.7429962158203,1,-6.5657196044921875,5022
CDH2,-94.01766204833984,12,-87.43594423929851,12,-6.581717809041336,5023
CMTR2,-74.57301212324867,271,-67.96604930694693,271,-6.6069628163017455,5024
ABCC8,-95.68470509847005,3,-89.07698313395183,3,-6.60772196451822,5025
NAPA,-63.5185986203026,927,-56.89161666491528,927,-6.626981955387315,5026
SLFNL1-AS1,-130.56182861328125,1,-123.92916107177734,1,-6.632667541503906,5027
SLC41A2,-85.27012030122243,197,-78.63188430863589,197,-6.638235992586544,5028
ZNF473,-63.24884769834321,58,-56.6096941849281,58,-6.63915351341511,5029
FLJ13224,-102.0007306612455,13,-95.35526334322415,13,-6.645467318021346,5030
R3HCC1L,-80.82886505126953,138,-74.1666653951009,138,-6.6621996561686245,5031
NDRG2,-109.74317835697897,269,-103.0691193080746,269,-6.674059048904368,5032
LMO2,-113.1000239054362,54,-106.41829158641674,54,-6.68173231901946,5033
LHX9,-92.89884708434577,127,-86.2170792827456,127,-6.681767801600174,5034
ZBTB45,-337.15980072021483,100,-330.4636795043945,100,-6.6961212158203125,5035
UBA52,-47.94293173697315,2151,-41.24510170170896,2151,-6.6978300352641895,5036
TGOLN2,-73.83517325658454,942,-67.12733656281878,942,-6.707836693765756,5037
NUDT5,-83.28364870971416,924,-76.5736049718155,924,-6.710043737898658,5038
ZNF697,-80.52764569796048,26,-73.8168475811298,26,-6.710798116830674,5039
GTF3C1,-82.69924274052957,263,-75.95463474984405,263,-6.744607990685523,5040
DLGAP1-AS2,-91.52684059143067,40,-84.77801361083985,40,-6.74882698059082,5041
ICE2,-73.07059959931807,352,-66.30842995643616,352,-6.762169642881915,5042
CA14,-104.67775399344308,7,-97.91231972830636,7,-6.765434265136719,5043
ZFP91,-94.33966794927069,376,-87.56052881606082,376,-6.779139133209867,5044
CAMTA2,-111.51694752811606,153,-104.73104100445516,153,-6.785906523660898,5045
HK2,-86.67794791653625,468,-79.88431770781166,468,-6.7936302087245934,5046
SMOC1,-125.27430258856879,36,-118.47955682542589,36,-6.794745763142899,5047
GPR65,-133.98955266615923,34,-127.17975459379308,34,-6.809798072366149,5048
HADHB,-82.90674944357438,704,-76.08849518949336,704,-6.818254254081026,5049
SMG9,-72.05731456859692,185,-65.23428148836703,185,-6.823033080229891,5050
TTC39A-AS1,-103.78378242670104,43,-96.95390869850335,43,-6.829873728197683,5051
CCDC92,-122.3805661992212,398,-115.52705789690641,398,-6.853508302314793,5052
LINC01389,-115.6439962387085,8,-108.77890205383301,8,-6.865094184875488,5053
BORCS8,-63.19258267084758,480,-56.30858702659607,480,-6.883995644251506,5054
KIAA0586,-67.20623840110889,138,-60.31525932533154,138,-6.890979075777352,5055
ASAP2,-111.67641570461784,157,-104.76738977128534,157,-6.909025933332501,5056
ZNF841,-81.60505263010661,24,-74.68844572703044,24,-6.916606903076172,5057
ZNF780A,-87.14670971612246,181,-80.21177319268496,181,-6.9349365234375,5058
KMT2D,-70.00321205802585,184,-63.0557946122211,184,-6.947417445804753,5059
CUL5,-70.3537860904728,555,-63.40506573926221,555,-6.948720351210582,5060
SAT2,-46.10914206307128,1206,-39.15140219667855,1206,-6.957739866392728,5061
TACR2,-93.51823891533746,18,-86.55765279134114,18,-6.960586123996322,5062
CALHM2,-102.99397379557291,30,-96.02715276082357,30,-6.966821034749344,5063
GJB3,-129.3426076851639,51,-122.37285943124809,51,-6.96974825391581,5064
ZC3H14,-65.60162705051107,497,-58.618454539799835,497,-6.983172510711235,5065
MAX,-67.76960739311708,607,-60.7804177424071,607,-6.9891896507099815,5066
LYSMD4,-77.67529113204391,54,-70.68396335177951,54,-6.991327780264399,5067
IPO8,-87.12961494445801,200,-80.11560485839844,200,-7.014010086059571,5068
TJP3,-95.3392817179362,435,-88.32023050593234,435,-7.019051212003859,5069
EIF2D,-64.01165595421425,416,-56.974296560654274,416,-7.037359393559974,5070
IRF6,-82.01390721938189,340,-74.97443300134995,340,-7.039474218031941,5071
ZNF213,-119.24785667741803,71,-112.20278307417749,71,-7.045073603240539,5072
FAM168A,-69.71950382514288,149,-62.670686888214725,149,-7.048816936928155,5073
GPR176,-99.13703070746527,9,-92.07558102077908,9,-7.061449686686188,5074
BBS5,-91.3490630484916,74,-84.26756812430718,74,-7.081494924184426,5075
BORCS5,-69.57035064697266,123,-62.48518306453054,123,-7.085167582442118,5076
TIGD7,-61.477743530273436,25,-54.386194458007814,25,-7.091549072265622,5077
THOP1,-65.51377190676602,220,-58.390750243447044,220,-7.12302166331898,5078
SRSF5,-76.54260655181403,1772,-69.41831186178307,1772,-7.124294690030965,5079
RPS28,-60.97796315595138,2178,-53.83957673520315,2178,-7.138386420748226,5080
SRRM2-AS1,-100.81132049560547,30,-93.66971867879232,30,-7.14160181681315,5081
TCTN1,-61.668686033098886,445,-54.50545508566867,445,-7.163230947430215,5082
CDCA4,-76.48818320968525,147,-69.30196681638964,147,-7.186216393295609,5083
CGN,-85.38834589032507,477,-78.19435378740418,477,-7.1939921029208875,5084
DCUN1D3,-71.9877199875681,304,-64.76097631454468,304,-7.226743673023421,5085
PREPL,-79.83838712821887,515,-72.61044867061874,515,-7.227938457600132,5086
RAPSN,-124.30810089111328,5,-117.07143096923828,5,-7.236669921875006,5087
WRAP53,-109.82093157087054,105,-102.57876710437593,105,-7.242164466494614,5088
LSM14A,-79.34384721185296,879,-72.05911093441699,879,-7.284736277435968,5089
DNAJC27-AS1,-72.85982865553636,91,-65.56885033911401,91,-7.290978316422354,5090
SPATA33,-93.07240781573466,317,-85.7755663898841,317,-7.296841425850559,5091
CYP4A22-AS1,-124.00760650634766,4,-116.69454765319824,4,-7.313058853149414,5092
GSKIP,-96.032782685801,269,-88.70862026285505,269,-7.324162422945946,5093
CENPN,-82.31708843788404,89,-74.97585159473205,89,-7.341236843151989,5094
C12orf76,-95.59423775672913,480,-88.24498845736186,480,-7.349249299367273,5095
AK7,-73.5753345489502,108,-66.21317676261619,108,-7.362157786334009,5096
TUBG2,-88.94192115059734,137,-81.5698884281799,137,-7.372032722417444,5097
ADK,-85.11952420734004,827,-77.7272633710536,827,-7.3922608362864395,5098
SCD,-80.97990787304958,1081,-73.58399772114714,1081,-7.3959101519024415,5099
PIK3C2B,-74.4494700045199,148,-67.05063149735734,148,-7.3988385071625515,5100
IQGAP3,-95.18475545247396,15,-87.77934875488282,15,-7.405406697591147,5101
SULT1C4,-113.2513313293457,6,-105.84124374389648,6,-7.410087585449219,5102
AKR1C3,-129.78387386097629,340,-122.36335381900562,340,-7.420520041970661,5103
ZNF829,-79.10563278198242,16,-71.67858505249023,16,-7.4270477294921875,5104
OSR1,-126.65420384560862,62,-119.21779251098633,62,-7.436411334622292,5105
ZNF835,-95.79229666969992,11,-88.33998801491477,11,-7.452308654785156,5106
C14orf178,-70.33856201171875,1,-62.88209533691406,1,-7.4564666748046875,5107
FAM78B,-92.25602213541667,3,-84.79680887858073,3,-7.4592132568359375,5108
ABHD12B,-107.24729919433594,12,-99.77769724527995,12,-7.469601949055985,5109
NSMCE4A,-66.15903777289637,485,-58.65075184143696,485,-7.508285931459412,5110
METTL17,-104.49059782832502,249,-96.97063164155647,249,-7.519966186768556,5111
AP3M1,-93.1374689110022,243,-85.5798375949938,243,-7.557631316008397,5112
MAP3K3,-85.20348870160176,301,-77.64125431098812,301,-7.562234390613639,5113
CBX2,-103.01123755318778,42,-95.4216666448684,42,-7.589570908319388,5114
YIF1A,-78.03912196929798,1145,-70.4485613693837,1145,-7.590560599914284,5115
TTLL6,-87.54014415740967,40,-79.93959732055664,40,-7.600546836853027,5116
CCDC38,-70.96186828613281,1,-63.35888671875,1,-7.6029815673828125,5117
MAP1A,-82.98203263192806,159,-75.36885363500824,159,-7.613178996919828,5118
LMO3,-137.77156604516156,1263,-130.15579843407855,1263,-7.615767611083015,5119
STX10,-109.12009176256666,797,-101.49765597622248,797,-7.622435786344184,5120
ZFYVE1,-77.53363128401276,117,-69.90385560907869,117,-7.629775674934066,5121
FBXO27,-75.64317676938813,58,-68.00046039449758,58,-7.642716374890554,5122
PHB2,-72.8986297017969,1139,-65.25362857420053,1139,-7.645001127596373,5123
AMIGO1,-82.16612653379087,54,-74.5080680847168,54,-7.658058449074076,5124
KIAA0040,-102.76831309000652,213,-95.08806459668656,213,-7.680248493319951,5125
ZNF726,-120.74685816611013,31,-113.06330256308279,31,-7.683555603027344,5126
HAX1,-103.76765364907004,1100,-96.07460719021884,1100,-7.6930464588511995,5127
PCYT2,-128.4839187880694,531,-120.78259386540357,531,-7.701324922665819,5128
ATP6V0A1,-81.7570987218794,577,-74.05316602419319,577,-7.703932697686213,5129
NUP37,-74.10465135362413,225,-66.39245971679688,225,-7.7121916368272565,5130
LONP2,-89.77093669262432,649,-82.04711730674896,649,-7.723819385875359,5131
UBXN10,-92.93568823414464,248,-85.20556711381481,248,-7.730121120329827,5132
SLAIN1,-108.65940584455218,210,-100.92160691760836,210,-7.7377989269438245,5133
VAMP3,-89.21495468678745,651,-81.47615353632632,651,-7.7388011504611285,5134
GTF3A,-74.41786084000353,1146,-66.67547864730862,1146,-7.742382192694905,5135
SLC16A1,-80.04567740945255,34,-72.2989501953125,34,-7.746727214140051,5136
ASH1L,-63.18033522971401,908,-55.42825585840032,908,-7.752079371313691,5137
CCDC90B,-80.68409890046534,379,-72.9319168131081,379,-7.752182087357241,5138
TACO1,-73.6226116250629,326,-65.8648342881466,326,-7.757777336916305,5139
KRT2,-147.10517120361328,2,-139.3302993774414,2,-7.774871826171875,5140
RN7SL832P,-69.45758231026785,35,-61.6785882132394,35,-7.778994097028452,5141
C1orf52,-105.87349615770484,439,-98.09225213609143,439,-7.781244021613404,5142
NFYB,-62.46062586307526,320,-54.65649486780167,320,-7.804130995273589,5143
IGHV3-20,-135.1393585205078,1,-127.308349609375,1,-7.8310089111328125,5144
LIPE,-104.89319171076235,92,-97.05030242256497,92,-7.842889288197384,5145
MMP28,-84.63362421774382,643,-76.78053696604205,643,-7.853087251701766,5146
GHDC,-101.33121049260518,249,-93.46596769156704,249,-7.865242801038136,5147
IGDCC4,-85.67989196777344,5,-77.80780944824218,5,-7.872082519531261,5148
RPRD2,-96.66049791778764,461,-88.78403218035584,461,-7.876465737431801,5149
LINC00921,-71.2151837348938,16,-63.329867362976074,16,-7.885316371917725,5150
CLEC16A,-75.96807079689175,204,-68.06581284018124,204,-7.902257956710514,5151
TXNDC16,-112.00172090530396,80,-104.09705638885498,80,-7.904664516448975,5152
CS,-96.91797616619787,501,-89.00640581325143,501,-7.911570352946441,5153
ASXL3,-108.40215682983398,6,-100.4847780863444,6,-7.917378743489579,5154
GGACT,-103.71694917767961,107,-95.79484372718312,107,-7.922105450496488,5155
CLIP4,-116.83375604981516,233,-108.9107364114262,233,-7.923019638388965,5156
WDR87,-88.10877990722656,1,-80.18128204345703,1,-7.927497863769531,5157
IQCD,-74.82571746081841,205,-66.88347746686237,205,-7.942239993956036,5158
BCAT1,-116.21677535561955,340,-108.2732504900764,340,-7.943524865543139,5159
KIAA1328,-69.10092197375351,178,-61.15715136152975,178,-7.943770612223766,5160
DPF1,-85.61237462361653,6,-77.63385772705078,6,-7.9785168965657505,5161
KIRREL3,-106.6244659423828,1,-98.6408920288086,1,-7.9835739135742045,5162
SIK3,-91.58480945265437,332,-83.59273237205413,332,-7.9920770806002395,5163
IGHV5-51,-138.02354431152344,1,-130.02862548828125,1,-7.9949188232421875,5164
YWHAQ,-91.9107737768858,1529,-83.91019596875766,1529,-8.000577808128142,5165
SOST,-126.772705078125,1,-118.74268341064452,1,-8.030021667480483,5166
ARL6IP6,-97.71574937443337,349,-89.67708908999205,349,-8.03866028444132,5167
ABCC12,-89.7105941772461,2,-81.65375137329102,2,-8.056842803955078,5168
UPK1A-AS1,-91.76402282714844,1,-83.70349884033203,1,-8.060523986816406,5169
CD63,-67.82228962154416,2127,-59.753274046875916,2127,-8.069015574668242,5170
RILPL2,-60.02662644666784,680,-51.94062508975758,680,-8.08600135691026,5171
ABHD3,-77.35659699767601,262,-69.26362371080704,262,-8.092973286868968,5172
PTER,-82.57326146317877,283,-74.47288704592432,283,-8.100374417254443,5173
CD34,-108.21409479777019,6,-100.1024907430013,6,-8.11160405476889,5174
RPL13A,-77.43479899291144,2159,-69.32172668018845,2159,-8.113072312722991,5175
TADA2A,-72.35214976606697,116,-64.22727315179233,116,-8.12487661427464,5176
LINC00460,-117.55333624945746,9,-109.4231185913086,9,-8.130217658148865,5177
MAP2K3,-100.93607331330112,757,-92.80363108585816,757,-8.132442227442965,5178
SCFD1,-77.61323493402926,509,-69.46985692172247,509,-8.143378012306798,5179
RNF111,-108.34257472802072,221,-100.19889879873975,221,-8.143675929280974,5180
SIN3A,-76.98267482482281,388,-68.83736517994674,388,-8.145309644876065,5181
COL24A1,-88.00065104166667,6,-79.8316650390625,6,-8.168986002604171,5182
AP2A1,-72.67137878697093,328,-64.49485564813381,328,-8.176523138837126,5183
MSLN,-82.84822993525752,675,-74.65998251455801,675,-8.188247420699511,5184
MYCN,-94.49858093261719,4,-86.30929374694824,4,-8.189287185668945,5185
DNALI1,-69.44633550742238,582,-61.25039239601581,582,-8.195943111406564,5186
BRI3BP,-95.23169986621754,222,-87.0351450464747,222,-8.196554819742843,5187
TMEM131,-70.61889949489284,370,-62.41390183938516,370,-8.204997655507682,5188
LYPD8,-117.17912292480467,1,-108.96592712402344,1,-8.213195800781236,5189
MRPS15,-81.95434834297515,1341,-73.73755126884853,1341,-8.216797074126617,5190
LGR5,-103.3593987358941,9,-95.14141676161024,9,-8.217981974283859,5191
NFYC,-84.43329786891259,394,-76.21506324032237,394,-8.218234628590224,5192
ARID2,-92.17453429278206,306,-83.95269600861992,306,-8.221838284162132,5193
ZNF611,-66.49850940704346,96,-58.26874951521555,96,-8.229759891827904,5194
OAF,-91.02940368652344,58,-82.76099224748283,58,-8.268411439040605,5195
GALNT18,-107.80467548271535,193,-99.5330374525001,193,-8.271638030215257,5196
COL5A3,-97.30102157592773,2,-89.02743911743164,2,-8.273582458496094,5197
NUDT4,-82.64794446520237,772,-74.35074740987986,772,-8.297197055322513,5198
MCRS1,-71.44916623814554,367,-63.13994714804501,367,-8.309219090100527,5199
HSD17B2,-117.68530498567175,61,-109.36451833756243,61,-8.32078664810932,5200
MROH7,-99.50908878871373,7,-91.17775290352958,7,-8.331335885184146,5201
CLN6,-204.26071290566887,284,-195.92670005475972,284,-8.334012850909147,5202
TTC19,-62.66395123281059,613,-54.32337012609883,613,-8.34058110671176,5203
ILDR2,-97.58680834089007,7,-89.24135371616909,7,-8.345454624720986,5204
SIX4,-81.23770546778447,177,-72.85986685887569,177,-8.377838608908775,5205
SSU72,-62.52780203616687,1577,-54.14930902891093,1577,-8.37849300725594,5206
PTPN6,-108.88989328202747,336,-100.50818867910476,336,-8.38170460292271,5207
RNF165,-85.96974283854166,15,-77.58562520345052,15,-8.384117635091144,5208
TMED1,-58.25119089176634,686,-49.86299602630882,686,-8.388194865457521,5209
FLRT2,-94.29120526994977,7,-85.90172903878349,7,-8.389476231166284,5210
ZNF431,-119.74143679388638,290,-111.3440656727758,290,-8.39737112111058,5211
BICD1,-81.92465881347657,75,-73.52276011149088,75,-8.401898701985687,5212
CARD8-AS1,-101.29202143351237,24,-92.87382952372234,24,-8.418191909790039,5213
PLA2G4C,-77.9616912841797,35,-69.54119698660715,35,-8.420494297572546,5214
FOXD2-AS1,-93.0411297607422,25,-84.60868255615235,25,-8.432447204589849,5215
COMMD1,-69.93715686413329,694,-61.49858143281524,694,-8.438575431318043,5216
CCDC73,-79.81163597106934,4,-71.37111854553223,4,-8.44051742553711,5217
FUZ,-75.21882903851298,303,-66.76894956532091,303,-8.44987947319207,5218
TUBD1,-79.0334088315246,186,-70.57543391566122,186,-8.457974915863375,5219
CCNB2,-84.64717847650701,44,-76.18823467601429,44,-8.458943800492719,5220
TRAFD1,-85.15986419677735,275,-76.69811279296874,275,-8.461751403808606,5221
ANKRD34A,-74.47268867492676,12,-66.00938542683919,12,-8.46330324808757,5222
RHOT1,-69.0657726094602,533,-60.59309012894335,533,-8.472682480516845,5223
RTCA,-112.72282310154127,414,-104.23583984375,414,-8.486983257791266,5224
TET1,-84.36474742060122,23,-75.87658724577531,23,-8.488160174825907,5225
SEC11A,-67.16673700140578,1579,-58.67664066819619,1579,-8.490096333209586,5226
NIN,-89.66906041877215,172,-81.16690915129905,172,-8.502151267473096,5227
EDRF1,-61.930793585600675,108,-53.40520042843289,108,-8.525593157167783,5228
WNT5B,-77.69691292444865,48,-69.15774734814961,48,-8.539165576299041,5229
ARL5B,-77.60347504508351,577,-69.06413534815638,577,-8.53933969692713,5230
DSG2,-93.64123456935117,673,-85.0998798274002,673,-8.541354741950968,5231
SAR1A,-69.66115606100408,974,-61.11722018341754,974,-8.543935877586541,5232
MTMR11,-102.60285094847163,83,-94.0425876479551,83,-8.560263300516525,5233
SLC8A2,-82.47615814208984,1,-73.90784454345703,1,-8.568313598632812,5234
LRP4,-81.79317474365234,16,-73.21304130554199,16,-8.580133438110352,5235
PHF11,-119.6718621901524,405,-111.08282254065996,405,-8.589039649492435,5236
NDUFS7,-69.47459655112408,1269,-60.8814376157696,1269,-8.59315893535448,5237
YPEL5,-64.12207215448778,1284,-55.5272077548541,1284,-8.594864399633678,5238
RPL41,-80.58411662491262,2157,-71.97530467918088,2157,-8.608811945731745,5239
SCN9A,-94.0752415376551,187,-85.46520294352649,187,-8.61003859412861,5240
IFNL1,-100.31546020507812,1,-91.702392578125,1,-8.613067626953125,5241
HSBP1,-110.3749035754319,1779,-101.76001338090302,1779,-8.614890194528883,5242
PPTC7,-81.18198455613235,464,-72.56307981754172,464,-8.61890473859063,5243
KCTD10,-77.90913797662333,289,-69.24887855820177,289,-8.66025941842156,5244
ZNF714,-75.07045012029982,131,-66.40080243758572,131,-8.6696476827141,5245
TIA1,-64.83596493366578,522,-56.16406250730785,522,-8.671902426357931,5246
ETV2,-82.52688160161863,87,-73.83864839049592,87,-8.688233211122707,5247
TMEM116,-68.18752274468402,319,-59.49696255627097,319,-8.690560188413045,5248
WAC,-67.51077800110825,1079,-58.76786726420405,1079,-8.7429107369042,5249
NCAPD3,-91.93308837654055,129,-83.18005785091903,129,-8.753030525621526,5250
STK38L,-103.78155756571206,166,-95.0134844492717,166,-8.768073116440362,5251
LIMA1,-75.57704180611505,720,-66.80564898384942,720,-8.771392822265625,5252
MYDGF,-116.7186605270375,1427,-107.94027113296306,1427,-8.778389394074438,5253
FAS,-121.93031855991909,210,-113.15147407168433,210,-8.778844488234753,5254
FAM168B,-70.15223603569437,431,-61.373379842311216,431,-8.778856193383156,5255
FRS2,-78.62588926097054,201,-69.8404749780152,201,-8.785414282955344,5256
RNF186,-105.24429321289062,2,-96.44021224975586,2,-8.804080963134766,5257
ALX1,-98.13751602172852,4,-89.32415580749512,4,-8.813360214233398,5258
PHF23,-111.58767807571977,270,-102.74374081646954,270,-8.843937259250225,5259
MYO1E,-63.741736241070875,251,-54.87855424918976,251,-8.863181991881113,5260
COPE,-83.50197767089215,1551,-74.61031587995458,1551,-8.891661790937562,5261
OAS2,-120.69943921183058,193,-111.80005934324907,193,-8.899379868581505,5262
PRELID3A,-94.49244895348183,26,-85.57343879112831,26,-8.919010162353516,5263
SLC28A1,-117.35860443115234,1,-108.4368667602539,1,-8.921737670898438,5264
EDEM3,-89.49631009940111,347,-80.56625594872907,347,-8.93005415067205,5265
SNAPC1,-69.82335719517299,350,-60.892686495099746,350,-8.930670700073243,5266
PADI3,-90.04849624633789,4,-81.03865051269531,4,-9.009845733642578,5267
BCL2L15,-106.52515582460346,165,-97.50886392304392,165,-9.01629190155954,5268
TRPV1,-120.3570359173943,34,-111.33468470853917,34,-9.022351208855127,5269
ZBTB4,-61.37907747452001,489,-52.3441858974215,489,-9.034891577098513,5270
ZNF880,-66.17470383062596,41,-57.126005033167395,41,-9.048698797458563,5271
KNTC1,-65.37116648934104,44,-56.321439569646664,44,-9.049726919694372,5272
ZNF239,-78.199462890625,37,-69.14156052872941,37,-9.057902361895586,5273
KCTD2,-103.16643317686308,218,-94.10433725479545,218,-9.062095922067627,5274
NVL,-74.82152026632558,207,-65.75562544375802,207,-9.065894822567557,5275
GSTO2,-91.8423815390003,526,-82.77591135293359,526,-9.06647018606671,5276
SUV39H2,-84.33960167566936,48,-75.25793282190959,48,-9.081668853759766,5277
ZNF396,-82.46844829212536,33,-73.36396211566347,33,-9.10448617646189,5278
VDAC2,-70.04670743908562,1415,-60.93579644516584,1415,-9.11091099391978,5279
LIG3,-72.14465560544517,207,-63.02282972842599,207,-9.121825877019177,5280
LPAR5,-96.25425910949707,8,-87.12444496154785,8,-9.129814147949219,5281
C1orf162,-102.26054410194153,219,-93.11741627732368,219,-9.14312782461785,5282
CCDC3,-93.88243993123372,6,-84.73693339029948,6,-9.145506540934235,5283
MAN2C1,-100.93162839253743,300,-91.77858439127604,300,-9.153044001261392,5284
ARID4A,-92.83360055422135,662,-83.67164757028448,662,-9.161952983936871,5285
SCARNA2,-58.51807621547154,7,-49.34372547694615,7,-9.17435073852539,5286
ALDH3B1,-134.19211284286854,729,-125.00988047407488,729,-9.182232368793663,5287
VTCN1,-112.05377054214478,48,-102.85177040100098,48,-9.202000141143799,5288
ZNF234,-75.65157040682706,33,-66.44891207145922,33,-9.202658335367843,5289
LINC01118,-85.57387034098308,3,-76.36873372395833,3,-9.205136617024749,5290
VTI1A,-122.43615815267397,173,-113.23076757530256,173,-9.205390577371404,5291
DEGS1,-110.65858632446783,494,-101.45149286555858,494,-9.207093458909256,5292
HOXB4,-110.18606621878487,14,-100.96881212506976,14,-9.217254093715113,5293
CDCA7,-90.46328336542302,88,-81.2268590927124,88,-9.236424272710622,5294
ZNF30,-88.11705804640248,31,-78.87697330597908,31,-9.240084740423399,5295
MCMBP,-76.1630375055977,362,-66.89988375500421,362,-9.263153750593489,5296
AVPI1,-69.40434422655636,557,-60.13896942823537,557,-9.265374798320991,5297
ME2,-73.94873564487632,283,-64.66155707962521,283,-9.28717856525111,5298
EIF2AK2,-93.5861952903054,550,-84.29441404862837,550,-9.291781241677029,5299
FNDC5,-80.460207257952,35,-71.16832362583705,35,-9.29188363211496,5300
GDAP2,-80.31707803072504,213,-71.0027923942172,213,-9.314285636507847,5301
ARHGAP5-AS1,-103.64614719539493,77,-94.31840515136719,77,-9.327742044027744,5302
LINC01252,-152.4912115243765,26,-143.14520322359525,26,-9.34600830078125,5303
ICAM4,-109.78113686931795,559,-100.402686936271,559,-9.378449933046952,5304
DLX4,-112.7269422975305,73,-103.34108681874733,73,-9.38585547878317,5305
LBH,-103.98494317796495,396,-94.56561433426057,396,-9.419328843704378,5306
DCAF6,-98.32020264711656,587,-88.88627218997053,587,-9.433930457146033,5307
PTOV1-AS1,-97.19029531171245,31,-87.7540772961032,31,-9.436218015609242,5308
ESAM,-94.80703432071283,483,-85.36642674037388,483,-9.440607580338948,5309
SENP1,-102.50572802072548,83,-93.03921481212937,83,-9.466513208596112,5310
MXI1,-91.08794887645824,444,-81.61059680285754,444,-9.477352073600699,5311
SLC43A1,-75.29424929331584,83,-65.78770373241011,83,-9.506545560905735,5312
SERPINA1,-107.86902996428836,1659,-98.34788628613252,1659,-9.521143678155838,5313
UEVLD,-111.32294105529785,200,-101.78036582946777,200,-9.542575225830078,5314
MAP2K4,-90.2139352162679,264,-80.65239617318818,264,-9.56153904307972,5315
HMG20A,-95.87048093734249,186,-86.30519116309381,186,-9.565289774248683,5316
XRRA1,-85.34999872315177,337,-75.76262408972494,337,-9.587374633426833,5317
UCK2,-85.22808931311782,49,-75.63955454923669,49,-9.588534763881128,5318
TMEM231,-91.28190303601717,190,-81.68683937474302,190,-9.595063661274153,5319
LRP2,-112.80505724361434,257,-103.19666815731776,257,-9.608389086296583,5320
CLEC4G,-125.74344635009766,1,-116.13136291503906,1,-9.612083435058594,5321
ALDH9A1,-67.72581513674645,661,-58.095523609155606,661,-9.630291527590842,5322
MTX2,-77.96154046533591,753,-68.32802882707452,753,-9.633511638261396,5323
FTH1,-72.92409891941968,2176,-63.26910827966297,2176,-9.654990639756704,5324
KCNE3,-88.253303120931,75,-78.58957438151042,75,-9.663728739420577,5325
SLFN12,-105.78665402569348,79,-96.10467732103565,79,-9.681976704657828,5326
VPS4B,-70.65184705754473,566,-60.96937246288933,566,-9.682474594655396,5327
COG3,-75.51307845760036,296,-65.82895951657682,296,-9.684118941023542,5328
CAPN9,-110.24326460702079,28,-100.54774611336845,28,-9.695518493652344,5329
ANXA11,-69.46023155869237,1510,-59.76039256670617,1510,-9.699838991986198,5330
NDUFS5,-60.934601923585966,1971,-51.23244861465369,1971,-9.702153308932274,5331
MPZL3,-135.91783636508708,358,-126.18970129343384,358,-9.728135071653242,5332
UBTF,-94.76149960014764,508,-85.03093540762353,508,-9.730564192524113,5333
EFTUD2,-85.45113469855103,283,-75.72019626900502,283,-9.730938429546015,5334
SORBS1,-92.7395643598578,178,-83.00564536619723,178,-9.733918993660566,5335
CACHD1,-91.11987887405036,254,-81.36212479598879,254,-9.757754078061566,5336
PAIP2B,-73.6436216450173,219,-63.87550831276532,219,-9.768113332251986,5337
CYP11A1,-128.38500022888184,8,-118.60714626312256,8,-9.777853965759277,5338
SP3,-96.40587999855993,473,-86.60689070461669,473,-9.798989293943237,5339
TSPAN14,-76.60166418767719,609,-66.78193877522385,609,-9.819725412453337,5340
STAM2,-67.84893616152482,355,-58.026117061561266,355,-9.822819099963553,5341
TMTC2,-95.63955830856108,284,-85.80760963869767,284,-9.831948669863408,5342
THOC1,-76.22228636158457,139,-66.38871210770641,139,-9.833574253878155,5343
LGALS3BP,-127.55889456487374,1739,-117.72442766028344,1739,-9.8344669045903,5344
ARHGAP33,-81.98851228371645,39,-72.13253099490434,39,-9.855981288812103,5345
HMGA2,-114.58925823455161,47,-104.7089092173475,47,-9.88034901720411,5346
CORO1A,-77.04546543468129,220,-67.1625356500799,220,-9.882929784601387,5347
PEX14,-64.05271618313259,225,-54.16371366712782,225,-9.889002516004766,5348
GPRC5C,-91.37383921168583,967,-81.46681035859385,967,-9.907028853091987,5349
NHLRC2,-123.29687299541399,255,-113.38775984820198,255,-9.909113147212011,5350
XRCC1,-113.2983938289594,158,-103.38036558899698,158,-9.918028239962425,5351
PLA2G4E-AS1,-107.67909749348958,3,-97.7527364095052,3,-9.926361083984375,5352
TEX30,-82.63368940353394,160,-72.70690083503723,160,-9.926788568496704,5353
PMEL,-95.86359490288629,18,-85.93513192070856,18,-9.928462982177734,5354
KDM4A-AS1,-92.52713680267334,8,-82.58993530273438,8,-9.937201499938965,5355
DENND2D,-96.05431978690191,386,-86.11558845006122,386,-9.93873133684069,5356
STRA6,-93.40951127272386,39,-83.46542671399239,39,-9.944084558731475,5357
LTA4H,-96.4742447236625,1267,-86.50538700889581,1267,-9.968857714766685,5358
JMJD1C-AS1,-101.15378265380859,45,-91.18447672526041,45,-9.96930592854818,5359
RIIAD1,-121.13165240017872,212,-111.15439224243164,212,-9.977260157747082,5360
JAK3,-78.20012987576999,26,-68.21897418682391,26,-9.981155688946075,5361
ZNF793,-93.6058498620987,64,-83.6245242357254,64,-9.981325626373291,5362
ZNF235,-88.5376992225647,16,-78.55450487136841,16,-9.983194351196289,5363
ZNF571-AS1,-93.8313700358073,3,-83.84544626871745,3,-9.985923767089844,5364
NAA30,-78.85032582422446,171,-68.86017608642578,171,-9.990149737798674,5365
MGAT4A,-100.85883234315,236,-90.86448000245176,236,-9.994352340698242,5366
UTP18,-82.48257361056045,367,-72.4786044960126,367,-10.003969114547857,5367
AAMDC,-126.41057855392853,653,-116.39842719505977,653,-10.012151358868763,5368
SLC16A11,-64.86529500648459,189,-54.85121342492482,189,-10.014081581559765,5369
DENR,-79.13194857335617,634,-69.10005269817749,634,-10.031895875178677,5370
OAZ1,-79.00119272276413,2150,-68.96843858230946,2150,-10.03275414045467,5371
ZNF527,-98.41004083095453,39,-88.37599279941657,39,-10.034048031537964,5372
DNAJA2,-70.1989421144538,436,-60.16437443024522,436,-10.034567684208582,5373
AHCTF1,-61.239518311064124,295,-51.187611440884865,295,-10.051906870179259,5374
TRIM62,-105.00368626912434,30,-94.91857325236002,30,-10.085113016764325,5375
FER1L5,-74.13580017089843,10,-64.03870735168456,10,-10.09709281921387,5376
CUL4A,-97.28712301364736,518,-87.18204791389377,518,-10.105075099753591,5377
FRMD6-AS2,-90.94001770019533,1,-80.83306884765625,1,-10.106948852539077,5378
NEAT1,-99.777659798111,2155,-89.67062750371592,2155,-10.107032294395083,5379
SMCO4,-78.47796168471828,594,-68.36952407271774,594,-10.108437612000543,5380
ASB13,-124.3236552647182,77,-114.2138732315658,77,-10.109782033152399,5381
SLC25A16,-58.892018004308774,316,-48.77959659431554,316,-10.112421409993232,5382
CHRNE,-106.06428400675456,12,-95.94533093770345,12,-10.118953069051116,5383
ZFP82,-89.48766078505405,43,-79.35770363031432,43,-10.129957154739728,5384
PMF1-BGLAP,-104.91435895647321,7,-94.78321620396206,7,-10.131142752511153,5385
HNF1A,-103.20379045274522,9,-93.07194349500868,9,-10.131846957736542,5386
CTU1,-71.08075801661757,122,-60.946012622020284,122,-10.134745394597282,5387
PAN3,-88.90721921567564,270,-78.7386834886339,270,-10.168535727041743,5388
IFI30,-101.73396990966796,125,-91.55799572753907,125,-10.175974182128897,5389
B4GALNT1,-72.90340932210286,3,-62.702796936035156,3,-10.200612386067704,5390
LCMT1,-82.07541241679158,572,-71.86968307228355,572,-10.205729344508029,5391
PEF1,-76.03415720761734,654,-65.82488186570848,654,-10.209275341908864,5392
C1orf54,-118.1674429403769,37,-107.9485760250607,37,-10.218866915316198,5393
PSTPIP2,-103.9057749112447,96,-93.66513840357463,96,-10.240636507670075,5394
CCDC184,-87.85929939963601,44,-77.61212487654252,44,-10.247174523093491,5395
MEDAG,-108.6093028141902,13,-98.35249328613281,13,-10.256809528057389,5396
PARD6G-AS1,-107.74218101501465,40,-97.4794548034668,40,-10.262726211547857,5397
TMSB10,-70.24262195528695,2088,-59.95697183901323,2088,-10.285650116273722,5398
C19orf67,-76.15143966674805,2,-65.86559295654297,2,-10.285846710205078,5399
KRTCAP3,-119.23172050798443,1065,-108.92010003748075,1065,-10.311620470503684,5400
BCAR3,-84.67137140302516,134,-74.34825720715878,134,-10.323114195866381,5401
CTDNEP1,-69.41745381851867,797,-59.08843932397093,797,-10.329014494547735,5402
COPRS,-76.93076629638672,670,-66.5981935131016,670,-10.332572783285116,5403
PIH1D1,-72.1099726583255,794,-61.7744459108982,794,-10.335526747427302,5404
HNF1B,-113.62896294524704,276,-103.28915115024732,276,-10.339811794999719,5405
ITGAE,-133.16644211528458,535,-122.81995905225521,535,-10.346483063029368,5406
PNPLA2,-80.17412044456502,778,-69.81180492097124,778,-10.362315523593779,5407
ARHGEF7,-129.79591269421934,335,-119.41103998440416,335,-10.384872709815184,5408
LACTB,-91.0812029034904,267,-80.68691567981735,267,-10.394287223673047,5409
RFX8,-89.05625915527344,1,-78.6608657836914,1,-10.395393371582031,5410
TIMM8B,-76.511725062089,1251,-66.1113780728347,1251,-10.400346989254302,5411
ADGRE2,-101.97128590043769,83,-91.54625067653426,83,-10.425035223903436,5412
ZNF578,-85.81912231445312,6,-75.38230005900066,6,-10.43682225545247,5413
SOCS3,-73.91272712772728,1170,-63.468851885021245,1170,-10.443875242706035,5414
TSPAN8,-129.84082084727063,428,-119.37174592062692,428,-10.469074926643714,5415
DLST,-72.68787892659505,351,-62.21277865113696,351,-10.47510027545809,5416
ANKRD33,-77.62324142456055,2,-67.13496780395508,2,-10.488273620605469,5417
NME2,-82.74446188885233,138,-72.25135703708814,138,-10.493104851764187,5418
ACAD10,-72.57897977267994,136,-62.08259271172916,136,-10.49638706095078,5419
FOXA3,-72.69150943443424,61,-62.19095617825867,61,-10.500553256175564,5420
WDR33,-87.68515763511517,813,-77.15044109349175,813,-10.534716541623425,5421
DENND4A,-57.96624358361509,357,-47.408422112130985,357,-10.557821471484104,5422
PFN1,-107.09184540123711,2042,-96.50360706340554,2042,-10.58823833783157,5423
DSEL,-105.31087533456308,135,-94.7081383034035,135,-10.602737031159577,5424
IFI16,-123.55817832882231,591,-112.95027430448839,591,-10.60790402433392,5425
THAP8,-71.71006473742034,114,-61.09445444742838,114,-10.615610289991956,5426
VCPKMT,-122.21288933188228,118,-111.59467755333851,118,-10.618211778543767,5427
ZNF470,-86.21028972807385,21,-75.58399672735305,21,-10.626293000720793,5428
ZNF575,-92.06886768341064,16,-81.43932390213013,16,-10.629543781280518,5429
PDK2,-88.65335003140872,363,-78.00442738178347,363,-10.648922649625248,5430
PRDX3,-61.3691387714056,1029,-50.69655414874167,1029,-10.672584622663933,5431
ZNF25,-85.69986787389536,61,-75.02151026491259,61,-10.678357608982765,5432
PDCD4,-65.79577615525987,468,-55.095883255330925,468,-10.699892899928948,5433
HOOK1,-76.41118435445986,438,-65.7108762471099,438,-10.700308107349969,5434
SLC30A4,-95.86382092927632,19,-85.15625602320621,19,-10.707564906070104,5435
MFSD14A,-69.24453733472401,406,-58.52664995428377,406,-10.717887380440246,5436
EIF2B2,-91.64222449587102,285,-80.91411231860779,285,-10.728112177263228,5437
ONECUT1,-116.61616600884332,18,-105.8690545823839,18,-10.747111426459426,5438
CYB561A3,-63.35275600218278,337,-52.59997957042841,337,-10.75277643175437,5439
ZNF416,-94.8137698703342,9,-84.04895358615451,9,-10.764816284179688,5440
ANPEP,-85.34635990349821,258,-74.57521403113077,258,-10.771145872367441,5441
PRKAG1,-130.4089521341656,402,-119.63769943085475,402,-10.771252703310836,5442
UBXN4,-77.35423698872765,1364,-66.58151257982003,1364,-10.77272440890762,5443
DHDDS,-68.55816966212073,215,-57.78362403692201,215,-10.77454562519872,5444
SMC6,-101.57393173071054,208,-90.79642369196965,208,-10.77750803874089,5445
INTS7,-89.13329829251703,187,-78.34732006705381,187,-10.78597822546321,5446
CCL16,-122.94853973388672,1,-112.14669036865234,1,-10.801849365234375,5447
CA5A,-94.67997646331787,8,-83.87211894989014,8,-10.807857513427734,5448
ALDH2,-55.631632514943746,1546,-44.81210410548675,1546,-10.819528409456993,5449
SLC25A45,-101.12326912652878,168,-90.28616283053444,168,-10.837106295994346,5450
GCOM1,-102.42206573486328,1,-91.5735855102539,1,-10.848480224609375,5451
TMEM183A,-77.39294008527483,700,-66.54084602355957,700,-10.852094061715263,5452
TMEM9,-120.08125669564774,871,-109.22532866660818,871,-10.85592802903956,5453
KHSRP,-94.14321105906083,599,-83.28220000609332,599,-10.861011052967513,5454
CKS1B,-68.65275401128041,831,-57.78929625234593,831,-10.86345775893448,5455
PELP1,-82.90105797903878,210,-72.0332413083031,210,-10.867816670735678,5456
NBPF10,-100.33842916074006,46,-89.46679969455884,46,-10.871629466181219,5457
IMMT,-70.7706331005147,377,-59.88820274818481,377,-10.88243035232989,5458
CD33,-123.84934558290423,33,-112.96359645959103,33,-10.885749123313204,5459
BIRC6,-73.15101438108313,539,-62.26203457013132,539,-10.88897981095181,5460
ZNF614,-115.02460534232003,42,-104.11637714930943,42,-10.9082281930106,5461
ALDH18A1,-105.25085044670784,281,-94.31854329499485,281,-10.93230715171299,5462
VMO1,-67.82376104938098,121,-56.875165986620694,121,-10.948595062760283,5463
ACTR10,-69.81816547398905,747,-58.856172431424916,747,-10.961993042564139,5464
ZFP69B,-83.39592742919922,7,-72.41642761230469,7,-10.979499816894531,5465
PCBP2,-97.65269879924985,1702,-86.66167323989959,1702,-10.991025559350263,5466
POLR2A,-124.98119541090362,539,-113.98191391868804,539,-10.999281492215587,5467
BLZF1,-109.58025603407012,254,-98.57488611176258,254,-11.005369922307537,5468
SIPA1L1,-86.19871776754206,352,-75.17020932110873,352,-11.028508446433335,5469
ATAD2B,-64.32145849088343,205,-53.29199341564644,205,-11.029465075236992,5470
HLX,-106.1285966237386,12,-95.08582941691081,12,-11.04276720682779,5471
P4HA3,-110.3099661434398,17,-99.2614647360409,17,-11.048501407398888,5472
DNAJC12,-90.28502780740911,176,-79.18071720816873,176,-11.104310599240378,5473
NAP1L1,-89.92490698878115,1766,-78.80938787665535,1766,-11.115519112125796,5474
KDSR,-79.10652289559032,651,-67.98945455946681,651,-11.11706833612351,5475
MT1M,-77.33855307729621,76,-66.21940130936473,76,-11.119151767931484,5476
BRDT,-86.32214609781902,6,-75.19823710123698,6,-11.123908996582031,5477
CUL2,-64.1712887781971,212,-53.047146689217044,212,-11.12414208898005,5478
SVIL-AS1,-80.81103594744647,135,-69.67858626754196,135,-11.13244967990451,5479
SMC3,-64.1336832835262,532,-53.00068816565033,532,-11.132995117875865,5480
CDC42EP5,-83.65150803786058,143,-72.49692812832919,143,-11.154579909531392,5481
TRIM5,-121.74396550006946,239,-110.58646562009676,239,-11.157499879972704,5482
STK24,-103.49015525079542,620,-92.31877624757828,620,-11.17137900321714,5483
SCMH1,-75.92103202320705,214,-64.74858538903922,214,-11.172446634167827,5484
ZNF345,-82.01761324900501,53,-70.83419511903007,53,-11.183418129974939,5485
USP2-AS1,-99.51609992980957,48,-88.32686726252238,48,-11.189232667287186,5486
FBXO22,-89.8428980753972,312,-78.63480078868376,312,-11.20809728671344,5487
TRMT1L,-84.90113877208992,229,-73.69027849888697,229,-11.210860273202954,5488
SH3GL3,-95.8408800760905,12,-84.62841669718425,12,-11.21246337890625,5489
COCH,-88.0569715499878,16,-76.83346557617188,16,-11.223505973815918,5490
AKTIP,-108.72325239510371,319,-97.4925202516179,319,-11.23073214348581,5491
B3GNT6,-136.90918822207692,59,-125.67191069004899,59,-11.237277532027932,5492
ZCCHC2,-103.03693443432189,171,-91.79492531045835,171,-11.24200912386354,5493
HPDL,-82.05633544921875,4,-70.76479148864746,4,-11.291543960571289,5494
CNIH1,-95.04072111712817,1037,-83.73680061038688,1037,-11.303920506741292,5495
TTC23,-85.80805008832147,85,-74.49400634765625,85,-11.314043740665213,5496
ZNF253,-81.97045395222116,47,-70.65205399533535,47,-11.318399956885813,5497
IL24,-108.8878936767578,1,-97.56185913085938,1,-11.326034545898423,5498
LINC00683,-109.7614917755127,20,-98.4343048095703,20,-11.327186965942388,5499
ACTR1B,-65.76776203593693,592,-54.439326711603115,592,-11.32843532433381,5500
TMPRSS13,-105.05436373691933,204,-93.72564181159524,204,-11.32872192532409,5501
DPF3,-111.61033884684245,3,-100.27644348144531,3,-11.33389536539714,5502
DOCK9,-103.74990868011967,557,-92.3932736189618,557,-11.356635061157874,5503
TRIM46,-90.17979402895327,27,-78.81985812717014,27,-11.359935901783132,5504
SEPHS2,-77.67891366141183,14,-66.30203628540039,14,-11.376877376011436,5505
ACTR2,-76.95579501872754,1048,-65.56227923895567,1048,-11.393515779771874,5506
NUP107,-94.65135589599609,250,-83.24385540771485,250,-11.407500488281244,5507
ZNF441,-88.20388975597564,21,-76.78898329961868,21,-11.41490645635696,5508
PTGR2,-78.3669797487908,191,-66.94333970234656,191,-11.423640046444234,5509
TSEN15,-129.7087424751762,286,-118.2524980931849,286,-11.456244381991297,5510
RASAL1,-81.29664204915365,15,-69.83246459960938,15,-11.464177449544266,5511
MOCOS,-97.30984167619185,44,-85.83767006613992,44,-11.47217161005193,5512
NDUFV2-AS1,-84.47613596916199,64,-72.98888063430786,64,-11.487255334854126,5513
HOXB2,-144.2321127186651,46,-132.74062712296197,46,-11.491485595703125,5514
FANCA,-67.94023869832357,120,-56.448365751902266,120,-11.491872946421303,5515
CYP2B6,-123.02321314811707,32,-111.52675700187683,32,-11.496456146240234,5516
TMEM186,-96.95442766756625,148,-85.44733346475137,148,-11.507094202814883,5517
POLG2,-113.55351599902238,461,-102.02045811386274,461,-11.533057885159636,5518
CLHC1,-78.47425719769332,137,-66.93662963644431,137,-11.53762756124901,5519
TAOK2,-97.32355839166885,312,-85.77847131093343,312,-11.545087080735428,5520
ZBTB8A,-74.86008470578301,133,-63.31220979618847,133,-11.54787490959454,5521
SKAP1,-105.61815173809345,52,-94.0695869739239,52,-11.54856476416954,5522
TNFRSF17,-80.61856842041016,3,-69.05690256754558,3,-11.561665852864579,5523
TC2N,-109.14642546264794,841,-97.57797226696037,841,-11.568453195687567,5524
ASXL2,-76.70322286321762,376,-65.11745956096243,376,-11.585763302255188,5525
PRRX1,-106.01800626866958,34,-94.42817934821633,34,-11.589826920453248,5526
NDC1,-102.54440158750953,123,-90.92397395188246,123,-11.620427635627067,5527
ZNF787,-71.5310522991678,253,-59.87915984443996,253,-11.651892454727836,5528
BCO1,-83.59126445225307,14,-71.93605531964984,14,-11.655209132603233,5529
GATC,-77.23232929523175,260,-65.5720121383667,260,-11.660317156865048,5530
CMTM1,-104.79751586914062,1,-93.11898040771484,1,-11.678535461425781,5531
CPEB3,-89.29701630498322,142,-77.60933368306765,142,-11.68768262191557,5532
SPPL3,-89.96706730693627,621,-78.27677416225562,621,-11.690293144680652,5533
DIO1,-95.53506317138672,10,-83.8225830078125,10,-11.712480163574227,5534
LPO,-100.0767110188802,3,-88.35904439290364,3,-11.717666625976562,5535
NANOS3,-103.13087881765058,31,-91.40773625527659,31,-11.723142562373994,5536
MMP10,-119.56711535983615,18,-107.82869254218207,18,-11.738422817654083,5537
SNHG25,-67.76624500674916,467,-56.02386955735005,467,-11.742375449399113,5538
SLC35B1,-104.15010081791506,833,-92.38244845057163,833,-11.76765236734343,5539
DDI2,-81.01992655541612,386,-69.25076653673241,386,-11.769160018683706,5540
CORO7,-68.45094468289574,149,-56.68064972538276,149,-11.77029495751298,5541
TNRC6C,-91.4162160424282,327,-79.60752637670674,327,-11.80868966572146,5542
PPP1CC,-90.46965733310354,959,-78.65307949730452,959,-11.816577835799023,5543
SIVA1,-88.66241425324374,1718,-76.8249722171024,1718,-11.83744203614134,5544
GNPAT,-99.37686710893206,463,-87.53509923551819,463,-11.841767873413872,5545
EIF2S1,-85.32551098609156,516,-73.47692837086758,516,-11.848582615223975,5546
FERMT3,-111.08162409142602,79,-99.23227025285551,79,-11.849353838570508,5547
BSCL2,-94.20063863481793,28,-82.35003307887486,28,-11.850605555943076,5548
ASB16-AS1,-77.8638187276906,116,-65.97896408212596,116,-11.884854645564644,5549
FUS,-74.29353345218908,1562,-62.4056113581346,1562,-11.887922094054481,5550
RAB35,-70.3023119194563,258,-58.40981521902158,258,-11.89249670043472,5551
DNAAF1,-68.82873359348463,230,-56.930111943120544,230,-11.898621650364085,5552
AOC3,-103.36606634230841,21,-91.45722489129929,21,-11.908841451009124,5553
BLM,-93.78027884165446,24,-81.86316172281902,24,-11.91711711883545,5554
PEMT,-66.78699262154535,386,-54.86263911588205,386,-11.924353505663305,5555
CSRP2,-87.74600950542249,95,-75.81885343852797,95,-11.927156066894526,5556
ALG11,-97.72142007010324,35,-85.7919908796038,35,-11.929429190499434,5557
CTSC,-104.66353056263794,1299,-92.71341960810074,1299,-11.950110954537209,5558
USP6NL,-82.22489737201211,302,-70.27050147151316,302,-11.954395900498952,5559
RRAGC,-68.63255643844604,480,-56.67539637883504,480,-11.957160059611006,5560
RAB26,-71.09309748599404,19,-59.13514609085886,19,-11.957951395135176,5561
PSMD9,-76.72240510940551,400,-64.75368779182435,400,-11.968717317581167,5562
ABHD4,-80.43599166313227,137,-68.46268864095646,137,-11.973303022175813,5563
TMEM87A,-70.58362589860948,1306,-58.604945943695114,1306,-11.97867995491437,5564
TIMM9,-127.41134832974137,725,-115.43152639454809,725,-11.979821935193286,5565
KANSL2,-81.41697771956281,164,-69.42778661774426,164,-11.989191101818548,5566
PKP1,-117.9081220626831,8,-105.9150390625,8,-11.993083000183105,5567
C1R,-85.76879914500081,626,-73.76370417195768,626,-12.005094973043128,5568
CFAP43,-70.82902696858282,184,-58.811425001724906,184,-12.017601966857917,5569
NLRP2,-102.06779374016656,72,-90.0374361673991,72,-12.030357572767471,5570
DYNLL1,-81.18405944454406,1898,-69.15188526278175,1898,-12.032174181762315,5571
LRRC8B,-92.46835782634678,335,-80.43582941311509,335,-12.032528413231688,5572
CFAP36,-49.45782295735677,750,-37.424369639078776,750,-12.033453318277992,5573
EP400,-59.794371736093964,269,-47.75588587934643,269,-12.038485856747535,5574
GSPT1,-55.583469108178626,1174,-43.54287766191785,1174,-12.040591446260777,5575
TMEM11,-81.89717070327727,481,-69.85453301507073,481,-12.04263768820654,5576
FOXR1,-89.67843627929688,1,-77.61890411376953,1,-12.059532165527344,5577
NCOA4,-66.95666930226399,791,-54.884406739631586,791,-12.072262562632403,5578
COLGALT2,-90.0126469930013,3,-77.90251159667969,3,-12.11013539632161,5579
PPIG,-76.78936562126066,1296,-64.67822545840417,1296,-12.111140162856486,5580
FAM20B,-104.38958701927791,239,-92.27746211734276,239,-12.112124901935147,5581
FOXC2,-107.48919677734376,1,-95.37117004394533,1,-12.118026733398438,5582
FRY-AS1,-127.95157127380371,20,-115.8314422607422,20,-12.120129013061515,5583
ZNF556,-96.73384284973145,4,-84.61229705810547,4,-12.121545791625977,5584
CTDP1,-88.73906204917215,132,-76.61464887676817,132,-12.124413172403976,5585
CLIP1-AS1,-97.96659088134766,10,-85.83555221557617,10,-12.131038665771484,5586
SAAL1,-86.29686989218501,118,-74.14307946673894,118,-12.153790425446076,5587
FOXD3,-94.61791447230748,7,-82.46358054024833,7,-12.154333932059146,5588
GSTM3,-103.6742075391384,193,-91.51877874660985,193,-12.15542879252854,5589
EXD2,-80.90199993183086,154,-68.73424274890453,154,-12.167757182926323,5590
GAS2L3,-87.42042194713245,22,-75.24302222511984,22,-12.17739972201261,5591
TMEM135,-93.24251744196965,130,-81.06118428156925,130,-12.1813331604004,5592
CYP2A13,-141.65913712350945,19,-129.4755630493164,19,-12.183574074193046,5593
GSTM2,-93.54733753204346,8,-81.35984516143799,8,-12.187492370605469,5594
CEACAM16,-174.2928253173828,5,-162.0986114501953,5,-12.1942138671875,5595
NOLC1,-81.52629915986137,563,-69.32866431553029,563,-12.197634844331077,5596
PIK3AP1,-75.98349412282307,48,-63.77564446131388,48,-12.207849661509194,5597
STIL,-80.09730564464222,22,-67.88328968394886,22,-12.21401596069336,5598
LENG8,-69.113886315668,586,-56.89920876538794,586,-12.214677550280058,5599
NADSYN1,-104.66123992677718,252,-92.43099642556811,252,-12.230243501209074,5600
RPS6KC1,-94.50902354332709,124,-82.27685977566627,124,-12.232163767660822,5601
TMED5,-75.68415333510113,714,-63.44369985008774,714,-12.24045348501339,5602
DMXL2,-116.5657094729844,186,-104.32449057794386,186,-12.241218895040532,5603
DAZAP2,-62.84367126604558,1529,-50.60095768710848,1529,-12.2427135789371,5604
ZNF324B,-84.2987530048077,26,-72.04917790339543,26,-12.249575101412262,5605
M6PR,-81.28653989746773,719,-69.03089838996219,719,-12.255641507505544,5606
DCXR,-80.77873546205718,1450,-68.52014297485351,1450,-12.258592487203671,5607
FLT3LG,-83.95672285556793,64,-71.67029881477356,64,-12.286424040794373,5608
CLYBL,-71.75094371888696,82,-59.46311652951124,82,-12.287827189375719,5609
MYO5A,-81.45262469123392,85,-69.15309475169462,85,-12.299529939539298,5610
NELL1,-116.58702426486545,45,-104.28649308946397,45,-12.300531175401474,5611
LINC01374,-110.17863464355467,1,-97.8716278076172,1,-12.307006835937472,5612
RHNO1,-99.77999571660087,279,-87.44174347470738,279,-12.338252241893485,5613
IFITM3,-133.70967746569607,1965,-121.35860042426422,1965,-12.35107704143185,5614
DHX32,-85.22867688945695,306,-72.8654676699171,306,-12.363209219539854,5615
TCN1,-114.88912963867188,2,-102.5098876953125,2,-12.379241943359375,5616
FKBP4,-78.15720152032786,464,-65.77140525291706,464,-12.385796267410797,5617
ARIH1,-77.14044234686689,1012,-64.75049774260388,1012,-12.389944604263007,5618
TEP1,-89.10934715270996,80,-76.71422996520997,80,-12.395117187499991,5619
STK39,-101.17407553188336,313,-88.77762940135626,313,-12.396446130527096,5620
HOXC11,-109.60478973388672,1,-97.20040893554688,1,-12.404380798339844,5621
SCYL2,-68.06875932555752,457,-55.663133775640105,457,-12.405625549917417,5622
RPLP1,-70.7580893775996,2176,-58.34646727758295,2176,-12.41162210001665,5623
YBX1,-79.9690663665533,2048,-67.54890820011497,2048,-12.420158166438341,5624
NUDT7,-86.64873950009418,197,-74.22207513799522,197,-12.426664362098961,5625
STK32C,-96.71131486603709,132,-84.28385202812426,132,-12.427462837912827,5626
CDON,-95.01157469976516,84,-82.5773578825451,84,-12.434216817220062,5627
RPS3,-64.72770992323932,2125,-52.29198906034582,2125,-12.435720862893497,5628
DNAJC15,-83.85170474021778,1089,-71.41131313663759,1089,-12.440391603580196,5629
WEE1,-74.02535719863818,619,-61.58401593407059,619,-12.441341264567583,5630
SERPINB8,-132.0800326538086,125,-119.63295568847656,125,-12.44707696533203,5631
FTL,-107.88214121642925,2145,-95.42302230088028,2145,-12.45911891554897,5632
ACTA1,-104.48051071166992,2,-92.00073623657227,2,-12.479774475097656,5633
SLC16A5,-73.07047033430047,397,-60.588922995464024,397,-12.481547338836442,5634
KLC1,-169.08506935680836,503,-156.60121524879045,503,-12.483854108017908,5635
TRIM16,-85.74923853513573,119,-73.26481974625788,119,-12.484418788877846,5636
NCAPD2,-85.93056315760458,93,-73.43821970621745,93,-12.492343451387129,5637
RNF115,-81.30273885411901,666,-68.80169583798887,666,-12.50104301613014,5638
MYLK3,-110.1894291469029,28,-97.68141446794782,28,-12.508014678955078,5639
CGNL1,-95.78248976937282,527,-83.2594050166729,527,-12.523084752699916,5640
HYKK,-72.2763188306023,68,-59.75177624646355,68,-12.524542584138757,5641
FOXI3,-100.99960174560547,5,-88.46675109863281,5,-12.532850646972662,5642
RGS7,-89.00490025111607,7,-76.47109549386161,7,-12.533804757254458,5643
SRGAP2B,-103.4999507393424,127,-90.96571578378753,127,-12.534234955554865,5644
ARFIP2,-94.47328974691669,623,-81.93286098523086,623,-12.540428761685831,5645
LRRC7,-102.57871422400841,13,-90.03238325852614,13,-12.54633096548227,5646
ANGPTL6,-112.88583667461688,13,-100.33387697660007,13,-12.551959698016816,5647
AGTRAP,-69.25523249967111,772,-56.69244971794168,772,-12.562782781729432,5648
ARTN,-119.81151866912842,24,-107.22963396708171,24,-12.581884702046708,5649
S1PR4,-147.6120015019956,69,-135.0269034565359,69,-12.585098045459688,5650
UBE4A,-95.62049890601116,368,-83.03238514195318,368,-12.58811376405798,5651
IL21R,-122.33146413167317,15,-109.72947540283204,15,-12.601988728841135,5652
POLR2M,-78.81654839499845,301,-66.20063641063399,301,-12.615911984364459,5653
RASGRP1,-114.61780534224077,165,-101.99777697938862,165,-12.620028362852153,5654
GABPB2,-68.87382819012898,164,-56.251724126862314,164,-12.622104063266661,5655
HINFP,-65.9261641068892,154,-53.28727286202567,154,-12.638891244863537,5656
FLCN,-78.07618852840957,279,-65.42417970609495,279,-12.652008822314627,5657
MTHFSD,-97.48491520557589,103,-84.82061567584287,103,-12.664299529733015,5658
WDFY4,-106.08049684412339,17,-93.41394177605125,17,-12.666555068072142,5659
ALOX12B,-112.17471313476562,3,-99.50632731119792,3,-12.668385823567704,5660
ZNF543,-141.5359184628441,21,-128.84717705136254,21,-12.688741411481573,5661
PRPF40B,-91.56244084975299,170,-78.8657371969784,170,-12.696703652774588,5662
IFIT1,-111.99179281010801,247,-99.28581308835913,247,-12.705979721748875,5663
CCDC61,-92.20609657131895,98,-79.49939696642818,98,-12.706699604890773,5664
NOG,-103.65456676483154,8,-90.94168090820312,8,-12.712885856628418,5665
LILRB3,-138.74970531463623,80,-126.01372079849243,80,-12.735984516143802,5666
CKAP2L,-89.1983968561346,11,-76.45157553932883,11,-12.746821316805764,5667
CEBPZOS,-70.82225096070921,539,-58.05653279433666,539,-12.765718166372551,5668
BCYRN1,-80.1514163473378,115,-67.37659043021824,115,-12.774825917119557,5669
CTBS,-73.52461121848266,442,-60.737992403194376,442,-12.786618815288286,5670
PCCA,-76.64766106238731,182,-63.85093156584016,182,-12.796729496547151,5671
CCDC148,-119.00345382690429,90,-106.20552630954319,90,-12.797927517361103,5672
ZNF683,-103.32714189801898,7,-90.51602935791016,7,-12.811112540108823,5673
PHOSPHO2,-86.64811040891097,149,-73.828415889868,149,-12.819694519042969,5674
TOM1L2,-74.1617034558624,259,-61.31685782767631,259,-12.844845628186086,5675
RASSF4,-90.58970626261224,241,-77.74413008313951,241,-12.84557617947273,5676
NTN1,-96.94077698613556,71,-84.0804316560987,71,-12.860345330036864,5677
COA6,-90.43836328353005,696,-77.56685444404339,696,-12.871508839486665,5678
EIF5A,-58.073804880402164,1218,-45.19673628407746,1218,-12.877068596324705,5679
PFKM,-118.2708846583511,165,-105.38772148363518,165,-12.883163174715918,5680
KIF1C,-79.91297239034812,589,-67.02899653073685,589,-12.883975859611269,5681
MLH3,-88.38233608669705,243,-75.49250671009959,243,-12.889829376597461,5682
CHCHD1,-75.02765151934312,1059,-62.10232760435686,1059,-12.925323914986265,5683
DEPDC7,-65.8574930826823,3,-52.92736053466797,3,-12.930132548014328,5684
ZNF69,-86.13699068341937,70,-73.20612651279994,70,-12.93086417061943,5685
ATP2C2,-94.9357064418529,434,-81.96333226849956,434,-12.972374173353344,5686
C14orf39,-85.29389190673828,3,-72.32075754801433,3,-12.973134358723954,5687
AGT,-126.31958631058814,71,-113.33066666294151,71,-12.988919647646625,5688
KRT36,-123.68575638991136,13,-110.66445512038011,13,-13.02130126953125,5689
GABRG3,-72.31651051839192,3,-59.27982838948568,3,-13.036682128906243,5690
LINC00672,-81.10419551470808,131,-68.06407643092497,131,-13.040119083783111,5691
RORA-AS1,-102.10265655517578,5,-89.05978393554688,5,-13.042872619628909,5692
ZSCAN29,-98.17540161998559,141,-85.12870772341465,141,-13.046693896570943,5693
IMP4,-94.91556142416937,621,-81.8629343766905,621,-13.052627047478865,5694
PIGC,-106.59366696097634,440,-93.5264240438288,440,-13.067242917147539,5695
PSMB6,-106.14749920146902,1239,-93.07523266512892,1239,-13.072266536340095,5696
DISP1,-99.98505020141602,46,-86.90529897938605,46,-13.07975122202997,5697
PEX12,-76.43358268737794,60,-63.34797248840332,60,-13.085610198974614,5698
EID2,-86.79467616005549,252,-73.70187956189352,252,-13.092796598161968,5699
CCL13,-127.82197613186307,18,-114.72826046413846,18,-13.09371566772461,5700
RPTOR,-66.64333186073908,126,-53.54374894641695,126,-13.099582914322134,5701
CHAC1,-83.75353599997128,34,-70.65095116110409,34,-13.102584838867188,5702
BIN2,-85.25284428382987,67,-72.1259105169951,67,-13.126933766834767,5703
AKAP10,-81.07565748426649,225,-67.92201253255209,225,-13.153644951714398,5704
NPIPB6,-92.44879735310873,30,-79.28849283854167,30,-13.16030451456706,5705
FXYD6,-123.09584375329919,37,-109.87433335587785,37,-13.22151039742134,5706
OTUD7B,-95.40453213139584,304,-82.16896526437057,304,-13.23556686702527,5707
ZNF507,-80.73938507257506,172,-67.50210828559344,172,-13.237276786981624,5708
NUCB1-AS1,-114.66982777913411,3,-101.42087300618489,3,-13.248954772949219,5709
FBXO47,-78.37593078613281,1,-65.12378692626953,1,-13.252143859863281,5710
DLAT,-82.97857307624137,281,-69.72384124973067,281,-13.254731826510707,5711
SCARB1,-108.5287334947701,83,-95.27340928043228,83,-13.255324214337818,5712
RPL23,-78.0109791223912,2179,-64.71402375465033,2179,-13.296955367740878,5713
FGD4,-78.28497674836585,398,-64.96356440788537,398,-13.321412340480478,5714
NACA,-127.51912512295488,2139,-114.1942095335202,2139,-13.324915589434681,5715
HBZ,-86.29322814941406,1,-72.9651107788086,1,-13.328117370605469,5716
LINC00365,-164.50154876708984,4,-151.14639282226562,4,-13.355155944824219,5717
PRSS57,-91.09527206420898,2,-77.73437881469727,2,-13.360893249511719,5718
ZNF45,-81.25217760526218,52,-67.88346804105319,52,-13.368709564208984,5719
LILRB5,-79.90994317190987,14,-66.54088592529297,14,-13.369057246616904,5720
MCL1,-68.50170947827107,1761,-55.128382416897914,1761,-13.373327061373153,5721
BDNF-AS,-80.93048553466797,30,-67.54515838623047,30,-13.385327148437497,5722
C12orf43,-82.0615265380302,219,-68.66686301035423,219,-13.39466352767596,5723
POMP,-70.0066047844208,1693,-56.58501477137305,1693,-13.421590013047755,5724
C1orf127,-84.88037999471028,6,-71.43347676595052,6,-13.446903228759766,5725
TSN,-77.40276193196794,452,-63.94396527045596,452,-13.458796661511983,5726
SPTLC2,-100.98576082640056,395,-87.52193402640427,395,-13.463826799996298,5727
LINC00623,-101.11052842573686,33,-87.63964520078717,33,-13.470883224949688,5728
TRABD2A,-81.05790761739266,119,-67.57485125245167,119,-13.483056364940992,5729
SOCS5,-89.5644695456258,197,-76.06509155428348,197,-13.499377991342314,5730
UVRAG,-75.82532431644464,318,-62.31518509103067,318,-13.510139225413965,5731
NPAT,-92.16261415703352,215,-78.65174273113871,215,-13.510871425894805,5732
RNF152,-81.82308451334636,9,-68.31152258978949,9,-13.511561923556869,5733
ASPM,-73.13504836138557,17,-59.62299728393555,17,-13.512051077450025,5734
PIP5K1C,-136.03360026369813,186,-122.519043625042,186,-13.514556638656131,5735
ZBTB44,-86.85681167868681,688,-73.33404997892158,688,-13.522761699765226,5736
ZNF385B,-101.3552596247229,726,-87.82685136400964,726,-13.528408260713263,5737
GAN,-73.01088530294011,178,-59.46454802523838,178,-13.546337277701731,5738
COX7A2L,-121.18158167102365,1591,-107.63253609629115,1591,-13.549045574732503,5739
TAT-AS1,-75.86542567500362,27,-62.28036258838795,27,-13.58506308661567,5740
SNX20,-116.15047454833984,13,-102.56500068077675,13,-13.585473867563095,5741
RPL27A,-78.3270635949129,2133,-64.72845131167212,2133,-13.598612283240783,5742
NPIPB9,-92.4783935546875,2,-78.87224960327148,2,-13.606143951416016,5743
ZNF791,-75.18913158357452,386,-61.57557812626498,386,-13.613553457309543,5744
CHURC1,-99.94860046043824,890,-86.32743143660299,890,-13.62116902383525,5745
TCP11L2,-98.44516844976516,84,-84.8144424075172,84,-13.630726042247957,5746
ARAP1,-74.05306900555814,402,-60.40122370933419,402,-13.651845296223954,5747
LRRC25,-82.89451958151425,17,-69.24182645012351,17,-13.652693131390734,5748
SIDT2,-71.61681459008193,205,-57.95802485768388,205,-13.658789732398048,5749
GPSM2,-106.457749950352,134,-92.77947559641369,134,-13.678274353938306,5750
MIS12,-88.79045706612723,175,-75.10480499267578,175,-13.68565207345145,5751
C12orf56,-81.77773380279541,8,-68.08753395080566,8,-13.690199851989746,5752
ALDH16A1,-62.057453423215634,285,-48.33146856207597,285,-13.725984861139665,5753
ATPAF1,-131.297343157847,436,-117.56936785496703,436,-13.727975302879969,5754
CHD4,-86.61923117610995,1074,-72.89085554410626,1074,-13.72837563200369,5755
HIF1A,-84.25976158590878,799,-70.53114176572339,799,-13.728619820185386,5756
LINC00863,-118.14888431714928,46,-104.41777552729067,46,-13.73110878985861,5757
ZNF530,-91.52787941380551,19,-77.78141061883224,19,-13.746468794973268,5758
YIPF2,-107.9829916497152,741,-94.22863121907882,741,-13.754360430636382,5759
SLC25A35,-79.15399114636408,69,-65.39746613433395,69,-13.756525012030124,5760
NDUFAF7,-78.11149088541667,111,-64.35002961029878,111,-13.761461275117895,5761
NEXN,-79.54082826886858,70,-65.76609224591937,70,-13.774736022949213,5762
PRR5L,-128.62777027939305,66,-114.85147002249053,66,-13.776300256902516,5763
KCTD21-AS1,-78.37497767695675,27,-64.59815004136827,27,-13.776827635588475,5764
AGAP9,-117.82251507895333,56,-104.04137011936733,56,-13.781144959586001,5765
RNASE4,-78.42497408831561,108,-64.63303671942816,108,-13.791937368887446,5766
OLFML2B,-83.4883544921875,5,-69.69300689697266,5,-13.795347595214835,5767
MIR193BHG,-85.34395192464193,15,-71.5369644165039,15,-13.806987508138022,5768
BAG3,-89.18044692285802,755,-75.36934720475152,755,-13.811099718106504,5769
CATSPER2,-124.43415278196335,128,-110.6186318397522,128,-13.815520942211151,5770
TMEM254-AS1,-80.9155018733098,65,-67.08286801851713,65,-13.832633854792661,5771
NFASC,-102.43756713867188,5,-88.59394073486328,5,-13.8436264038086,5772
AKIRIN1,-83.93540265257107,653,-70.08532179150428,653,-13.850080861066786,5773
C1orf131,-97.65142270635933,343,-83.79063644631611,343,-13.860786260043213,5774
CSTF3,-82.12854571581516,379,-68.26606748475248,379,-13.862478231062681,5775
ZNF607,-80.99679902020623,34,-67.11731832167682,34,-13.879480698529406,5776
SMIM10L1,-92.76163983812519,510,-78.87349871467141,510,-13.888141123453778,5777
PGBD5,-103.85479106073794,23,-89.95578931725544,23,-13.8990017434825,5778
ZNF410,-76.74138980441623,9,-62.83962843153212,9,-13.90176137288411,5779
CKMT1B,-96.49725461473652,51,-82.58116643569049,51,-13.916088179046028,5780
SPTSSA,-82.15583757210894,1368,-68.23891276643987,1368,-13.916924805669069,5781
LAMB3,-133.62828934601555,758,-119.67523151085685,758,-13.953057835158702,5782
VSTM1,-82.45165252685547,1,-68.48451232910156,1,-13.967140197753906,5783
FAF1,-74.79348244300256,390,-60.79072023049379,390,-14.00276221250877,5784
OTUD7A,-113.11675470525569,11,-99.11214238947088,11,-14.004612315784811,5785
ATXN1L,-82.09893190800236,197,-68.09013513865204,197,-14.008796769350312,5786
KBTBD7,-94.85746392020344,274,-80.84596583791023,274,-14.011498082293215,5787
C2orf42,-67.4972840693959,57,-53.47783199109529,57,-14.01945207830061,5788
SVIP,-92.2840351990291,1120,-78.2427677835737,1120,-14.041267415455408,5789
PHLDB3,-68.56164778786145,87,-54.49607664963295,87,-14.0655711382285,5790
ERVK3-1,-94.25169022278216,159,-80.16697078680842,159,-14.084719435973739,5791
BTG2,-92.98637586050573,1289,-78.88551799339135,1289,-14.100857867114385,5792
DUSP11,-90.68112519796422,267,-76.5770510555653,267,-14.104074142398915,5793
MBD5,-94.7223398240946,177,-80.61444565940037,177,-14.10789416469423,5794
CWC22,-106.03625041986602,306,-91.92734432843775,306,-14.108906091428267,5795
TCL1A,-109.0598258972168,2,-94.93766021728516,2,-14.12216567993164,5796
PRKAB2,-82.56069323660313,87,-68.43649677846624,87,-14.124196458136893,5797
CLASP1,-71.40723670797145,282,-57.27807135615789,282,-14.129165351813562,5798
ABI3,-120.46211122211658,38,-106.32114591096577,38,-14.140965311150808,5799
FNBP1L,-78.25872421264648,534,-64.11686809411209,534,-14.141856118534392,5800
RASSF8,-92.34598339670073,246,-78.18369634364679,246,-14.162287053053944,5801
PTPN4,-83.28823521205358,350,-69.12367885044642,350,-14.164556361607154,5802
A2ML1,-89.93714396158855,6,-75.7712287902832,6,-14.165915171305343,5803
ZNF778,-74.64031560080392,112,-60.463358231953215,112,-14.176957368850701,5804
MEAF6,-87.1853134868301,1070,-72.99832073461229,1070,-14.186992752217805,5805
COG4,-62.214188294263664,227,-48.02001598543008,227,-14.194172308833586,5806
RPS6KL1,-98.1375633875529,48,-83.93152825037639,48,-14.206035137176514,5807
CMTM4,-76.2736667230868,313,-62.05637401056747,313,-14.217292712519338,5808
RPS8,-70.51145112224829,2140,-56.29170147013441,2140,-14.219749652113876,5809
ELAC2,-72.5728666713472,173,-58.32371774574236,173,-14.249148925604842,5810
KRT23,-105.65374927520752,80,-91.40192975997925,80,-14.251819515228263,5811
TMX1,-79.79346049780985,515,-65.53223750290361,515,-14.261222994906234,5812
ABHD13,-68.51089063136698,278,-54.23992082883986,278,-14.27096980252712,5813
RAB4A,-97.28196814435854,933,-82.9946931387195,933,-14.287275005639046,5814
CD3G,-98.5219979422433,35,-84.23163997105189,35,-14.290357971191412,5815
SDCCAG8,-81.625741874594,908,-67.33021419794024,908,-14.295527676653762,5816
AKT1S1,-85.96752920753782,427,-71.6601698649851,427,-14.30735934255273,5817
YLPM1,-90.75491087777274,420,-76.4472892397926,420,-14.307621637980148,5818
LINC00487,-111.52973175048828,3,-97.19026184082031,3,-14.339469909667969,5819
ST20,-61.230983089239345,349,-46.881088748702346,349,-14.349894340536999,5820
MFSD2B,-99.72799883390728,19,-85.37770963969983,19,-14.350289194207448,5821
MYO3A,-90.19934463500977,10,-75.843896484375,10,-14.355448150634771,5822
KCNA4,-107.47256011962891,5,-93.09986267089843,5,-14.372697448730477,5823
ZNF432,-82.87293825149536,80,-68.48118352890015,80,-14.39175472259521,5824
OTUB2,-98.82730865478516,31,-84.4305186117849,31,-14.396790043000252,5825
TRIP4,-75.29705952709506,161,-60.892092378983584,161,-14.404967148111474,5826
C2orf15,-100.7964257692036,76,-86.38337556939376,76,-14.413050199809831,5827
CAMKK2,-87.92703498541975,179,-73.50393173814486,179,-14.423103247274895,5828
SLC5A2,-113.5968640645345,36,-99.17284626430936,36,-14.424017800225144,5829
PTHLH,-125.5968599319458,8,-111.17139911651611,8,-14.425460815429688,5830
WDR54,-72.82664443338584,411,-58.395124226591015,411,-14.431520206794822,5831
ZNF547,-78.07278207632211,13,-63.631591796875,13,-14.441190279447113,5832
TPP1,-111.64231208943161,699,-97.19975421561703,699,-14.442557873814579,5833
DHX40,-91.8205491480806,446,-77.37565056839331,446,-14.44489857968729,5834
NEDD4,-89.57291096654431,58,-75.11473833281418,58,-14.458172633730129,5835
FBXO2,-107.77751157327664,326,-93.3141628803651,326,-14.463348692911538,5836
LINC01226,-131.77349853515625,1,-117.30257415771484,1,-14.470924377441406,5837
ENTPD5,-77.32003456589865,177,-62.84609315085546,177,-14.473941415043193,5838
TCERG1L-AS1,-108.00205557686942,7,-93.52255575997489,7,-14.479499816894531,5839
LNX2,-95.56053801143871,476,-81.07819746321991,476,-14.4823405482188,5840
LRIG2,-74.00841576283372,127,-59.520912891297826,127,-14.487502871535895,5841
ZNF302,-104.61319887715001,310,-90.11392359579763,310,-14.499275281352382,5842
MYZAP,-112.58919691002887,23,-98.07698556651239,23,-14.512211343516483,5843
EPC2,-105.15699740448689,221,-90.62460955451516,221,-14.532387849971727,5844
TAF1A-AS1,-91.2789716720581,40,-76.73748359680175,40,-14.541488075256353,5845
FUT4,-79.67607021331787,48,-65.10493818918864,48,-14.571132024129227,5846
KBTBD4,-94.85113965744941,149,-80.27379889776243,149,-14.577340759686976,5847
SPOPL,-72.47456234017598,291,-57.894974528309405,291,-14.579587811866574,5848
BCL2,-96.87211574207653,44,-82.29065999117765,44,-14.581455750898883,5849
BTRC,-80.8022539107526,122,-66.21098249466692,122,-14.591271416085675,5850
VAMP8,-67.86710225063491,2008,-53.26599388198549,2008,-14.601108368649427,5851
PCBD1,-126.10273986938756,1746,-111.49558876797916,1746,-14.607151101408405,5852
SOCS6,-92.11179708988033,267,-77.45988507217236,267,-14.651912017707971,5853
USP12,-94.46142370631007,478,-79.78854888852172,478,-14.672874817788355,5854
BAG5,-71.141397796552,387,-56.467449345946,387,-14.673948450605998,5855
ARL11,-79.19370536804199,20,-64.50779190063477,20,-14.685913467407218,5856
SLC38A11,-88.81674575805664,2,-74.11389541625977,2,-14.702850341796875,5857
SPRYD7,-77.16810405401536,324,-62.463980498137296,324,-14.704123555878063,5858
ZYG11A,-94.05943603515625,10,-79.33316116333008,10,-14.726274871826178,5859
NRL,-89.58861033121745,45,-74.85867123074001,45,-14.729939100477438,5860
POLR3C,-77.06639471719431,172,-62.33471865986669,172,-14.731676057327626,5861
PPP1R3C,-91.55859710693359,25,-76.81840667724609,25,-14.740190429687502,5862
NCLN,-81.94215019039991,410,-67.19561477288967,410,-14.746535417510245,5863
GZMM,-138.4341299533844,64,-123.68383407592773,64,-14.750295877456665,5864
TIMM10B,-100.94250298476801,410,-86.17851761608588,410,-14.763985368682128,5865
SMPD3,-71.13620178787797,54,-56.367716259426544,54,-14.768485528451421,5866
OGFOD3,-84.1517583641088,639,-69.36160089674877,639,-14.790157467360032,5867
AGAP14P,-111.28845977783205,1,-96.49657440185548,1,-14.791885375976562,5868
PAQR5,-93.228403919148,159,-78.43539131212535,159,-14.793012607022646,5869
CD8B,-93.19600524902344,25,-78.38708526611327,25,-14.808919982910169,5870
ZNF397,-84.84151099535278,257,-70.02183137886256,257,-14.81967961649022,5871
STXBP3,-84.33961925866468,318,-69.51884923491087,318,-14.82077002375381,5872
RECQL5,-94.97642652901055,191,-80.15337519620725,191,-14.823051332803303,5873
CCNDBP1,-119.03093093724337,723,-104.20491154460986,723,-14.826019392633512,5874
CALML3-AS1,-112.43904876708984,2,-97.61116027832031,2,-14.827888488769531,5875
CHRNA10,-111.28875485933744,65,-96.45762458214394,65,-14.831130277193509,5876
CCDC97,-89.15847508535639,263,-74.32152809752257,263,-14.836946987833812,5877
SBNO1,-62.36925313220046,434,-47.523389262537805,434,-14.845863869662658,5878
ZDHHC6,-106.07435164848964,384,-91.22006032864253,384,-14.854291319847107,5879
SLC35E3,-92.05683170404649,266,-77.20057818764134,266,-14.856253516405147,5880
ZNF781,-139.59072265625,5,-124.73035583496093,5,-14.860366821289062,5881
UXS1,-95.2376741287104,718,-80.35724142600567,718,-14.880432702704724,5882
UBAC2-AS1,-86.09790007273357,48,-71.2053329149882,48,-14.892567157745361,5883
STOML1,-73.54460917881556,140,-58.630878475734164,140,-14.913730703081399,5884
HYI-AS1,-93.40366719563802,15,-78.48431091308593,15,-14.919356282552087,5885
COMMD6,-70.97537204155705,1957,-56.03666821120647,1957,-14.938703830350583,5886
SLC25A28,-119.34268501156666,183,-104.38468291068989,183,-14.958002100876769,5887
GADD45A,-113.86993981622587,628,-98.89465593228674,628,-14.975283883939127,5888
PIGR,-115.93366876137713,1618,-100.94094913704286,1618,-14.99271962433427,5889
SPATA13,-87.61790592097894,279,-72.60552923824625,279,-15.012376682732693,5890
APLP2,-72.27791201796161,1971,-57.25547659112861,1971,-15.022435426832999,5891
PPP2R5A,-92.27656608730794,869,-77.25007375666681,869,-15.026492330641133,5892
C17orf100,-92.11971655124572,82,-77.09255795362519,82,-15.027158597620527,5893
LINC00940,-99.72713470458984,1,-84.69087982177734,1,-15.0362548828125,5894
SLC22A17,-114.5471851861299,67,-99.4973278899691,67,-15.049857296160795,5895
TMEM200C,-103.8642074584961,5,-88.80623016357421,5,-15.057977294921884,5896
ACY3,-87.85056082407634,24,-72.79110463460286,24,-15.05945618947348,5897
BORA,-79.93175708546357,34,-64.87049899381749,34,-15.061258091646081,5898
SPACA4,-101.03646087646484,1,-85.97367095947266,1,-15.062789916992188,5899
RGPD6,-99.67494201660156,1,-84.59696960449219,1,-15.077972412109375,5900
GPR137C,-90.94596862792969,18,-75.85908296373155,18,-15.086885664198135,5901
RBM15,-104.20462107658386,128,-89.11462825536728,128,-15.089992821216583,5902
GCNT3,-125.50536483902115,111,-110.41242114917652,111,-15.092943689844631,5903
PSD4,-89.30548730227027,303,-74.20063205127275,303,-15.104855250997517,5904
LINC00668,-89.98644002278645,3,-74.87820943196614,3,-15.108230590820312,5905
ZNF648,-127.48656463623048,1,-112.3783187866211,1,-15.10824584960939,5906
KEAP1,-64.75941537747717,471,-49.62766210794955,471,-15.131753269527621,5907
OIP5,-67.7313478257921,18,-52.572752210828995,18,-15.158595614963104,5908
ZNF606,-75.5826850786601,73,-60.41340882810828,73,-15.169276250551825,5909
MCFD2,-95.43716524007466,801,-80.26468583201053,801,-15.172479408064135,5910
MRPL30,-77.21804877689907,224,-62.02659618854523,224,-15.19145258835384,5911
PSMB5,-109.11531400497002,1299,-93.89388139473648,1299,-15.221432610233535,5912
MS4A18,-114.84778594970705,1,-99.60449981689452,1,-15.243286132812528,5913
TTC7A,-95.22608138171867,229,-79.97075793003931,229,-15.25532345167936,5914
GREM1,-86.37156880696615,15,-71.10545756022135,15,-15.2661112467448,5915
SIRT4,-82.92538986206054,30,-67.65684432983399,30,-15.268545532226554,5916
STIP1,-67.95722742027608,539,-52.677343258831186,539,-15.279884161444897,5917
ZNF101,-70.84236310875934,46,-55.56098465297533,46,-15.281378455784015,5918
NBEA,-122.32943972883554,145,-107.02459643133756,145,-15.304843297497982,5919
SPAG7,-133.1315270261281,868,-117.82517784751505,868,-15.306349178613061,5920
LRRC8C,-109.80841286399148,55,-94.49566941694779,55,-15.312743447043687,5921
TMEM82,-95.71778106689452,1,-80.38690948486328,1,-15.330871582031236,5922
LINC01435,-151.88936614990234,4,-136.54251098632812,4,-15.346855163574219,5923
ABCA8,-141.6368260383606,32,-126.27980875968933,32,-15.357017278671265,5924
TPT1-AS1,-106.1751615004106,220,-90.78278607455167,220,-15.39237542585893,5925
ZNF616,-95.29648001988728,48,-79.89982986450195,48,-15.39665015538533,5926
GIPC2,-93.68202859384043,27,-78.27836015489366,27,-15.403668438946767,5927
UBC,-77.77548710108366,2123,-62.35936436808115,2123,-15.416122733002503,5928
FAM24B,-92.13115271969119,69,-76.69484069381934,69,-15.436312025871842,5929
SAP30BP,-72.63393545485145,713,-57.186673767603466,713,-15.447261687247988,5930
TMEM258,-73.6285393288795,1880,-58.18041270032842,1880,-15.44812662855108,5931
MYOF,-92.95182432648319,745,-77.49314033457097,745,-15.458683991912224,5932
ACSM1,-141.75765908730997,37,-126.29602298221073,37,-15.461636105099245,5933
CDRT4,-109.68090184529622,6,-94.214599609375,6,-15.46630223592122,5934
CD209,-106.24623107910156,2,-90.7780532836914,2,-15.468177795410156,5935
EFCAB14,-81.39677464759956,944,-65.92730082495738,944,-15.469473822642172,5936
RMDN3,-78.83667180507997,474,-63.365697257126435,474,-15.470974547953539,5937
ALG6,-91.13779582674542,126,-75.65658811538938,126,-15.481207711356035,5938
FAM110D,-87.90724182128906,2,-72.42584991455078,2,-15.481391906738281,5939
USP28,-77.78168616087541,184,-62.27608218400375,184,-15.505603976871662,5940
B4GALNT3,-87.58578353389618,310,-72.0670511799474,310,-15.518732353948778,5941
ZNF440,-87.0713618797592,158,-71.55249366277381,158,-15.518868216985382,5942
FANCF,-93.24158243752696,163,-77.7132009026463,163,-15.528381534880651,5943
PLEKHJ1,-89.81402976686915,781,-74.26496976102665,781,-15.549060005842506,5944
MFSD13A,-76.82643839138657,268,-61.271227950480444,268,-15.55521044090613,5945
ITGB1,-78.48523096131885,1210,-62.92178020004398,1210,-15.563450761274865,5946
LENG8-AS1,-98.41140441894531,10,-82.84631423950195,10,-15.56509017944336,5947
UBE2Q1-AS1,-133.63262939453125,1,-118.0626983642578,1,-15.569931030273452,5948
PROKR1,-101.60426330566406,1,-86.02473449707031,1,-15.57952880859375,5949
NEIL1,-91.70331971139619,330,-76.1216628334739,330,-15.581656877922285,5950
ATG4C,-72.5606674194336,140,-56.97629149300712,140,-15.584375926426482,5951
LAMTOR1,-98.5334972691584,1489,-82.94690882142876,1489,-15.586588447729639,5952
CKMT1A,-96.54159413851224,52,-80.95192879896898,52,-15.58966533954326,5953
NID1,-90.37177429199218,10,-74.7765724182129,10,-15.595201873779288,5954
ATRAID,-69.69435986805757,1559,-54.09170576515222,1559,-15.602654102905355,5955
GOLPH3L,-120.67991901774263,466,-105.06697945328742,466,-15.612939564455218,5956
CEBPE,-117.74405161539714,3,-102.1301752726237,3,-15.613876342773438,5957
ARCN1,-87.71974807395074,665,-72.10281907848845,665,-15.616928995462288,5958
CNTROB,-118.10523402934172,196,-102.45395271145567,196,-15.651281317886045,5959
PCGF1,-91.8809093074576,257,-76.22788496796723,257,-15.653024339490372,5960
LBR,-110.66325879096985,352,-95.00535869598389,352,-15.657900094985962,5961
ZNF563,-89.76676854779643,62,-74.10071612942603,62,-15.666052418370398,5962
EPG5,-82.87691842651367,250,-67.19518344116211,250,-15.681734985351554,5963
MRPL42,-80.53627325417987,853,-64.85385471715178,853,-15.682418537028099,5964
MTMR10,-86.90846786499023,170,-71.21684485042796,170,-15.691623014562268,5965
CERS2,-69.18923879160663,1117,-53.49340825093678,1117,-15.695830540669846,5966
PSMD12,-64.40158847499222,653,-48.70062969727684,653,-15.700958777715385,5967
DDX23,-85.6993973397801,468,-69.99144930717273,468,-15.707948032607376,5968
PPME1,-98.21728127860393,303,-82.50672338504603,303,-15.710557893557905,5969
SASS6,-96.74273406982422,100,-81.02960067749024,100,-15.713133392333987,5970
BATF2,-123.7663109820822,69,-108.0529628145522,69,-15.71334816753,5971
SRRM1,-91.52721158884663,1401,-75.80631366650773,1401,-15.720897922338892,5972
LIN37,-98.9617202758789,20,-83.23620834350587,20,-15.725511932373038,5973
ETHE1,-72.57755594591514,649,-56.85058821221162,649,-15.726967733703518,5974
SCAPER,-69.45022539307223,419,-53.71968599378636,419,-15.730539399285874,5975
LAMA3,-92.19263473409691,151,-76.46038242365351,151,-15.7322523104434,5976
DCLRE1A,-85.23541504482053,53,-69.50199990902307,53,-15.733415135797458,5977
ZNF843,-88.87682560511998,7,-73.14002990722656,7,-15.736795697893413,5978
WBP1L,-89.96413163735834,355,-74.22568623717402,355,-15.738445400184318,5979
FANCM,-103.55854853188119,41,-87.81031799316406,41,-15.748230538717124,5980
ZNF695,-77.78025309244792,6,-62.02407201131185,6,-15.75618108113607,5981
TTC17,-77.77880898689111,621,-61.98410875133078,621,-15.794700235560327,5982
COX14,-98.88929111153739,1750,-83.09158688790457,1750,-15.79770422363282,5983
CEP55,-83.20970512838925,17,-67.39850122788373,17,-15.811203900505518,5984
KITLG,-82.24274553807852,461,-66.41819510801237,461,-15.824550430066154,5985
UBE3B,-73.18206129656727,311,-57.34032294221247,311,-15.841738354354803,5986
KCNC3,-99.8108455773556,99,-83.96382965704407,99,-15.84701592031152,5987
TMEM150A,-80.0698400330775,412,-64.19928263692023,412,-15.870557396157267,5988
ACCS,-101.27894467320935,116,-85.40458705507476,116,-15.874357618134596,5989
TGDS,-73.86707439192806,166,-57.99232287579272,166,-15.874751516135333,5990
NPFF,-91.57619094848633,2,-75.69876480102539,2,-15.877426147460938,5991
SOAT1,-78.75002860211312,470,-62.86699861567071,470,-15.88302998644241,5992
CARS2,-117.4306520966411,329,-101.54582014924488,329,-15.884831947396222,5993
DNAH14,-105.63744292596374,198,-89.74961120913727,198,-15.887831716826469,5994
MBTPS1,-74.31484908368213,664,-58.41792984468391,664,-15.896919238998223,5995
SLC7A7,-82.06567232949394,112,-66.15673092433384,112,-15.908941405160093,5996
PDIA3,-81.66338473251186,1552,-65.73492651624778,1552,-15.928458216264076,5997
ZFAND6,-78.05759231490318,1188,-62.12493944328642,1188,-15.932652871616753,5998
MSANTD4,-112.67195715493713,151,-96.72229458638374,151,-15.949662568553393,5999
CAP1,-77.47272370741102,1125,-61.51277094523112,1125,-15.959952762179903,6000
TWF1,-107.74971161461234,533,-91.78202009648365,533,-15.967691518128689,6001
ACP1,-109.70501240398023,1283,-93.73556406759974,1283,-15.969448336380495,6002
CCDC93,-81.95580493702607,204,-65.98295032276826,204,-15.972854614257812,6003
C15orf40,-104.13694696715383,528,-88.1476663531679,528,-15.989280613985926,6004
RNF212B,-113.6546039581299,4,-97.62536239624023,4,-16.029241561889663,6005
VPS45,-114.62826934951303,223,-98.5924300121085,223,-16.03583933740454,6006
RSL24D1,-117.77451984860186,1183,-101.72237184706727,1183,-16.05214800153459,6007
HOMER2,-69.44891661079369,201,-53.38688120675917,201,-16.062035404034518,6008
NRAS,-133.35067513931628,344,-117.28477684287138,344,-16.0658982964449,6009
ATF7,-64.09370226141966,591,-48.024002255925474,591,-16.06970000549419,6010
AATF,-106.00722867290267,449,-89.93674644011432,449,-16.07048223278835,6011
IQCK,-151.4999859104668,261,-135.41412590289937,261,-16.08586000756742,6012
TLK2,-80.94502452775544,408,-64.8550417843987,408,-16.089982743356742,6013
TM7SF2,-114.92318617190168,915,-98.82852293754536,915,-16.094663234356318,6014
NAV3,-125.89653778076172,1,-109.80133056640624,1,-16.095207214355483,6015
NR5A2,-120.0126953125,2,-103.91106033325195,2,-16.101634979248047,6016
GMFB,-108.714948419939,342,-92.60919669078804,342,-16.105751729150967,6017
DDX25,-108.1070785522461,3,-92.00021107991536,3,-16.106867472330734,6018
ANKRD11,-82.7640728880032,1015,-66.65023851817465,1015,-16.113834369828552,6019
INTS2,-83.2232288408883,158,-67.09505998635593,158,-16.128168854532362,6020
EPS15,-104.15061486851086,528,-88.01125351587932,528,-16.13936135263154,6021
KIF1B,-76.79390985398065,420,-60.6458156313215,420,-16.148094222659154,6022
SDR42E2,-123.46149843389338,44,-107.30558412725276,44,-16.155914306640625,6023
SPNS3,-103.50108125474718,18,-87.3227144877116,18,-16.178366767035584,6024
SLC25A19,-64.69408638160546,143,-48.512482142948606,143,-16.181604238656853,6025
CCDC15,-133.14415413992745,42,-116.94691939581008,42,-16.197234744117367,6026
PINK1-AS,-125.97229532095102,13,-109.77005063570462,13,-16.2022446852464,6027
PBLD,-122.69961431075116,98,-106.49338920748964,98,-16.206225103261517,6028
LINC00987,-128.1662940979004,4,-111.95876693725586,4,-16.20752716064453,6029
AGAP5,-112.22470962792111,57,-96.01298522949219,57,-16.211724398428927,6030
CYGB,-102.6875675085819,99,-86.47125837537978,99,-16.21630913320213,6031
DNAAF3,-67.59794731389464,153,-51.369269875919116,153,-16.22867743797552,6032
CEP68,-93.11682457147643,172,-76.88405112333076,172,-16.232773448145664,6033
ZNF28,-72.16200761537294,148,-55.926647985303724,148,-16.23535963006922,6034
GOLT1B,-99.7437509632392,339,-83.50667792576253,339,-16.237073037476662,6035
PANK1,-96.61276829242706,64,-80.37528216838837,64,-16.237486124038696,6036
SPPL2A,-80.11202746909737,745,-63.86820348957241,745,-16.24382397952496,6037
EIF5B,-104.79436989378131,1254,-88.54628791383199,1254,-16.24808197994932,6038
LIPT1,-102.6521922998261,114,-86.38489673012181,114,-16.267295569704288,6039
ATAD3B,-100.93908643157114,253,-84.6653208374506,253,-16.273765594120547,6040
TCEANC2,-81.61533832550049,96,-65.33225266138713,96,-16.283085664113358,6041
ZNF326,-105.03642827207202,457,-88.74545949188834,457,-16.290968780183675,6042
RACGAP1,-83.22028458118439,64,-66.92816370725632,64,-16.29212087392807,6043
MIA,-109.99542236328125,10,-93.67080459594726,10,-16.32461776733399,6044
SEC23A,-85.04392819741057,411,-68.69585420557472,411,-16.348073991835847,6045
CNNM2,-70.02173364942318,107,-53.6705200337918,107,-16.35121361563138,6046
COA4,-89.67506794270993,1021,-73.3042469304876,1021,-16.370821012222336,6047
PI4KB,-87.53123751025514,394,-71.15823058307474,394,-16.3730069271804,6048
ZNF214,-91.66999053955078,39,-75.2968748043745,39,-16.373115735176285,6049
FRY,-75.25615076739673,393,-58.87696956799534,393,-16.379181199401394,6050
SERBP1,-94.27294267095431,1573,-77.88752340618699,1573,-16.38541926476732,6051
LHX4,-95.60262603759766,5,-79.19475860595703,5,-16.407867431640625,6052
NPC2,-116.31101768187281,2042,-99.89809717370761,2042,-16.4129205081652,6053
LTBP1,-88.57980338814332,97,-72.13613773621235,97,-16.44366565193097,6054
MYO5B,-93.16958061854045,288,-76.72332212660048,288,-16.44625849193997,6055
ZNF670-ZNF695,-86.39299774169922,1,-69.94029998779297,1,-16.45269775390625,6056
PNPLA6,-87.5929080343115,363,-71.13365219578598,363,-16.45925583852552,6057
THY1,-97.2401491800944,6,-80.76865514119466,6,-16.47149403889975,6058
ISL2,-82.77689361572266,3,-66.29083251953125,3,-16.486061096191406,6059
ACAA2,-80.56337590964444,581,-64.0644731505192,581,-16.49890275912523,6060
GH2,-82.79034423828125,1,-66.27291870117188,1,-16.517425537109375,6061
LCLAT1,-75.4805027268688,161,-58.938586833314126,161,-16.54191589355468,6062
ZYG11B,-94.63504112623015,362,-78.03562815545014,362,-16.59941297078001,6063
KAT6B,-118.12985369499694,376,-101.51804926040325,376,-16.611804434593694,6064
RCOR1,-112.32337754671691,488,-95.69586320783272,488,-16.627514338884197,6065
PHTF1,-75.55674800166378,270,-58.926536051432294,270,-16.630211950231484,6066
ODF3L2,-103.28197479248048,2,-86.62604522705078,2,-16.6559295654297,6067
SLC46A3,-71.1987794403337,117,-54.53981435400808,117,-16.658965086325615,6068
CCDC88A,-81.24465607259876,107,-64.58099846527955,107,-16.66365760731921,6069
SPRR2G,-190.32679239908853,3,-173.66100565592447,3,-16.665786743164062,6070
EMSY,-83.9702332342556,229,-67.2992112272171,229,-16.671022007038502,6071
MBP,-114.37449591314426,586,-97.69216213291415,586,-16.68233378023011,6072
MXRA7,-92.607156186249,427,-75.91978835166199,427,-16.687367834587008,6073
ZNF670,-86.99538010817308,52,-70.30771196805514,52,-16.687668140117935,6074
YY1,-81.11855399332333,1165,-64.4251687274982,1165,-16.69338526582513,6075
LINC01233,-120.69164276123047,2,-103.99113845825195,2,-16.700504302978516,6076
SCEL,-117.75628503347409,346,-101.05498908158671,346,-16.701295951887374,6077
SDE2,-85.22595851522097,284,-68.5035475341367,284,-16.722410981084266,6078
LINC01305,-81.84037399291992,4,-65.11338520050049,4,-16.726988792419434,6079
RUVBL2,-112.05965321360071,612,-95.3290500142216,612,-16.730603199379118,6080
BUB1,-101.11806820600461,39,-84.38189638577975,39,-16.736171820224854,6081
EIF5AL1,-143.2512724052355,103,-126.51225043731986,103,-16.739021967915647,6082
SDHAF2,-77.44687972712208,541,-60.70512104563264,541,-16.741758681489443,6083
ZNF587,-95.37709376851066,122,-78.61966874169522,122,-16.75742502681544,6084
ZNF747,-71.18746064201234,126,-54.415839482867526,126,-16.771621159144814,6085
RCBTB2,-95.50252822349812,58,-78.7265994631011,58,-16.775928760397022,6086
BLNK,-145.44610286403346,148,-128.6577489182756,148,-16.788353945757876,6087
DIAPH3,-99.63764632375617,19,-82.83863268400493,19,-16.799013639751237,6088
UFC1,-83.23362786112638,1549,-66.42030830210913,1549,-16.813319559017245,6089
USP3-AS1,-85.24501079983182,18,-68.42154100206163,18,-16.823469797770187,6090
TMEM262,-99.90922164916992,4,-83.08468627929688,4,-16.824535369873047,6091
ATP2B4,-86.19279880870472,550,-69.34946295998313,550,-16.843335848721594,6092
NFKBIA,-93.00190541749188,1924,-76.13954088445017,1924,-16.862364533041713,6093
RTCA-AS1,-87.18551381429036,9,-70.30471547444661,9,-16.88079833984375,6094
HAPLN2,-85.29608917236328,1,-68.41230773925781,1,-16.88378143310547,6095
MAML2,-83.31668310108299,334,-66.4315615785336,334,-16.885121522549383,6096
ERLIN1,-96.2887439937382,182,-79.39792394114065,182,-16.890820052597547,6097
FBXO31,-86.13572823288094,117,-69.23439247587807,117,-16.90133575700287,6098
ZNF75A,-77.35306617056969,202,-60.44299516583433,202,-16.910071004735357,6099
EMILIN2,-90.32073385408609,101,-73.39387255375928,101,-16.926861300326806,6100
SPON1,-109.55327241317086,23,-92.60525744894277,23,-16.948014964228094,6101
SRGAP2C,-88.11773646036784,150,-71.16649154663087,150,-16.95124491373697,6102
ARRDC5,-97.89640045166016,2,-80.94335174560547,2,-16.953048706054688,6103
NRBF2,-75.91530859574027,460,-58.940563765816066,460,-16.974744829924205,6104
EDC3,-111.3000996721922,137,-94.31503418414262,137,-16.985065488049585,6105
ESRRG,-111.81667819265591,59,-94.83066662287308,59,-16.986011569782832,6106
DHX57,-77.8519034249442,175,-60.840152457101006,175,-17.01175096784319,6107
MCEE,-87.56678833431668,360,-70.5322421391805,360,-17.034546195136187,6108
RAB2B,-74.71534257524469,267,-57.663273314858195,267,-17.052069260386496,6109
ANAPC16,-62.41969383523819,1880,-45.36753896550929,1880,-17.052154869728902,6110
TRMT5,-109.08741752137529,94,-92.01740273008956,94,-17.07001479128573,6111
ARHGAP28,-104.89195378621419,18,-87.80210622151692,18,-17.089847564697266,6112
PSAP,-73.42908018347335,1825,-56.338519464780205,1825,-17.09056071869314,6113
MYBPHL,-129.85484999197502,108,-112.75392165007415,108,-17.100928341900868,6114
WNT2B,-95.62022337621572,49,-78.51131610481106,49,-17.10890727140466,6115
EFCAB2,-79.76234209900748,361,-62.641134985926406,361,-17.121207113081077,6116
ZNF512,-178.67483195852725,141,-161.55062671417886,141,-17.12420524434839,6117
RPL26,-75.29538816355193,2147,-58.168575384586866,2147,-17.126812778965068,6118
CASZ1,-109.02058150920462,470,-91.87409057617188,470,-17.146490933032737,6119
UBR4,-79.86601330389689,449,-62.68842829680921,449,-17.177585007087686,6120
HSF5,-100.63141632080078,1,-83.45056915283203,1,-17.18084716796875,6121
RELA,-69.32112060606363,513,-52.13071816427666,513,-17.190402441786972,6122
AGAP2,-105.61647627088759,9,-88.42066192626953,9,-17.195814344618057,6123
AUNIP,-79.89602279663086,2,-62.6958122253418,2,-17.200210571289062,6124
RTTN,-117.76283278031782,55,-100.55442255193537,55,-17.208410228382448,6125
BEST4,-114.91576368543836,45,-97.70649770100911,45,-17.20926598442925,6126
TSPAN2,-92.19571728176541,36,-74.98260137769911,36,-17.2131159040663,6127
CXCR5,-98.44017283121745,3,-81.21576690673828,3,-17.22440592447917,6128
IGHV3-21,-142.43653869628906,2,-125.20619583129883,2,-17.230342864990234,6129
GABARAPL2,-70.19539731373719,1688,-52.9551102086831,1688,-17.240287105054087,6130
DMRTC2,-98.43024444580078,1,-81.18110656738281,1,-17.24913787841797,6131
VASH2,-95.25541008843317,18,-78.00467300415039,18,-17.250737084282775,6132
CNPY2,-86.4669504514725,1366,-69.21579516789225,1366,-17.251155283580246,6133
KIAA1614-AS1,-99.51151553067294,11,-82.24341652610086,11,-17.26809900457208,6134
CMTM2,-109.75132751464844,3,-92.4806416829427,3,-17.270685831705734,6135
MED8,-77.52293171506446,469,-60.229896455939645,469,-17.293035259124814,6136
HERPUD1,-74.47594788828727,1413,-57.18126424693589,1413,-17.294683641351376,6137
LINC00941,-116.51025899251302,3,-99.21389516194661,3,-17.296363830566406,6138
CTCF,-76.15854883341598,323,-58.861209715852056,323,-17.297339117563922,6139
POGK,-86.87043931951933,418,-69.56247293207635,418,-17.30796638744299,6140
HPS5,-74.56964237173808,194,-57.25318566548456,194,-17.316456706253526,6141
TNFRSF11A,-101.67196574964021,38,-84.3523093775699,38,-17.319656372070312,6142
SIGLEC12,-119.88620480624112,11,-102.56331218372692,11,-17.322892622514203,6143
NANOG,-86.3066572709517,11,-68.96553733132102,11,-17.341119939630687,6144
PRDM4,-88.06430413257117,174,-70.7111245517073,174,-17.353179580863866,6145
VAV1,-123.13042485163761,65,-105.76819950984074,65,-17.362225341796872,6146
IL2RA,-91.8102035522461,3,-74.44254048665364,3,-17.367663065592453,6147
PEX11A,-87.673948434683,130,-70.28693413367638,130,-17.387014301006616,6148
PLEKHG3,-94.13463665457333,136,-76.74673332887538,136,-17.38790332569795,6149
MYBPC3,-80.65902328491211,4,-63.25863456726074,4,-17.400388717651367,6150
TGFB2-AS1,-112.70652601453993,9,-95.30308617485895,9,-17.403439839680985,6151
DNAI2,-86.34198716849335,121,-68.93827063190051,121,-17.40371653659284,6152
TIGD3,-100.89078756479117,13,-83.4870118361253,13,-17.403775728665863,6153
WDR73,-93.38665586969127,368,-75.98013027854587,368,-17.406525591145396,6154
TSPAN1,-148.66560592448997,754,-131.25721432106565,754,-17.40839160342432,6155
ANAPC15,-95.61440508528268,689,-78.19970938982915,689,-17.41469569545353,6156
LINC00923,-128.40843200683594,1,-110.9885025024414,1,-17.41992950439453,6157
P4HA1,-79.88404080441863,543,-62.447250949304625,543,-17.436789855114007,6158
UBL7,-84.94747588496364,397,-67.50871661207839,397,-17.43875927288525,6159
LINC00924,-106.1642074584961,2,-88.72068786621094,2,-17.443519592285156,6160
LRG1,-100.5789214995226,494,-83.13375235183037,494,-17.445169147692226,6161
GOT1,-86.97172844071105,387,-69.52008638209459,387,-17.451642058616457,6162
LILRA1,-133.94471740722656,1,-116.48471069335938,1,-17.460006713867188,6163
PGAP3,-109.51684530752676,270,-92.05281914605035,270,-17.46402616147641,6164
LINC01352,-109.80615425109863,8,-92.33312511444092,8,-17.473029136657715,6165
FH,-128.67294674196106,345,-111.19734430727752,345,-17.475602434683537,6166
CEP295NL,-90.02969360351562,1,-72.55125427246094,1,-17.478439331054688,6167
ECHDC2,-74.19366312835176,885,-56.71044002037264,885,-17.48322310797912,6168
DBF4B,-115.16208012898763,24,-97.66404819488525,24,-17.49803193410237,6169
SLC15A3,-95.66328532983225,141,-78.15994782143451,141,-17.503337508397735,6170
ATL1,-97.91883102888913,97,-80.41042846994301,97,-17.508402558946116,6171
CCT2,-77.83982970456043,830,-60.3301235934338,830,-17.509706111126633,6172
ZNF524,-114.65895692870647,547,-97.14238525613789,547,-17.51657167256859,6173
JUN,-93.06520912631247,2086,-75.54338259527805,2086,-17.52182653103442,6174
ZDHHC1,-80.63792111638278,233,-63.10107364572681,233,-17.536847470655978,6175
CYLD,-75.9634734994114,404,-58.42304285446016,404,-17.54043064495125,6176
SDHC,-84.00177043647206,1226,-66.40673787053218,1226,-17.595032565939874,6177
EPSTI1,-104.92553781498374,173,-87.324839068286,173,-17.600698746697745,6178
LMAN2L,-79.76863990733825,153,-62.16717327342314,153,-17.601466633915116,6179
PNMA1,-112.05672657743413,188,-94.43143032966776,188,-17.62529624776637,6180
MAP4K5,-96.15314214254163,388,-78.52039504297001,388,-17.632747099571617,6181
PNKP,-81.66966551398814,457,-64.02389631542648,457,-17.645769198561652,6182
DLGAP1,-86.78910110473633,100,-69.12091186523438,100,-17.668189239501956,6183
VCL,-92.68269524994481,522,-75.00998275581448,522,-17.672712494130337,6184
CFAP57,-99.08914179415316,148,-81.40444394704458,148,-17.68469784710858,6185
PDK1,-101.00285264423916,112,-83.31228637695312,112,-17.69056626728603,6186
ACTC1,-121.11023712158205,1,-103.40633392333984,1,-17.7039031982422,6187
EIF2AK3,-94.44580557180005,172,-76.73890654985294,172,-17.70689902194711,6188
LCMT2,-108.84756425498189,69,-91.13001593990603,69,-17.71754831507586,6189
GPR37L1,-109.13027106391058,9,-91.40140872531467,9,-17.728862338595917,6190
ANKFY1,-84.28726262516446,288,-66.55445553196802,288,-17.732807093196442,6191
ANXA4,-92.3917151847895,1370,-74.65659813428447,1370,-17.73511705050504,6192
ITPRIPL1,-98.42593841552734,10,-80.6815071105957,10,-17.744431304931638,6193
KLHL20,-103.04344843474912,355,-85.29129462443606,355,-17.75215381031306,6194
SLC39A9,-79.98116516679733,431,-62.212570031115185,431,-17.76859513568214,6195
ANTXRL,-98.2421875,1,-80.46637725830078,1,-17.77581024169922,6196
APIP,-80.63484254048458,491,-62.84390276658316,491,-17.79093977390142,6197
ZNF699,-75.03347954383263,13,-57.23224463829627,13,-17.801234905536354,6198
SNRPF,-96.78082246571839,1509,-78.97464844720739,1509,-17.806174018511,6199
C14orf28,-80.79760405596565,102,-62.989372590008905,102,-17.808231465956744,6200
HTR2A,-121.01952489217122,6,-103.19868087768555,6,-17.820844014485672,6201
ANKRD53,-102.30387184836648,11,-84.47759871049361,11,-17.826273137872874,6202
IZUMO2,-89.5571346282959,16,-71.72309494018555,16,-17.83403968811035,6203
CTR9,-89.24323546456176,471,-71.3970481726774,471,-17.846187291884362,6204
ZNF154,-68.84306880405971,7,-50.985800061907085,7,-17.857268742152627,6205
TBX2,-123.85902976989746,12,-105.96947034200032,12,-17.88955942789714,6206
SZT2,-108.27637481689453,142,-90.3729950810822,142,-17.903379735812337,6207
EIF2B4,-85.65216827392578,300,-67.74059997558594,300,-17.911568298339844,6208
UCN3,-106.08142164276867,41,-88.15588043957221,41,-17.92554120319646,6209
SAA2,-123.14553701877594,128,-105.20803844928741,128,-17.937498569488525,6210
ALK,-100.04473114013672,1,-82.10087585449219,1,-17.94385528564453,6211
SEMA4A,-84.20407831205739,695,-66.25664269975621,695,-17.947435612301177,6212
RHOQ,-89.39148224231809,344,-71.4329553648483,344,-17.958526877469794,6213
LRRC46,-65.34643017515845,196,-47.36412250752352,196,-17.982307667634927,6214
ZNF568,-86.81665585835775,60,-68.82609825134277,60,-17.990557607014978,6215
HEXA-AS1,-92.1825942993164,4,-74.17855834960938,4,-18.00403594970703,6216
KLHDC2,-64.80157499701359,934,-46.78988939893833,934,-18.01168559807526,6217
TMEM41B,-69.49831757781628,949,-51.482835353614156,949,-18.015482224202124,6218
ZNF124,-99.52196738299202,68,-81.50182421067181,68,-18.020143172320203,6219
BROX,-87.26098510261596,635,-69.23117065429688,635,-18.029814448319087,6220
TP53TG3D,-117.66715240478516,3,-99.63679504394531,3,-18.030357360839844,6221
ZNF580,-74.0062312897021,626,-55.96391575481183,626,-18.04231553489027,6222
LINC00339,-96.35632339788943,49,-78.3119840038066,49,-18.044339394082826,6223
DCTN2,-92.02346813317502,660,-73.97248552495783,660,-18.050982608217183,6224
FAAH,-110.45948059418622,272,-92.38429024640251,272,-18.075190347783703,6225
LINC01133,-85.14278239124226,53,-67.06736712185841,53,-18.075415269383853,6226
LRRC18,-130.9882524278429,45,-112.90960388183593,45,-18.07864854600696,6227
PATL2,-86.63451160084118,44,-68.53776567632502,44,-18.096745924516156,6228
VSNL1,-90.09024047851562,1,-71.9933090209961,1,-18.09693145751953,6229
MAPK7,-98.07224420104365,99,-79.97404233373777,99,-18.098201867305875,6230
CTSG,-131.1101828681098,9,-113.00469546847873,9,-18.105487399631073,6231
ASPSCR1,-92.52415299290325,571,-74.41432097747322,571,-18.10983201543003,6232
DPEP1,-111.8390884399414,2,-93.71116638183594,2,-18.12792205810547,6233
ZNF415,-100.46575118556167,33,-82.32847294662938,33,-18.137278238932296,6234
CNDP1,-137.75314331054688,3,-119.5898946126302,3,-18.16324869791667,6235
NAA38,-105.15618182751106,1566,-86.98880252862494,1566,-18.167379298886118,6236
VPS36,-72.40218935322807,523,-54.2236652410737,523,-18.17852411215437,6237
DPH5,-105.66094702643318,333,-87.47966718244123,333,-18.181279843991945,6238
SEC14L1,-68.07225424344422,366,-49.89015563589628,366,-18.182098607547942,6239
GAS6,-88.62985182149883,419,-70.4448273142084,419,-18.185024507290436,6240
DNMBP,-80.93181066455955,167,-62.73462704412952,167,-18.19718362043003,6241
RPAIN,-55.963642428535564,916,-37.761406407085566,916,-18.20223602145,6242
SIRT3,-87.41256588406033,225,-69.1975882297092,225,-18.21497765435113,6243
VPS29,-74.61485605921064,1120,-56.39812195982252,1120,-18.21673409938812,6244
SHF,-91.89557933807373,104,-73.65308218735915,104,-18.242497150714584,6245
L2HGDH,-73.4906329313914,96,-55.244672218958534,96,-18.24596071243287,6246
SHCBP1,-102.6255126953125,10,-84.3756088256836,10,-18.249903869628895,6247
SCGB2B2,-78.23381805419922,1,-59.97689056396485,1,-18.256927490234368,6248
ALKBH2,-97.84597296084998,212,-79.56362493982854,212,-18.282348021021434,6249
PYM1,-125.4396359638103,515,-107.14497080682551,515,-18.29466515698479,6250
DPY19L2,-122.5849944750468,48,-104.28941265741985,48,-18.295581817626953,6251
UAP1,-92.46660593128051,621,-74.15280787764348,621,-18.31379805363703,6252
RNF17,-74.28080749511719,1,-55.96405029296875,1,-18.316757202148438,6253
KATNAL1,-90.29980047543843,96,-71.97972838083903,96,-18.320072094599396,6254
ILK,-99.0639901517831,722,-80.73902888839595,722,-18.324961263387152,6255
CCDC89,-119.01576919555664,10,-100.68925094604492,10,-18.32651824951172,6256
SNHG9,-96.8820297188229,576,-78.52625743548076,576,-18.355772283342148,6257
ALG14,-89.73656306547277,272,-71.37625234267291,272,-18.360310722799852,6258
DHX38,-78.39064884185791,296,-60.029295612025905,296,-18.361353229832005,6259
NBPF12,-87.8280610635247,142,-69.45783308861961,142,-18.37022797490509,6260
PARP16,-145.73724873860678,105,-127.36351681663876,105,-18.373731921968016,6261
KLRD1,-131.82484809388507,47,-113.44071181277012,47,-18.384136281114948,6262
EFNB2,-105.05425326461965,441,-86.66608294013406,441,-18.388170324485586,6263
GGT6,-95.51402820449277,166,-77.11944580078125,166,-18.394582403711524,6264
IARS2,-95.81991600704029,583,-77.40275662718261,583,-18.41715937985768,6265
ZDHHC17,-68.87790616729556,169,-50.434570222211306,169,-18.443335945084257,6266
DENND1C,-119.48471241612589,31,-101.03939991612589,31,-18.4453125,6267
PSMC6,-78.88011849405636,846,-60.42947182982244,846,-18.450646664233922,6268
LTBP4,-93.61607320573594,360,-75.15765878889296,360,-18.458414416842984,6269
DLX1,-99.2275848388672,1,-80.75755310058594,1,-18.470031738281264,6270
EFEMP2,-74.59481941223144,200,-56.122549552917484,200,-18.47226985931396,6271
PHLPP1,-97.5623141579006,92,-79.07393613068953,92,-18.48837802721107,6272
ALDH6A1,-87.92832109544162,534,-69.42593440938086,534,-18.50238668606076,6273
ZNF44,-75.16269641270453,233,-56.65523401350423,233,-18.507462399200307,6274
UTP20,-90.98572232430442,114,-72.4772201671935,114,-18.508502157110925,6275
TTBK2,-78.03176234852184,220,-59.520748190446334,220,-18.511014158075504,6276
PLAC9,-104.78195405006409,32,-86.2563865184784,32,-18.525567531585693,6277
TLL2,-134.31585184733072,3,-115.77974955240886,3,-18.53610229492186,6278
ZMIZ1,-120.9148582816124,256,-102.36368155479431,256,-18.551176726818085,6279
BAZ2A,-115.52864864079032,635,-96.97065710833692,635,-18.5579915324534,6280
CEP76,-82.19274397819272,62,-63.63473203105311,62,-18.55801194713961,6281
FXYD4,-91.2490005493164,39,-72.68561456142328,39,-18.563385987893128,6282
ABAT,-89.74728487744744,81,-71.17727246696566,81,-18.57001241048178,6283
BTBD8,-81.69823265075684,24,-63.1222947438558,24,-18.57593790690104,6284
LILRB4,-123.75936948336087,26,-105.1555193387545,26,-18.60385014460637,6285
LRRC8D,-90.1469691112788,99,-71.53843504009825,99,-18.608534071180557,6286
CCDC68,-111.97711896896362,160,-93.3640380859375,160,-18.61308088302613,6287
SLC19A2,-85.60718991429673,394,-66.98803013835462,394,-18.61915977594211,6288
SCNM1,-82.92847180366516,384,-64.30837426582973,384,-18.620097537835434,6289
RAN,-85.22423792089278,1637,-66.60130073766412,1637,-18.622937183228657,6290
GAS5-AS1,-98.48147201538086,6,-79.84719340006511,6,-18.63427861531575,6291
BCL2A1,-100.91166039152519,179,-82.26447368600515,179,-18.647186705520042,6292
TNFSF14,-108.0609863369451,173,-89.40786394769746,173,-18.653122389247642,6293
GUCY2D,-94.86340084075928,40,-76.20822429656982,40,-18.65517654418946,6294
EXTL2,-89.58595192950705,138,-70.92694224481997,138,-18.659009684687078,6295
MFSD9,-112.3300392475534,94,-93.65850448608398,94,-18.671534761469417,6296
DDX1,-99.79570667724609,625,-81.1217724609375,625,-18.67393421630858,6297
TMEM222,-78.88278213539219,399,-60.20840615676459,399,-18.6743759786276,6298
IGHV3-74,-157.20318603515625,2,-138.52761840820312,2,-18.675567626953125,6299
ZBTB14,-117.3919024123359,97,-98.70728475039768,97,-18.68461766193822,6300
SMG6,-74.23331325039541,163,-55.54604725749946,163,-18.687265992895952,6301
ZNF30-AS1,-80.04291534423828,2,-61.3555908203125,2,-18.68732452392578,6302
CYBRD1,-93.25159386199655,1030,-74.55528554823792,1030,-18.696308313758635,6303
MSANTD2,-78.08595124730525,106,-59.37782449542352,106,-18.70812675188173,6304
RASGRP3,-111.11831400345783,98,-92.40700857979911,98,-18.711305423658715,6305
RTN3,-81.18186492301531,987,-62.46548293016119,987,-18.716381992854124,6306
DHX33,-84.03290941891254,149,-65.30802221106202,149,-18.724887207850514,6307
NAV2-AS2,-120.49836349487305,2,-101.76361083984374,2,-18.73475265502931,6308
SERTM1,-79.22930653889973,3,-60.47656504313151,3,-18.752741495768227,6309
GPR89A,-100.39734265231347,129,-81.64320202021636,129,-18.754140632097105,6310
TPH1,-112.09737300872803,8,-93.33250713348389,8,-18.76486587524414,6311
RBBP5,-88.30578408189999,279,-69.5369125147447,279,-18.768871567155287,6312
ZNF816,-87.99166448492753,38,-69.20763477526214,38,-18.78402970966539,6313
ETV6,-84.37767602340804,431,-65.58330542969317,431,-18.794370593714874,6314
NBPF26,-107.25993728637695,16,-88.44569778442383,16,-18.814239501953125,6315
MGAT2,-85.6078386751127,279,-66.76755410197815,279,-18.840284573134554,6316
ZBED5-AS1,-94.02322573118572,395,-75.17403454358065,395,-18.849191187605072,6317
DGUOK,-103.07018567122937,962,-84.2135644147401,962,-18.856621256489262,6318
FLVCR2,-93.9482138646792,73,-75.06669763016374,73,-18.88151623451546,6319
FAM111A,-116.59951206499166,379,-97.70988623385064,379,-18.889625831141018,6320
PLOD1,-90.0420726545705,298,-71.13870851145495,298,-18.903364143115553,6321
ZNF468,-78.29880821282137,141,-59.36855207943747,141,-18.9302561333839,6322
PPP2R1B,-85.19700331436961,152,-66.24317159150776,152,-18.95383172286185,6323
ZNF813,-90.87340061839033,41,-71.91446927698647,41,-18.95893134140387,6324
AGBL4,-92.51382083892823,40,-73.54421482086181,40,-18.969606018066415,6325
SERPINA4,-116.6159439086914,4,-97.62615203857422,4,-18.989791870117188,6326
STX4,-82.27292498823128,557,-63.27527881396309,557,-18.99764617426819,6327
TMEM160,-74.7949430005962,1199,-55.791177254900326,1199,-19.00376574569588,6328
UPF3A,-97.95117213281434,799,-78.88866610759787,799,-19.062506025216464,6329
DUSP14,-98.28701435780111,403,-79.20787131638444,403,-19.07914304141667,6330
SP5,-117.19264134493741,44,-98.09490845420144,44,-19.09773289073597,6331
CRTC3-AS1,-82.34061737060547,5,-63.242208862304686,5,-19.098408508300786,6332
CIART,-116.96640974475491,93,-97.86189606369183,93,-19.104513681063082,6333
HABP2,-110.21104702582726,104,-91.08161478776198,104,-19.129432238065277,6334
FOSL1,-76.67370351155598,87,-57.54114585087217,87,-19.132557660683815,6335
ATAD5,-77.73764016287667,70,-58.60123334612165,70,-19.13640681675502,6336
HSP90AA1,-106.1712696225394,2086,-87.00454507098102,2086,-19.166724551558374,6337
ZNF2,-84.83863313736454,31,-65.64257332586473,31,-19.196059811499808,6338
GPR108,-118.4469028797025,612,-99.25071139117472,612,-19.196191488527788,6339
DDX11-AS1,-98.77686448530717,11,-79.58052548495206,11,-19.19633900035511,6340
LINC01160,-117.91436004638672,1,-98.71199798583984,1,-19.202362060546875,6341
PLEKHA5,-117.30947215319006,731,-98.08941548108729,731,-19.22005667210277,6342
BCDIN3D,-76.46334586655799,121,-57.20304987253236,121,-19.260295994025626,6343
GALNT13,-102.11075551886307,19,-82.84597979093853,19,-19.264775727924544,6344
POLR3E,-80.88524025226461,290,-61.614264560567925,290,-19.270975691696684,6345
FLVCR1,-79.14999209470855,271,-59.87150157069808,271,-19.278490524010472,6346
HIRIP3,-66.21635671205158,316,-46.92299492751496,316,-19.29336178453662,6347
HS2ST1,-111.15117914896892,249,-91.84943956735144,249,-19.301739581617483,6348
PRR11,-91.53348110033119,23,-72.2301556131114,23,-19.30332548721978,6349
CFAP45,-101.44256790667349,211,-82.12866641220889,211,-19.313901494464602,6350
IRAK3,-79.10777238271768,103,-59.77834431176047,103,-19.329428070957213,6351
GPAM,-94.93497619628906,140,-75.59913221086775,140,-19.335843985421306,6352
BSDC1,-89.53157785706601,590,-70.18323997885494,590,-19.34833787821107,6353
C2CD5,-82.42515429023172,147,-63.07545551637403,147,-19.34969877385769,6354
RPPH1,-80.22553644953547,148,-60.86842384853878,148,-19.357112600996686,6355
ENOSF1,-89.32270204494715,657,-69.96300939737027,657,-19.35969264757688,6356
DEPDC4,-91.65144244107333,22,-72.27901458740234,22,-19.372427853670985,6357
ABCD2,-106.95235697428386,12,-87.57273483276367,12,-19.379622141520187,6358
ZEB2-AS1,-133.0928955078125,2,-113.6932144165039,2,-19.399681091308594,6359
ZNF557,-83.9505899810791,100,-64.53989116668701,100,-19.41069881439209,6360
ZNF418,-87.2768310546875,10,-67.85581512451172,10,-19.421015930175784,6361
MFSD11,-135.97025056726793,340,-116.54663469651166,340,-19.423615870756265,6362
FAM167B,-116.28480402628581,6,-96.83728917439778,6,-19.44751485188803,6363
E2F7,-78.68685658772786,12,-59.23323885599772,12,-19.45361773173014,6364
TMEM79,-98.54297079968808,67,-79.05678216734928,67,-19.486188632338795,6365
TSNAX,-94.55917766752697,525,-75.05434381394159,525,-19.50483385358538,6366
SIAH3,-135.22665252685547,10,-115.70989532470703,10,-19.51675720214844,6367
KCNAB2,-116.2932351027863,79,-96.76430492159686,79,-19.528930181189438,6368
ALKBH1,-113.03202984996678,97,-93.50232562822166,97,-19.52970422174512,6369
TMPO,-113.02145427319269,367,-93.47472196573783,367,-19.54673230745486,6370
TEKT5,-103.64126472473144,20,-84.09351921081543,20,-19.547745513916013,6371
HS3ST3B1,-107.68274781198213,33,-88.13310680967389,33,-19.549641002308235,6372
TSEN34,-97.06971917949384,1059,-77.52006036544094,1059,-19.549658814052904,6373
HEXIM2,-98.00093112847743,156,-78.44997895069612,156,-19.550952177781312,6374
IL15RA,-85.8012333824521,84,-66.24637522016253,84,-19.554858162289563,6375
RGL1,-104.60605961986134,271,-85.04782476108453,271,-19.558234858776814,6376
ADAD2,-90.96987915039062,1,-71.3922119140625,1,-19.577667236328125,6377
BTAF1,-92.81264582134429,168,-73.2311945869809,168,-19.581451234363385,6378
PRAP1,-108.71485137939453,2,-89.13116073608398,2,-19.583690643310547,6379
COG6,-103.55415290256717,212,-83.96621401804798,212,-19.58793888451919,6380
LRRC63,-122.43209754096137,9,-102.84209950764973,9,-19.58999803331163,6381
TEX12,-111.10397911071777,8,-91.5044002532959,8,-19.599578857421875,6382
RC3H1,-107.08650004479193,372,-87.47407548145581,372,-19.61242456333612,6383
TMEM91,-78.84045959472657,450,-59.2249215359158,450,-19.61553805881077,6384
MPC2,-118.99647680918376,1440,-99.3798070165846,1440,-19.616669792599154,6385
GTSF1,-92.68588002522786,3,-73.0678939819336,3,-19.617986043294266,6386
DPPA3,-103.79666900634766,1,-84.11187744140625,1,-19.684791564941406,6387
TMEM39B,-103.50422077933274,177,-83.81013385320114,177,-19.694086926131604,6388
CLEC2B,-140.6129595753161,283,-120.86570702003506,283,-19.747252555281037,6389
SUPV3L1,-92.87160055188166,138,-73.11902701336405,138,-19.75257353851761,6390
TMEM18,-97.37119786801546,575,-77.60735342274542,575,-19.76384444527004,6391
ZNF793-AS1,-151.408744022764,29,-131.63162441911368,29,-19.777119603650334,6392
C4BPA,-158.73847821329784,1307,-138.95696313999588,1307,-19.78151507330196,6393
SLC9A2,-107.20082261827257,9,-87.39806705050998,9,-19.80275556776259,6394
NLRP3,-109.8686933517456,8,-90.06524658203125,8,-19.803446769714355,6395
EIF4A1,-102.77439786506075,1333,-82.96426507215793,1333,-19.81013279290282,6396
DNAJC9,-100.97623713175456,300,-81.1102367401123,300,-19.86600039164226,6397
KIFC3,-105.46777735757564,543,-85.58133326577877,543,-19.886444091796875,6398
MON2,-76.57801359413314,274,-56.68486767789743,274,-19.89314591623571,6399
RCN2,-92.90270033494232,1154,-72.99582692614048,1154,-19.906873408801843,6400
AMFR,-97.82110397282975,273,-77.89223407563709,273,-19.928869897192655,6401
ATP2A2,-84.78097429142441,1075,-64.82973034880882,1075,-19.95124394261559,6402
CH25H,-131.90864404455408,77,-111.9572814346908,77,-19.95136260986328,6403
WDR74,-75.35717464832777,534,-55.40522843264462,534,-19.95194621568315,6404
USP50,-102.89473724365234,1,-82.93419647216797,1,-19.960540771484375,6405
PSENEN,-106.33400117939917,1160,-86.36888661877862,1160,-19.96511456062055,6406
NBPF14,-109.65315865268227,238,-89.68269344938903,238,-19.97046520329323,6407
PADI4,-120.71477127075195,2,-100.73794174194336,2,-19.976829528808594,6408
RNASEK-C17orf49,-81.77640533447266,1,-61.79133605957031,1,-19.985069274902344,6409
CARD8,-106.64743628018144,207,-86.65167007814858,207,-19.995766202032854,6410
CASP9,-74.03842770474628,103,-54.042048185774426,103,-19.996379518971857,6411
SOS1,-84.47627303623918,303,-64.47137431028258,303,-20.004898725956593,6412
KLHL23,-100.60717350385765,211,-80.58043677885951,211,-20.026736724998145,6413
ICAM3,-81.66658634250447,354,-61.61978534116583,354,-20.046801001338643,6414
ST20-MTHFS,-73.80667877197266,2,-53.756099700927734,2,-20.050579071044922,6415
CAPZA1,-107.78649459264975,904,-87.70986286939772,904,-20.07663172325202,6416
ZNF358,-104.2386733448438,354,-84.1519705131229,354,-20.0867028317209,6417
SRGAP1,-64.44360271030003,180,-44.342601691351994,180,-20.101001018948033,6418
LINC00862,-183.09775161743164,4,-162.98000717163086,4,-20.11774444580078,6419
PDSS1,-90.25207761438881,41,-70.12661594297828,41,-20.125461671410534,6420
WDR3,-100.8221983987777,122,-80.69320028336321,122,-20.12899811541449,6421
IFT88,-75.77871107958589,247,-55.64817607740642,247,-20.13053500217947,6422
EPB41L5,-73.99583721160889,480,-53.852864956855775,480,-20.14297225475311,6423
MED26,-84.08716788959178,293,-63.933560368144065,293,-20.153607521447718,6424
EFEMP1,-93.12830337904644,923,-72.96938648823152,923,-20.158916890814922,6425
MAP2K5,-87.86624919043646,144,-67.67470158471002,144,-20.19154760572644,6426
PLBD1,-83.16247992752665,181,-62.96826833651211,181,-20.194211591014536,6427
PRSS53,-111.7507553100586,2,-91.54677200317383,2,-20.203983306884766,6428
SLC30A7,-85.2579352101972,465,-65.05318797942131,465,-20.204747230775894,6429
HIPK4,-112.37611722946167,16,-92.16561985015869,16,-20.21049737930298,6430
KIF18B,-97.27074650355748,7,-77.04029192243304,7,-20.230454581124434,6431
SOS2,-91.48792198300362,256,-71.2422841489315,256,-20.245637834072113,6432
TKFC,-94.35755629523543,299,-74.11142220385497,299,-20.246134091380455,6433
VIPAS39,-94.09200216020857,140,-73.84507751464844,140,-20.246924645560128,6434
ADPGK,-131.19571809712687,511,-110.92582357746281,511,-20.269894519664064,6435
TBC1D12,-77.83679994214482,119,-57.55999275015182,119,-20.276807191993,6436
IGHV1-46,-140.7252960205078,2,-120.42484283447266,2,-20.300453186035156,6437
TSSK4,-114.96444702148438,1,-94.6591339111328,1,-20.305313110351577,6438
IFI27L1,-105.0701771667738,474,-84.74288529987577,474,-20.327291866898037,6439
CMKLR1,-110.60238393147785,3,-90.23117319742839,3,-20.371210734049455,6440
TOX4,-120.07938328938312,830,-99.67965271731457,830,-20.39973057206855,6441
C19orf18,-98.11918501420455,22,-77.71799295598811,22,-20.401192058216438,6442
KIN,-99.53784415372618,314,-79.1354996505057,314,-20.40234450322049,6443
RASL10B,-76.29766904390775,13,-55.88892041719877,13,-20.408748626708977,6444
ERCC5,-78.16717333112445,245,-57.75237006362604,245,-20.414803267498407,6445
MPPE1,-79.24274308714148,365,-58.80135746786039,365,-20.441385619281085,6446
GPR135,-109.95974594507462,39,-89.51007001827925,39,-20.449675926795365,6447
OTX1,-99.65388941764832,32,-79.19410371780396,32,-20.45978569984436,6448
NMRAL1,-120.73136571996352,680,-100.25878661660587,680,-20.472579103357646,6449
HENMT1,-83.10682053999467,44,-62.62823850458319,44,-20.478582035411485,6450
NFATC3,-99.2899143905932,1044,-78.80056308147094,1044,-20.489351309122256,6451
ATP6V1B1-AS1,-133.26575469970703,2,-112.770751953125,2,-20.49500274658203,6452
DPM3,-83.53018005947501,953,-63.027187939830995,953,-20.50299211964402,6453
C1orf53,-90.14467993272623,506,-69.62924646671581,506,-20.51543346601042,6454
API5,-159.98157268705822,420,-139.46095508393788,420,-20.520617603120343,6455
PLIN5,-74.72617523579657,237,-54.19677002017508,237,-20.529405215621495,6456
CHD2,-180.4394430831824,895,-159.89759079917184,895,-20.54185228401056,6457
INCENP,-79.84742288028492,17,-59.30555096794577,17,-20.541871912339154,6458
ZNF770,-98.07666095712567,362,-77.52777061673159,362,-20.54889034039408,6459
LEPR,-108.07165241241455,56,-87.50259358542306,56,-20.569058826991494,6460
DCAF8,-81.36653125120861,505,-60.780524112210415,505,-20.5860071389982,6461
MORF4L1,-104.22953730172516,1809,-83.62711551849719,1809,-20.602421783227967,6462
C2CD4A,-116.08812541346396,62,-95.4852796985257,62,-20.602845714938255,6463
RPS26,-84.15510478440112,2053,-63.521390696589215,2053,-20.633714087811903,6464
ANKDD1A,-75.90455881754558,27,-55.269500449851705,27,-20.635058367693873,6465
DAAM1,-105.31497307827598,608,-84.67835062428524,608,-20.63662245399074,6466
FAN1,-125.94943676572858,99,-105.30652402627348,99,-20.6429127394551,6467
ITIH2,-102.55433238636364,11,-81.91013682972302,11,-20.644195556640625,6468
SRP14,-79.46006270166109,2092,-58.81127522871554,2092,-20.64878747294555,6469
TMCO1,-99.76649274125167,1211,-79.09620691074211,1211,-20.670285830509556,6470
ZNF177,-112.90016174316406,1,-92.21951293945312,1,-20.680648803710938,6471
SUOX,-85.40312149501082,202,-64.71053376528296,202,-20.69258772972786,6472
CROCC,-118.55238860819763,231,-97.85557027709433,231,-20.6968183311033,6473
RBMS1,-105.52046217824899,1020,-84.82192975212546,1020,-20.698532426123535,6474
CAB39L,-79.82206365113618,93,-59.1224368515835,93,-20.699626799552675,6475
TYRO3,-120.51596004680052,59,-99.80821085784395,59,-20.70774918895657,6476
WARS2,-87.79723107122607,155,-67.02662939256237,155,-20.770601678663695,6477
CRX,-141.9586320356889,11,-121.173696344549,11,-20.784935691139907,6478
ATOH8,-107.62592003121024,393,-86.83235137395883,393,-20.793568657251413,6479
SLC2A5,-218.44610595703125,2,-197.64048767089844,2,-20.805618286132812,6480
LINC00592,-93.69265543619791,15,-72.88595479329427,15,-20.806700642903635,6481
ZBED5,-88.06343634101782,445,-67.24767978968245,445,-20.81575655133537,6482
BIRC3,-111.47276281000494,455,-90.64962533804086,455,-20.823137471964074,6483
ZNF17,-115.91304127762957,41,-95.08933890738139,41,-20.823702370248185,6484
ELMOD1,-105.41793476451527,11,-84.55592623623934,11,-20.862008528275922,6485
CLEC10A,-86.95391988754272,16,-66.0807671546936,16,-20.87315273284912,6486
CIPC,-75.62273496922438,246,-54.733490098782674,246,-20.889244870441708,6487
TUBB6,-102.41580291977502,133,-81.52522616278857,133,-20.890576756986448,6488
TRIM72,-113.12254123030037,58,-92.22144475476495,58,-20.901096475535425,6489
MAP1LC3B,-82.47644729078235,1281,-61.56734101163699,1281,-20.909106279145355,6490
AKAP5,-89.55796486990792,21,-68.64816175188336,21,-20.909803118024556,6491
ARHGEF25,-105.41247272491455,8,-84.44289875030518,8,-20.969573974609375,6492
GTF2A2,-81.138081571214,1249,-60.16293292507541,1249,-20.975148646138592,6493
WIPF2,-84.27740001678467,856,-63.292116980686366,856,-20.985283036098302,6494
P3H3,-134.57433043134972,47,-113.58457540958486,47,-20.989755021764864,6495
ACTG1,-107.70782941345244,2109,-86.70128540791511,2109,-21.006544005537336,6496
IGHV3-53,-161.39895629882812,1,-140.3920135498047,1,-21.006942749023438,6497
AGRP,-112.24919102986654,30,-91.23512776692708,30,-21.01406326293946,6498
KRT24,-133.34230422973633,4,-112.31706237792969,4,-21.02524185180664,6499
FAM138B,-131.27218627929688,2,-110.24378204345705,2,-21.02840423583983,6500
SNHG12,-86.95084085302838,472,-65.89564674991672,472,-21.05519410311166,6501
ZMYM1,-91.7761941797593,68,-70.70889125150792,68,-21.06730292825138,6502
ZNF384,-74.89537843335576,119,-53.7983818374762,119,-21.09699659587956,6503
ZNF521,-118.11892700195312,1,-97.00592041015624,1,-21.11300659179689,6504
ANXA8L1,-115.5768582743983,31,-94.44573654667023,31,-21.131121727728072,6505
HARBI1,-83.14149634043376,48,-61.99103283882141,48,-21.15046350161235,6506
ZNF641,-94.58591569208465,113,-73.41490625702174,113,-21.171009435062913,6507
SMNDC1,-74.69298032495196,309,-53.51899910590409,309,-21.173981219047867,6508
LINC00707,-125.231689453125,1,-104.0362319946289,1,-21.195457458496094,6509
CD1E,-131.11474609375,6,-109.90412267049153,6,-21.21062342325847,6510
ARHGAP35,-101.98139544002345,488,-80.75390570280982,488,-21.22748973721363,6511
RBM26-AS1,-85.99185791015626,50,-64.75497947692871,50,-21.236878433227545,6512
YAF2,-82.13298344162276,424,-60.893309440252914,424,-21.239674001369842,6513
IMPACT,-78.28145888116624,288,-57.04150120417277,288,-21.239957676993477,6514
AP4E1,-93.69253366643733,88,-72.43310937014493,88,-21.259424296292394,6515
PCYOX1,-94.91602640086207,725,-73.65003376927869,725,-21.265992631583373,6516
TDRD5,-123.05266723632812,5,-101.78087158203125,5,-21.271795654296866,6517
RPL17-C18orf32,-81.119140625,4,-59.841946601867676,4,-21.277194023132324,6518
ZNF215,-105.0985870361328,1,-83.82135772705078,1,-21.277229309082017,6519
DNAJB4,-86.3319607278575,230,-65.05115295078444,230,-21.280807777073065,6520
CCT6B,-71.9996509552002,72,-50.714368396335175,72,-21.28528255886502,6521
GOLGA6L4,-103.93593459659152,72,-82.64270305633545,72,-21.293231540256073,6522
ZNF761,-84.66002826862507,111,-63.36585503655511,111,-21.29417323206996,6523
ZNF749,-76.26886558532715,16,-54.96683740615845,16,-21.3020281791687,6524
RPAP3,-121.38649057184608,206,-100.06266680967461,206,-21.32382376217147,6525
SRSF7,-74.3401457136635,1551,-52.99904652490376,1551,-21.341099188759742,6526
CCP110,-76.83716185386679,349,-55.4932507840132,349,-21.34391106985359,6527
PTPRO,-121.6698445406827,22,-100.32274558327414,22,-21.347098957408562,6528
DCP1B,-116.10164167296212,106,-94.7471276049344,106,-21.35451406802771,6529
EXOC3L1,-99.85530680994833,31,-78.48509659305695,31,-21.37021021689138,6530
NFYC-AS1,-104.71246290206909,16,-83.33331346511841,16,-21.379149436950684,6531
LDLRAD3,-86.674070085798,14,-65.288756779262,14,-21.38531330653599,6532
ENSA,-62.06145892729548,1651,-40.67156146931547,1651,-21.389897457980013,6533
RCBTB1,-88.93531540204894,106,-67.54446619861531,106,-21.390849203433632,6534
CD3E,-105.59709475902801,47,-84.19397589500915,47,-21.403118864018865,6535
C11orf65,-72.53637556596236,33,-51.11685088186553,33,-21.419524684096828,6536
JAK1,-101.95671296384012,902,-80.5308221279914,902,-21.42589083584872,6537
SLC17A8,-124.58634185791016,5,-103.15777587890625,5,-21.428565979003906,6538
GPR89B,-92.84300103348292,89,-71.40504301264045,89,-21.437958020842473,6539
ZNF426,-112.00892210711399,203,-90.56742655937308,203,-21.441495547740914,6540
PKD2L1,-112.9954465230306,6,-91.55358250935872,6,-21.441864013671875,6541
KLLN,-123.92819093403064,19,-102.47224305805408,19,-21.455947875976562,6542
LY75,-85.32245901729284,89,-63.8658171664463,89,-21.456641850846545,6543
ERC1,-93.80811252234118,265,-72.34548621987396,265,-21.462626302467214,6544
HIVEP3,-67.75126833793445,156,-46.28773968036358,156,-21.46352865757087,6545
DLGAP1-AS1,-99.35464431697207,233,-77.85901893975908,233,-21.49562537721299,6546
BLMH,-100.60248153686524,150,-79.09713526407877,150,-21.50534627278647,6547
PA2G4,-78.52482071456376,1144,-57.01800919246007,1144,-21.50681152210369,6548
CD3D,-104.34819301888962,121,-82.76433714559255,121,-21.58385587329707,6549
VPS35,-91.4958021291728,806,-69.89929224776274,806,-21.596509881410057,6550
IGHV1-24,-130.67225646972656,1,-109.03205108642578,1,-21.64020538330078,6551
HCAR1,-88.46642742156982,40,-66.8153531074524,40,-21.651074314117423,6552
TCTN2,-81.54855748585292,112,-59.897261585508076,112,-21.65129590034485,6553
TPP2,-84.4048879085443,312,-62.74963651559292,312,-21.655251392951378,6554
RPL23A,-73.66125642623024,2175,-52.00200857228246,2175,-21.659247853947775,6555
CDC73,-99.9161391362151,413,-78.22125674564094,413,-21.69488239057415,6556
SHC4,-110.24035590035575,14,-88.53939056396484,14,-21.700965336390908,6557
POU4F1,-114.29695053100586,10,-92.59399337768555,10,-21.702957153320312,6558
DHRS12,-108.7462473490152,332,-87.03770449075354,332,-21.708542858261666,6559
RPL17,-80.68081182888176,1364,-58.9689023977151,1364,-21.71190943116666,6560
BUD13,-93.25506591796875,127,-71.52025159700649,127,-21.734814320962258,6561
COL4A1,-128.07366638183595,35,-106.32184666224889,35,-21.75181971958706,6562
RSRP1,-82.4278471955156,904,-60.672112469124585,904,-21.75573472639101,6563
AGO3,-106.77819134090946,482,-85.02241288181162,482,-21.75577845909784,6564
SCN2B,-96.73764038085938,5,-74.97631225585937,5,-21.761328125000006,6565
ZMYM6,-105.49992516257547,110,-83.7336127541282,110,-21.766312408447263,6566
CLIP3,-110.79928543988396,17,-89.00556048224954,17,-21.793724957634424,6567
RASGRP4,-88.2323989868164,2,-66.42433166503906,2,-21.808067321777344,6568
PTGER2,-114.7029744694742,89,-92.87407932924421,89,-21.82889514022999,6569
CTNND1,-82.30713786553899,981,-60.47565336548225,981,-21.83148450005674,6570
HVCN1,-91.4981689453125,44,-69.66291184858842,44,-21.835257096724078,6571
ACOXL,-105.3559640310343,206,-83.51620716724581,206,-21.839756863788494,6572
DICER1,-78.4568369938777,546,-56.61488493196257,546,-21.84195206191513,6573
PPP1R14D,-103.09261226654053,48,-81.24940045674641,48,-21.843211809794113,6574
NHLRC3,-104.13101869176646,305,-82.25430435430808,305,-21.87671433745838,6575
APH1B,-96.10407394112893,206,-74.22334496951798,206,-21.88072897161095,6576
FMO4,-107.41656413831208,38,-85.52759130377518,38,-21.8889728345369,6577
IL36G,-139.76758660210504,9,-117.87712944878473,9,-21.890457153320312,6578
IGHMBP2,-97.72384088689631,121,-75.81903504931238,121,-21.904805837583936,6579
SERTAD2,-101.81251108743311,492,-79.9048164491731,492,-21.90769463826001,6580
MRPS11,-108.98926304486753,557,-87.0789624664471,557,-21.910300578420433,6581
KCNA1,-118.63482666015624,1,-96.7102508544922,1,-21.924575805664034,6582
ARHGEF11,-96.42132388844209,68,-74.48524879006779,68,-21.936075098374303,6583
RTN1,-101.46837850717398,26,-79.51062217125526,26,-21.957756335918717,6584
CD44,-127.70907387562026,1502,-105.74851017023688,1502,-21.96056370538338,6585
LINC00184,-159.32394409179688,1,-137.3354949951172,1,-21.988449096679688,6586
LINC01119,-129.12982395717077,7,-107.13362339564732,7,-21.99620056152345,6587
ST20-AS1,-96.64470937300702,98,-74.63720080317283,98,-22.007508569834187,6588
PNPT1,-81.25981271678003,232,-59.23965445880232,232,-22.020158257977712,6589
LDAH,-110.62796913198873,147,-88.60511411290591,147,-22.022855019082826,6590
SLC38A4,-118.70274543762207,4,-96.67470741271973,4,-22.028038024902344,6591
ZNF891,-108.33260961164508,57,-86.29767407869038,57,-22.034935532954705,6592
ALMS1,-153.61873795150163,154,-131.56111457131126,154,-22.057623380190364,6593
MAP3K19,-102.40379410647274,89,-80.3423206457931,89,-22.06147346067965,6594
CFH,-138.53015609826457,358,-116.46375807437151,358,-22.066398023893058,6595
ADAM12,-92.42869676862445,49,-70.35875063526387,49,-22.069946133360574,6596
PSMA4,-83.67787678210766,1232,-61.56954919827449,1232,-22.108327583833173,6597
APPBP2,-80.48328730806391,470,-58.37351430527708,470,-22.10977300278683,6598
ZNF597,-93.94656301645132,65,-71.80365048922025,65,-22.142912527231076,6599
DUOXA1,-105.490537804125,546,-83.34438378470284,546,-22.146154019422156,6600
TCHP,-74.13605829712692,157,-51.98434686357049,157,-22.151711433556436,6601
PIN1,-65.46611471596005,954,-43.293532113609075,954,-22.17258260235097,6602
ZNF776,-125.31579987899117,69,-103.14299951083419,69,-22.172800368156985,6603
ZNF536,-135.58067321777344,2,-113.4035987854004,2,-22.177074432373033,6604
CRK,-97.11281828901133,687,-74.9339880908594,687,-22.17883019815193,6605
PRPF38A,-75.09379241704474,511,-52.91462131955619,511,-22.17917109748855,6606
FBLN5,-93.3684241384121,203,-71.15853257954414,203,-22.20989155886795,6607
NPAP1,-99.65794372558594,1,-77.44485473632812,1,-22.213088989257812,6608
GRHL3,-85.25909538269043,20,-63.02429676055908,20,-22.23479862213135,6609
ING1,-88.15238254985483,409,-65.91460971785641,409,-22.237772831998427,6610
HSPA14,-92.43814512520783,242,-70.19613524507885,242,-22.242009880128975,6611
SPRY2,-103.36990680282922,417,-81.11028631928441,417,-22.259620483544808,6612
SOX6,-90.25002528775123,124,-67.9546649071478,124,-22.295360380603427,6613
MAGI3,-97.03388917191053,701,-74.73794718917868,701,-22.295941982731847,6614
GSTM5,-113.13862800598145,4,-90.8328971862793,4,-22.30573081970215,6615
KRT4,-132.47041527430216,96,-110.15323718388875,96,-22.317178090413407,6616
HOXB6,-126.29339181223223,31,-103.97394291047127,31,-22.319448901760964,6617
ZNF404,-88.75548880440849,14,-66.43486022949219,14,-22.3206285749163,6618
GUCA2B,-114.36540222167969,2,-92.03503799438477,2,-22.330364227294922,6619
DTWD1,-101.99786511878109,311,-79.66059026687475,311,-22.337274851906344,6620
ZNF347,-84.38702058792114,64,-62.04110324382782,64,-22.345917344093323,6621
CALCOCO2,-73.13336561255555,617,-50.779672650502604,617,-22.353692962052946,6622
ARHGAP11B,-95.29404748004416,23,-72.9218690291695,23,-22.372178450874657,6623
ALDH1L2,-94.7468147277832,6,-72.3494504292806,6,-22.39736429850261,6624
MKI67,-84.87793824730849,41,-62.4465842828518,41,-22.43135396445669,6625
MTF2,-95.04898634595271,493,-72.6038250565287,493,-22.445161289424007,6626
RPL31,-83.13356943564979,2173,-60.683684762040976,2173,-22.449884673608814,6627
LGALS4,-102.05064342668665,247,-79.59916557281123,247,-22.451477853875417,6628
RPS15A,-69.79369287875426,2207,-47.333287401981465,2207,-22.46040547677279,6629
HELB,-91.4253634100091,73,-68.96371961619757,73,-22.461643793811533,6630
IPP,-82.45888803171557,129,-59.99607908263687,129,-22.462808949078706,6631
ZNF230,-98.95826721191406,53,-76.48753529674602,53,-22.470731915168045,6632
ZNF281,-87.64611844514546,760,-65.17217213480096,760,-22.473946310344502,6633
PARS2,-82.0528700692313,28,-59.56311403002058,28,-22.489756039210725,6634
RCAN3,-77.74373080956674,411,-55.25054927928024,411,-22.4931815302865,6635
METTL15,-93.81826923318106,438,-71.32355121281593,438,-22.494718020365127,6636
KIF20B,-101.54055079018197,82,-79.0353946220584,82,-22.505156168123563,6637
ZFYVE9,-122.72299711369286,121,-100.20863335979871,121,-22.514363753894145,6638
ZNF254,-83.64612465716422,235,-61.11437545127057,235,-22.531749205893654,6639
LGALS9C,-111.07804870605469,2,-88.53150177001953,2,-22.546546936035156,6640
IL1R1,-115.40096952674094,712,-92.84829216860653,712,-22.552677358134403,6641
COX5B,-95.11485465208371,1996,-72.55106855633264,1996,-22.56378609575107,6642
ATG2B,-88.69951684134347,210,-66.1274235861642,210,-22.57209325517927,6643
MS4A1,-129.4674519856771,15,-106.88785858154297,15,-22.579593404134116,6644
MAN2A2,-101.81260905853689,146,-79.21550782086098,146,-22.597101237675915,6645
GLB1L2,-88.236411664739,179,-65.62538711718341,179,-22.611024547555587,6646
MAP4K3,-88.49326929651706,266,-65.8606830109331,266,-22.632586285583955,6647
PHLDB1,-129.1253161745023,197,-106.48690222725651,197,-22.638413947245795,6648
RPS9,-69.40625678088843,2131,-46.751017568257986,2131,-22.65523921263044,6649
ABCD3,-94.59454304129105,679,-71.92414861575142,679,-22.670394425539627,6650
VAT1L,-110.71441904703777,3,-88.03976186116536,3,-22.674657185872405,6651
SKA1,-108.82482994927301,9,-86.14323340521918,9,-22.681596544053832,6652
GHITM,-90.51707545070784,1269,-67.83330402419358,1269,-22.683771426514255,6653
CDKN1B,-117.84897922583056,511,-95.15294751729051,511,-22.696031708540048,6654
SOCS4,-93.5059618146232,178,-70.78717975402147,178,-22.71878206060174,6655
LSR,-109.07886519852806,1088,-86.35990715026855,1088,-22.71895804825951,6656
CHSY1,-80.9485198645283,139,-58.22773978693022,139,-22.72078007759807,6657
OLFML3,-125.59487997316846,102,-102.85923856847427,102,-22.735641404694192,6658
PPP4R3B,-93.57264843861991,545,-70.83098565897811,545,-22.7416627796418,6659
SLC16A1-AS1,-82.00606536865234,9,-59.219529469807945,9,-22.7865358988444,6660
VAMP4,-86.71275474582862,221,-63.921717527225546,221,-22.791037218603073,6661
SERF2,-87.27857456543762,2154,-64.45610387655132,2154,-22.8224706888863,6662
COPS7A,-71.01312016884177,514,-48.18333693329926,514,-22.829783235542507,6663
DSTYK,-101.11958528737553,244,-78.27751428572859,244,-22.842071001646943,6664
GABARAP,-96.15940105853304,386,-73.31450848752353,386,-22.84489257100951,6665
NFIC,-98.39559613333807,1440,-75.54928305413988,1440,-22.846313079198197,6666
SEC22B,-101.44024142249155,590,-78.57336163278353,590,-22.866879789708022,6667
BPTF,-67.80565477282272,965,-44.92043378760778,965,-22.885220985214943,6668
TRIM43,-149.68701171875,1,-126.79289245605467,1,-22.894119262695327,6669
RHCE,-105.11424697072883,19,-82.20960596988076,19,-22.904641000848073,6670
IL10RA,-93.44967999374657,57,-70.54012686746162,57,-22.909553126284948,6671
AKAP3,-112.86315482003349,14,-89.95172936575753,14,-22.911425454275957,6672
TM2D3,-81.27681599992368,531,-58.365072649077504,531,-22.91174335084618,6673
ZNF331,-136.33481473823733,289,-113.4228948837333,289,-22.91191985450402,6674
SCN8A,-160.4861820765904,7,-137.5703887939453,7,-22.915793282645097,6675
TMEM219,-100.19400996927766,1711,-77.27800025248793,1711,-22.91600971678973,6676
EGR4,-105.8580871158176,36,-82.93911488850911,36,-22.918972227308487,6677
NSUN6,-81.12068743954337,211,-58.1682724613714,211,-22.952414978171973,6678
LIPA,-76.98408970216505,441,-54.02986514379108,441,-22.954224558373973,6679
KLF12,-112.01538026597765,90,-89.05924140082465,90,-22.956138865153008,6680
SERINC4,-109.50732421875,4,-86.54933547973633,4,-22.957988739013672,6681
PEX11G,-97.80706367492675,200,-74.83995258331299,200,-22.96711109161376,6682
ATG16L2,-96.01146551096662,161,-73.04227959295237,161,-22.969185918014247,6683
METTL2A,-92.58138389230889,214,-69.5994444160818,214,-22.981939476227097,6684
SLC4A1AP,-101.77637631826133,249,-78.72953922011287,249,-23.04683709814846,6685
INTS6-AS1,-107.96457265218099,60,-84.90483131408692,60,-23.05974133809407,6686
INPP5K,-84.0066556515901,230,-60.94363199316937,230,-23.063023658420725,6687
GINS3,-99.14296433732316,37,-76.07957252296242,37,-23.06339181436074,6688
ANTXR1,-100.7816446010883,208,-77.71652423418485,208,-23.065120366903457,6689
LY9,-125.54529698689778,6,-102.4599126180013,6,-23.085384368896484,6690
SUMO2,-82.25987638533115,2048,-59.15545848943293,2048,-23.104417895898223,6691
USP34,-82.62136476304796,720,-59.487765094969006,720,-23.133599668078958,6692
CHN1,-111.5072838632684,38,-88.35740099455181,38,-23.14988286871659,6693
ST3GAL5-AS1,-101.00615310668945,2,-77.84882354736328,2,-23.157329559326172,6694
PTPRH,-93.25069219415838,44,-70.07231677662243,44,-23.178375417535946,6695
SCGB1D2,-155.43461990356445,4,-132.25419998168945,4,-23.180419921875,6696
NRG4,-102.56116434733073,30,-79.37469787597657,30,-23.186466471354166,6697
PDZD8,-92.37454670741968,401,-69.18555421900571,401,-23.188992488413973,6698
LINC01460,-90.02444839477539,8,-66.81615257263184,8,-23.208295822143555,6699
TBCE,-97.4073410571461,142,-74.15767621322416,142,-23.249664843921934,6700
STAMBP,-97.51837956588881,452,-74.26457832133876,452,-23.253801244550047,6701
VAV3,-82.37672529549434,29,-59.115881952746165,29,-23.260843342748174,6702
RIOK3,-80.31471052410222,595,-57.05296957833426,595,-23.26174094576796,6703
KLHL42,-84.69305558638139,187,-61.39876862388244,187,-23.29428696249895,6704
FCGRT,-105.13064936510067,1552,-81.8262710571289,1552,-23.30437830797176,6705
CLUL1,-127.8537838275616,39,-104.52464216183394,39,-23.32914166572766,6706
C8B,-127.40304480658637,9,-104.04781680636935,9,-23.35522800021701,6707
SLC5A7,-119.0844841003418,4,-95.72149276733398,4,-23.362991333007812,6708
NFATC1,-138.2674622198548,198,-114.88641372834793,198,-23.38104849150686,6709
DCTN1,-96.40397176106771,450,-73.01288331773546,450,-23.39108844333225,6710
COL11A1,-118.01151057652065,7,-94.56876918247768,7,-23.44274139404297,6711
EMP1,-108.77389569289238,711,-85.31451385970189,711,-23.45938183319049,6712
MYO9A,-86.74614638911267,617,-63.282755086642226,617,-23.46339130247044,6713
TULP3,-78.30292645450753,261,-54.83777586253667,261,-23.46515059197086,6714
SPESP1,-84.55617777506511,12,-61.09020582834879,12,-23.465971946716316,6715
PLEKHG4,-117.974457354585,121,-94.50444598237345,121,-23.470011372211545,6716
CYP1A2,-106.15983963012695,4,-82.68580436706543,4,-23.474035263061523,6717
SYTL1,-83.30553529570051,597,-59.79163477528635,597,-23.51390052041416,6718
CTSF,-93.36995596320304,447,-69.85359400124091,447,-23.516361961962133,6719
CCDC178,-95.13683319091795,1,-71.61801147460938,1,-23.51882171630858,6720
UNK,-81.45823317967104,356,-57.934594486536604,356,-23.523638693134437,6721
RNF222,-113.6500494820731,7,-90.12640816824776,7,-23.523641313825337,6722
SERPINA5,-117.44797897338867,2,-93.9241714477539,2,-23.523807525634766,6723
LINC00954,-105.39876708984374,10,-81.83129806518555,10,-23.567469024658195,6724
PLPP3,-90.61745960245061,403,-67.04660523558964,403,-23.57085436686097,6725
SLC41A1,-94.44735672894646,374,-70.86277489483675,374,-23.584581834109713,6726
FURIN,-103.22965696035338,484,-79.63200310636158,484,-23.5976538539918,6727
PIK3C2A,-100.00148986505002,490,-76.39003915592116,490,-23.61145070912886,6728
AKAP11,-86.68706712655141,282,-63.056082285887804,282,-23.630984840663608,6729
FAM98B,-99.11329523288349,293,-75.4489610951915,293,-23.66433413769198,6730
NUP58,-79.76151711750293,726,-56.095397381743126,726,-23.666119735759807,6731
STAT3,-97.37026272864438,1388,-73.6991824114357,1388,-23.671080317208677,6732
TPT1,-72.71356534220854,2135,-49.02820089014129,2135,-23.685364452067247,6733
GDE1,-82.1275553516581,1047,-58.394931224833925,1047,-23.732624126824177,6734
SLC28A2,-87.06222703721788,9,-63.32419967651367,9,-23.73802736070421,6735
TPGS1,-90.46705283517913,508,-66.7289468134482,508,-23.73810602173093,6736
COX10,-85.95766205084128,122,-62.219371545510214,122,-23.738290505331065,6737
SYT11,-89.04544660780165,18,-65.29561466640897,18,-23.749831941392685,6738
CGB7,-87.31710815429688,3,-63.56100718180338,3,-23.756100972493492,6739
TMEM260,-154.72382428850446,175,-130.94164925711496,175,-23.7821750313895,6740
NEUROD2,-106.02005089653863,9,-82.23287794325087,9,-23.787172953287765,6741
PROSER1,-105.69790335461101,226,-81.90512169356894,226,-23.79278166104207,6742
EMC8,-82.93765767415364,465,-59.12952556815198,465,-23.808132106001658,6743
TPGS2,-109.60049417142703,751,-85.74331592910299,751,-23.85717824232404,6744
RAB18,-116.52451822273932,823,-92.66329150472203,823,-23.861226718017292,6745
IGKV3-20,-147.9437739054362,6,-124.08100001017253,6,-23.862773895263658,6746
RIC8B,-100.93697143768097,143,-77.0475690081403,143,-23.889402429540667,6747
JAM3,-130.6548592703683,7,-106.75964900425502,7,-23.895210266113267,6748
UPK1A,-82.23830032348633,2,-58.33489227294922,2,-23.90340805053711,6749
DNASE1,-82.09857740978266,149,-58.16723660974694,149,-23.93134080003572,6750
ERMAP,-92.89488945937738,82,-68.94946940352277,82,-23.945420055854612,6751
ACYP2,-114.79632015944054,453,-90.84663165431412,453,-23.949688505126417,6752
PNO1,-87.07960901504907,312,-63.11460274916429,312,-23.96500626588478,6753
LDLRAD2,-115.39644432067871,4,-91.43108558654785,4,-23.96535873413086,6754
STIM1,-102.80806322334226,242,-78.83493814389568,242,-23.973125079446575,6755
CA11,-93.84721220342607,193,-69.87281087766657,193,-23.9744013257595,6756
RPUSD4,-94.54172914483574,178,-70.56584086043111,178,-23.975888284404633,6757
EXPH5,-124.44539290573738,642,-100.45799370643877,642,-23.987399199298608,6758
RNMT,-87.63546769405124,602,-63.64348642849843,602,-23.991981265552816,6759
SPRR2D,-159.59976102099006,81,-135.60291676462433,81,-23.996844256365733,6760
PRX,-109.10621467003456,195,-85.0856209388146,195,-24.02059373121996,6761
METAP1D,-111.0288002911736,68,-86.98075698403751,68,-24.048043307136084,6762
DMAP1,-105.02949955685729,311,-80.98063029200318,311,-24.048869264854105,6763
PRKCZ,-99.5389667302912,550,-75.47756873390891,550,-24.061397996382283,6764
ZNF701,-287.072507828001,63,-263.00227888803636,63,-24.070228939964636,6765
PEAK1,-101.77454399575993,196,-77.69889905501385,196,-24.075644940746074,6766
TEX9,-129.52249864508343,191,-105.44248862541158,191,-24.080010019671846,6767
TRMT13,-82.78134452201225,185,-58.68989523810309,185,-24.091449283909157,6768
FAM177A1,-107.97149744195049,1597,-83.8717482201965,1597,-24.099749221753996,6769
SLC46A1,-108.6774203427188,143,-84.57336975311065,143,-24.10405058960815,6770
NRIP2,-117.6117706298828,1,-93.5058364868164,1,-24.105934143066392,6771
NT5DC4,-116.12499084472657,5,-92.0105712890625,5,-24.11441955566407,6772
ARID1A,-100.1927085639527,805,-76.07455706862929,805,-24.118151495323417,6773
PIWIL4,-85.01012123955621,18,-60.884588877360024,18,-24.12553236219619,6774
LRP4-AS1,-86.84683990478516,3,-62.707959493001304,3,-24.138880411783852,6775
BORCS7,-77.36185416919272,894,-53.20606208220958,894,-24.155792086983148,6776
BAZ1A,-97.89161314537625,1017,-73.71753646115404,1017,-24.174076684222214,6777
ROR1,-107.3152289510775,119,-83.1384771010455,119,-24.176751850032005,6778
AREL1,-110.1775668529754,141,-85.99788075981411,141,-24.179686093161294,6779
HOXB3,-132.62897359913794,29,-108.4422168073983,29,-24.18675679173964,6780
CNTD1,-97.0546349303363,73,-72.85660438015036,73,-24.198030550185948,6781
RNPEP,-74.90963736117902,763,-50.69855697251866,763,-24.211080388660363,6782
WSCD2,-109.53058624267578,1,-85.30378723144531,1,-24.22679901123047,6783
LYPD6B,-115.02533945544013,58,-90.78925941730368,58,-24.23608003813645,6784
LINC00922,-125.44942995397057,41,-101.20767788770722,41,-24.241752066263345,6785
TRIM44,-91.87816354592212,742,-67.62575419443958,742,-24.25240935148254,6786
PCF11,-81.75855469285396,798,-57.50312528395115,798,-24.255429408902813,6787
KL,-110.95662117004395,8,-86.68860340118408,8,-24.268017768859863,6788
TIAL1,-84.68631751802232,720,-60.39914559788174,720,-24.28717192014058,6789
KRBA2,-102.7549671596951,18,-78.46366373697917,18,-24.291303422715927,6790
RFX7,-102.78785206721379,130,-78.4957767193134,130,-24.292075347900393,6791
PLBD1-AS1,-86.50394948323567,3,-62.19161732991537,3,-24.312332153320305,6792
ITFG1-AS1,-118.34970092773438,1,-94.00422668457033,1,-24.34547424316405,6793
GLS2,-84.10008701808016,71,-59.7292663681675,71,-24.37082064991266,6794
MEIS1,-96.92459957416241,26,-72.55157382671649,26,-24.373025747445922,6795
CDC7,-114.80902942021687,48,-90.43491315841675,48,-24.374116261800125,6796
NAPG,-96.38098253522601,413,-71.98906587688455,413,-24.391916658341458,6797
GABPB1-AS1,-115.91295819271718,441,-91.51905073654625,441,-24.393907456170936,6798
GREB1L,-93.40981223366477,11,-69.01578591086648,11,-24.394026322798283,6799
ZNF571,-98.4922043820645,47,-74.06483491938165,47,-24.427369462682847,6800
P2RX7,-120.30805611610413,32,-95.88066101074219,32,-24.42739510536194,6801
ZIC2,-161.86193084716797,4,-137.4167137145996,4,-24.44521713256836,6802
IGKV1-39,-136.42743089463977,9,-111.95543416341145,9,-24.471996731228316,6803
BMPR1A,-83.47366398092694,211,-58.99900217643846,211,-24.474661804488484,6804
TERF2,-108.45787847609748,189,-83.97924675512566,189,-24.47863172097182,6805
TNFAIP2,-111.49470719791707,401,-86.98601977188986,401,-24.50868742602721,6806
NLRP9,-118.75069427490234,1,-94.23190307617188,1,-24.51879119873047,6807
ODF2L,-106.0319851612358,972,-81.50009605815872,972,-24.531889103077077,6808
DEXI,-85.89326316710157,433,-61.337892704142156,433,-24.55537046295941,6809
FAM102B,-113.95269402398003,45,-89.33419715033637,45,-24.618496873643664,6810
ZNF485,-154.29552459716797,24,-129.6694564819336,24,-24.626068115234375,6811
RNF34,-61.04529484340123,245,-36.36495814420739,245,-24.680336699193838,6812
NOSTRIN,-116.60654152213753,77,-91.92240836403586,77,-24.684133158101673,6813
LRRC40,-87.98464379381778,134,-63.25869267022432,134,-24.72595112359346,6814
ITPR2,-96.27706797638832,342,-71.53312199018156,342,-24.743945986206768,6815
ECD,-98.74366532995346,188,-73.99684236404744,188,-24.74682296590602,6816
EXOC5,-79.07813399264057,319,-54.318079347520786,319,-24.760054645119787,6817
LINC01353,-88.36480808258057,8,-63.58528470993042,8,-24.779523372650146,6818
GEN1,-89.10189330272185,39,-64.31854287171976,39,-24.78335043100209,6819
CHP1,-59.30337628451261,1276,-34.51893591208144,1276,-24.78444037243117,6820
CACNA2D4,-144.53265235537575,21,-119.7437507992699,21,-24.78890155610584,6821
TXNL1,-104.57530614916037,997,-79.78622997440809,997,-24.78907617475228,6822
COL4A2-AS1,-116.45077514648438,1,-91.63858032226562,1,-24.81219482421875,6823
B3GLCT,-110.82694179255788,82,-86.005967023896,82,-24.82097476866187,6824
SPIRE1,-90.82769877290073,292,-66.00370343090736,292,-24.823995341993367,6825
CC2D1B,-80.68344316755022,175,-55.84834163120815,175,-24.835101536342073,6826
FGR,-76.42460712034311,67,-51.58264809224143,67,-24.841959028101684,6827
METTL22,-85.44790732643821,110,-60.5885983207009,110,-24.85930900573731,6828
NUP133,-103.82684469223022,192,-78.9451862970988,192,-24.881658395131424,6829
C18orf54,-106.26853713989257,10,-81.38323440551758,10,-24.88530273437499,6830
ZG16,-98.93439229329427,3,-74.0478998819987,3,-24.886492411295563,6831
KLHDC9,-107.6859218266164,357,-82.79250092065635,357,-24.893420905960042,6832
GRAP,-131.46475677490236,5,-106.56697692871094,5,-24.897779846191412,6833
UTP14C,-149.30711680864434,251,-124.40209465482795,251,-24.90502215381639,6834
CDAN1,-77.49124864431528,52,-52.57478090432974,52,-24.916467739985535,6835
RECQL,-98.34179101166902,216,-73.41973477822764,216,-24.92205623344138,6836
CYB5D2,-80.35756273848561,313,-55.41946657320943,313,-24.938096165276185,6837
RERG,-148.05642543694913,39,-123.10015321389223,39,-24.9562722230569,6838
JUNB,-91.50848050586512,1952,-66.54677429746408,1952,-24.96170620840104,6839
NBPF11,-94.96697089785621,126,-70.00050111800905,126,-24.96646977984716,6840
DESI2,-89.41294483589915,904,-64.44353834084706,904,-24.969406495052098,6841
MCOLN1,-95.7421920096826,247,-70.75270929992922,247,-24.989482709753375,6842
ZFP30,-78.0878454844157,24,-53.07659292221069,24,-25.011252562205,6843
PIGM,-106.32712163230926,261,-81.26219908031011,261,-25.064922551999146,6844
ALDH1A2,-125.53910527084813,33,-100.47253487326883,33,-25.066570397579298,6845
FCGR2A,-118.29379768371582,380,-93.21770698145816,380,-25.07609070225766,6846
PLCH2,-112.26282179090711,45,-87.18137037489149,45,-25.081451416015625,6847
KLHDC1,-100.14094903733995,36,-75.05387115478516,36,-25.087077882554794,6848
IDE,-92.65309885660807,225,-67.55887407090928,225,-25.094224785698785,6849
MZT1,-91.74096257635888,376,-66.64206886291504,376,-25.098893713443843,6850
KLK12,-94.4382047069316,49,-69.3270589088907,49,-25.111145798040894,6851
METTL8,-118.97803142817334,99,-93.8360893943093,99,-25.14194203386404,6852
GPATCH11,-97.93991390351326,124,-72.79667540519468,124,-25.14323849831858,6853
DHRS4L2,-116.32179012198021,569,-91.13192846904948,569,-25.18986165293073,6854
CABLES1,-82.12068685964375,238,-56.91693716289616,238,-25.203749696747593,6855
IGHV3-43,-147.4833221435547,1,-122.25525665283205,1,-25.228065490722642,6856
TRIM13,-86.05372197108632,381,-60.81181742951,381,-25.241904541576318,6857
MAB21L3,-131.2110455830892,12,-105.96091906229655,12,-25.250126520792648,6858
SUPT6H,-92.08137648209282,460,-66.82525803939156,460,-25.256118442701265,6859
SRRM2,-75.95157796223958,1650,-50.69266979795514,1650,-25.258908164284442,6860
METTL16,-81.70325150104783,322,-56.442692738882506,322,-25.260558762165324,6861
POLR3B,-81.06026121440686,95,-55.79497150621916,95,-25.2652897081877,6862
LGALS9B,-114.98956080845424,14,-89.7221314566476,14,-25.26742935180664,6863
SERPINB2,-101.04898218008188,26,-75.78148533747746,26,-25.267496842604416,6864
TSNAXIP1,-96.14061699843988,82,-70.8529393265887,82,-25.287677671851185,6865
CFAP221,-74.12863025036486,455,-48.83384229219877,455,-25.294787958166097,6866
CLEC4F,-126.3126449584961,1,-101.01299285888672,1,-25.299652099609375,6867
DRC3,-94.40370100962964,237,-69.09143584690014,237,-25.312265162729503,6868
OVCH1,-126.3621088663737,3,-101.03761291503906,3,-25.32449595133464,6869
MAP1LC3B2,-113.41736739721054,39,-88.07608227852063,39,-25.34128511868991,6870
BANF1,-78.93858328135873,1482,-53.595525620598224,1482,-25.343057660760508,6871
SSPN,-137.30005535002678,124,-111.95590831387427,124,-25.344147036152506,6872
AP1M2,-115.51330685494514,788,-90.16735318953616,788,-25.345953665408985,6873
CDKL1,-158.51806738021526,47,-133.16666785706866,47,-25.351399523146597,6874
CCDC175,-98.2462890625,5,-72.88535003662109,5,-25.360939025878906,6875
AGBL5,-150.93408108213873,209,-125.57243854577462,209,-25.361642536364116,6876
KIRREL2,-110.25142669677734,1,-84.88639068603516,1,-25.365036010742188,6877
FOS,-99.06887372618208,2019,-73.70135406599947,2019,-25.36751966018261,6878
TMEM220,-83.10521941166,251,-57.736087282340364,251,-25.369132129319638,6879
CYP2E1,-107.95173072814941,4,-82.56578254699707,4,-25.385948181152344,6880
SLIRP,-98.9767946884125,1509,-73.58713453127265,1509,-25.389660157139843,6881
PGBD2,-101.56250891886967,71,-76.17228430089816,71,-25.390224617971512,6882
GLYATL1,-102.44969685872395,3,-77.0486577351888,3,-25.401039123535156,6883
ZNF134,-92.54630455603966,78,-67.13859059260442,78,-25.407713963435242,6884
LYPD5,-89.9714724222819,18,-64.55190001593695,18,-25.419572406344955,6885
ACBD6,-105.83377787476815,497,-80.38773929281254,497,-25.446038581955605,6886
KIR3DL2,-138.58658345540366,3,-113.13277180989583,3,-25.453811645507827,6887
NOC3L,-74.72128939004469,191,-49.25874438460585,191,-25.46254500543884,6888
WBP4,-101.15034691183483,514,-75.68236424486925,514,-25.467982666965582,6889
ADPRM,-84.70507755074449,93,-59.216220322475635,93,-25.488857228268856,6890
RTN4,-107.2177144995642,1768,-81.72302571464988,1768,-25.494688784914317,6891
ACIN1,-86.43618002829403,706,-60.936145096257455,706,-25.500034932036577,6892
WWOX,-87.07469223484848,132,-61.57020730683298,132,-25.504484928015508,6893
WDR77,-96.787421323542,285,-71.2820960596988,285,-25.505325263843204,6894
CCNT2-AS1,-99.01026036189153,13,-73.50006396953876,13,-25.510196392352768,6895
RBM23,-112.96931967246756,693,-87.45292408160145,693,-25.51639559086611,6896
AVEN,-113.68301133851747,74,-88.16329048775337,74,-25.519720850764102,6897
LPAR3,-106.33911427280358,57,-80.8091448064436,57,-25.529969466359987,6898
GNG5,-93.68637281178346,1983,-68.1382435862608,1983,-25.548129225522658,6899
TMEM150B,-100.23110389709473,4,-74.6806755065918,4,-25.55042839050293,6900
SLITRK5,-120.84653819691052,11,-95.28714127974077,11,-25.55939691716975,6901
ZNF518A,-115.30700215839204,336,-89.73625616800217,336,-25.570745990389867,6902
TIRAP,-97.16986101323909,44,-71.57613736932927,44,-25.59372364390981,6903
AMY2A,-118.74585342407227,4,-93.1483383178711,4,-25.597515106201172,6904
DHODH,-84.09744139120612,142,-58.49726628585601,142,-25.60017510535011,6905
YEATS4,-86.62007345589849,347,-61.01705982087325,347,-25.603013635025242,6906
ADGRG1,-126.91178093334236,303,-101.29394830886287,303,-25.61783262447949,6907
RBM45,-117.04439245794238,97,-91.41956636094555,97,-25.624826096996827,6908
ZNF10,-83.17975583989569,94,-57.549807325322575,94,-25.629948514573115,6909
TRIM54,-139.40375549316406,50,-113.76633758544922,50,-25.637417907714834,6910
FBL,-91.8602795529091,1129,-66.21043744353302,1129,-25.64984210937608,6911
CYP2R1,-103.61281263213797,97,-77.96208922396,97,-25.650723408177967,6912
MTR,-85.30943977505552,255,-59.652442902209714,255,-25.65699687284581,6913
SRSF8,-113.82173341776165,837,-88.1553070815803,837,-25.666426336181345,6914
SWT1,-105.22592544555664,38,-79.53716278076172,38,-25.688762664794922,6915
MTRF1,-104.56023025512695,74,-78.86719822239232,74,-25.693032032734635,6916
SPRR2B,-159.9371337890625,1,-134.24310302734375,1,-25.69403076171875,6917
IGHV1-2,-122.95155334472656,1,-97.24542236328124,1,-25.706130981445327,6918
GRIP1,-116.86001718455347,29,-91.15136534592202,29,-25.708651838631454,6919
ZNF226,-103.37854800604086,339,-77.64400621712383,339,-25.734541788917028,6920
CCDC34,-113.38289413692823,317,-87.64116324536056,317,-25.74173089156767,6921
INSIG2,-100.9848222482517,534,-75.21915220053455,534,-25.76567004771715,6922
POLG,-89.1827219784532,219,-63.40699994509623,219,-25.77572203335697,6923
GLYATL2,-122.5126224093967,18,-96.73035473293729,18,-25.782267676459412,6924
HSP90B1,-101.40514942893276,1728,-75.62224871582455,1728,-25.782900713108205,6925
ARL5C,-112.28014373779298,2,-86.47921371459961,2,-25.800930023193374,6926
WNT4,-144.87319325592557,59,-119.06802432819948,59,-25.805168927726086,6927
NDUFC2-KCTD14,-89.75505065917969,1,-63.94957733154297,1,-25.80547332763672,6928
APOBEC4,-158.73792253914527,59,-132.89308851856296,59,-25.84483402058231,6929
CEP350,-82.37533163656298,583,-56.528562117195456,583,-25.84676951936752,6930
NPEPPS,-141.51590898621757,795,-115.6395246781643,795,-25.87638430805326,6931
FAM117A,-83.23368621678743,207,-57.35694395056093,207,-25.8767422662265,6932
WIPI1,-103.02393319094992,382,-77.12236076874258,382,-25.901572422207337,6933
GNS,-78.97882017523793,683,-53.07425791906577,683,-25.904562256172156,6934
RGS6,-87.62364387512207,4,-61.715492248535156,4,-25.908151626586914,6935
SYNC,-83.51551887787969,166,-57.595720934580605,166,-25.91979794329908,6936
TP73-AS1,-95.86533099583217,140,-69.93869449070522,140,-25.92663650512695,6937
TEAD1,-72.04604990811528,478,-46.116492850012364,478,-25.929557058102915,6938
PIGN,-109.36306689078347,114,-83.42414293791118,114,-25.938923952872287,6939
TSHZ1,-131.35675224891077,156,-105.41261805020847,156,-25.9441341987023,6940
SLC16A6,-107.24620564778645,12,-81.29818725585938,12,-25.94801839192708,6941
OASL,-98.20659271240234,75,-72.25163543701171,75,-25.954957275390626,6942
LINC00858,-112.47150421142578,1,-86.50674438476562,1,-25.964759826660156,6943
POSTN,-169.59198760986328,4,-143.6219253540039,4,-25.970062255859375,6944
SPI1,-236.2819208445283,197,-210.30560511864988,197,-25.976315725878408,6945
CEP57,-101.70266238724835,579,-75.72202391945636,579,-25.98063846779199,6946
DYSF,-113.83079487568624,37,-87.8469566139015,37,-25.98383826178474,6947
PTOV1,-89.05496165601512,790,-63.05630405764037,790,-25.998657598374756,6948
CLIP1,-79.53908092034958,806,-53.5307500285487,806,-26.008330891800874,6949
MRPS9,-91.86680727063512,326,-65.84495746869982,326,-26.021849801935304,6950
TWSG1,-83.36303866993298,264,-57.3359147274133,264,-26.02712394251968,6951
PDE3B,-112.3367067972819,30,-86.30168228149414,30,-26.035024515787768,6952
DHRS7,-131.4226942674169,1060,-105.38762633125737,1060,-26.03506793615952,6953
MOV10,-160.75225928521925,217,-134.70264825073804,217,-26.049611034481217,6954
PLA2G4E,-120.67158613533809,29,-94.6154548381937,29,-26.05613129714439,6955
PTGDR,-110.52348242865668,9,-84.46637810601129,9,-26.057104322645387,6956
USP33,-97.39335662243413,357,-71.33515660903034,357,-26.05820001340379,6957
CHKA,-87.14313860061174,549,-61.06969642986582,549,-26.073442170745913,6958
IGHV3-7,-160.04424540201822,6,-133.96907679239908,6,-26.07516860961914,6959
XPNPEP1,-110.27799209715828,252,-84.17102789500403,252,-26.106964202154245,6960
TK2,-103.42153472200447,218,-77.2987256881294,218,-26.122809033875072,6961
SPOCD1,-100.80771403158865,62,-74.65804635324785,62,-26.14966767834079,6962
ZNF812P,-130.46060485839843,5,-104.27579498291016,5,-26.18480987548827,6963
CCDC77,-99.40384565080915,56,-73.19912815093994,56,-26.204717499869204,6964
RBM20,-119.59410095214844,7,-93.37144143240792,7,-26.222659519740517,6965
DYRK2,-111.80613606064408,216,-85.5766796182703,216,-26.229456442373774,6966
PSMG2,-103.61975161017547,879,-77.389020188541,879,-26.230731421634474,6967
MEMO1,-80.53611439197986,111,-54.30082262743701,111,-26.235291764542858,6968
NDN,-110.97459218759076,269,-84.73583978702588,269,-26.238752400564877,6969
TMEM62,-110.89943058284248,254,-84.64678997129906,254,-26.252640611543427,6970
SRSF2,-106.90836890302526,1549,-80.6360024488534,1549,-26.27236645417186,6971
WAPL,-90.51374675393332,523,-64.22668949367895,523,-26.28705726025437,6972
DCAF5,-103.96619634917288,528,-77.67175829049313,528,-26.294438058679745,6973
ASB16,-98.47051620483398,2,-72.1682014465332,2,-26.30231475830078,6974
ITGA6,-96.15626118977865,255,-69.84059158026004,255,-26.315669609518608,6975
FRRS1,-145.0328114827474,6,-118.70724868774414,6,-26.325562795003265,6976
DPP10-AS1,-125.41862873972198,81,-99.08847884189936,81,-26.330149897822622,6977
ZNF365,-85.50196907737039,11,-59.15549018166282,11,-26.34647889570757,6978
AKAP8L,-95.34842926463442,418,-68.99682431015671,418,-26.351604954477708,6979
TNFAIP8L2,-87.74769714355469,25,-61.395932312011716,25,-26.351764831542972,6980
UBASH3B,-104.65553048940805,39,-78.2966555081881,39,-26.358874981219955,6981
FCAR,-115.13766479492188,2,-88.7722053527832,2,-26.365459442138672,6982
PIK3C2G,-116.65680640084403,28,-90.2600623539516,28,-26.396744046892437,6983
MKS1,-88.96179879826607,139,-62.55476777330577,139,-26.407031024960304,6984
MT3,-83.05801337105888,28,-56.642598969595774,28,-26.415414401463103,6985
MRPL51,-95.59558377502402,1593,-69.15847507723457,1593,-26.437108697789455,6986
GDF7,-112.74656542609719,17,-86.30807854147518,17,-26.43848688462201,6987
ILVBL,-87.19655610991687,410,-60.750722364100014,410,-26.445833745816856,6988
ZNF33B,-91.24170913900831,373,-64.7953799761652,373,-26.446329162843114,6989
SCN3B,-101.69234657287598,4,-75.20831298828125,4,-26.484033584594727,6990
SAMD15,-97.35913289388021,45,-70.86885935465494,45,-26.49027353922527,6991
ATL2,-97.75190419854867,419,-71.25635910944608,419,-26.495545089102592,6992
RAP1B,-75.28703012774068,527,-48.78812493861739,527,-26.498905189123285,6993
TRAC,-131.92291793002877,93,-105.42094249110067,93,-26.5019754389281,6994
MED9,-93.33047447204589,80,-66.82732801437378,80,-26.503146457672116,6995
MYO1D,-96.26917315158492,379,-69.7591970438693,379,-26.509976107715616,6996
ZNF407,-77.90068785784996,73,-51.36619719413862,73,-26.53449066371134,6997
PDPN,-116.33855161805084,69,-89.80107890695766,69,-26.537472711093187,6998
DNAL1,-84.7435694069698,348,-58.200562235952795,348,-26.543007171017003,6999
RFWD3,-140.67917141849048,146,-114.12108528450744,146,-26.55808613398304,7000
ZBTB37,-100.3339460388688,121,-73.77034280319845,121,-26.563603235670357,7001
TPM1,-94.90646234754438,1292,-68.32793596875926,1292,-26.578526378785114,7002
ZWILCH,-121.17467535547463,83,-94.59469990557935,83,-26.579975449895286,7003
CD207,-133.72108459472656,3,-107.09809112548828,3,-26.62299346923828,7004
STYX,-90.67769348144532,250,-64.04325875854492,250,-26.634434722900394,7005
ZNF549,-84.74233722686768,8,-58.083237648010254,8,-26.659099578857422,7006
DOK1,-101.58905401895213,172,-74.92474839853686,172,-26.664305620415263,7007
GTF2F2,-100.19272336092862,517,-73.52360463834131,517,-26.669118722587314,7008
HEXIM1,-85.27503147640743,1036,-58.6054241997855,1036,-26.66960727662193,7009
FCRL6,-110.85021071000533,22,-84.16991840709339,22,-26.680292302911937,7010
ANKRD45,-92.98762881630346,95,-66.29648232710989,95,-26.69114648919357,7011
CARNS1,-92.24275875091553,8,-65.5312237739563,8,-26.71153497695923,7012
HTR3A,-127.55243004692926,27,-100.83934049253111,27,-26.713089554398152,7013
OSGEP,-111.35020778656006,400,-84.62436822891236,400,-26.725839557647703,7014
KCTD12,-100.43379764214248,334,-73.70598613716172,334,-26.727811504980764,7015
GPHN,-103.9695805311203,128,-77.22727251052856,128,-26.742308020591736,7016
SMYD4,-108.4060548373631,224,-81.66127446719578,224,-26.74478037016732,7017
SIX3,-122.14395795549665,14,-95.37727900913784,14,-26.76667894635881,7018
SMAGP,-89.88354352762697,881,-63.10901703764172,881,-26.77452648998525,7019
ATP10A,-156.18749411064283,114,-129.40351707056948,114,-26.783977040073353,7020
KPNA2,-87.66293754817555,318,-60.87654509634342,318,-26.78639245183213,7021
TTC6,-109.6992335319519,48,-82.90105215708415,48,-26.798181374867752,7022
PRKCH,-152.40198651482078,221,-125.59501085238219,221,-26.80697566243859,7023
RNF103,-95.92333348592122,390,-69.10488587403908,390,-26.818447611882135,7024
GORASP2,-106.10340505985887,687,-79.2772700991346,687,-26.826134960724275,7025
NEK9,-76.42292512947297,249,-49.59121267479586,249,-26.83171245467711,7026
PACERR,-126.2902119954427,9,-99.45391845703125,9,-26.836293538411454,7027
SLC4A5,-142.253614976671,90,-115.402896033393,90,-26.850718943277997,7028
ZNF503,-115.47458966985926,616,-88.61859788523091,616,-26.855991784628344,7029
PARP2,-77.75242178780692,154,-50.889930526931565,154,-26.86249126087536,7030
SLC22A15,-105.61755726701122,118,-78.75168137631174,118,-26.865875890699485,7031
CTNNA3,-98.31446838378906,2,-71.44331741333008,2,-26.871150970458984,7032
SPTB,-104.40477923492887,67,-77.5332388806699,67,-26.87154035425897,7033
ZFYVE27,-100.89791930123661,178,-73.99373751008109,178,-26.904181791155523,7034
S1PR1,-115.81805038452148,6,-88.87274424235027,6,-26.94530614217122,7035
ENO1,-105.75893265539172,1866,-78.80413923437317,1866,-26.95479342101855,7036
RSRC2,-84.78465672368588,1150,-57.82821527232294,1150,-26.95644145136294,7037
LINC00115,-87.37753112792969,25,-60.416258544921874,25,-26.961272583007812,7038
ZNF114,-98.19087362289429,32,-71.22063112258911,32,-26.970242500305176,7039
GPA33,-137.66444723946708,14,-110.68555559430804,14,-26.978891645159038,7040
GPN3,-71.77766869727601,470,-44.74716197074728,470,-27.030506726528735,7041
CLEC14A,-131.30178833007812,5,-104.26564025878906,5,-27.036148071289062,7042
PRKCQ,-95.39004778862,96,-68.34066915512085,96,-27.049378633499146,7043
DTNB,-85.95151821136474,200,-58.892524547576905,200,-27.058993663787838,7044
TCF7L1,-105.37137396240234,375,-78.31187121582032,375,-27.059502746582027,7045
CBX5,-114.46125851770874,628,-87.39526448583906,628,-27.06599403186968,7046
RPUSD2,-92.80467389977497,92,-65.73593844538149,92,-27.068735454393476,7047
BATF,-124.52954820058878,206,-97.45012635166205,206,-27.079421848926728,7048
CD9,-124.86086429848253,2026,-97.77876192866755,2026,-27.082102369814976,7049
SLC29A2,-86.19679501441217,155,-59.102678877307525,155,-27.09411613710465,7050
AP5M1,-111.27567629496257,300,-84.15509928385417,300,-27.120577011108395,7051
PIPOX,-119.80272882634944,11,-92.66884682395242,11,-27.133882002397016,7052
SIK2,-84.27433655271493,251,-57.11458130186772,251,-27.159755250847205,7053
GIPR,-157.07068540612045,98,-129.90060292458048,98,-27.170082481539964,7054
PARD6G,-86.52034293280707,18,-59.33531782362196,18,-27.185025109185105,7055
PKN2,-83.84493066946092,554,-56.650894247667885,554,-27.194036421793037,7056
NGF,-113.45821126302083,24,-86.25281206766765,24,-27.20539919535318,7057
CCDC88C,-110.97681799013752,484,-83.76045181337467,484,-27.216366176762847,7058
EID3,-99.42340419089147,129,-72.19762881966524,129,-27.225775371226234,7059
MAN1A2,-114.70600761342271,535,-87.47461881548445,535,-27.231388797938266,7060
ASGR2,-97.84837341308594,1,-70.60746002197266,1,-27.24091339111328,7061
ZNF320,-107.63045904371474,108,-80.38436727170591,108,-27.246091772008825,7062
TRIM6,-99.74833537914135,27,-72.49539128056279,27,-27.252944098578567,7063
DKK3,-112.63675875780059,41,-85.37755975490663,41,-27.259199002893965,7064
MEX3B,-107.94514465332031,35,-80.68529445103236,35,-27.25985020228795,7065
KAZN,-98.44327068328857,120,-71.16431776682536,120,-27.27895291646321,7066
GPR158,-110.4292449951172,1,-83.13268280029297,1,-27.296562194824233,7067
HBA2,-86.41317267337088,236,-59.1117592504469,236,-27.30141342292398,7068
DIS3L,-99.0314755745122,203,-71.68652272341873,203,-27.344952851093467,7069
DLEU2,-86.85577118262816,89,-59.497938006111745,89,-27.357833176516415,7070
CENPJ,-83.26655093106356,66,-55.90088948336515,66,-27.365661447698415,7071
NRDE2,-93.93769994931208,361,-66.56976254957205,361,-27.36793739974003,7072
ARRDC4,-86.54743306229754,123,-59.17743251769523,123,-27.370000544602313,7073
DDX47,-79.9061996459961,20,-52.52833271026611,20,-27.377866935729983,7074
BRIP1,-101.10490107536316,32,-73.71668100357056,32,-27.388220071792603,7075
MAPKBP1,-96.19987471731085,95,-68.79373763234992,95,-27.406137084960932,7076
POLE4,-81.13363845772489,1158,-53.71703107039957,1158,-27.416607387325314,7077
TMX3,-81.02826736086891,252,-53.56867379990835,252,-27.459593560960556,7078
NCR3LG1,-85.93623455150707,37,-58.44844972765124,37,-27.487784823855833,7079
IL1RL2,-108.6861234664917,40,-81.1863660812378,40,-27.4997573852539,7080
KRCC1,-129.24401808386932,713,-101.73741715954196,713,-27.50660092432736,7081
EPCAM,-88.77488181305769,1822,-61.26448712521667,1822,-27.51039468784102,7082
RND1,-84.54856358319267,589,-57.03360518372929,589,-27.51495839946338,7083
RNASE7,-120.80095672607422,1,-93.26412963867188,1,-27.536827087402344,7084
PIK3C3,-85.5819697640159,220,-58.003785168040885,220,-27.57818459597501,7085
CHCHD5,-81.56738850289557,1145,-53.93142379360948,1145,-27.635964709286085,7086
GPD1,-122.67012344360352,50,-95.01660110473632,50,-27.65352233886719,7087
FLG-AS1,-139.25169067382814,5,-111.59287109375,5,-27.65881958007813,7088
ZNF737,-116.35145416259766,25,-88.69013824462891,25,-27.66131591796875,7089
ZNF280D,-104.6329179072118,364,-76.96550031808707,364,-27.66741758912474,7090
SH3GLB1,-86.06865349441279,915,-58.392163586225664,915,-27.676489908187122,7091
DLX2,-95.5449947010387,11,-67.85448733243075,11,-27.690507368607953,7092
GBP6,-121.298819065094,16,-93.6022686958313,16,-27.696550369262695,7093
CHEK1,-104.1373553698576,79,-76.4382526059694,79,-27.699102763888206,7094
TDRD3,-82.38779532391092,230,-54.677012899647586,230,-27.710782424263336,7095
WSB2,-114.4543465550425,403,-86.74053508294723,403,-27.713811472095273,7096
SFR1,-98.31150932083587,167,-70.58493594780654,167,-27.726573373029325,7097
PEX19,-99.36754524544494,365,-71.63758009819135,365,-27.729965147253594,7098
DTD2,-116.22567049223801,145,-88.4926708879142,145,-27.73299960432381,7099
JRKL,-104.69687998736346,108,-76.93774188006365,108,-27.759138107299805,7100
LCMT1-AS2,-116.2146453857422,1,-88.4502182006836,1,-27.764427185058608,7101
ACBD7,-105.8590850830078,1,-78.09440612792969,1,-27.76467895507811,7102
CD177,-109.64171829223633,10,-81.87148895263672,10,-27.77022933959961,7103
LOH12CR2,-94.83440532684327,40,-67.05207271575928,40,-27.782332611083987,7104
PCAT19,-163.86665301255778,71,-136.07456884249834,71,-27.79208417005944,7105
MEF2A,-93.30420542458404,343,-65.48833768082777,343,-27.81586774375627,7106
LACC1,-105.04932308197021,56,-77.21535055977958,56,-27.833972522190635,7107
ANAPC5,-92.9262350446227,692,-65.07836648907964,692,-27.84786855554306,7108
SCIMP,-106.30358425776164,48,-78.45245536168416,48,-27.851128896077483,7109
ANXA7,-84.6071943470076,1020,-56.751586465274585,1020,-27.85560788173302,7110
FARP1-AS1,-153.73031934102377,24,-125.87450091044109,24,-27.855818430582687,7111
CRY2,-106.55450277833552,321,-78.68812839115891,321,-27.866374387176606,7112
CCNY,-104.86495405310787,621,-76.98027544743388,621,-27.884678605673983,7113
RPS27A,-109.11798313836367,2172,-81.2193653183967,2172,-27.898617819966972,7114
LINC00839,-116.85350646972657,5,-88.9441146850586,5,-27.909391784667974,7115
KCNJ2-AS1,-129.29027669022722,41,-101.37269313160967,41,-27.91758355861755,7116
AKR1C2,-130.91921189902484,138,-102.98706745755845,138,-27.93214444146639,7117
ARMC6,-76.27291517070695,255,-48.34051986395144,255,-27.93239530675551,7118
TEX14,-95.54147284921973,99,-67.59694347959577,99,-27.944529369623964,7119
LRRC56,-98.41723626235435,116,-70.47254496607287,116,-27.944691296281476,7120
SLC7A1,-73.27504693894159,231,-45.32866658792867,231,-27.946380351012913,7121
TXNL4B,-127.5066203786366,134,-99.5592058096359,134,-27.9474145690007,7122
BCAS2,-102.06472844011473,662,-74.10750722741072,662,-27.957221212704013,7123
ALKBH3,-106.37287588189118,274,-78.41048637445826,274,-27.962389507432917,7124
NCF2,-120.72494069180748,129,-92.75872406479,129,-27.966216627017474,7125
FBXO48,-94.29866249330583,62,-66.33240681309854,62,-27.966255680207283,7126
C12orf73,-90.93316546500998,235,-62.965079254799704,235,-27.968086210210274,7127
CEP170,-93.20581739445879,283,-65.23668794665657,283,-27.969129447802217,7128
AMDHD1,-101.53891843907974,17,-73.55718276079963,17,-27.981735678280103,7129
GALNT3,-115.61338162097556,661,-87.62878215980241,661,-27.984599461173147,7130
RPP38,-90.1688364001288,414,-62.18023666897834,414,-27.988599731150458,7131
ANKRD29,-81.41446811781017,327,-53.42439373844625,327,-27.990074379363925,7132
RNF138,-75.84427172420946,326,-47.843672886947914,326,-28.00059883726155,7133
CYP17A1,-151.82088947296143,16,-123.80380487442017,16,-28.01708459854126,7134
RB1,-85.91827934939845,294,-57.899174190702894,294,-28.019105158695552,7135
MANSC1,-86.40916580751718,332,-58.38028467706887,332,-28.028881130448312,7136
IVNS1ABP,-102.0902539434887,672,-74.04427661214557,672,-28.04597733134314,7137
ZFP36,-75.81540014093572,1870,-47.75827713624679,1870,-28.057123004688933,7138
IRAK4,-87.70349795433783,155,-59.629195084110385,155,-28.07430287022745,7139
HOXC10,-107.45526123046876,1,-79.37781524658203,1,-28.077445983886733,7140
ARHGAP11A,-107.65278380257743,28,-79.54324531555176,28,-28.109538487025674,7141
KCTD1,-145.3838250125266,191,-117.27351311488925,191,-28.11031189763733,7142
PWP1,-83.24603915524173,462,-55.124664785542016,462,-28.121374369699716,7143
TP53I11,-105.957853686425,620,-77.82934905021422,620,-28.128504636210778,7144
SLC25A21-AS1,-94.70067892635569,85,-66.55840629128849,85,-28.1422726350672,7145
CMC2,-100.70901162283761,497,-72.5472230354785,497,-28.161788587359112,7146
C2CD2L,-108.00357003859531,162,-79.82515838999807,162,-28.178411648597248,7147
ANGPTL7,-132.0545196533203,2,-103.84012603759766,2,-28.214393615722656,7148
MYL12B,-89.15481829093237,1994,-60.932626651545824,1994,-28.222191639386544,7149
MPP2,-103.56105499267578,5,-75.32496185302735,5,-28.236093139648432,7150
TP53BP2,-71.17036226545062,350,-42.92432750156947,350,-28.24603476388115,7151
LYPD1,-151.95235315958658,60,-123.68412551879882,60,-28.268227640787757,7152
FBXO15,-104.01969044148422,119,-75.74419037634586,119,-28.27550006513836,7153
MAP3K2,-97.5562758022034,709,-69.27449746394191,709,-28.28177833826149,7154
BCL2L2,-123.8066380909511,280,-95.50991750444685,280,-28.29672058650425,7155
GLMN,-95.54646860758463,60,-67.24877166748047,60,-28.29769694010416,7156
CNRIP1,-99.46252136230468,10,-71.13148498535156,10,-28.331036376953122,7157
AQP8,-154.57798767089844,2,-126.22379684448242,2,-28.354190826416016,7158
NTF3,-110.96722793579102,2,-82.6120376586914,2,-28.35519027709961,7159
IGHV3-48,-150.47625732421875,1,-122.10334014892578,1,-28.37291717529297,7160
TEKT3,-115.98302483558655,32,-87.59514617919922,32,-28.38787865638733,7161
CCDC17,-105.3505767268838,193,-76.9566909710978,193,-28.393885755786002,7162
RAVER2,-96.81188700749324,104,-68.41490774888258,104,-28.396979258610656,7163
ABCA5,-111.31096872380026,417,-82.90944728348181,417,-28.401521440318447,7164
SLC36A4,-98.96158575928585,287,-70.53771658973827,287,-28.423869169547586,7165
CACNA1C-AS2,-136.8680648803711,2,-108.34240341186523,2,-28.52566146850586,7166
LRP3,-106.15106597749313,202,-77.6142015740423,202,-28.536864403450835,7167
TTLL10,-119.47113509916923,142,-90.933692556032,142,-28.53744254313723,7168
KIF14,-74.37459772283381,11,-45.83433289961381,11,-28.54026482322,7169
FNDC3A,-103.16930476026243,458,-74.62446594238281,458,-28.544838817879622,7170
NDUFA3,-73.59272762526595,1489,-45.04196793637554,1489,-28.55075968889041,7171
PAX8,-127.5366325378418,42,-98.97662607828777,42,-28.56000645955403,7172
ZNF570,-87.824678711972,59,-59.256039118362686,59,-28.568639593609312,7173
FNTB,-97.92859011430006,104,-69.35832595825195,104,-28.57026415604811,7174
COL17A1,-111.67484732733833,90,-83.09364835951064,90,-28.58119896782769,7175
LAPTM4A,-84.75051451652281,1860,-56.16568240093928,1860,-28.58483211558353,7176
ATF5,-105.17790197851174,251,-76.58001286480057,251,-28.597889113711176,7177
SBF2-AS1,-100.67065733570163,118,-72.0695891946049,118,-28.601068141096732,7178
FOXN2,-82.57302412750028,141,-53.95311382645411,141,-28.61991030104617,7179
LCT,-115.26599286053631,37,-86.64254286482527,37,-28.62344999571104,7180
MEIS2,-120.2268824443281,249,-91.59135194954624,249,-28.63553049478186,7181
CLEC1A,-179.70816040039062,1,-151.07061767578125,1,-28.637542724609375,7182
GOLGA6L1,-107.72071838378906,1,-79.07744598388672,1,-28.643272399902344,7183
NACA2,-131.65423345903977,141,-103.00428512248587,141,-28.649948336553905,7184
SLC2A14,-96.4049580891927,6,-67.74003728230794,6,-28.664920806884766,7185
KDM5A,-96.2772808283894,639,-67.60969680165275,639,-28.667584026736648,7186
POU2F1,-103.19431716760549,289,-74.52619957841391,289,-28.66811758919158,7187
OSBPL8,-87.76359463896345,494,-59.08385770234019,494,-28.679736936623264,7188
AXIN2,-93.1276724429531,131,-64.44732633983816,131,-28.680346103114942,7189
IL12RB2,-102.12969589233398,2,-73.4338607788086,2,-28.69583511352539,7190
MYO1F,-91.02478271780662,103,-62.32383909503233,103,-28.700943622774282,7191
TOM1L1,-105.00858968782333,521,-76.3010273821752,521,-28.707562305648125,7192
VAC14,-95.2941878674077,255,-66.57300979015874,255,-28.721178077248965,7193
MAF,-129.62279287198695,82,-100.89890773121904,82,-28.723885140767905,7194
NIFK-AS1,-112.82804181682529,134,-84.10097036788713,134,-28.727071448938162,7195
IQCH-AS1,-142.69265878611597,58,-113.96188183488518,58,-28.730776951230794,7196
YIF1B,-97.86194959771696,378,-69.10498682657878,378,-28.756962771138177,7197
SEPHS1,-90.1683738306949,285,-61.40912952088473,285,-28.75924430981017,7198
PPM1H,-114.19271087646484,77,-85.42844529585405,77,-28.764265580610797,7199
PARVA,-104.33929317637975,443,-75.57026963416932,443,-28.769023542210434,7200
TTC39C-AS1,-106.45790027436756,21,-77.67118508475167,21,-28.78671518961589,7201
GNPTAB,-85.62216603301614,551,-56.82980454682006,551,-28.792361486196086,7202
NRIP3,-129.77059591384162,42,-100.9721543448312,42,-28.79844156901042,7203
MPHOSPH6,-85.41133537069399,342,-56.605410447594714,342,-28.805924923099276,7204
SLC35G1,-93.82102873267198,82,-65.00988281063917,82,-28.811145922032807,7205
GNAL,-86.81576719122418,59,-57.99462922952943,59,-28.821137961694753,7206
APBB1,-89.71343656760364,199,-60.8603086807021,199,-28.85312788690154,7207
CEP295,-89.37340551305701,135,-60.518942515055336,135,-28.854462998001672,7208
AMHR2,-100.29488900991586,13,-71.43907224214993,13,-28.85581676776593,7209
PGBD4,-100.55191984630767,42,-71.68953959147136,42,-28.86238025483631,7210
APPL2,-82.83705755495558,255,-53.95421734978171,255,-28.88284020517387,7211
ERLEC1,-83.96154806881493,1194,-55.07256402122715,1194,-28.888984047587783,7212
GLTP,-98.70578788253673,818,-69.81390670925597,818,-28.89188117328075,7213
CRY1,-83.238268017378,305,-54.34360509153272,305,-28.89466292584528,7214
RNASEH2B,-85.0272510224739,565,-56.12742204244158,565,-28.899828980032325,7215
INSL3,-93.38601303100586,4,-64.47011756896973,4,-28.915895462036133,7216
ALG5,-92.08311725320075,798,-63.159927769711146,798,-28.923189483489608,7217
KLF6,-107.57985496622182,1885,-78.65558014320759,1885,-28.92427482301423,7218
EED,-148.16101084000024,156,-119.2231143560165,156,-28.93789648398375,7219
ENDOU,-134.57796563042535,9,-105.63852013481988,9,-28.93944549560547,7220
PTRHD1,-93.31743557489193,1257,-64.31806540356426,1257,-28.99937017132767,7221
METTL9,-107.38389008162451,976,-78.38017451958578,976,-29.003715562038735,7222
RGS9,-92.23311462402344,5,-63.22646865844727,5,-29.006645965576176,7223
ALPK2,-134.29925537109375,1,-105.2873992919922,1,-29.01185607910155,7224
MYEF2,-118.21566718515723,297,-89.17667920661695,297,-29.038987978540277,7225
EDNRB-AS1,-100.3923797607422,1,-71.28416442871094,1,-29.108215332031264,7226
GJA3,-94.41411590576172,2,-65.26528739929199,2,-29.148828506469727,7227
LATS2,-83.38355111384737,276,-54.23060357743415,276,-29.152947536413222,7228
KCMF1,-106.2049166065778,516,-77.02501626717027,516,-29.179900339407524,7229
RAB29,-112.15828499427208,338,-82.97834886178462,338,-29.179936132487455,7230
WDR7,-101.88458425787431,79,-72.6805892171739,79,-29.203995040700406,7231
DNAH3,-114.39041601751269,97,-85.1772250145981,97,-29.2131910029146,7232
LINC01354,-130.26362991333008,4,-101.02502632141113,4,-29.238603591918945,7233
BOLA3,-86.969384236901,987,-57.72859013720728,987,-29.24079409969373,7234
TRPM7,-85.94873574129335,314,-56.7007408263577,314,-29.247994914935646,7235
CPSF6,-86.23017502620847,483,-56.964094639811705,483,-29.266080386396766,7236
RAB4B,-88.67830031428664,481,-59.41162837419093,481,-29.266671940095712,7237
ZEB2,-144.97545074134746,93,-115.67120878158077,93,-29.304241959766685,7238
MSH4,-111.1952018737793,2,-81.88041305541992,2,-29.314788818359375,7239
GPR84,-110.1305923461914,4,-80.81389617919922,4,-29.316696166992188,7240
CDK8,-108.1781379824779,122,-78.82513152575883,122,-29.353006456719072,7241
CCND2-AS1,-121.3964713601505,17,-92.0391684139476,17,-29.357302946202893,7242
ZNF582,-95.2439298127827,19,-65.88462106805099,19,-29.359308744731706,7243
PPP1CB,-97.1552075780424,1330,-67.78595026346078,1330,-29.369257314581617,7244
ZNF317,-138.31283720759035,131,-108.93308077513717,131,-29.379756432453178,7245
ALG9,-107.33200018746513,56,-77.9489243371146,56,-29.383075850350522,7246
NRDC,-86.89027885154441,567,-57.4886978055224,567,-29.40158104602201,7247
PPFIA4,-102.72594916302225,23,-73.30385921312416,23,-29.422089949898094,7248
PPCS,-79.49669165660242,1071,-50.06378336602789,1071,-29.43290829057453,7249
LAIR2,-93.78932787024456,23,-64.35028905453889,23,-29.439038815705672,7250
PRAM1,-89.12740729836857,34,-59.686543969547046,34,-29.44086332882152,7251
PRPF18,-105.09170305161248,336,-75.64971762611752,336,-29.441985425494963,7252
SLC39A13,-99.98112650059942,268,-70.53666177436487,268,-29.444464726234543,7253
HERC1,-82.38257132510404,337,-52.93515492334564,337,-29.447416401758396,7254
MCM10,-88.6948247273763,15,-59.17353998819987,15,-29.52128473917643,7255
FAM157C,-155.61146926879883,20,-126.08711433410645,20,-29.524354934692383,7256
ZFAND4,-105.5946135520935,64,-76.06956279277802,64,-29.52505075931549,7257
TRIM68,-113.60974479675293,100,-84.03902633666992,100,-29.570718460083015,7258
FMN1,-96.15793350859956,286,-66.57428015862311,286,-29.583653349976444,7259
DCAKD,-97.59364792723093,161,-67.98705907786115,161,-29.606588849369786,7260
CIB4,-125.5304946899414,1,-95.88345336914062,1,-29.64704132080078,7261
SGMS1,-88.22849560118559,570,-58.5765069459614,570,-29.651988655224187,7262
ZNF266,-83.91662741027423,149,-54.24878677265756,149,-29.66784063761667,7263
CCPG1,-91.83688860779209,761,-62.16526226489835,761,-29.671626342893738,7264
RALBP1,-94.40442091988047,908,-64.72519687618978,908,-29.67922404369068,7265
GOLT1A,-115.65280839066064,507,-85.96685589370878,507,-29.685952496951856,7266
THAP3,-110.50666605315594,161,-80.81838188408324,161,-29.688284169072702,7267
STK11,-91.90324970086415,384,-62.17673324545225,384,-29.726516455411904,7268
PVR,-79.45765126546225,225,-49.72411341349284,225,-29.73353785196941,7269
CYP1B1-AS1,-115.31392669677734,19,-85.55680325156764,19,-29.7571234452097,7270
STARD7,-106.39423914660516,663,-76.63511258408674,663,-29.759126562518418,7271
KRT32,-156.78955078125,2,-127.01995468139648,2,-29.769596099853516,7272
NRXN3,-124.91946418068626,110,-95.13966855135831,110,-29.77979562932795,7273
TMOD4,-124.22311019897461,2,-94.43635177612305,2,-29.786758422851562,7274
MRPL33,-85.44193698444282,1591,-55.643338542101446,1591,-29.798598442341373,7275
ETV3,-100.78073669833387,229,-70.96431399016402,229,-29.816422708169853,7276
ANAPC7,-82.16395768962923,244,-52.3373465772535,244,-29.82661111237573,7277
MECR,-106.23169060358926,252,-76.4028836204892,252,-29.82880698310005,7278
PRH1,-104.04401550292968,25,-74.19705352783203,25,-29.846961975097656,7279
ITGAL,-95.74096221923828,60,-65.88538977305095,60,-29.855572446187338,7280
TOR1AIP2,-89.74160692340038,976,-59.88307876665084,976,-29.858528156749543,7281
TTC5,-104.2063284018605,194,-74.3470204146867,194,-29.859307987173807,7282
BEST1,-108.78262987049348,218,-78.89455473313637,218,-29.888075137357106,7283
MIS18BP1,-95.27861020174893,275,-65.38124278675426,275,-29.897367414994676,7284
GAS8-AS1,-122.88771057128906,1,-92.98912811279295,1,-29.898582458496108,7285
HS1BP3,-100.66181116381127,241,-70.76105692376734,241,-29.900754240043923,7286
FIGN,-126.08945846557617,72,-96.1674730512831,72,-29.921985414293076,7287
LRTOMT,-80.52485733365388,229,-50.59368866499855,229,-29.93116866865533,7288
TAF1A,-96.31863247264515,44,-66.36079796877775,44,-29.957834503867403,7289
PCK2,-92.9418410404021,269,-62.97999216810035,269,-29.961848872301744,7290
TMEM9B,-94.34229860870266,963,-64.37369994879512,963,-29.968598659907542,7291
CLPTM1,-88.86898164657151,622,-58.89931650560385,622,-29.969665140967663,7292
PCTP,-117.06353408511322,202,-87.08294360472424,202,-29.980590480388983,7293
AP2B1,-147.6457977294922,734,-117.63199126947804,734,-30.013806460014152,7294
UBN1,-123.8788211602615,399,-93.83767247020751,399,-30.041148690053987,7295
ZNF33A,-82.01538338577538,456,-51.96696426993922,456,-30.04841911583616,7296
HNRNPH3,-83.40535752256895,1085,-53.34328232866279,1085,-30.06207519390616,7297
NUP88,-83.82814627349693,189,-53.745322595828426,189,-30.0828236776685,7298
SOX11,-110.52801252092634,70,-80.44167207990374,70,-30.0863404410226,7299
DAPL1,-125.5701571012798,114,-95.44126082303231,114,-30.128896278247495,7300
EVI2A,-111.71525728702545,64,-81.5704185962677,64,-30.14483869075775,7301
CTSW,-105.43731215904499,87,-75.27418851304328,87,-30.163123646001708,7302
SPRTN,-261.12869722099714,186,-230.94144817065168,186,-30.187249050345457,7303
ELP2,-85.52218640897497,353,-55.3275216834741,353,-30.19466472550087,7304
PRKD3,-94.01981523301866,207,-63.81922166243844,207,-30.200593570580224,7305
ZNF599,-103.96624068139305,142,-73.73522154042419,142,-30.231019140968854,7306
MDM1,-113.51640057373046,125,-83.2678212890625,125,-30.24857928466797,7307
DOK4,-113.60834100055135,511,-83.34762425432,511,-30.260716746231353,7308
RPGRIP1L,-110.38906140870685,158,-80.09100052073032,158,-30.298060887976533,7309
KIR2DL3,-168.8850498199463,8,-138.58665466308594,8,-30.29839515686035,7310
EVL,-83.21578914811386,519,-52.91489411870409,519,-30.300895029409766,7311
UNC50,-100.86590678433338,664,-70.55145564711238,664,-30.314451137221,7312
RHOB,-109.4946798439329,1762,-79.17917926628121,1762,-30.31550057765169,7313
VAMP1,-86.35309648513794,48,-56.02909564971924,48,-30.3240008354187,7314
GFPT1,-108.33380717978386,679,-78.0059639392791,679,-30.327843240504762,7315
IREB2,-109.08798508918149,435,-78.7570452810704,435,-30.330939808111083,7316
ITGB7,-109.24182637532552,51,-78.90504635081572,51,-30.336780024509792,7317
SESTD1,-115.80937078985244,573,-85.43036694218767,573,-30.379003847664762,7318
GFOD2,-97.87008427504466,223,-67.49076076901012,223,-30.379323506034538,7319
CIRBP,-151.91689347917702,2045,-121.51369716205923,2045,-30.40319631711779,7320
HDHD2,-97.08830231015045,303,-66.67142674159689,303,-30.416875568553564,7321
JTB,-79.48639711074453,1829,-49.06502356093851,1829,-30.42137354980602,7322
RIMBP2,-120.45568084716795,1,-90.03260040283203,1,-30.423080444335923,7323
SUDS3,-106.68662317248358,690,-76.25929894931075,690,-30.427324223172832,7324
ARHGAP44,-90.00086432610964,353,-59.56627023929239,353,-30.434594086817242,7325
DUSP13,-97.34353637695312,10,-66.90584335327148,10,-30.437693023681646,7326
CWF19L2,-136.86720198943834,357,-106.4225905389011,357,-30.444611450537238,7327
FBXL3,-95.25838021339455,406,-64.75950873426616,406,-30.498871479128383,7328
CRNN,-121.08457946777344,1,-90.58326721191406,1,-30.501312255859375,7329
ALKBH5,-74.03801988459615,631,-43.496094759594996,631,-30.541925125001157,7330
ANP32A,-109.57627870166112,1008,-79.02832796460106,1008,-30.547950737060063,7331
PPIAL4G,-143.3871786934989,7,-112.81588527134487,7,-30.571293422154028,7332
LAX1,-130.53818384806314,12,-99.96657180786133,12,-30.571612040201813,7333
TERF2IP,-88.42334988242702,893,-57.84065003090716,893,-30.582699851519855,7334
CD160,-112.21030644008091,7,-81.62728990827289,7,-30.583016531808028,7335
ACSM2A,-155.5752716064453,1,-124.97711181640624,1,-30.598159790039077,7336
MRPL37,-129.69627251335356,609,-99.09157720105401,609,-30.604695312299555,7337
SEZ6,-118.16567325592041,8,-87.5481014251709,8,-30.61757183074951,7338
IGHV3-11,-144.61297607421875,1,-113.98912048339844,1,-30.623855590820312,7339
SMG8,-107.58366285051618,14,-76.95831952776227,14,-30.625343322753906,7340
FSIP1,-97.75817169189453,25,-67.12708435058593,25,-30.6310873413086,7341
CXXC1,-96.39327454052383,278,-65.76113221971251,278,-30.632142320811326,7342
CSF1,-119.77141420768969,198,-89.1138907923843,198,-30.65752341530539,7343
FOXN3-AS1,-118.83772839240308,53,-88.1748694653781,53,-30.662858927024985,7344
SCG5,-124.17525619335389,89,-93.50973244999231,89,-30.665523743361575,7345
ZNF180,-92.96353894814678,87,-62.27237679492468,87,-30.691162153222095,7346
TXLNA,-93.8643795576252,305,-63.16127424396452,305,-30.70310531366068,7347
RNF2,-91.48671634071752,190,-60.7348530618768,190,-30.751863278840723,7348
ZCRB1,-108.90402270235897,1257,-78.15134378340667,1257,-30.7526789189523,7349
PRKACB,-100.19251576970133,89,-69.43239087737008,89,-30.76012489233125,7350
CDH8,-121.12922973632813,10,-90.36617889404297,10,-30.763050842285153,7351
RAB30,-96.50727353777204,56,-65.74000590188163,56,-30.767267635890406,7352
GOLGA5,-84.71070347275845,387,-53.93516677541018,387,-30.775536697348272,7353
BDKRB1,-125.41136042277019,12,-94.584716796875,12,-30.826643625895187,7354
GRK5,-105.08106577171469,53,-74.24182517573519,53,-30.839240595979504,7355
GAREM1,-89.44444248163812,428,-58.571668526836646,428,-30.872773954801474,7356
IWS1,-104.32017880184343,519,-73.44193700007621,519,-30.878241801767217,7357
EAPP,-90.65727900284001,893,-59.7693264609889,893,-30.887952541851114,7358
GOLGA8G,-97.56758880615234,1,-66.6793212890625,1,-30.888267517089844,7359
CR1,-111.53453636169434,4,-80.63631439208984,4,-30.898221969604492,7360
SFXN2,-109.5916495186942,105,-78.67276131766182,105,-30.918888201032374,7361
AKAP13,-75.53867048498702,1460,-44.56559133399023,1460,-30.973079150996796,7362
CWC15,-106.37935735995953,1040,-75.4028403208806,1040,-30.976517039078928,7363
DSC2,-129.23813392805016,184,-98.26119078760561,184,-30.976943140444547,7364
FAM111B,-118.04591000464654,31,-87.05398510348412,31,-30.99192490116242,7365
NUTM2A-AS1,-82.92954931124835,213,-51.93759705091306,213,-30.99195226033529,7366
SCAF11,-106.22274444525485,1118,-75.22435625379968,1118,-30.998388191455163,7367
VEZT,-103.12666001857671,665,-72.11783804068888,665,-31.008821977887834,7368
PDZD3,-112.89531707763672,2,-81.88085556030273,2,-31.014461517333984,7369
GPR161,-109.06377262855644,67,-78.04376459833401,67,-31.020008030222428,7370
C1orf21,-93.83271561913836,858,-62.80961038460543,858,-31.023105234532927,7371
GTDC1,-108.7925055088141,78,-77.76846176538712,78,-31.024043743426986,7372
GOLGA6A,-115.09261322021484,2,-84.05604553222656,2,-31.03656768798828,7373
WDR93,-69.2680271466573,96,-38.19633356730143,96,-31.071693579355873,7374
ZNF26,-102.59894182758947,155,-71.52664169803742,155,-31.072300129552048,7375
RFXAP,-95.87380017732319,133,-64.79637220569123,133,-31.077427971631963,7376
S100A11,-112.15572125457054,2150,-81.07556488037109,2150,-31.080156374199447,7377
FASLG,-137.77166748046875,6,-106.67007191975911,6,-31.10159556070964,7378
RAB8B,-103.95916393441213,142,-72.8533074284943,142,-31.105856505917828,7379
DNAH10,-102.4050391515096,168,-71.29145808446975,168,-31.113581067039846,7380
TVP23C-CDRT4,-97.1905517578125,1,-66.06571960449219,1,-31.124832153320312,7381
RWDD3,-104.40008799235027,3,-73.27183278401692,3,-31.128255208333343,7382
FAM104A,-123.56225330282327,379,-92.42712531177852,379,-31.13512799104474,7383
GLOD4,-88.44273238438024,503,-57.29545853389186,503,-31.147273850488375,7384
PRKRA,-92.25563460511047,770,-61.09947382443911,770,-31.156160780671364,7385
CEP152,-107.87738679584704,76,-76.71504873978465,76,-31.162338056062396,7386
SYDE2,-92.64678195484898,228,-61.479979397957784,228,-31.16680255689119,7387
C16orf54,-83.22171059632913,39,-52.03633156800881,39,-31.18537902832032,7388
PPM1A,-104.68938009697094,570,-73.50103085166529,570,-31.188349245305645,7389
STARD6,-112.05679066975911,3,-80.86154429117839,3,-31.19524637858072,7390
TTR,-103.98012924194336,2,-72.77333450317383,2,-31.20679473876953,7391
TBC1D4,-111.99982819330124,210,-80.78374274117606,210,-31.216085452125185,7392
RPS19,-79.61887732934774,2152,-48.39021426239864,2152,-31.228663066949096,7393
WDR26,-107.76084042513715,727,-76.5145348256359,727,-31.24630559950124,7394
FBXO34,-85.77368828606984,504,-54.51854735329037,504,-31.25514093277947,7395
CAPN13,-113.43119744194878,90,-82.16881832546657,90,-31.262379116482208,7396
MCOLN3,-95.66998129179983,33,-64.35062489365086,33,-31.31935639814897,7397
REXO2,-97.12109000853427,1146,-65.77527986563105,1146,-31.34581014290322,7398
MON1B,-90.92818662042487,365,-59.55991541196222,365,-31.368271208462644,7399
C18orf32,-86.21682636157887,333,-54.821352457499,333,-31.395473904079864,7400
MCU,-87.16685358334894,365,-55.75155861214416,365,-31.41529497120478,7401
MACF1,-81.87827983760089,1151,-50.45404858759027,1151,-31.424231250010614,7402
CEP112,-80.69975793489846,186,-49.27396132356377,186,-31.42579661133469,7403
PIBF1,-95.3428515681514,270,-63.91659461127387,270,-31.42625695687753,7404
TLCD2,-109.8505234583623,354,-78.4169910021421,354,-31.433532456220206,7405
LINC00840,-161.80349731445312,1,-130.36495971679688,1,-31.43853759765625,7406
LYPLAL1,-113.46782412955432,492,-82.02514874838232,492,-31.442675381171995,7407
SLC35C1,-97.50295294399919,290,-66.04222024062584,290,-31.460732703373353,7408
QSER1,-96.40535224154914,231,-64.93928516272342,231,-31.466067078825716,7409
HAGH,-117.30258139793729,941,-85.8356021471662,941,-31.46697925077109,7410
ANO6,-95.3340083306709,243,-63.8520731199916,243,-31.481935210679296,7411
SYT15,-95.7788504718864,274,-64.2840239671025,274,-31.4948265047839,7412
FAM234B,-101.23369912540211,51,-69.73885465135761,51,-31.4948444740445,7413
NECAP1,-128.26560678343841,276,-96.77017032236293,276,-31.495436461075485,7414
ATP1A1,-101.95656481252917,1892,-70.44584993277745,1892,-31.510714879751717,7415
FAM204A,-90.01503856762035,740,-58.50054907927642,740,-31.514489488343933,7416
ECHDC3,-88.1930827586472,413,-56.67570749610734,413,-31.51737526253985,7417
SPX,-170.1400115966797,5,-138.5763153076172,5,-31.563696289062506,7418
LINC00311,-110.28149795532227,2,-78.69426727294922,2,-31.587230682373047,7419
SKA2,-91.93519619138098,483,-60.31549207320124,483,-31.61970411817974,7420
RGMA,-96.68086796016483,91,-65.0528663802933,91,-31.628001579871537,7421
SOCS2,-77.68385869344075,450,-46.02741976420084,450,-31.65643892923991,7422
GOLGA8R,-100.58723449707031,5,-68.91608428955078,5,-31.67115020751953,7423
GOLGA6L10,-97.44145445611066,157,-65.76864502536263,157,-31.672809430748032,7424
ACADSB,-117.10019755422333,405,-85.4126777931496,405,-31.68751976107373,7425
OVOL3,-103.24808502197266,1,-71.54705047607422,1,-31.701034545898438,7426
ESD,-111.99082027913343,1189,-80.28918141332166,1189,-31.701638865811773,7427
ENO4,-99.34056336539132,56,-67.60448094776699,56,-31.73608241762433,7428
CYP4X1,-88.60647772496043,306,-56.76048357346479,306,-31.84599415149564,7429
GOLGA6L6,-106.3049087524414,1,-74.45556640625,1,-31.849342346191406,7430
LYSMD2,-115.57950439453126,430,-83.717812595811,430,-31.86169179872026,7431
PSMD14,-89.26702505240411,652,-57.402029768820924,652,-31.864995283583184,7432
WASF3,-118.64735932045795,47,-86.75956661143202,47,-31.88779270902593,7433
RSU1,-92.09252633459027,631,-60.179425519166394,631,-31.91310081542388,7434
IZUMO1,-95.46188354492188,1,-63.54172134399414,1,-31.920162200927734,7435
DDX59,-103.43909708658855,186,-71.5035032456921,186,-31.935593840896445,7436
TMEM126B,-109.09347470379872,861,-77.14968950047864,861,-31.943785203320076,7437
ARHGEF15,-113.28948211669922,1,-81.33382415771484,1,-31.955657958984375,7438
CHRNA5,-116.37825889587403,20,-84.40937995910645,20,-31.96887893676758,7439
LRRC49,-108.74687306086223,96,-76.76366241772969,96,-31.983210643132537,7440
METTL18,-112.65242295795017,144,-80.65975904464722,144,-31.99266391330295,7441
TBX19,-140.50814933776854,40,-108.49048347473145,40,-32.017665863037095,7442
LAIR1,-113.23911087234299,77,-81.20964654699549,77,-32.029464325347504,7443
FAM229A,-130.1962472597758,96,-98.14143824577332,96,-32.05480901400247,7444
BRINP3,-128.9689483642578,1,-96.90298461914062,1,-32.06596374511719,7445
COPS3,-79.24852452758489,407,-47.1741939704014,407,-32.074330557183494,7446
TMEM263,-88.71826825823102,455,-56.642811291034405,455,-32.075456967196615,7447
EPB41L3,-145.1444946635853,88,-113.06309526616877,88,-32.08139939741653,7448
EGLN2,-85.94012936982337,914,-53.84130243764665,914,-32.09882693217672,7449
MFAP5,-134.47586059570312,5,-102.37063751220703,5,-32.1052230834961,7450
KCNN3,-98.94833060816714,95,-66.83814239501953,95,-32.11018821314761,7451
CELA2B,-109.4565315246582,2,-77.3400764465332,2,-32.116455078125,7452
C1RL,-97.69733314689952,434,-65.55337389053837,434,-32.14395925636116,7453
PEX13,-98.41925680710494,489,-66.26347177111542,489,-32.155785035989524,7454
CRTAC1,-119.46425777470733,646,-87.30240872031764,646,-32.16184905438969,7455
ANKRD26,-96.47916293556715,289,-64.30929424193491,289,-32.16986869363224,7456
TGIF1,-105.42961154730556,939,-73.25804636247369,939,-32.17156518483186,7457
ARPP19,-101.18880628252133,926,-69.00405646091403,926,-32.1847498216073,7458
METTL25,-114.65485357987254,95,-82.45135642603825,95,-32.20349715383429,7459
TMTC4,-120.80232549117784,177,-88.59652132368358,177,-32.205804167494264,7460
SCP2,-82.64593143026697,1617,-50.42920950215469,1617,-32.21672192811228,7461
LINC00628,-124.09924697875977,2,-91.8821029663086,2,-32.21714401245117,7462
DENND1B,-114.02104220183,437,-81.80327737140438,437,-32.21776483042562,7463
ALDH4A1,-111.78546487908615,95,-79.5605488827354,95,-32.224915996350745,7464
CCNA1,-97.84829528808594,75,-65.62307220458985,75,-32.22522308349609,7465
KIF11,-90.68538011823382,21,-58.44555936540876,21,-32.23982075282506,7466
TMEM59,-90.34651322906161,1929,-58.07847157384893,1929,-32.268041655212684,7467
NLRP1,-127.73451187133789,150,-95.4309169514974,150,-32.30359491984049,7468
CPT1A,-87.44161135740954,198,-55.134777107624096,198,-32.306834249785446,7469
SNRPN,-120.89349590769986,1140,-88.58632110461853,1140,-32.307174803081324,7470
PUS7L,-95.7895820975734,277,-63.46910592364921,277,-32.32047617392419,7471
TAS2R14,-109.17079039542905,31,-76.8481191819714,31,-32.32267121345765,7472
RAB37,-126.77737442328005,49,-94.42035192372848,49,-32.357022499551576,7473
ZC3H12A,-105.59604123173928,588,-73.19399995868709,588,-32.40204127305219,7474
UGP2,-88.68443482497642,957,-56.281908671061196,957,-32.402526153915225,7475
SLC25A24,-106.83416284462412,367,-74.3928871882384,367,-32.44127565638571,7476
NUP210L,-108.60318279266357,8,-76.15658187866211,8,-32.446600914001465,7477
TCTN3,-102.9885305806893,294,-70.53046666359415,294,-32.458063917095146,7478
LINC01116,-117.6717278896234,39,-85.19987292167468,39,-32.471854967948715,7479
DOK6,-107.50931739807129,4,-75.00444412231445,4,-32.504873275756836,7480
PPP2R5E,-107.11053686118537,814,-74.59783443479046,814,-32.51270242639491,7481
TBC1D15,-82.87688031112938,399,-50.3598392171071,399,-32.51704109402228,7482
NUTM2A,-145.92596435546875,1,-113.4061050415039,1,-32.519859313964844,7483
LIPG,-98.57726484026227,35,-66.05689806256976,35,-32.520366777692516,7484
ZNF268,-107.59972442770903,212,-75.06941914108565,212,-32.53030528662339,7485
STRN,-97.37536488747111,196,-64.83828270192049,196,-32.53708218555062,7486
TGFB3,-95.49251613616943,40,-62.90381917953491,40,-32.588696956634514,7487
MALAT1,-80.63883860935675,2140,-48.02299047630524,2140,-32.615848133051514,7488
ZNF671,-105.96000909805298,16,-73.29999160766602,16,-32.66001749038696,7489
ZC3H6,-77.80393657808989,459,-45.14279938575229,459,-32.6611371923376,7490
CENPO,-96.53372133695163,26,-63.87249799875113,26,-32.6612233382005,7491
ANKRD22,-174.07366353523832,119,-141.41090687984178,119,-32.66275665539655,7492
PTPN14,-93.2714513241094,259,-60.601178334946795,259,-32.67027298916261,7493
CLEC9A,-130.58412170410156,1,-97.88204956054688,1,-32.70207214355469,7494
ABI1,-91.14176588276358,569,-58.425486351777465,569,-32.716279530986114,7495
MDH1,-98.63837466387172,842,-65.90589470761405,842,-32.73247995625766,7496
WDR20,-98.77663113655301,218,-66.04083855655215,218,-32.73579258000086,7497
ZFHX3,-149.77825198703343,630,-117.00450966244652,630,-32.773742324586905,7498
MOAP1,-98.90552951908913,476,-66.12649209158761,476,-32.77903742750152,7499
C1orf226,-115.25918437316355,113,-82.47663373018788,113,-32.782550642975664,7500
TMEM106A,-110.03731170355105,102,-77.24740787580902,102,-32.78990382774204,7501
DTL,-87.26189861875592,33,-54.46898454608339,33,-32.79291407267253,7502
TSNAX-DISC1,-97.44676208496094,1,-64.64966583251953,1,-32.797096252441406,7503
TOB1,-90.58090099054404,1252,-57.74537245838787,1252,-32.83552853215617,7504
MEG8,-117.45164489746094,3,-84.61606089274089,3,-32.83558400472005,7505
BEND7,-95.33460965121749,137,-62.46831445624358,137,-32.86629519497391,7506
FOLR3,-159.128722851093,52,-126.25460859445425,52,-32.874114256638734,7507
ATP1B1,-117.18053534205245,1901,-84.30153056008761,1901,-32.87900478196484,7508
PPIB,-92.92580749991332,1718,-60.01291358956636,1718,-32.91289391034696,7509
ZNF83,-94.02768132010883,187,-61.103951234868504,187,-32.92373008524032,7510
TMBIM4,-83.11832625309397,1388,-50.19159551999754,1388,-32.92673073309643,7511
SLC2A13,-100.87959326467207,248,-67.9417063190091,248,-32.93788694566297,7512
SNURF,-122.0707138909234,18,-89.12235980563693,18,-32.94835408528647,7513
ZNF264,-93.40127178204813,301,-60.43578663062416,301,-32.96548515142397,7514
DNMBP-AS1,-120.43892015729632,7,-87.45935167585101,7,-32.97956848144531,7515
AQP10,-115.33382568359374,5,-82.34532775878907,5,-32.988497924804676,7516
REP15,-130.5650146484375,5,-97.57645874023437,5,-32.98855590820314,7517
SC5D,-84.81236175317953,557,-51.79421956663286,557,-33.01814218654667,7518
SLC38A2,-112.94566976547242,1200,-79.92362618128459,1200,-33.02204358418783,7519
PLXDC2,-97.10411980038597,63,-64.07473688276987,63,-33.029382917616104,7520
DEPDC1-AS1,-94.22792053222656,1,-61.19797897338867,1,-33.02994155883789,7521
SDR42E1,-117.19058501720428,64,-84.13496899604797,64,-33.05561602115631,7522
FPGT-TNNI3K,-120.11072082519532,20,-87.03443756103516,20,-33.07628326416015,7523
ARHGAP19,-101.43954639703455,71,-68.36029289138149,71,-33.07925350565306,7524
FBXL22,-145.22634155273437,50,-112.1394059753418,50,-33.086935577392566,7525
PRR29,-101.39866297953837,222,-68.29861530956921,222,-33.10004766996916,7526
KIR2DL1,-133.10759989420572,3,-99.99376932779948,3,-33.113830566406236,7527
CTTNBP2NL,-108.08737863076699,222,-74.9607636735246,222,-33.126614957242396,7528
BORCS6,-92.98622804933841,111,-59.84897063659118,111,-33.137257412747225,7529
TOX3,-114.92890053607047,235,-81.78742422550283,235,-33.14147631056764,7530
STAC3,-105.52585707039668,29,-72.37018821979392,29,-33.155668850602765,7531
ARHGEF2,-103.005079559587,585,-69.84231572599492,585,-33.16276383359208,7532
ALDH3B2,-135.0591416792436,55,-101.89229514382102,55,-33.16684653542258,7533
KLHDC8A,-114.6241060892741,12,-81.44419034322102,12,-33.17991574605307,7534
ATP12A,-101.65662489266231,29,-68.47232739678745,29,-33.18429749587486,7535
CCDC122,-120.65017704847382,164,-87.46498917370307,164,-33.18518787477075,7536
LAMC2,-113.40882829340492,328,-80.20240027730058,328,-33.20642801610434,7537
ADPGK-AS1,-108.90146891276042,6,-75.68869145711263,6,-33.212777455647796,7538
C18orf63,-116.07348098754883,10,-82.8476173400879,10,-33.22586364746094,7539
PTPRM,-103.01025850007642,377,-69.76969840861759,377,-33.24056009145883,7540
ITPRIP,-90.63260831671246,118,-57.38881214594437,118,-33.24379617076809,7541
ZNF532,-147.38160504792867,152,-114.13764441640754,152,-33.243960631521134,7542
RBMXL2,-126.61258697509766,1,-93.3635025024414,1,-33.24908447265625,7543
MPHOSPH8,-88.99536733255758,1155,-55.74409571395808,1155,-33.251271618599496,7544
GFAP,-119.29455820719402,3,-86.0098368326823,3,-33.28472137451172,7545
FAM181A,-135.67949395430716,57,-102.38063584712513,57,-33.29885810718203,7546
PKN2-AS1,-150.1837361653646,3,-116.86627197265625,3,-33.31746419270834,7547
ZNF780B,-105.03118420672673,93,-71.71099098779823,93,-33.32019321892851,7548
IFT140,-95.09699229804836,196,-61.771812419502105,196,-33.32517987854626,7549
SYCP3,-84.22696240743001,24,-50.895641009012856,24,-33.33132139841715,7550
SPTY2D1,-93.66424260937605,466,-60.29062854783218,466,-33.37361406154387,7551
PRTG,-96.53271377343926,278,-63.15750075415742,278,-33.37521301928184,7552
KLF1,-108.82578786214192,3,-75.4493408203125,3,-33.37644704182942,7553
PLA2G12B,-117.25362426757812,50,-83.8570489501953,50,-33.39657531738281,7554
MYO5C,-106.00464223136365,568,-72.5629925660684,568,-33.441649665295245,7555
PSMC1,-95.34659055905921,856,-61.897456120107776,856,-33.44913443895143,7556
DCAF11,-158.61499068611548,608,-125.09796303196957,608,-33.517027654145906,7557
RAPGEF4,-118.66920301649306,27,-85.11704480206525,27,-33.552158214427806,7558
GOLGA8Q,-103.86452992757161,3,-70.29507700602214,3,-33.56945292154947,7559
APLF,-95.66978073120117,20,-62.09405403137207,20,-33.575726699829104,7560
ACVR2A,-99.49744100789077,131,-65.9172820171327,131,-33.580158990758065,7561
PPM1D,-114.8994416255577,204,-81.28994074054793,204,-33.609500885009766,7562
PMM2,-98.84806528812697,119,-65.21999157176299,119,-33.628073716363986,7563
NDUFB8,-98.86195464407562,1570,-65.21194796471079,1570,-33.650006679364836,7564
FITM1,-93.05635364239032,13,-59.405791356013374,13,-33.650562286376946,7565
SSX2IP,-96.39132924397786,75,-62.73517079671224,75,-33.656158447265625,7566
VPS13C,-99.77711928300357,553,-66.11577353037718,553,-33.66134575262639,7567
PARPBP,-104.14785124126233,19,-70.44203667891652,19,-33.70581456234581,7568
DRAM1,-73.686890101131,1264,-39.976238265822204,1264,-33.710651835308795,7569
BLOC1S6,-96.79085952991494,459,-63.074102638593686,459,-33.71675689132125,7570
INSR,-75.28069099148597,577,-41.548607507239595,577,-33.732083484246374,7571
JMJD1C,-89.9920980447224,913,-56.24975862534388,913,-33.74233941937852,7572
TENM4,-126.53406247225675,22,-92.78930247913708,22,-33.74475999311967,7573
ADCYAP1,-116.98486073811848,3,-83.2386957804362,3,-33.74616495768228,7574
SDHD,-109.21047006757277,838,-75.46146599489636,838,-33.749004072676414,7575
MRPL54,-88.25252965383152,1385,-54.487747167594165,1385,-33.76478248623735,7576
KDM4D,-125.87407620747884,12,-92.10734748840332,12,-33.766728719075516,7577
FGFR1OP2,-112.15007458108781,457,-78.35796232661743,457,-33.79211225447038,7578
THADA,-94.7299349960403,201,-60.91608402385047,201,-33.813850972189826,7579
ENTPD1-AS1,-110.26707562533292,44,-76.45314962213689,44,-33.81392600319603,7580
GALNT8,-116.5569330851237,3,-82.73858388264973,3,-33.81834920247397,7581
OGFOD1,-98.72149345722605,188,-64.87435610750889,188,-33.84713734971716,7582
ZNF573,-93.72093697750208,66,-59.83767538359671,66,-33.88326159390537,7583
SULT1A4,-97.83388900756836,2,-63.94641876220703,2,-33.88747024536133,7584
ZSCAN20,-104.77027893066406,7,-70.88273620605469,7,-33.887542724609375,7585
GRIN2B,-106.15380859375,1,-72.26253509521484,1,-33.891273498535156,7586
RNASEK,-100.41167421483281,134,-66.51671816697761,134,-33.8949560478552,7587
KCNK7,-114.2063660621643,16,-80.30494832992554,16,-33.90141773223877,7588
WASIR2,-117.87700338924633,17,-83.97106395048253,17,-33.905939438763795,7589
MITD1,-88.75864260846919,352,-54.851490237496115,352,-33.90715237097307,7590
TPR,-94.79410514831542,940,-60.87665231582966,940,-33.917452832485765,7591
LINC00540,-115.2522684733073,3,-81.32489013671875,3,-33.927378336588546,7592
HEATR1,-92.89907843167664,122,-58.94800370638488,122,-33.95107472529176,7593
MAPRE3,-94.38894030982995,331,-60.42467115004617,331,-33.964269159783775,7594
DLG2,-104.25302130896766,111,-70.2838993244343,111,-33.96912198453336,7595
LRIG3,-94.81150354657855,308,-60.831322731909815,308,-33.980180814668735,7596
CIR1,-86.04635390144239,909,-52.06205224518729,909,-33.9843016562551,7597
UTP4,-128.42688077843707,230,-94.42589001862899,230,-34.000990759808076,7598
PRMT8,-127.93427477384868,38,-93.92982442755448,38,-34.004450346294206,7599
NPIPB4,-147.62860717773438,10,-113.62316284179687,10,-34.00544433593751,7600
THAP2,-106.58192227921396,212,-72.56090408900998,212,-34.021018190203975,7601
AGBL2,-114.67062298663251,77,-80.62717388202617,77,-34.04344910460634,7602
LINC00485,-111.3360595703125,1,-77.272705078125,1,-34.0633544921875,7603
NARS2,-104.03949498837711,326,-69.97224615834241,326,-34.0672488300347,7604
RBL2,-93.6520510215816,673,-59.583273707668994,673,-34.068777313912605,7605
GP1BA,-137.6311238606771,3,-103.55072530110677,3,-34.08039855957033,7606
RNF141,-93.05936634806254,673,-58.97838276810667,673,-34.08098357995587,7607
BIRC2,-105.48365837903742,577,-71.4016276843833,577,-34.08203069465412,7608
RGS5,-92.87755022550884,57,-58.78990287111517,57,-34.087647354393674,7609
ANKRD13A,-100.7064506668366,499,-66.61282402910068,499,-34.09362663773592,7610
ZFP90,-99.00775469069512,149,-64.89842661915209,149,-34.10932807154303,7611
CRAT37,-143.13544379340277,18,-109.02023824055989,18,-34.11520555284288,7612
STX2,-87.46600080656525,298,-53.32971652242161,298,-34.136284284143635,7613
CLDN7,-114.85769825612934,1541,-80.7203529451978,1541,-34.137345310931536,7614
DENND2C,-87.19173308341733,93,-53.03856658935547,93,-34.153166494061864,7615
ZC3H8,-96.33572053909302,208,-62.176358461380005,208,-34.15936207771301,7616
PRKAR1A,-107.31136610799761,1675,-73.14614324768978,1675,-34.165222860307836,7617
DNAJC27,-95.12251068824945,129,-60.948308456775756,129,-34.17420223147369,7618
NUTM2D,-156.38258143833704,7,-122.19960457938058,7,-34.182976858956465,7619
CRIM1,-110.12323823892541,473,-75.91295670555712,473,-34.21028153336829,7620
ITPK1-AS1,-115.92523956298828,3,-81.71385447184245,3,-34.21138509114583,7621
RAB20,-90.16040766483357,537,-55.934888068968135,537,-34.225519595865435,7622
GCSAML,-132.94347127278647,3,-98.67921702067058,3,-34.26425425211589,7623
ARGLU1,-118.42106696527755,1389,-84.12489282595674,1389,-34.29617413932081,7624
ARHGAP21,-109.92276662364348,293,-75.54985603618947,293,-34.372910587454015,7625
G0S2,-120.77170346661072,459,-86.39121929492826,459,-34.380484171682454,7626
PDGFD,-123.29812876383464,48,-88.88933420181274,48,-34.408794562021896,7627
ANK3,-106.47773938617765,989,-72.0660659666611,989,-34.411673419516546,7628
SACS,-114.19514289269081,26,-79.76169439462515,26,-34.43344849806566,7629
SPTBN1,-101.4580588273599,1136,-67.00783593889693,1136,-34.450222888462974,7630
ME3,-106.05423153147979,102,-71.60148972156001,102,-34.45274180991977,7631
WBP11,-137.45643469728068,648,-103.00049097744035,648,-34.455943719840334,7632
RBM43,-99.61862642401891,151,-65.15971414932352,151,-34.45891227469539,7633
MMAB,-93.72177629201425,885,-59.25809746435133,885,-34.463678827662925,7634
ARHGAP42,-98.80018944833793,153,-64.32019748563081,153,-34.47999196270712,7635
VAPA,-74.4445542043549,1937,-39.932679953744994,1937,-34.51187425060991,7636
TCF12,-102.0363593265928,261,-67.52266763270586,261,-34.51369169388694,7637
PHC1,-124.76506814291311,172,-90.24156095815259,172,-34.52350718476052,7638
RPAP2,-102.98616851003547,266,-68.43104421285759,266,-34.55512429717788,7639
NEBL-AS1,-112.28636517571015,103,-77.68048769756429,103,-34.60587747814586,7640
ZNF66,-138.76047058105468,5,-104.1362075805664,5,-34.62426300048827,7641
SETDB2,-89.64668644700095,107,-55.00927356470411,107,-34.637412882296836,7642
C3,-140.96505000070005,1395,-106.32709405823847,1395,-34.63795594246157,7643
ATXN2,-73.0320249091717,733,-38.38882244885537,733,-34.643202460316324,7644
SNRNP27,-98.86707613737687,575,-64.2096798971425,575,-34.65739624023438,7645
CYP2A6,-162.45902676052518,18,-127.78588655259874,18,-34.67314020792644,7646
PSMD7,-78.40355526863992,888,-43.71528829969802,888,-34.6882669689419,7647
LRRC37A2,-94.47430300712585,32,-59.77714765071869,32,-34.697155356407166,7648
RNASEL,-123.70211710828416,94,-88.96574734626932,94,-34.73636976201483,7649
ADGRE5,-107.96008831570737,677,-73.20533019929375,677,-34.75475811641361,7650
LRRC28,-105.09709433622139,172,-70.32953351042991,172,-34.76756082579148,7651
GYPC,-92.42673958672418,126,-57.639139266241166,126,-34.787600320483016,7652
HSD17B6,-78.43245082995435,789,-43.63439280965633,789,-34.798058020298015,7653
DNAJC9-AS1,-113.08468409946987,7,-78.2818113054548,7,-34.80287279401507,7654
WSCD1,-127.65413920084636,3,-92.8197021484375,3,-34.83443705240886,7655
ZEB1-AS1,-133.37430964289484,37,-98.5397147101325,37,-34.83459493276234,7656
GIP,-103.8176727294922,1,-68.9388198852539,1,-34.878852844238295,7657
ACTR3,-94.62021265295384,934,-59.73987199101254,934,-34.8803406619413,7658
KATNBL1,-87.67200702556129,515,-52.749025778168615,515,-34.92298124739267,7659
TMEM163,-92.18732921762488,447,-57.25600685102561,447,-34.93132236659927,7660
PRKG1-AS1,-117.80799102783203,3,-82.86700693766277,3,-34.940984090169266,7661
SPATA5L1,-128.45676387957673,67,-93.51033361634212,67,-34.9464302632346,7662
THRA,-141.57405182051528,366,-106.60616150319251,366,-34.96789031732277,7663
SCRN3,-102.35350222057767,144,-67.37316086557176,144,-34.980341355005905,7664
TAOK3,-99.66319773474405,860,-64.68006370012151,860,-34.98313403462254,7665
IKBIP,-93.95960430070465,204,-58.93562386082668,204,-35.023980439877974,7666
ALKBH8,-119.81035139502549,82,-84.76010476089105,82,-35.05024663413444,7667
FAM228A,-122.77743966238839,14,-87.71339089529855,14,-35.064048767089844,7668
CGRRF1,-96.12371567114076,268,-61.053195312841616,268,-35.07052035829914,7669
INO80C,-84.26831320666392,327,-49.189813491401324,327,-35.078499715262595,7670
PYROXD2,-129.24119324684142,160,-94.15876493453979,160,-35.08242831230163,7671
MT1F,-95.26336058001286,389,-60.164407529070935,389,-35.09895305094192,7672
BTBD7,-109.24138917351648,434,-74.13059667068693,434,-35.110792502829554,7673
COX11,-106.06469067593683,521,-70.93569736883416,521,-35.128993307102675,7674
RRAS2,-109.27909169787148,598,-74.09891633764158,598,-35.180175360229896,7675
FKBP11,-99.73045263468848,481,-64.54534268131376,481,-35.18510995337472,7676
SH3BP5L,-101.67059429426838,133,-66.48442000195496,133,-35.186174292313424,7677
ACACB,-110.65031526799788,57,-75.460912604081,57,-35.18940266391688,7678
WDSUB1,-86.69776021435274,179,-51.445485866269586,179,-35.252274348083155,7679
LINC00449,-108.16570129394532,15,-72.91016743977865,15,-35.25553385416667,7680
HOXB-AS3,-150.33942159016928,3,-115.07661946614583,3,-35.26280212402345,7681
MTMR6,-99.62732555527892,303,-64.34539398344437,303,-35.28193157183455,7682
CCDC74B,-101.58682198524475,160,-66.27664694786071,160,-35.31017503738404,7683
TMEM218,-128.68441981895296,408,-93.28405410168217,408,-35.40036571727079,7684
ACSM5,-104.89083480834961,2,-69.47834014892578,2,-35.41249465942383,7685
APOA5,-136.93217849731445,4,-101.51691436767578,4,-35.41526412963867,7686
M1AP,-88.69690551757813,5,-53.274514770507814,5,-35.42239074707032,7687
NR4A2,-98.61246785809917,806,-63.17631586609644,806,-35.43615199200273,7688
FUT8-AS1,-111.73342847824097,32,-76.26782894134521,32,-35.46559953689575,7689
CES4A,-94.87369477121453,152,-59.36683677372179,152,-35.50685799749274,7690
TSTD1,-110.42045274192904,1944,-74.86308864703395,1944,-35.55736409489509,7691
TP53AIP1,-113.52330344063895,21,-77.9273434593564,21,-35.59595998128256,7692
MED13L,-88.66047009501669,653,-53.0486306019618,653,-35.611839493054894,7693
HLF,-99.54599287279822,487,-63.861792084617534,487,-35.68420078818069,7694
DNAJC24,-117.0769773519264,106,-81.35825866123416,106,-35.71871869069224,7695
ITGB6,-140.56089179758035,1073,-104.83595661970354,1073,-35.724935177876816,7696
FBXO3,-98.79349277277662,314,-63.060953431828004,314,-35.73253934094861,7697
SMAD2,-92.72102327426055,722,-56.97395095402514,722,-35.747072320235404,7698
GPAT2,-197.52076721191406,11,-161.69848910245028,11,-35.82227810946378,7699
OSBPL6,-88.6428231006831,201,-52.80640874454631,201,-35.83641435613679,7700
LINC00920,-103.80972834995815,7,-67.93809073311942,7,-35.871637616838726,7701
SEMA6D,-114.23726963996887,32,-78.36557531356812,32,-35.87169432640076,7702
NUDT13,-119.00098876953125,25,-83.12788543701171,25,-35.873103332519534,7703
TRAF6,-80.99271702420884,69,-45.097717561583586,69,-35.89499946262526,7704
SAA1,-134.00335399921124,208,-98.10495189520029,208,-35.898402104010955,7705
ACYP1,-130.9873340996829,352,-95.07001686096191,352,-35.91731723872098,7706
TMEM241,-98.4219157450908,185,-62.428759703765046,185,-35.993156041325754,7707
TDP1,-106.58049043927873,70,-70.56952013288226,70,-36.01097030639647,7708
MAFTRR,-104.65705585479736,8,-68.64169883728027,8,-36.01535701751709,7709
PPFIBP1,-112.25584912854572,172,-76.2258762537047,172,-36.02997287484102,7710
ANGEL1,-138.49208068847656,85,-102.46102178237018,85,-36.03105890610638,7711
SPATA41,-125.72817484537761,18,-89.66716045803494,18,-36.06101438734267,7712
USPL1,-112.68668619791667,147,-76.59661149005501,147,-36.09007470786166,7713
FAM98A,-94.81756700253955,204,-58.723447986677584,204,-36.09411901586196,7714
APOLD1,-114.14077384011787,57,-78.04357093677186,57,-36.097202903346016,7715
SYT10,-105.47409693400066,12,-69.36425018310547,12,-36.10984675089519,7716
BNIPL,-125.36813420425227,162,-89.25741125036168,162,-36.11072295389059,7717
ELP4,-113.07483610265395,85,-76.93941201602712,85,-36.13542408662683,7718
CEP164,-92.62820163619853,321,-56.46506346943222,321,-36.1631381667663,7719
RABIF,-107.4368339846487,446,-71.25589654691551,446,-36.18093743773319,7720
NDUFV2,-89.57715829423428,1514,-53.38743310623471,1514,-36.18972518799957,7721
TRIM69,-94.49732967395687,201,-58.29515455255461,201,-36.20217512140226,7722
DHPS,-88.68276147453152,784,-52.48025730678013,784,-36.202504167751385,7723
TCF4-AS2,-149.56881713867188,1,-113.36441040039062,1,-36.20440673828125,7724
AK5,-125.49951426188152,3,-89.29486846923828,3,-36.204645792643234,7725
WAC-AS1,-119.24988222624127,380,-83.04498262907329,380,-36.20489959716798,7726
NXF1,-138.46658366435284,629,-102.24974802378061,629,-36.21683564057223,7727
CCL5,-98.82140408532094,236,-62.60276933443748,236,-36.21863475088345,7728
SLC25A41,-109.39020919799805,2,-73.15114974975586,2,-36.23905944824219,7729
MTFR1L,-122.49246319230781,332,-86.19212966367422,332,-36.30033352863359,7730
PRPF39,-108.68135876925487,106,-72.37691173913343,106,-36.30444703012144,7731
ADAM21,-93.82051849365234,1,-57.45809173583984,1,-36.36242675781251,7732
BTBD10,-95.76030351728669,191,-59.35513355594655,191,-36.405169961340135,7733
TAF4B,-95.97324441493242,87,-59.55449509894711,87,-36.418749315985316,7734
LARP4,-97.86136351643513,443,-61.436055220007624,443,-36.42530829642751,7735
NDC80,-104.84437761808697,19,-68.3964988306949,19,-36.44787878739207,7736
CFAP73,-92.87383028356041,205,-56.42307337318979,205,-36.45075691037062,7737
MIR3681HG,-143.99276733398438,1,-107.53052520751952,1,-36.46224212646486,7738
TMEM236,-114.46047646658761,7,-77.96995871407645,7,-36.49051775251115,7739
MNDA,-161.6323223691998,66,-125.12524703054717,66,-36.50707533865264,7740
PGM1,-106.40298093137724,571,-69.8388971572582,571,-36.56408377411904,7741
TAF3,-105.79657596002811,378,-69.19153749375116,378,-36.60503846627695,7742
MSH6,-105.69671982985277,221,-69.08764503444482,221,-36.60907479540795,7743
DYRK3,-120.94712152696194,133,-84.31064611449277,133,-36.63647541246917,7744
LIN9,-97.98082844127308,55,-61.29833478060635,55,-36.68249366066672,7745
IRF8,-101.67301325644216,62,-64.9876197076613,62,-36.685393548780866,7746
APBB1IP,-100.47022572685691,136,-63.77156563366161,136,-36.6986600931953,7747
TBK1,-99.69694347155423,253,-62.99351744218306,253,-36.70342602937117,7748
ACSM4,-125.13699340820312,1,-88.42373657226562,1,-36.7132568359375,7749
ADARB2,-136.7896270751953,1,-100.05793762207033,1,-36.731689453124986,7750
TLN2,-100.18464746782857,62,-63.446233441752774,62,-36.738414026075795,7751
MTIF3,-85.14175100360157,851,-48.37755653748921,851,-36.76419446611236,7752
NCR1,-105.9618288675944,6,-69.18682225545247,6,-36.77500661214194,7753
USP30,-117.37225147169464,98,-80.59515528776208,98,-36.77709618393256,7754
MAPK8,-105.2808801023752,298,-68.48297103779429,298,-36.79790906458092,7755
ANKRD42,-107.45625481441103,290,-70.64956893920899,290,-36.806685875202035,7756
PPM1N,-134.3322616650157,418,-97.47365787268825,418,-36.85860379232744,7757
EIF2AK4,-89.39603152539995,576,-52.50796331299676,576,-36.88806821240319,7758
VPS26A,-93.41483297330961,559,-56.49924140752748,559,-36.91559156578214,7759
MAP6,-93.20797667464589,123,-56.28242160828133,123,-36.92555506636456,7760
PM20D1,-104.24472045898438,3,-67.29495239257812,3,-36.94976806640625,7761
FAM161A,-104.13157502019592,191,-67.16225445332951,191,-36.969320566866415,7762
CCDC74A,-104.1713460589212,252,-67.19348008292062,252,-36.97786597600059,7763
G2E3,-85.50839464288009,152,-48.488366302691006,152,-37.020028340189086,7764
B2M,-106.93309885660807,2160,-69.90328350067139,2160,-37.02981535593668,7765
GLIPR1,-118.81188308551748,93,-81.77720158074492,93,-37.034681504772564,7766
CLDN10-AS1,-166.819048055013,15,-129.77974700927734,15,-37.03930104573567,7767
CCNJ,-87.91139106030734,53,-50.871788168853186,53,-37.03960289145415,7768
SERPINF1,-99.84799835009453,312,-62.73830776948195,312,-37.10969058061258,7769
MCEMP1,-101.2110529092642,260,-64.09683359586276,260,-37.114219313401435,7770
HSPA12A,-117.17561967032296,28,-80.04801613943917,28,-37.12760353088379,7771
MARK1,-116.42819836265163,38,-79.29415010151111,38,-37.13404826114052,7772
POC1B,-97.61839379204645,162,-60.471978269977335,162,-37.14641552206911,7773
ORMDL2,-120.53259379415015,882,-83.38268466006602,882,-37.149909134084126,7774
ALDH3A1,-123.17639167029579,111,-85.97799909437025,111,-37.19839257592554,7775
HTRA1,-127.50340191986183,309,-90.26383673411743,309,-37.2395651857444,7776
OLMALINC,-110.69499049774588,73,-73.44909208114834,73,-37.24589841659754,7777
KLRG1,-111.29452356798896,29,-74.04581319874731,29,-37.24871036924165,7778
PTCD3,-83.02847460053425,359,-45.773712243210305,359,-37.25476235732395,7779
VWA8,-93.0451151259402,94,-55.744576312126,94,-37.3005388138142,7780
KMT2A,-137.40614008727937,679,-100.07114935131943,679,-37.334990735959934,7781
COLEC11,-145.77657470703124,5,-108.44149169921874,5,-37.3350830078125,7782
LHX8,-139.24541727701822,3,-101.90706125895183,3,-37.33835601806639,7783
ALDH1A3,-127.21710371537642,110,-89.87478277033026,110,-37.34232094504617,7784
STRC,-117.79640197753906,1,-80.4473648071289,1,-37.349037170410156,7785
RAD9B,-101.1301040649414,1,-63.77163696289063,1,-37.358467102050774,7786
GRAPL,-127.05193328857422,1,-89.67164611816406,1,-37.380287170410156,7787
JDP2,-127.41261501745744,352,-90.01894842494617,352,-37.393666592511266,7788
GDF10,-108.24063110351562,2,-70.81768417358398,2,-37.42294692993164,7789
DUT,-89.26385843216477,1198,-51.83889446035649,1198,-37.424963971808275,7790
C10orf53,-113.54389572143555,2,-76.10075378417969,2,-37.44314193725586,7791
AASDHPPT,-150.42573504654203,393,-112.93946246275769,393,-37.48627258378434,7792
BUB3,-122.12958460754992,614,-84.60217075161515,614,-37.52741385593477,7793
BCO2,-109.878865770072,121,-72.33665598719573,121,-37.54220978287627,7794
FPGT,-117.39201079474554,108,-79.8272612536395,108,-37.56474954110604,7795
ARHGEF18,-107.4680061340332,2,-69.8846435546875,2,-37.5833625793457,7796
CNTN5,-129.57953262329102,14,-91.99531936645508,14,-37.58421325683594,7797
KIF5B,-93.14987268958072,1458,-55.56196753838098,1458,-37.587905151199735,7798
LINC00437,-140.30999755859375,1,-102.70629119873048,1,-37.60370635986327,7799
EHD3,-104.80563735961914,16,-67.19873571395874,16,-37.6069016456604,7800
DUSP16,-109.7612612494107,435,-72.15433719678857,435,-37.60692405262212,7801
RNF6,-107.50951982336291,271,-69.88813153932016,271,-37.62138828404275,7802
HNRNPU,-109.97269966296822,1514,-72.32755692757893,1514,-37.6451427353893,7803
DYRK4,-103.72324744827078,239,-66.06097991496449,239,-37.66226753330629,7804
CPEB1,-122.39751349555121,27,-84.73316475197122,27,-37.66434874357999,7805
SMAD6,-113.89318877284967,103,-76.20143068183972,103,-37.691758091009945,7806
SAFB2,-113.15124030047298,651,-75.42912407331569,651,-37.72211622715729,7807
LMNTD1,-107.65989031110492,21,-69.84884025937035,21,-37.81105005173457,7808
ALG10,-120.03446239895291,36,-82.17326376173231,36,-37.861198637220596,7809
ALOX15B,-89.70743736467864,456,-51.84168855767501,456,-37.86574880700363,7810
NPIPB15,-106.266793416894,184,-68.39733181829038,184,-37.86946159860362,7811
ANG,-94.14435742671532,517,-56.26671308152219,517,-37.877644345193126,7812
KIAA0753,-114.90872929238866,117,-76.98663388765775,117,-37.92209540473091,7813
HNRNPA1,-107.93512494993878,2069,-70.00052557272747,2069,-37.93459937721131,7814
EIF3C,-108.89153398786273,70,-70.92775017874581,70,-37.96378380911692,7815
TSGA10,-103.69130224762601,239,-65.72528037865291,239,-37.9660218689731,7816
GPATCH2,-99.81201068775074,407,-61.83080666656869,407,-37.98120402118205,7817
DACH1,-134.35870361328125,1,-96.35152435302734,1,-38.007179260253906,7818
APOA4,-126.73930358886719,2,-88.71847534179688,2,-38.02082824707031,7819
RHBDL2,-99.48172311934213,126,-61.45440389239599,126,-38.02731922694615,7820
UBE3A,-100.08761103073222,745,-62.01182969368544,745,-38.07578133704678,7821
FAR2,-116.81573828335466,29,-78.67954675082503,29,-38.13619153252964,7822
ATXN7L3B,-87.9132589416504,500,-49.74556576538086,500,-38.16769317626954,7823
SPRR2F,-150.884033203125,4,-112.70769309997559,4,-38.176340103149414,7824
ERGIC2,-123.519331983898,736,-85.34214646919914,736,-38.17718551469886,7825
ANAPC1,-133.20817382478975,183,-95.02828946139643,183,-38.17988436339333,7826
CD164L2,-97.63856426388936,229,-59.44999983008772,229,-38.188564433801645,7827
AVPR1A,-113.27873039245605,12,-75.08221435546875,12,-38.196516036987305,7828
TVP23C,-101.07102872887437,49,-62.85592791498924,49,-38.21510081388513,7829
GCH1,-91.12688863343297,181,-52.88518619010462,181,-38.24170244332835,7830
DSG3,-114.30229949951172,1,-76.0558853149414,1,-38.24641418457031,7831
LRRC71,-101.54638540333715,116,-63.29370202689335,116,-38.252683376443805,7832
DZIP1,-93.45638806892164,66,-55.199624784065016,66,-38.256763284856625,7833
S100A8,-144.89804914885877,255,-106.63071121515013,255,-38.267337933708646,7834
HIPK3,-96.0275678545515,642,-57.72049978737519,642,-38.30706806717632,7835
HIPK1,-99.96954058603959,574,-61.65543472476122,574,-38.314105861278364,7836
KLF13,-123.69561355401856,646,-85.37358077908448,646,-38.32203277493409,7837
CLC,-132.95999145507812,1,-94.63558197021484,1,-38.32440948486328,7838
LINC-ROR,-116.7680206298828,1,-78.43988037109375,1,-38.32814025878905,7839
LIG4,-99.14660673875075,130,-60.814822358351485,130,-38.33178438039926,7840
DRC7,-113.46434942881267,72,-75.13245052761502,72,-38.33189890119765,7841
CCDC113,-128.251797108168,178,-89.9095210814744,178,-38.34227602669361,7842
RAB27B,-126.02639637636335,356,-87.67455786801456,356,-38.35183850834879,7843
HMGN2,-113.02945318405054,1876,-74.63540603865438,1876,-38.39404714539616,7844
RPS6KA5,-80.56064544677734,275,-42.13916148792614,275,-38.421483958851205,7845
OSBPL1A,-82.61450710011952,335,-44.18218263085209,335,-38.432324469267435,7846
TM9SF3,-116.34672581411883,1002,-77.91134514113863,1002,-38.4353806729802,7847
KRTAP2-3,-161.4793201022678,18,-123.02946260240343,18,-38.449857499864365,7848
C1QC,-136.29931021737053,286,-97.8481170814354,286,-38.45119313593513,7849
SLC5A6,-98.44093814972908,155,-59.98845266526745,155,-38.452485484461626,7850
KIF26B,-120.54172236744951,41,-82.03195599811833,41,-38.509766369331174,7851
LCP1,-134.35509313295967,146,-95.84044871918142,146,-38.51464441377824,7852
MASTL,-92.35224066840277,99,-53.80108110832445,99,-38.55115956007832,7853
C1RL-AS1,-130.01295644295317,119,-91.45225101759453,119,-38.560705425358634,7854
LINC01572,-123.64267349243164,2,-85.053955078125,2,-38.58871841430664,7855
NDE1,-98.79981327688458,151,-60.15930635565954,151,-38.64050692122504,7856
CCDC18,-103.13585942586263,60,-64.48095385233562,60,-38.65490557352702,7857
LINC01138,-118.47036140843441,38,-79.81350406847503,38,-38.65685733995939,7858
COTL1,-104.23042111373066,402,-65.54736269291361,402,-38.68305842081705,7859
SLC15A1,-168.32828776041666,3,-129.61578623453775,3,-38.712501525878906,7860
AHSA1,-104.20712335999427,753,-65.48864741534351,753,-38.71847594465076,7861
PCSK9,-123.17553568694551,177,-84.45458566266939,177,-38.72095002427612,7862
CCDC24,-124.45174006411904,266,-85.72653304365345,266,-38.72520702046559,7863
CSF3R,-120.49743097552322,942,-81.7623463689395,942,-38.73508460658371,7864
NDUFA9,-104.31684718784949,482,-65.57962942321271,482,-38.73721776463678,7865
LYPD6,-104.69690377371651,7,-65.90854317801339,7,-38.788360595703125,7866
STAMBPL1,-126.97637137388571,39,-88.18791746481871,39,-38.788453909067,7867
HSD17B12,-93.26136136405265,1021,-54.465946350695454,1021,-38.79541501335719,7868
C11orf16,-108.87125596424077,149,-70.074452445011,149,-38.79680351922977,7869
CASP1,-133.85661698838152,263,-95.04436498721743,263,-38.81225200116408,7870
CDADC1,-111.67531339857314,180,-72.84576331244574,180,-38.8295500861274,7871
MYL12A,-90.36197011401545,1928,-51.468252146392445,1928,-38.893717967623004,7872
CCAR1,-101.00787223469128,704,-62.11398753252897,704,-38.89388470216231,7873
FANCL,-100.61356702763983,188,-61.71017833466225,188,-38.90338869297758,7874
CCBE1,-88.76520601908366,12,-49.79581769307455,12,-38.96938832600912,7875
FBF1,-92.77681716918946,100,-53.80492820739746,100,-38.971888961792,7876
HMCN1,-109.73031223181522,33,-70.75419501102331,33,-38.976117220791906,7877
ERICH3,-116.60393247933223,174,-77.6044614506864,174,-38.99947102864583,7878
GRM5-AS1,-184.1393585205078,2,-145.13646697998047,2,-39.002891540527344,7879
CEP83,-98.66193709414229,234,-59.640034015362076,234,-39.02190307878021,7880
LINC01551,-133.18389892578125,3,-94.15801239013672,3,-39.02588653564453,7881
CLTC,-111.65417017137145,1151,-72.60635446901429,1151,-39.047815702357155,7882
SYT16,-115.95266515558416,11,-76.84744401411577,11,-39.10522114146839,7883
GALK2,-98.20956638560575,340,-59.08997959810145,340,-39.1195867875043,7884
HEATR9,-120.95368194580078,1,-81.82832336425781,1,-39.12535858154297,7885
LDHD,-112.16281434764032,92,-73.00398179759149,92,-39.15883255004883,7886
NEU3,-118.79305252662071,52,-79.62316160935622,52,-39.169890917264496,7887
SELE,-145.96042251586914,4,-106.78204727172852,4,-39.178375244140625,7888
ZNF444,-109.99558706009246,591,-70.80706296556089,591,-39.18852409453157,7889
RNASEH2B-AS1,-120.50307210286458,3,-81.30848693847656,3,-39.194585164388016,7890
C17orf50,-123.77998486687156,17,-84.56040012135225,17,-39.21958474551931,7891
C14orf132,-105.80765119839064,273,-66.5762943924565,273,-39.23135680593414,7892
TEX19,-145.42291259765625,1,-106.16388702392578,1,-39.25902557373047,7893
FKBP3,-131.2517225818521,845,-91.94290998108994,845,-39.30881260076217,7894
CEP290,-102.07361064237706,357,-62.76212769195813,357,-39.311482950418934,7895
SAE1,-130.50537642555676,435,-91.16470475470882,435,-39.34067167084794,7896
LINC00412,-140.8602294921875,1,-101.49745178222656,1,-39.36277770996094,7897
IPO9-AS1,-108.3561528523763,15,-68.9879633585612,15,-39.368189493815095,7898
ALOXE3,-106.52694920131138,7,-67.15741511753627,7,-39.36953408377511,7899
TMEM266,-104.68851216634114,3,-65.30028788248698,3,-39.38822428385416,7900
ASGR1,-110.73494660412824,216,-71.31647932970965,216,-39.41846727441859,7901
LUM,-164.68684856708234,91,-125.2364517044235,91,-39.450396862658835,7902
GMCL1,-105.43272636624664,506,-65.97045428762323,506,-39.462272078623414,7903
CAMKK1,-136.68013805042614,55,-97.19807586669921,55,-39.482062183726924,7904
SHISA2,-108.08356583091407,441,-68.57897843687442,441,-39.504587394039646,7905
BSG,-119.36984914468881,1565,-79.8499003108698,1565,-39.519948833819015,7906
IGHV3-64,-146.8095703125,1,-107.25698852539062,1,-39.552581787109375,7907
SEL1L,-100.12986976937071,365,-60.57550169017217,365,-39.55436807919855,7908
SLC44A3,-113.08045814276566,289,-73.52591903316933,289,-39.554539109596334,7909
SNX7,-114.8607963220397,335,-75.26513384918668,335,-39.59566247285302,7910
IL36RN,-139.3460350036621,4,-99.71377182006836,4,-39.63226318359375,7911
GPR155,-103.25430716237715,62,-63.620185667468654,62,-39.63412149490849,7912
CD68,-156.31091137238366,374,-116.6765794805027,374,-39.63433189188096,7913
MAT1A,-144.55701366223786,38,-104.9111008895071,38,-39.64591277273077,7914
NUF2,-183.52698771158853,21,-143.87121800013952,21,-39.65576971144901,7915
ZBTB41,-124.83737440367003,222,-85.1753677849297,222,-39.66200661874032,7916
MED6,-133.08417518954363,383,-93.39726354932661,383,-39.68691164021702,7917
MGAT5,-110.55569596724077,253,-70.86657555018489,253,-39.689120417055875,7918
FEM1B,-95.56826968626542,352,-55.87201198664579,352,-39.696257699619636,7919
NTPCR,-101.58499344046885,611,-61.87972546716369,611,-39.70526797330516,7920
SERGEF,-121.54190320853728,249,-81.83552594165725,249,-39.706377266880025,7921
ZNF227,-115.4345351710464,66,-75.71595151496656,66,-39.71858365607984,7922
SVOP,-101.72736104329427,3,-61.97119013468424,3,-39.756170908610024,7923
LINC00294,-148.28358757205126,41,-108.51619701850706,41,-39.7673905535442,7924
ZNF799,-128.69792770385743,50,-88.88664306640625,50,-39.81128463745118,7925
COLEC12,-85.814912109375,450,-45.99033755832248,450,-39.82457455105252,7926
DUOX1,-110.62512590070811,729,-70.77523535792557,729,-39.849890542782546,7927
PRELP,-119.79631484182258,19,-79.93833080090974,19,-39.85798404091284,7928
PUS10,-115.28469274235867,174,-75.4132131817697,174,-39.871479560588966,7929
C18orf25,-97.5105764978219,191,-57.61875090673956,191,-39.891825591082345,7930
PLA2G2C,-125.39736938476562,12,-85.50294240315755,12,-39.89442698160808,7931
ZDHHC16,-115.50755559045815,573,-75.59856457402361,573,-39.90899101643454,7932
TMOD2,-92.50710750270534,37,-52.56128970996754,37,-39.9458177927378,7933
DNM3OS,-148.95230102539062,1,-108.931884765625,1,-40.020416259765625,7934
STYK1,-100.99734547932943,60,-60.95388336181641,60,-40.043462117513016,7935
CD300LF,-113.21988713464071,43,-73.15186434013899,43,-40.06802279450173,7936
NEDD4L,-88.03621626791886,1337,-47.94708455099307,1337,-40.08913171692579,7937
STXBP6,-110.28441596031189,32,-70.16914415359497,32,-40.11527180671692,7938
PRDM16,-152.73447489942242,234,-112.60071250719902,234,-40.1337623922234,7939
KTN1-AS1,-127.92354753282335,18,-87.76659732394748,18,-40.15695020887587,7940
CHRNA1,-110.06546783447266,1,-69.9007568359375,1,-40.164710998535156,7941
ACVR1C,-87.67197365596377,29,-47.50416985873518,29,-40.167803797228586,7942
HAUS2,-118.57920352996342,189,-78.39372426996786,189,-40.18547925999556,7943
UCHL5,-112.19438251034244,364,-72.00407791137695,364,-40.19030459896548,7944
PDS5B,-103.07911106691522,354,-62.887884958989204,354,-40.19122610792601,7945
THNSL1,-106.63156143188476,50,-66.4054458618164,50,-40.22611557006836,7946
CACNA1C-AS1,-127.6064682006836,1,-87.36398315429688,1,-40.24248504638672,7947
SLC3A2,-139.4783011032525,798,-99.21216438886216,798,-40.26613671439034,7948
MMP2,-129.63252592086792,32,-89.36623620986938,32,-40.266289710998535,7949
PROX1,-105.76754511319675,52,-65.48043551811806,52,-40.28710959507869,7950
PTGER3,-113.2739917755127,20,-72.9737606048584,20,-40.3002311706543,7951
SPECC1,-128.37864158893453,174,-88.06158232414859,174,-40.31705926478594,7952
MPZL2,-142.7733347395956,1194,-102.42907861169658,1194,-40.34425612789903,7953
CCDC60,-102.34952523367745,70,-61.97341237749372,70,-40.37611285618373,7954
ZNF765,-131.5099561737805,82,-91.12267126688143,82,-40.38728490689907,7955
KCNJ1,-240.48513793945312,1,-200.09657287597656,1,-40.38856506347656,7956
PAK6,-129.12630427532116,239,-88.72379242326426,239,-40.402511852056904,7957
PKP2,-113.12830054241678,69,-72.72327279353487,69,-40.405027748881906,7958
TOR1AIP1,-111.07896372049797,476,-70.65116675561215,476,-40.427796964885815,7959
C12orf54,-125.88585408528645,9,-85.44783528645833,9,-40.438018798828125,7960
PKP4,-100.38055300911822,359,-59.91571192621853,359,-40.46484108289969,7961
KRT40,-130.2298583984375,4,-89.76443099975586,4,-40.46542739868164,7962
DDIAS,-125.00088437398274,12,-84.53081448872884,12,-40.470069885253906,7963
B3GNT8,-110.89251074206688,506,-70.39739299668625,506,-40.495117745380625,7964
CLEC4M,-117.61045455932617,2,-77.10953521728516,2,-40.500919342041016,7965
ADIPOR1,-101.1242976965667,1166,-60.604063338317346,1166,-40.520234358249354,7966
MTHFS,-107.57202650402287,649,-67.0416822271832,649,-40.53034427683967,7967
PDE3A,-128.26084899902344,1,-87.72832489013672,1,-40.53252410888672,7968
PRF1,-104.00544647216798,75,-63.39145299275716,75,-40.613993479410816,7969
MTHFR,-111.65013817609366,472,-71.03519611035364,472,-40.614942065740024,7970
TTC30B,-124.61273306387442,81,-83.97496560179157,81,-40.63776746208285,7971
KCTD3,-115.3098267303116,174,-74.6560180927145,174,-40.653808637597095,7972
IL23R,-164.65615844726562,2,-123.97673416137695,2,-40.67942428588867,7973
VIM-AS1,-134.31896194146603,147,-93.63860253574086,147,-40.68035940572517,7974
UBL3,-119.31657931485424,829,-78.60745044151463,829,-40.70912887333961,7975
EIF5,-95.06065470214058,1555,-54.34299791587511,1555,-40.71765678626547,7976
NPIPA5,-142.36104311261857,28,-101.62112562997001,28,-40.739917482648565,7977
LINC01479,-152.82137552897134,3,-112.05136617024739,3,-40.770009358723954,7978
THEM4,-94.35597777742693,317,-53.58340338577607,317,-40.772574391650856,7979
ASAH2,-128.58839965820312,25,-87.78187713623046,25,-40.80652252197265,7980
TRUB1,-120.25170932096593,136,-79.43504159590778,136,-40.81666772505815,7981
IL10,-129.54260540008545,8,-88.7107162475586,8,-40.831889152526855,7982
LGALSL,-93.3747366914295,525,-52.51880565098354,525,-40.85593104044597,7983
GALM,-99.35483999510069,444,-58.37033923896583,444,-40.98450075613486,7984
SPATA45,-103.18488057454427,3,-62.16581471761068,3,-41.01906585693359,7985
BDNF,-108.31115214029948,15,-67.27772267659505,15,-41.03342946370444,7986
GLCE,-86.6875140759372,258,-45.634138269941936,258,-41.053375805995266,7987
DNAJA4,-89.03790121367483,330,-47.9833989461263,330,-41.05450226754853,7988
TTLL7,-120.75226198616674,118,-79.69143256494554,118,-41.0608294212212,7989
RGSL1,-140.69044494628906,1,-99.62615203857422,1,-41.064292907714844,7990
PTMS,-136.4595022195193,1503,-95.38540110331095,1503,-41.07410111620834,7991
KANSL1-AS1,-133.60400593688732,263,-92.50668062275354,263,-41.09732531413378,7992
FCRL5,-138.96568298339844,2,-97.85797882080078,2,-41.107704162597656,7993
PTAFR,-100.3884825706482,96,-59.270313342412315,96,-41.11816922823588,7994
SLC35F3,-168.37956115722656,25,-127.26120147705078,25,-41.118359680175786,7995
NSMCE3,-124.48736492503772,220,-83.35742326216264,220,-41.12994166287508,7996
SLITRK6,-117.63075105134432,111,-76.47910212611293,111,-41.151648925231385,7997
USP15,-106.67340463413161,449,-65.51886410277777,449,-41.154540531353845,7998
OIT3,-120.86656951904295,1,-79.68025970458984,1,-41.18630981445311,7999
LINC00667,-124.51044399054476,387,-83.28914573334292,387,-41.22129825720184,8000
RXRG,-118.89361618041993,50,-77.65512939453124,50,-41.23848678588868,8001
HFM1,-110.27426528930664,6,-68.99592844645183,6,-41.27833684285481,8002
TTF2,-95.17528201372195,117,-53.89130639622354,117,-41.28397561749841,8003
ZNF350-AS1,-107.92227172851562,1,-66.63554382324219,1,-41.28672790527344,8004
ZNF19,-99.33432721488083,79,-58.03269383877139,79,-41.30163337610944,8005
MYO1A,-135.42535400390625,4,-94.12114334106445,4,-41.3042106628418,8006
TMEM109,-110.72936428615026,560,-69.40086454663958,560,-41.328499739510676,8007
PRPF19,-96.41478176369016,454,-55.07469669627723,454,-41.34008506741293,8008
LMAN1,-101.10455727090641,1078,-59.74359912553833,1078,-41.36095814536808,8009
ALOX15,-105.56648461914062,125,-64.20229061889648,125,-41.36419400024414,8010
ZNF43,-94.24263115648954,106,-52.8680384294042,106,-41.374592727085336,8011
TRPC6,-122.83572064913236,26,-81.44556133563702,26,-41.39015931349533,8012
FAM227B,-115.37892952611891,59,-73.94444300764698,59,-41.43448651847193,8013
HMGCS2,-180.24664633614677,42,-138.80072348458427,42,-41.4459228515625,8014
PTPRQ,-157.71810150146484,2,-116.25895309448242,2,-41.45914840698242,8015
SDS,-125.80350712367466,14,-84.31543077741351,14,-41.48807634626115,8016
PLIN1,-125.22029113769531,2,-83.71025848388672,2,-41.510032653808594,8017
ALG10B,-125.77147684870539,74,-84.25347106521194,74,-41.51800578349345,8018
GTF2B,-100.90949629906216,459,-59.38787304082467,459,-41.52162325823748,8019
ZFP69,-111.51893615722656,18,-69.95901828342014,18,-41.55991787380643,8020
DBI,-95.23101295541473,1954,-53.66574743460242,1954,-41.565265520812304,8021
FAT3,-123.45072937011719,4,-81.85618019104004,4,-41.59454917907715,8022
SLCO2B1,-149.08054295292607,54,-107.44120392975984,54,-41.63933902316623,8023
LEFTY1,-88.08610026041667,3,-46.38194020589193,3,-41.70416005452474,8024
PSEN2,-136.83236939129344,187,-95.12104834082292,187,-41.71132105047052,8025
MMP19,-97.93679751989977,53,-56.20268983661004,53,-41.73410768328973,8026
HADHA,-81.06645128203601,820,-39.295481751604775,820,-41.77096953043124,8027
OLFML1,-154.3536834716797,1,-112.55123138427734,1,-41.802452087402344,8028
SUSD4,-102.32027295882327,197,-60.502683765392014,197,-41.81758919343125,8029
POMGNT1,-124.2250357162599,371,-82.3874819567904,371,-41.8375537594695,8030
RNF169,-99.90975815541036,296,-58.06416066917213,296,-41.845597486238226,8031
LYST,-125.17561236966041,465,-83.2639392319546,465,-41.91167313770582,8032
POLR1B,-118.83589046702666,85,-76.91347045898438,85,-41.92242000804228,8033
MPP7,-98.7402941313244,525,-56.78305448259626,525,-41.95723964872814,8034
TSGA10IP,-108.81048736572265,5,-66.84959869384765,5,-41.960888671875,8035
TIGAR,-115.70724684616616,116,-73.72064965346763,116,-41.986597192698525,8036
RNASE2,-147.17723846435547,4,-105.16741561889648,4,-42.009822845458984,8037
MMP1,-114.77627427237374,112,-72.76629052843366,112,-42.00998374394008,8038
AHNAK,-132.5890512788393,859,-90.56948292990919,859,-42.01956834893011,8039
CCDC7,-100.05749306311974,52,-58.012086428128754,52,-42.04540663499098,8040
ZNF550,-143.68907133061836,47,-101.63521868117313,47,-42.05385264944523,8041
CFAP52,-104.60863450285676,154,-62.526563248077,154,-42.08207125477976,8042
ZNF443,-128.74230224609374,25,-86.64028717041016,25,-42.10201507568358,8043
PSMC5,-120.9364426518463,1172,-78.82095186539478,1172,-42.11549078645153,8044
CNGA3,-135.7816365559896,3,-93.63069915771484,3,-42.15093739827475,8045
MPZ,-123.67523786756728,9,-81.47807905409071,9,-42.19715881347656,8046
TRAV36DV7,-132.5424346923828,1,-90.3265380859375,1,-42.21589660644531,8047
CPB2-AS1,-138.39896719796317,7,-96.15234810965401,7,-42.24661908830916,8048
MAP4K4,-97.19828529537004,426,-54.9017753780168,426,-42.29650991735324,8049
COPB1,-119.45617459375848,691,-77.14479168727671,691,-42.31138290648177,8050
C17orf67,-104.26122639973958,30,-61.91038462320964,30,-42.35084177652995,8051
NUPR1,-117.91745969116813,1417,-75.56562183840475,1417,-42.35183785276338,8052
GORAB,-112.08464867728097,126,-69.69525182814826,126,-42.38939684913271,8053
ALOX5,-105.67270808364405,165,-63.263172195896956,165,-42.4095358877471,8054
BCL11B,-124.16855441822725,17,-81.74752179314109,17,-42.421032625086156,8055
SUCLA2,-115.28432850292248,271,-72.85868362483063,271,-42.425644878091845,8056
AGBL1,-107.08007049560547,84,-64.55182842981247,84,-42.528242065792995,8057
LIPC,-114.31436920166016,3,-71.7572021484375,3,-42.557167053222656,8058
CHTF8,-112.25194766214085,574,-69.63428200911146,574,-42.61766565302939,8059
SLC12A6,-96.3918562323799,221,-53.77042293980111,221,-42.621433292578786,8060
FOXD4L1,-104.22151947021484,5,-61.589543151855466,5,-42.63197631835938,8061
IL34,-89.06627022730162,146,-46.42630263550641,146,-42.639967591795205,8062
MRC1,-113.05957995958565,121,-70.39801264991445,121,-42.6615673096712,8063
PRC1,-111.40815895482113,38,-68.7119295220626,38,-42.69622943275853,8064
CCL8,-133.9481231689453,5,-91.23584594726563,5,-42.71227722167967,8065
PPP1R15A,-109.21007605995197,1612,-66.49234337013945,1612,-42.71773268981252,8066
REEP1,-96.91304512023926,40,-54.18130989074707,40,-42.73173522949219,8067
UACA,-106.78732136317662,70,-64.05163051060268,70,-42.73569085257394,8068
TRIM9,-111.03441874186198,3,-68.28551737467448,3,-42.7489013671875,8069
CD84,-138.41707056218928,22,-95.66806723854758,22,-42.7490033236417,8070
UBE2T,-94.83967027664184,160,-52.089683747291566,160,-42.749986529350274,8071
CRADD,-127.58919720082557,227,-84.83809722362636,227,-42.7510999771992,8072
DDX24,-129.04023549650267,1249,-86.215902036815,1249,-42.82433345968768,8073
ST6GALNAC3,-105.41031494140626,10,-62.577711486816405,10,-42.83260345458985,8074
SLC27A2,-113.02094239615352,183,-70.18217497445195,183,-42.83876742170156,8075
ZBTB40,-136.435306672127,155,-93.54404902304373,155,-42.891257649083286,8076
USP47,-130.06879823560158,582,-87.17209852028549,582,-42.89669971531609,8077
EEA1,-92.23583058096206,369,-49.326710863811215,369,-42.909119717150844,8078
IL22RA1,-116.73294067382812,14,-73.79368046351841,14,-42.93926021030971,8079
CHMP3,-96.25564386289642,1147,-53.28867474117794,1147,-42.96696912171848,8080
GLB1L3,-137.11823399861655,48,-94.127760887146,48,-42.99047311147055,8081
SAV1,-107.09182805443412,634,-64.08298899172232,634,-43.0088390627118,8082
PDHX,-105.85014165004837,321,-62.81913041919934,321,-43.03101123084903,8083
RDM1,-129.02645329066686,7,-85.98974936349052,7,-43.03670392717635,8084
MS4A4A,-147.1444117915523,111,-104.05914567827105,111,-43.08526611328125,8085
TNKS2,-105.27796125698663,499,-62.19147265936903,499,-43.086488597617596,8086
DTNA,-145.90366054225612,37,-102.81621036014042,37,-43.0874501821157,8087
MBD1,-138.2194919862609,276,-95.13140288643216,276,-43.088089099828736,8088
C11orf52,-112.60849276455966,11,-69.49485570734197,11,-43.11363705721769,8089
HCAR3,-129.29922725132533,35,-86.14415392194475,35,-43.155073329380585,8090
GAS2L2,-108.8093195976095,94,-65.61672933050927,94,-43.19259026710023,8091
KRT6B,-144.2015177408854,3,-100.99580383300781,3,-43.205713907877595,8092
ADGRE1,-116.15249803331163,9,-72.94376881917317,9,-43.20872921413846,8093
HDC,-127.0185063680013,9,-83.78516133626302,9,-43.23334503173828,8094
CDH13,-130.78146144321985,7,-87.53805977957589,7,-43.243401663643965,8095
FUT6,-108.07239036560058,40,-64.8066795349121,40,-43.26571083068848,8096
CCDC30,-96.20230736939803,184,-52.928200244903564,184,-43.27410712449446,8097
SULT1A3,-96.26706046246468,47,-52.973974593142245,47,-43.29308586932244,8098
SERPINB13,-121.0468978881836,5,-77.74525756835938,5,-43.301640319824216,8099
LINC00526,-148.9449179829031,69,-105.60677370817766,69,-43.33814427472544,8100
ZSCAN4,-116.5401496887207,2,-73.19378280639648,2,-43.34636688232422,8101
AAK1,-120.41200346365657,517,-77.03493383175169,517,-43.37706963190489,8102
LIN7A,-120.08764052391052,32,-76.67948317527771,32,-43.40815734863281,8103
FAR1,-101.76581066549815,301,-58.3281013133914,301,-43.43770935210675,8104
FGF14-AS2,-116.67368227370243,94,-73.19895212701026,94,-43.47473014669217,8105
FBXW4,-105.57761355262853,549,-62.08049124490151,549,-43.497122307727025,8106
N4BP2L1,-106.31310312821418,357,-62.81313954414774,357,-43.49996358406644,8107
LRRC37A,-103.89014339447021,8,-60.38361167907715,8,-43.506531715393066,8108
DNAJC1,-101.34940341618507,876,-57.84137089176265,876,-43.50803252442242,8109
FBXW10,-112.18054853166852,7,-68.67239379882812,7,-43.508154732840396,8110
ITLN2,-118.88467389887029,44,-75.3464521928267,44,-43.538221706043586,8111
RAB3IL1,-106.94541549682617,8,-63.37232208251953,8,-43.57309341430664,8112
ZNF624,-133.95155686598557,13,-90.37262725830078,13,-43.578929607684785,8113
NWD1,-109.40035151431435,95,-65.7827297813014,95,-43.61762173301295,8114
SOX5,-126.05084156345677,74,-82.43142308415594,74,-43.61941847930083,8115
MTPAP,-110.90278207102129,186,-67.26765353705294,186,-43.635128533968356,8116
PRPF38B,-111.46002554591698,948,-67.82158579605039,948,-43.63843974986659,8117
UBR1,-103.59002839109768,313,-59.90531831198988,313,-43.684710079107795,8118
USP22,-91.78491889105902,756,-48.08845349468251,756,-43.69646539637651,8119
LRRC36,-79.20959164517598,515,-35.50994033813477,515,-43.69965130704121,8120
HMGB1,-107.87082996046686,2075,-64.13890228823007,2075,-43.73192767223679,8121
EEF2,-84.71028533144404,2083,-40.95937117577973,2083,-43.75091415566431,8122
CAPS2,-142.36865791652514,115,-98.61658716616424,115,-43.7520707503609,8123
COMMD3,-119.10955730426274,638,-75.33739736909777,638,-43.772159935164964,8124
ZSCAN18,-104.40212421658673,395,-60.62940145564985,395,-43.77272276093688,8125
COMMD9,-93.78049776846902,399,-49.998739993064326,399,-43.78175777540469,8126
RAD51AP2,-131.15908813476562,1,-87.35181427001953,1,-43.807273864746094,8127
LINC00332,-112.46821594238281,4,-68.6451187133789,4,-43.823097229003906,8128
PARP11,-108.46799780617297,71,-64.63700087641327,71,-43.830996929759706,8129
TECTB,-121.96194648742676,4,-78.12483596801758,4,-43.83711051940918,8130
GABPB1,-130.63148910140256,519,-86.78747858477466,519,-43.844010516627904,8131
AKAP6,-136.3180403137207,100,-92.47363273620606,100,-43.844407577514644,8132
UQCRHL,-103.03293920818128,152,-59.18533139479788,152,-43.8476078133834,8133
TTC39C,-144.95553810690993,227,-101.10607789161448,227,-43.84946021529545,8134
FAM187B,-128.71520900726318,8,-84.84034156799316,8,-43.87486743927002,8135
PDP2,-104.88759278007176,230,-61.007434828385065,230,-43.88015795168669,8136
FBXO33,-93.8292769027393,337,-49.91408887461314,337,-43.91518802812615,8137
ATF6,-121.06657161618688,609,-77.14924070361408,609,-43.917330912572794,8138
DDR2,-142.97160059091996,49,-99.0491303424446,49,-43.92247024847536,8139
HSD17B7,-122.79421381321751,311,-78.87088437095716,311,-43.92332944226035,8140
PLEKHO1,-97.70505952835083,112,-53.77561102594648,112,-43.92944850240435,8141
GLI2,-128.3431854248047,1,-84.41194915771484,1,-43.931236267089844,8142
TNFAIP6,-166.18421173095703,8,-122.2521276473999,8,-43.93208408355713,8143
EXT2,-95.72603429597,232,-51.78891706466675,232,-43.93711723130325,8144
BBS2,-110.26099452972412,240,-66.27654916445414,240,-43.98444536526998,8145
ZNF24,-129.5662090472321,670,-85.5461071868441,670,-44.020101860387996,8146
CCDC181,-99.77718950572766,152,-55.72726560893812,152,-44.049923896789544,8147
FCF1,-94.04298311291319,264,-49.9580791646784,264,-44.08490394823479,8148
CFAP53,-92.91412729853472,223,-48.82863399693784,223,-44.085493301596884,8149
DGUOK-AS1,-117.30977906376482,83,-73.22029361954655,83,-44.08948544421827,8150
SETD3,-104.83357313301805,563,-60.69742391799737,563,-44.13614921502068,8151
CD19,-110.07513732910157,5,-65.93219223022462,5,-44.14294509887695,8152
SULT1A1,-114.69356574696943,847,-70.54397207843371,847,-44.149593668535715,8153
MAST2,-126.84322663779571,107,-82.6673397171163,107,-44.1758869206794,8154
TRPV2,-119.97369706003289,57,-75.76249333431846,57,-44.21120372571443,8155
SLAMF9,-118.52080917358398,4,-74.24669456481934,4,-44.27411460876465,8156
ADD3,-119.59855035218325,704,-75.29857625744559,704,-44.299974094737664,8157
PLA2G2D,-129.7965545654297,2,-85.48811340332031,2,-44.308441162109375,8158
QPRT,-106.32068270365397,300,-62.00471514383952,300,-44.31596755981445,8159
ANKRD49,-113.28800938817747,239,-68.96873336855836,239,-44.31927601961911,8160
PIGK,-123.52560093091881,230,-79.19623572308085,230,-44.32936520783797,8161
HNRNPLL,-114.75751365805571,318,-70.40408126063316,318,-44.35343239742255,8162
AGAP4,-134.00351883193193,59,-89.6459755331783,59,-44.357543298753626,8163
PET100,-130.02688001522858,1233,-85.63796449461702,1233,-44.38891552061156,8164
TRAV9-2,-161.9886474609375,1,-117.59851837158205,1,-44.390129089355455,8165
ABCA4,-140.10364759290542,74,-95.70953286660684,74,-44.39411472629858,8166
PIH1D2,-111.27897133460412,130,-66.87729671184833,130,-44.40167462275579,8167
GALNT1,-115.73815621973569,482,-71.27334154690945,482,-44.464814672826236,8168
NSRP1,-120.65077878364227,795,-76.18276673322954,795,-44.468012050412725,8169
EXOC6,-120.94646367719096,186,-76.46873006513042,186,-44.47773361206055,8170
IMMP1L,-117.48471041892073,417,-72.98739097101225,417,-44.49731944790848,8171
LAMP1,-93.56441034764723,1244,-49.04840764968725,1244,-44.516002697959976,8172
RNF43,-115.40308885221128,216,-70.87658189844203,216,-44.52650695376926,8173
ZNF850,-128.90138772817758,13,-84.3365736741286,13,-44.56481405404898,8174
VWA3B,-131.02972742716472,150,-86.44948287963867,150,-44.58024454752605,8175
SLC51B,-122.50746431455508,91,-77.89336152129121,91,-44.61410279326387,8176
FAM177B,-127.78994560241699,4,-83.13687515258789,4,-44.6530704498291,8177
ARSG,-139.28788787243414,102,-94.6346056321088,102,-44.65328224032534,8178
GAD1,-107.45292167663574,40,-62.757455825805664,40,-44.695465850830075,8179
DHRS9,-112.87539647134503,89,-68.17539377962605,89,-44.70000269171898,8180
SCN7A,-173.82823689778647,3,-129.12484741210938,3,-44.70338948567709,8181
SSBP3,-165.51730601480963,521,-120.81203889755278,521,-44.70526711725685,8182
TMEM72-AS1,-112.58951568603516,1,-67.88226318359375,1,-44.707252502441406,8183
ENOX1-AS1,-109.22835540771484,1,-64.51895141601562,1,-44.70940399169922,8184
ZNF677,-99.61335057797639,46,-54.873667924300484,46,-44.73968265367591,8185
GOLGA8N,-104.22579556419736,21,-59.46060108003162,21,-44.76519448416573,8186
ZSCAN5A,-125.22359209060669,80,-80.41774368286133,80,-44.80584840774536,8187
INO80B,-106.46954713787949,114,-61.6619432348954,114,-44.807603902984084,8188
RAP1A,-145.77668196502964,1203,-100.96409361499207,1203,-44.81258835003757,8189
PPOX,-126.04380333523791,238,-81.22721388360031,238,-44.8165894516376,8190
CFL2,-99.07068542409989,433,-54.24297680755686,433,-44.827708616543035,8191
SIAE,-153.9206906007917,356,-109.09007261040506,356,-44.83061799038663,8192
RAB6C,-120.94544982910156,1,-76.07364654541016,1,-44.871803283691406,8193
MYCBP,-127.60935476901977,379,-82.72667088168906,379,-44.882683887330714,8194
DKK1,-126.91797081629436,48,-82.0333800315857,48,-44.884590784708664,8195
MPRIP-AS1,-141.55712305356377,73,-96.62207480652691,73,-44.93504824703686,8196
SSH2,-105.02418241108934,730,-60.062576461164916,730,-44.961605949924426,8197
TMED10,-98.4665663885113,1569,-53.50201796026576,1569,-44.964548428245536,8198
ATG14,-121.42403456269118,189,-76.44307587638734,189,-44.980958686303836,8199
REV1,-95.09557531803709,653,-50.09392044044016,653,-45.001654877596934,8200
SERP2,-99.61408942086356,98,-54.57589118334712,98,-45.03819823751645,8201
RAB11FIP2,-104.43340708227718,272,-59.38897194581873,272,-45.04443513645845,8202
STAM,-108.39229938345896,355,-63.30232605195381,355,-45.08997333150515,8203
SLC7A8,-121.27856379475085,197,-76.15724085309179,197,-45.12132294165906,8204
RAD51AP1,-120.18906826443143,27,-75.05095644350405,27,-45.13811182092738,8205
VWF,-125.58289010184151,21,-80.41485341389973,21,-45.16803668794178,8206
CRYAB,-127.798074946684,68,-82.61469223920037,68,-45.18338270748363,8207
FBXO11,-129.20521190554598,516,-83.95830478224643,516,-45.24690712329955,8208
IGKV1-5,-146.4122111002604,6,-101.16241200764973,6,-45.24979909261067,8209
URI1,-129.48894576067556,557,-84.21427606551822,557,-45.27466969515734,8210
GAB2,-117.68316145200987,222,-72.37581631084821,222,-45.30734514116166,8211
APBA2,-139.4146720192649,55,-94.10368749445135,55,-45.31098452481356,8212
TFAM,-115.93032339076804,495,-70.61833035247494,495,-45.311993038293096,8213
AGPS,-112.89588935420198,212,-67.57441221992924,212,-45.32147713427274,8214
IFT81,-98.11165257967436,260,-52.78290258554312,260,-45.328749994131236,8215
FANK1,-111.47681685367904,251,-66.1345365303921,251,-45.34228032328694,8216
DHRS4,-109.19288795412952,262,-63.83998766018234,262,-45.35290029394718,8217
MS4A13,-135.2032012939453,1,-89.83780670166016,1,-45.365394592285156,8218
TMCC2,-111.29572041829427,27,-65.90229161580403,27,-45.393428802490234,8219
GOLGA8A,-145.11371163760916,238,-99.71247764395065,238,-45.40123399365851,8220
PYCARD,-106.22591176749835,765,-60.767696969026055,765,-45.45821479847229,8221
DDAH1,-134.69461856019873,979,-89.20898667394933,979,-45.48563188624941,8222
CEACAM19,-140.0500780378069,35,-94.54947313581194,35,-45.500604901994976,8223
SLC2A3,-96.81375332120099,316,-51.30407892299604,316,-45.50967439820495,8224
TSC22D1,-115.63971413701054,1742,-70.11910172472318,1742,-45.52061241228736,8225
STRAP,-112.29278925976722,918,-66.73969802773337,918,-45.55309123203385,8226
LINC00865,-136.81639451246994,52,-91.2585603273832,52,-45.55783418508675,8227
SH2D2A,-113.16379352916371,55,-67.59182995882901,55,-45.5719635703347,8228
RCOR3,-111.46243381500244,376,-65.88552967030951,376,-45.57690414469293,8229
NCOA1,-121.81565719467025,444,-76.21724010158229,444,-45.59841709308796,8230
SFTPA1,-137.5370113270378,1527,-91.93125326959776,1527,-45.60575805744003,8231
CDC16,-108.4808866165263,449,-62.86886322259372,449,-45.61202339393259,8232
SLC6A13,-122.1070327758789,3,-76.49205017089844,3,-45.61498260498047,8233
PLK1,-132.63427066802979,16,-86.94497013092041,16,-45.689300537109375,8234
FAM149B1,-133.56422527682398,155,-87.86084515971523,155,-45.70338011710875,8235
ZIM2,-118.66365814208984,1,-72.92462158203125,1,-45.739036560058594,8236
GATA6,-116.64430536730536,290,-70.90519411810513,290,-45.739111249200235,8237
NUCB2,-113.84063887207826,921,-68.09727282115095,921,-45.74336605092731,8238
CNDP2,-103.5370442650535,880,-57.75787418972362,880,-45.77917007532987,8239
LSP1,-111.75210105766685,236,-65.89829987994695,236,-45.8538011777199,8240
CLDN25,-125.77165222167967,1,-79.82304382324219,1,-45.948608398437486,8241
SLC16A4,-123.85064427693685,300,-77.89005012512207,300,-45.960594151814774,8242
NAGK,-128.79316041481437,402,-82.81993757788814,402,-45.973222836926226,8243
ZBTB16,-138.326419459615,319,-92.3148869720746,319,-46.01153248754041,8244
CTH,-102.34086390904018,77,-56.27634167361569,77,-46.06452223542449,8245
SCO1,-119.25455537335625,232,-73.15491492172768,232,-46.099640451628574,8246
MS4A6A,-151.59988143920899,100,-105.49767623901367,100,-46.102205200195314,8247
ATP6V0B,-114.6653701329199,1482,-68.54982817800422,1482,-46.115541954915685,8248
SPG21,-95.39809711306702,1224,-49.26729047064688,1224,-46.13080664242015,8249
SYT9,-169.67999267578125,1,-123.509033203125,1,-46.17095947265625,8250
PPP1R12A,-118.04038006326427,529,-71.86543147009577,529,-46.174948593168494,8251
PLA2G4A,-134.17470269454154,76,-87.96188203912033,76,-46.21282065542121,8252
TXNDC12-AS1,-143.6293182373047,1,-97.38549041748048,1,-46.243827819824205,8253
ARHGAP20,-120.46526583158052,65,-74.18721501277044,65,-46.27805081881009,8254
KRT39,-147.83658599853516,2,-101.5390739440918,2,-46.29751205444336,8255
MUS81,-138.18251374480013,231,-91.86589331028266,231,-46.316620434517475,8256
SMAP2,-131.1277417403001,312,-84.78571429619423,312,-46.34202744410588,8257
ACADM,-109.64425712719299,570,-63.28047881544682,570,-46.36377831174617,8258
SIGLEC10,-95.0938720703125,5,-48.729739379882815,5,-46.364132690429685,8259
TRIM16L,-109.20364445277623,70,-62.83017768859863,70,-46.3734667641776,8260
SH3PXD2A-AS1,-138.66842651367188,1,-92.28919219970705,1,-46.37923431396483,8261
CCDC65,-114.83079261386517,97,-68.42195459739449,97,-46.40883801647068,8262
CHMP1B,-120.76314739563757,873,-74.35172351255996,873,-46.41142388307762,8263
SIGLEC5,-124.67974090576172,2,-78.24372863769531,2,-46.436012268066406,8264
MSRB3,-128.37890803019206,30,-81.91829071044921,30,-46.46061731974285,8265
LINC01122,-113.6932258605957,2,-67.22052001953125,2,-46.47270584106445,8266
BTG4,-131.75189717610678,3,-85.26713307698567,3,-46.48476409912111,8267
TTC32,-99.62626505744528,338,-53.06443071083204,338,-46.56183434661324,8268
NPTN,-101.93876194573058,626,-55.369919889651165,626,-46.56884205607941,8269
POLR1A,-114.86153659820556,160,-68.22136034965516,160,-46.640176248550404,8270
PMP22,-141.14824285739806,123,-94.4731983712049,123,-46.67504448619316,8271
CABYR,-116.34451505872939,18,-69.66774156358507,18,-46.67677349514432,8272
SMAD3,-112.14674791507854,433,-65.46831959995332,433,-46.67842831512522,8273
GALNT2,-117.62495083410305,646,-70.90356134704022,646,-46.72138948706282,8274
BTG1,-128.4328796694977,1881,-81.67679767517382,1881,-46.75608199432389,8275
RDH13,-101.31415061640546,246,-54.55195977435849,246,-46.76219084204697,8276
EXO1,-119.08104215349469,14,-72.30174745832171,14,-46.77929469517298,8277
INHBB,-180.42586933482778,198,-133.60870272703846,198,-46.81716660778932,8278
GPC5,-129.0569919239391,22,-82.224064913663,22,-46.83292701027611,8279
TBX15,-98.47076416015625,25,-51.61188003540039,25,-46.85888412475586,8280
PTRH2,-124.66249127408643,231,-77.80175880333046,231,-46.86073247075598,8281
LINC00970,-142.11463928222656,1,-95.22539520263672,1,-46.889244079589844,8282
TUBA1B,-109.28328942447398,1599,-62.36477250319261,1599,-46.918516921281366,8283
PSMA6,-120.3149767170165,269,-73.3881749149592,269,-46.92680180205731,8284
SESN3,-143.3205025362008,273,-96.38622784177899,273,-46.9342746944218,8285
IPMK,-115.24135362649265,158,-68.3062221430525,158,-46.93513148344016,8286
EGR2,-111.68089662749192,261,-64.74085013437089,261,-46.94004649312103,8287
RBBP6,-104.32875673758551,965,-57.3733063139446,965,-46.955450423640904,8288
PTPRR,-118.13894544328961,7,-71.13574981689453,7,-47.00319562639508,8289
CMPK2,-116.80217397212982,192,-69.74471068382263,192,-47.05746328830719,8290
LINC00871,-150.32374572753906,2,-103.25765991210938,2,-47.06608581542969,8291
ERCC4,-114.10487162005839,191,-66.96013469596184,191,-47.14473692409655,8292
SLF2,-104.94839525222778,192,-57.796400348345436,192,-47.15199490388235,8293
BBOX1,-145.84512481689453,20,-98.65792922973633,20,-47.1871955871582,8294
DYNC1I2,-104.84895108815292,834,-57.65344902880186,834,-47.19550205935106,8295
CTSS,-123.46832652596288,1163,-76.21552552135464,1163,-47.252801004608244,8296
FGFBP3,-126.04080147578799,87,-78.78114073303924,87,-47.25966074274875,8297
ROCK1,-96.144074138239,749,-48.87476638671712,749,-47.269307751521886,8298
CLEC4D,-206.26449584960935,1,-158.91766357421875,1,-47.3468322753906,8299
EML6,-92.15189228887144,46,-44.79628355606742,46,-47.355608732804015,8300
GAPLINC,-108.32771833015211,33,-60.9556550690622,33,-47.372063261089906,8301
PLGLB1,-164.47422485351564,20,-117.07444229125977,20,-47.399782562255865,8302
FBXL14,-124.50747782389323,15,-77.10640513102213,15,-47.4010726928711,8303
PLB1,-126.89606030782063,12,-79.46684137980144,12,-47.429218928019196,8304
ITGAX,-119.41593285326688,53,-71.98071173901828,53,-47.435221114248606,8305
UHMK1,-113.67416787290287,668,-66.19968024270977,668,-47.474487630193096,8306
SPINT2,-90.13746671281622,2028,-42.64551487570919,2028,-47.49195183710703,8307
HAL,-137.09868367513022,24,-89.58134937286377,24,-47.51733430226645,8308
WNT8B,-136.90155029296875,1,-89.35367584228516,1,-47.547874450683594,8309
KDM2B,-121.73681044448269,183,-74.1796391805013,183,-47.55717126398139,8310
MIPOL1,-108.98688963270679,97,-61.42351209502859,97,-47.5633775376782,8311
NCOR1,-116.63854982908855,938,-69.05728430026122,938,-47.58126552882733,8312
YBX3,-112.97360361347556,1759,-65.38044825299617,1759,-47.593155360479386,8313
LRRC4C,-164.52901967366537,12,-116.93354670206706,12,-47.59547297159831,8314
CRNDE,-148.96671506976554,1448,-101.31448551831325,1448,-47.652229551452294,8315
ZNF304,-109.88795789082845,36,-62.234382205539276,36,-47.65357568528917,8316
TRIM45,-121.58767894988364,47,-73.91226878064744,47,-47.6754101692362,8317
PELI2,-121.06065028422587,148,-73.368363560857,148,-47.692286723368866,8318
CD37,-127.72751609400699,190,-80.030640130294,190,-47.69687596371298,8319
CNR2,-112.7431884765625,5,-65.02530517578126,5,-47.71788330078124,8320
LINC01191,-123.3408686319987,9,-75.60908762613933,9,-47.731781005859375,8321
SNX17,-103.44133086088854,742,-55.692484796529186,742,-47.748846064359356,8322
MT1X,-106.41091267596367,629,-58.64918168133128,629,-47.761730994632394,8323
ZNF229,-133.28554153442383,16,-85.50293159484863,16,-47.782609939575195,8324
SAXO2,-111.7911413192749,200,-63.99504430770874,200,-47.79609701156616,8325
FCGR2B,-125.0901394798642,21,-77.26463099888393,21,-47.825508480980275,8326
LRCH1,-106.35106873512268,96,-58.495901028315224,96,-47.85516770680746,8327
ZEB1,-132.23422927856444,20,-84.36920700073242,20,-47.865022277832026,8328
PPP1R21,-100.7609243258624,213,-52.857639670931675,213,-47.90328465493073,8329
AKT3,-134.6515985107422,25,-86.72968627929687,25,-47.92191223144532,8330
RNASE1,-109.10252677609714,1884,-61.18054094132344,1884,-47.92198583477369,8331
DTX4,-112.77199754357976,374,-64.79153499501274,374,-47.98046254856702,8332
HSBP1L1,-144.1729984898721,1116,-96.18480387041646,1116,-47.98819461945564,8333
VWA2,-110.88436944144112,42,-62.776748566400435,42,-48.10762087504069,8334
S100A12,-115.88955116271973,8,-67.78057765960693,8,-48.10897350311279,8335
RNF11,-89.54017162563218,794,-41.40988636257066,794,-48.13028526306152,8336
ERN1,-108.92513735063615,496,-60.762608805010395,496,-48.162528545625754,8337
WDR35,-128.45565257352942,102,-80.26382281733494,102,-48.19182975619448,8338
NDUFAF1,-106.30640350096675,249,-58.094969492839525,249,-48.21143400812723,8339
ZNF221,-112.21734237670898,2,-63.99965476989746,2,-48.21768760681152,8340
RNF167,-146.82947353786892,720,-98.60816502041287,720,-48.22130851745605,8341
CDH7,-132.3948720296224,3,-84.10089874267578,3,-48.293973286946624,8342
ANKS1B,-112.15862307341203,23,-63.86340862771739,23,-48.29521444569464,8343
LGALS8-AS1,-112.54971504211426,12,-64.24675146738689,12,-48.30296357472737,8344
CLEC4A,-170.92423934936522,40,-122.61943893432617,40,-48.304800415039054,8345
LINC01465,-130.67022705078125,8,-82.35149002075195,8,-48.3187370300293,8346
PRICKLE1,-105.24786406581842,103,-56.90572064594158,103,-48.34214341987684,8347
IFIT2,-125.12996955434228,157,-76.78361520949443,157,-48.34635434484785,8348
LINC00543,-107.71257209777832,8,-59.36378765106201,8,-48.34878444671631,8349
NUDT15,-113.43648588392469,270,-65.01116991396303,270,-48.42531596996166,8350
TECTA,-147.9194052559989,7,-99.49098205566406,7,-48.428423200334834,8351
FOLH1,-106.14311981201172,2,-57.69204330444336,2,-48.45107650756836,8352
NXNL1,-141.250732421875,3,-92.79672241210938,3,-48.454010009765625,8353
SOX1,-125.6668472290039,1,-77.21023559570312,1,-48.45661163330078,8354
GGA2,-156.02334567575693,562,-107.53989851602032,562,-48.48344715973661,8355
DHRS3,-128.26326807555793,847,-79.77508552127915,847,-48.48818255427878,8356
IL1RL1,-131.07497887862357,19,-82.58169113962273,19,-48.493287739000834,8357
NPIPB5,-123.40750615737018,68,-74.8869877983542,68,-48.52051835901598,8358
GNB5,-139.5460047935372,268,-91.00736703445662,268,-48.538637759080586,8359
MSMB,-104.60327086910125,62,-56.037531637376354,62,-48.5657392317249,8360
CCNB1IP1,-116.12344761820673,515,-67.5452500574797,515,-48.57819756072702,8361
PLEKHG5,-121.24999032369475,41,-72.64278169957603,41,-48.60720862411871,8362
LINC00571,-110.66383847323331,11,-62.04806969382546,11,-48.61576877940785,8363
TSACC,-109.30415471394856,30,-60.67768961588542,30,-48.62646509806314,8364
ZNF22,-123.52466369957052,558,-74.8106062010625,558,-48.714057498508026,8365
ATP6V1D,-108.04723910742828,914,-59.30086183860996,914,-48.74637726881832,8366
TNFSF11,-124.4181391398112,3,-75.64078267415364,3,-48.77735646565756,8367
SCPEP1,-97.0537610043935,946,-48.22120491092351,946,-48.83255609346998,8368
NME7,-134.73780719144844,324,-85.85577218326522,324,-48.88203500818322,8369
TTC21B,-109.48738358140658,179,-60.58467752041098,179,-48.9027060609956,8370
TMIGD3,-117.12039438883464,3,-68.16268412272136,3,-48.95771026611328,8371
NUDT21,-113.31260642396349,689,-64.26978058946496,689,-49.04282583449853,8372
ST6GALNAC2,-137.4647787324675,364,-88.38558100606059,364,-49.0791977264069,8373
VWA8-AS1,-178.19865337171052,19,-129.0895233154297,19,-49.10913005628083,8374
GPC6,-133.9543233235677,30,-84.82926508585612,30,-49.125058237711585,8375
CFD,-97.24834792340388,549,-48.10465008400394,549,-49.14369783939994,8376
NUTM2B-AS1,-96.90445245925349,606,-47.73535135476896,606,-49.16910110448453,8377
C12orf50,-118.64444732666016,4,-69.46874237060547,4,-49.17570495605469,8378
FCRLB,-116.97012957404641,17,-67.77094179041245,17,-49.19918778363396,8379
ST7L,-135.48883920557358,136,-86.25424469218535,136,-49.23459451338823,8380
NAT10,-124.43091327647872,197,-75.19582583819549,197,-49.23508743828323,8381
MGST3,-113.85127735324083,1537,-64.58806765226862,1537,-49.26320970097221,8382
PLA2G1B,-113.27088719476511,826,-63.98644893452273,826,-49.28443826024238,8383
SIAH1,-132.70449705798217,297,-83.4148195825442,297,-49.28967747543797,8384
RAB11A,-117.62894206626048,1293,-68.29299676870065,1293,-49.33594529755983,8385
ZBTB25,-105.01671562194824,180,-55.66100925869412,180,-49.355706363254114,8386
HSPA8,-96.02002073413871,1833,-46.66092172634127,1833,-49.35909900779744,8387
CEP192,-111.48536674721727,103,-62.125114477953865,103,-49.360252269263405,8388
ZNF503-AS1,-109.14169086109509,44,-59.75282166220925,44,-49.388869198885835,8389
TMTC3,-129.23609473115656,186,-79.84477098526493,186,-49.391323745891626,8390
ABHD17C,-96.2140245975813,443,-46.81863683179593,443,-49.39538776578537,8391
MCTP2,-102.56299075373897,324,-53.15236854553223,324,-49.410622208206746,8392
COPS2,-125.49593450727254,548,-76.08369273164847,548,-49.41224177562407,8393
CYP2C18,-115.7143315961284,31,-66.26982584307271,31,-49.444505753055694,8394
RPP30,-116.9215678602162,303,-67.4693159348894,303,-49.452251925326806,8395
HEATR5B,-128.48578125,150,-79.02751764933268,150,-49.45826360066732,8396
ATP1B2,-102.21226425170899,20,-52.75297393798828,20,-49.45929031372071,8397
NCAM1,-103.46972045898437,5,-53.961629486083986,5,-49.50809097290038,8398
MYOC,-136.21932220458984,2,-86.70877456665039,2,-49.51054763793945,8399
CACNA1A,-137.3773635864258,30,-87.85063552856445,30,-49.526728057861334,8400
ZNF561,-130.11658148672066,153,-80.57168703764872,153,-49.54489444907195,8401
PRR4,-151.36837435316767,174,-101.81718357130029,174,-49.551190781867376,8402
TBRG1,-106.24557164759418,612,-56.65670165516972,612,-49.588869992424456,8403
MPPED2,-158.30388641357422,2,-108.70426940917969,2,-49.59961700439453,8404
UBL5,-86.49777628605871,2023,-36.86043434689909,2023,-49.63734193915962,8405
YAP1,-112.26059569775218,852,-62.602109353866936,852,-49.658486343885244,8406
IGHV4-59,-177.46524047851562,3,-127.77562204996745,3,-49.68961842854817,8407
PDE4B,-114.72394378662109,75,-64.76866861979167,75,-49.95527516682942,8408
HECTD1,-96.81221381021201,872,-46.82048248151027,872,-49.991731328701746,8409
HS6ST3,-131.7357421875,25,-81.73490997314452,25,-50.00083221435547,8410
ARMS2,-107.28128051757812,1,-57.27133941650391,1,-50.00994110107421,8411
HIGD1B,-122.17415364583333,3,-72.16073099772136,3,-50.01342264811197,8412
SLC25A21,-123.88762580023871,9,-73.84608629014757,9,-50.04153951009114,8413
ORC4,-141.7599813818617,379,-91.71440092303193,379,-50.045580458829775,8414
TANC1,-126.28469891136403,359,-76.22636541084991,359,-50.058333500514124,8415
SLC1A2,-136.53442727365803,31,-86.45999908447266,31,-50.07442818918537,8416
SPATA21,-119.41098022460938,1,-69.32878875732422,1,-50.082191467285156,8417
CRYM,-114.44972539101877,465,-64.36040100589875,465,-50.08932438512002,8418
RBP4,-125.68176419127221,51,-75.56910181980507,51,-50.11266237146714,8419
CFAP161,-156.28746003924675,53,-106.160372464162,53,-50.12708757508476,8420
ZNF419,-124.3543099490079,44,-74.22306823730469,44,-50.13124171170321,8421
SLC24A5,-112.44962565104167,3,-62.301422119140625,3,-50.148203531901046,8422
HOXC4,-144.86725870768228,3,-94.62120819091797,3,-50.24605051676431,8423
SUGT1,-106.64146834249763,609,-56.3264073526918,609,-50.31506098980583,8424
GJD4,-121.13249359130859,5,-70.8128173828125,5,-50.31967620849609,8425
EIF4G2,-126.33622483564783,1930,-75.98456276611961,1930,-50.35166206952822,8426
UBE2N,-104.43792077420426,903,-53.99623314064338,903,-50.441687633560875,8427
APCDD1,-114.05751711434692,137,-63.57002144138308,137,-50.48749567296384,8428
ZNF286A,-119.40338161073882,29,-68.89996416815396,29,-50.50341744258486,8429
C12orf60,-129.87766933441162,32,-79.37291359901428,32,-50.50475573539734,8430
KRT27,-135.54543769650343,41,-85.034157171482,41,-50.511280525021434,8431
SELPLG,-119.40149928248206,86,-68.88987066579419,86,-50.51162861668787,8432
TRAPPC1,-113.42626804027682,1530,-62.91091663634855,1530,-50.51535140392827,8433
ETNK1,-100.39479387723483,546,-49.8383613768078,546,-50.55643250042703,8434
ACBD5,-130.63495586048472,275,-80.07563543146307,275,-50.55932042902165,8435
ABCC2,-124.55288467407226,10,-73.97623748779297,10,-50.57664718627929,8436
PCAT5,-151.38357543945312,1,-100.80619049072266,1,-50.57738494873047,8437
AP4B1-AS1,-130.69534301757812,1,-80.11390686035156,1,-50.58143615722656,8438
MIA2,-127.3642823961046,9,-76.77313401963976,9,-50.591148376464844,8439
SLC3A1,-119.95928446451823,3,-69.35034434000652,3,-50.60894012451172,8440
DGKA,-117.12571529812283,45,-66.50149586995443,45,-50.6242194281684,8441
NLRC4,-113.84351457868304,7,-63.189527239118306,7,-50.653987339564736,8442
OAZ3,-138.83591728968335,151,-88.16121911055205,151,-50.6746981791313,8443
DDX50,-117.5246432104776,344,-66.81639420708944,344,-50.70824900338816,8444
C2CD4B,-107.65664129742122,59,-56.92966978428728,59,-50.72697151313394,8445
SMAD4,-139.06919410011986,396,-88.32694806956282,396,-50.74224603055704,8446
SOX21,-118.34204177856445,10,-67.57586669921875,10,-50.7661750793457,8447
ZNF772,-138.70784466083234,26,-87.93562346238356,26,-50.772221198448776,8448
FPR3,-129.71782394935346,29,-78.93154512602707,29,-50.786278823326384,8449
USP7,-180.00172616271323,469,-129.15267082165553,469,-50.84905534105769,8450
ZRANB1,-139.42827254075272,312,-88.56422585707445,312,-50.86404668367827,8451
C11orf71,-114.7830238642655,254,-63.88203343068521,254,-50.90099043358029,8452
BIVM,-102.80216596080999,157,-51.89666062859213,157,-50.90550533221786,8453
CENPF,-115.01417315447772,54,-64.0306962331136,54,-50.983476921364115,8454
RFC3,-114.21847394047951,98,-63.22517262672891,98,-50.9933013137506,8455
NTRK3,-140.81971740722656,2,-89.78050994873047,2,-51.039207458496094,8456
PDIA6,-146.23963130181795,1478,-95.19107327699984,1478,-51.04855802481811,8457
TTN-AS1,-146.8810575803121,96,-95.82424688339233,96,-51.05681069691977,8458
ZFC3H1,-182.39783581820402,264,-131.3143012306907,264,-51.08353458751333,8459
EML5,-98.13885257118626,19,-47.018600062320104,19,-51.12025250886616,8460
RGCC,-104.60270023890904,700,-53.470809773036414,700,-51.13189046587262,8461
SNHG19,-96.18814378847502,507,-45.03344951531826,507,-51.15469427315676,8462
WIPF1,-124.1466435925714,145,-72.98765106201172,145,-51.15899253055967,8463
EXOSC6,-141.42928788575483,386,-90.24687125645771,386,-51.18241662929712,8464
ANO5,-130.87047917792137,47,-79.68415459166182,47,-51.186324586259545,8465
HYLS1,-132.69944468411532,44,-81.47216848893599,44,-51.22727619517933,8466
CSTF2T,-136.57012185932678,162,-85.32251471060293,162,-51.247607148723844,8467
FDX1,-111.32073260417575,986,-60.04688425044743,986,-51.27384835372832,8468
GREM2,-155.99939134385852,9,-104.71870591905382,9,-51.2806854248047,8469
TVP23B,-99.5401122786782,176,-48.19210124015808,176,-51.34801103852011,8470
IL37,-143.55261059570313,125,-92.1999390258789,125,-51.352671569824224,8471
LINS1,-140.52611565223106,130,-89.12743577223557,130,-51.398679879995484,8472
JMJD8,-152.9944747339253,443,-101.53011270355155,443,-51.46436203037375,8473
TMEM63C,-133.52902099609375,25,-82.04368560791016,25,-51.485335388183586,8474
C12orf29,-148.53617248535156,175,-97.02697806222098,175,-51.50919442313058,8475
PNRC2,-124.97982635060832,1047,-73.4347951355272,1047,-51.545031215081124,8476
ARRB2,-123.22644726065703,344,-71.67385014822317,344,-51.55259711243386,8477
SLAMF6,-171.16390991210938,3,-119.59276580810547,3,-51.571144104003906,8478
LAYN,-119.09985214624649,39,-67.47591057801858,39,-51.623941568227906,8479
CREB3L3,-94.78335571289062,1,-43.15665817260742,1,-51.6266975402832,8480
ZNF644,-123.80810194444491,578,-72.16199579205893,578,-51.64610615238598,8481
DNAJB13,-124.24629492508738,171,-72.58329862181904,171,-51.66299630326834,8482
HEXA,-121.85328222241763,751,-70.16817509921667,751,-51.685107123200964,8483
SERPINC1,-139.35675811767578,2,-87.667236328125,2,-51.68952178955078,8484
LINC00562,-154.89888763427734,26,-103.18908339280348,26,-51.70980424147386,8485
C1QTNF9,-151.93834686279297,4,-100.2212905883789,4,-51.71705627441406,8486
DNAJC6,-144.8903554280599,18,-93.16373825073242,18,-51.72661717732748,8487
CCL18,-141.8619711239525,523,-90.12628624589675,523,-51.735684878055736,8488
GNG12-AS1,-142.05947621663412,6,-90.2838986714681,6,-51.77557754516603,8489
SERPINB5,-123.11952294243707,9,-71.31474134657118,9,-51.80478159586589,8490
GRM5,-132.6765594482422,15,-80.86750030517578,15,-51.809059143066406,8491
RAB3GAP2,-109.79611834870082,438,-57.983096118387024,438,-51.81302223031379,8492
MED21,-96.29784862213911,589,-44.4228860825958,589,-51.87496253954331,8493
C1orf87,-99.32726140607868,114,-47.44855137875206,114,-51.87871002732662,8494
TUBAL3,-148.70726013183594,1,-96.81937408447266,1,-51.88788604736328,8495
CBLN3,-170.63893763224283,12,-118.7349058787028,12,-51.904031753540025,8496
PRKAB1,-116.1150189556142,378,-64.19946396035492,378,-51.915554995259285,8497
HP,-127.7884621953768,243,-75.81066329390914,243,-51.97779890146765,8498
CCR7,-139.50750393337674,18,-87.5151129828559,18,-51.99239095052084,8499
NFIX,-143.6745315407807,848,-91.67711584523039,848,-51.9974156955503,8500
GALNT14,-127.86362141829271,104,-75.76352640298697,104,-52.10009501530574,8501
CDK1,-111.09259404891577,78,-58.93883661123422,78,-52.15375743768155,8502
PLEKHA1,-104.9988058813687,580,-52.799536330124425,580,-52.19926955124427,8503
IGHV4-39,-188.3360341389974,3,-136.12536112467447,3,-52.210673014322936,8504
PYROXD1,-127.11157847848699,307,-74.89453746286199,307,-52.217041015625,8505
CCDC102B,-111.56752327160957,39,-59.33826681283804,39,-52.22925645877153,8506
C4BPB,-136.21308342615762,96,-83.96098184585571,96,-52.25210158030191,8507
RAB3IP,-113.04343821054482,664,-60.782018109976526,664,-52.261420100568294,8508
TMEM92-AS1,-120.78540420532227,8,-68.47877979278564,8,-52.30662441253662,8509
UFM1,-127.98056918846633,1002,-75.65610638159716,1002,-52.32446280686918,8510
NR1H2,-176.6404067432046,843,-124.31213578012631,843,-52.328270963078296,8511
LRP1B,-121.7598892211914,5,-69.41934509277344,5,-52.34054412841796,8512
FCRLA,-137.1312141418457,4,-84.77621269226074,4,-52.35500144958496,8513
MT2A,-108.51610959767342,1251,-56.15765651028981,1251,-52.35845308738361,8514
GPR88,-113.98882293701172,1,-61.60694122314453,1,-52.38188171386719,8515
ITPKB,-135.29707001986569,146,-82.84000616204249,146,-52.4570638578232,8516
PUM2,-181.65401271604142,636,-129.18752814238925,636,-52.46648457365217,8517
GBP1,-135.50323961926745,231,-83.02354051334001,231,-52.47969910592744,8518
MDS2,-121.3759473717731,23,-68.86437026314114,23,-52.511577108631954,8519
TMCO2,-122.49534824916294,7,-69.9711162022182,7,-52.524232046944746,8520
AGAP6,-144.86248629700904,102,-92.27548135495654,102,-52.5870049420525,8521
ZNF546,-138.10930503286966,41,-85.50095181348847,41,-52.608353219381186,8522
NEDD1,-114.2529376135932,180,-61.63915415869819,180,-52.613783454895014,8523
CSRP3,-126.25566101074219,3,-73.62387593587239,3,-52.631785074869796,8524
SHOC2,-120.56333339820473,472,-67.83568372564801,472,-52.72764967255672,8525
C11orf97,-111.27071288259405,190,-58.53989012868781,190,-52.730822753906246,8526
RBKS,-106.56728280674328,176,-53.822852481495254,176,-52.744430325248025,8527
HNMT,-113.09309298366277,979,-60.334477674973265,979,-52.75861530868951,8528
MYO3B,-136.7743280584162,11,-84.0095346624201,11,-52.764793395996094,8529
RPL38,-115.37252238699598,2147,-62.462731187711164,2147,-52.90979119928482,8530
TNFRSF19,-176.49269033661972,282,-123.56634083200008,282,-52.92634950461964,8531
TAS2R31,-133.18570709228516,2,-80.25679016113281,2,-52.928916931152344,8532
PTCSC3,-144.4565200805664,2,-91.50515365600586,2,-52.95136642456055,8533
ATF2,-119.58505742690143,323,-66.62138213166511,323,-52.963675295236314,8534
MGP,-120.47790898197437,539,-67.50789437090532,539,-52.97001461106905,8535
MAPRE2,-108.87121010697595,219,-55.85294260173083,219,-53.01826750524512,8536
MYBPC1,-148.04107284545898,4,-94.992431640625,4,-53.048641204833984,8537
PIGF,-115.03336623723328,506,-61.981622281281844,506,-53.05174395595144,8538
TTC36,-157.68666712443033,12,-104.62949562072754,12,-53.05717150370279,8539
RTF1,-105.54506575829872,1185,-52.47755664229896,1185,-53.06750911599976,8540
HSD11B1,-153.88854370117187,5,-100.82019958496093,5,-53.06834411621094,8541
EGLN1,-126.1130559926858,341,-72.98830910512079,341,-53.12474688756501,8542
RDX,-104.90248735663354,1061,-51.774390135251835,1061,-53.12809722138171,8543
PRCP,-159.35984303515244,257,-106.22493547966508,257,-53.13490755548736,8544
MS4A15,-120.00359688224373,91,-66.85279028756278,91,-53.150806594680944,8545
PMFBP1,-144.83956909179688,2,-91.68161392211914,2,-53.157955169677734,8546
IGKV2-30,-167.3112335205078,2,-114.14059829711914,2,-53.17063522338867,8547
TRAF3IP3,-118.33197437633167,33,-65.11232029307972,33,-53.21965408325195,8548
RBMS2,-121.17470961087487,446,-67.85353474980512,446,-53.32117486106975,8549
CFAP70,-153.0467084537853,176,-99.72250886396928,176,-53.32419958981602,8550
SLC35A3,-133.1044409091656,520,-79.75679693955641,520,-53.34764396960918,8551
SULT2B1,-129.16857276024757,154,-75.80848525406478,154,-53.36008750618279,8552
SPATA6,-117.66057518550328,224,-64.25631705352238,224,-53.404258131980896,8553
BUB1B-PAK6,-158.936279296875,1,-105.52507781982422,1,-53.41120147705078,8554
CLEC7A,-118.3777204145465,114,-64.88437331350227,114,-53.493347101044236,8555
CATSPER1,-127.28780468439652,59,-73.7793275218899,59,-53.50847716250662,8556
LINC01483,-145.18377113342285,8,-91.67244911193848,8,-53.511322021484375,8557
NR2E3,-126.84565353393555,6,-73.30420557657878,6,-53.541447957356766,8558
GTF2A1,-128.42854466254107,233,-74.87784386499757,233,-53.5507007975435,8559
SHBG,-146.05166625976562,6,-92.4971415201823,6,-53.55452473958333,8560
MPEG1,-139.86158243815103,18,-86.30551995171442,18,-53.556062486436616,8561
EMC7,-250.70059731726712,937,-197.1422132494101,937,-53.55838406785702,8562
LIMS2,-132.11867609563865,53,-78.55762913541973,53,-53.56104696021892,8563
FHL2,-125.10026100033619,183,-71.52399561313983,183,-53.57626538719636,8564
CD46,-118.44940523572217,1361,-64.8547919789804,1361,-53.594613256741766,8565
ZNF219,-109.95117787714605,286,-56.261369398423845,286,-53.689808478722206,8566
GOLGA6L9,-125.27101143826259,89,-71.57144147894356,89,-53.699569959319035,8567
MILR1,-116.98370739696472,123,-63.27462656905011,123,-53.709080827914605,8568
IFT46,-131.15808658973845,255,-77.44342657351027,255,-53.71466001622818,8569
ZBTB7C,-125.10436120802356,155,-71.36232536069808,155,-53.74203584732548,8570
CD48,-135.71788156160744,93,-81.90402500603788,93,-53.81385655556956,8571
ZW10,-129.91820135116578,80,-76.08858060836792,80,-53.82962074279786,8572
DCC,-123.16298995479461,93,-69.32704072357505,93,-53.83594923121956,8573
ROR1-AS1,-151.25578689575195,4,-97.3476085662842,4,-53.90817832946776,8574
DIS3,-117.04715005426459,366,-63.13798437483324,366,-53.909165679431354,8575
UBXN11,-106.72313408484825,325,-52.70661082341121,325,-54.016523261437044,8576
DHCR24,-111.60255807009817,1679,-57.52559201556916,1679,-54.07696605452901,8577
HCAR2,-126.19078780193718,98,-72.10607209497569,98,-54.08471570696149,8578
DGKH,-124.20826557438548,205,-70.11462074838033,205,-54.093644826005146,8579
CASC18,-122.85640716552734,1,-68.75920104980469,1,-54.097206115722656,8580
DNAJC3,-106.18167806365079,894,-52.07530683052353,894,-54.10637123312726,8581
HMSD,-185.32115745544434,24,-131.2081839243571,24,-54.11297353108725,8582
KIAA0513,-118.83358356314646,142,-64.71735731312927,142,-54.11622625001719,8583
TMEM30B,-130.20912096249597,751,-76.0833928480288,751,-54.12572811446718,8584
KIF18A,-135.20054844447546,35,-80.9987073625837,35,-54.20184108189176,8585
GALR1,-115.4068832397461,2,-61.08193778991699,2,-54.3249454498291,8586
RGPD5,-131.77319553920202,42,-77.36900002615792,42,-54.4041955130441,8587
CYP2J2,-109.09961700439453,112,-54.673923696790425,112,-54.42569330760411,8588
FAM66C,-130.23061243693033,18,-75.7929310268826,18,-54.43768141004773,8589
TNFSF12,-124.48962910970052,273,-70.00781596536602,273,-54.481813144334495,8590
CHORDC1,-116.50668992453474,369,-62.014530843512475,369,-54.492159081022265,8591
CLDND2,-163.62983456173458,37,-109.06166922079551,37,-54.568165340939075,8592
CLCA2,-135.35712178548178,12,-80.77837880452473,12,-54.578742980957045,8593
SUCO,-136.5799560546875,368,-82.00081408542135,368,-54.579141969266146,8594
MT1E,-103.30921846243051,1300,-48.726981890751766,1300,-54.58223657167874,8595
DERA,-121.11322557707263,599,-66.48484483187107,599,-54.628380745201554,8596
RAB27A,-111.66861718593499,975,-57.039683642265125,975,-54.628933543669866,8597
ARHGDIB,-140.1238318522265,1256,-85.48264358301832,1256,-54.64118826920817,8598
RBM7,-131.5885008370004,656,-76.94081244817595,656,-54.64768838882445,8599
PLPPR5,-162.4560546875,1,-107.79475402832033,1,-54.66130065917967,8600
SPRR3,-143.81936863490515,7,-89.09002467564174,7,-54.7293439592634,8601
PLEK,-117.81374729701452,70,-62.900774111066546,70,-54.91297318594797,8602
UQCRC2,-112.52627681168408,927,-57.57062240403061,927,-54.955654407653476,8603
IGKV1-16,-153.79345703125,1,-98.83661651611328,1,-54.95684051513672,8604
MMP7,-114.97807277583043,554,-59.988451816545066,554,-54.98962095928536,8605
NTM,-128.40147189436288,29,-73.36684522957637,29,-55.034626664786515,8606
GALNT5,-148.645264037355,334,-93.56513698372298,334,-55.08012705363201,8607
SGIP1,-129.9197540283203,1,-74.80301666259766,1,-55.116737365722656,8608
SPN,-103.16177351019356,89,-48.04240554638123,89,-55.11936796381232,8609
DOCK7,-107.2673217071884,174,-52.09067548554519,174,-55.17664622164321,8610
RILP,-139.038397543241,617,-83.8497784458451,617,-55.188619097395886,8611
LINC00457,-141.7083740234375,2,-86.50425338745117,2,-55.20412063598633,8612
CIITA,-136.9788212776184,96,-81.76540835698445,96,-55.21341292063396,8613
CCL15,-128.9745588187712,83,-73.75595947633306,83,-55.218599342438125,8614
TADA1,-119.17108676744544,92,-63.840758282205336,92,-55.33032848524011,8615
ARHGAP5,-132.4435803343918,755,-77.1075511705007,755,-55.33602916389111,8616
MNS1,-109.94720582254068,229,-54.56787132696293,229,-55.37933449557775,8617
CFDP1,-147.63996990448837,872,-92.2564277911405,872,-55.38354211334787,8618
LINC00869,-127.49418503198868,195,-72.10689165164263,195,-55.38729338034605,8619
SYT1,-134.95184486790708,38,-79.53912995990954,38,-55.41271490799754,8620
LINC01068,-220.65070460392877,26,-165.2325157752404,26,-55.418188828688386,8621
CCDC168,-131.1050771077474,3,-75.64044698079427,3,-55.46463012695314,8622
C2orf49,-107.88829032973487,202,-52.37890955481199,202,-55.50938077492288,8623
PIFO,-109.81975080477481,453,-54.28728449739368,453,-55.532466307381135,8624
B4GALT6,-127.98436228434245,9,-72.44823794894748,9,-55.53612433539497,8625
HEPN1,-163.2793846130371,4,-107.74321556091309,4,-55.53616905212402,8626
C11orf58,-146.24653778172808,1579,-90.69503353667305,1579,-55.55150424505503,8627
IGF1R,-134.38973086954175,353,-78.8291899597341,353,-55.560540909807656,8628
TM7SF3,-91.3781893491745,640,-35.756852543354036,640,-55.62133680582047,8629
FEZ2,-151.24594087536704,745,-95.62314463365799,745,-55.622796241709054,8630
KLRC2,-181.51605442592077,7,-125.88006591796875,7,-55.63598850795202,8631
AVIL,-134.37359092604947,142,-78.7145976751623,142,-55.65899325088718,8632
NDFIP2,-104.50583332646502,548,-48.836027799731625,548,-55.6698055267334,8633
FNDC7,-131.6341323852539,4,-75.90141105651855,4,-55.73272132873535,8634
IRX5,-151.220657801224,472,-95.4870286553593,472,-55.73362914586471,8635
EFCAB7,-111.28165963255329,81,-55.54473109304169,81,-55.736928539511595,8636
ETS1,-135.7815436214381,173,-79.99952715394124,173,-55.782016467496845,8637
BRD7,-112.62284291956547,685,-56.82512615231702,685,-55.79771676724845,8638
ST8SIA5,-139.640380859375,2,-83.82594299316406,2,-55.81443786621094,8639
FAM107B,-122.01239445883418,842,-66.15889395217714,842,-55.85350050665704,8640
ACTN2,-119.93004608154295,1,-64.0711898803711,1,-55.85885620117186,8641
IL27,-120.25880432128906,2,-64.38216972351074,2,-55.87663459777832,8642
CD81,-148.47492433068348,1710,-92.57365939937837,1710,-55.90126493130511,8643
LINC01142,-121.89393615722656,1,-65.96846771240234,1,-55.92546844482422,8644
CHRM3,-148.0973446007931,33,-92.15423792058772,33,-55.943106680205375,8645
ACTR6,-107.7248915703066,248,-51.774253829833,248,-55.950637740473596,8646
LINC00615,-204.2953186035156,1,-148.30581665039062,1,-55.98950195312497,8647
CLEC2D,-147.861354084758,154,-91.86597690334568,154,-55.99537718141232,8648
OAS1,-118.08448161945476,286,-62.08360247845416,286,-56.0008791410006,8649
IFIT3,-173.4487423616297,272,-117.44494393292595,272,-56.00379842870376,8650
ACSBG2,-141.65737915039062,1,-85.63373565673828,1,-56.023643493652344,8651
PRDX1,-123.04675311304808,1914,-66.9268351508034,1914,-56.119917962244685,8652
HPR,-119.71627044677734,11,-63.587078441273086,11,-56.12919200550426,8653
PEG3,-122.54757802626666,34,-66.366491429946,34,-56.18108659632067,8654
LDHB,-143.08006397563997,1843,-86.8674011520245,1843,-56.212662823615474,8655
FCGR3B,-119.60622024536133,2,-63.38469314575195,2,-56.221527099609375,8656
ASB3,-139.0389391789671,183,-82.8138509031202,183,-56.2250882758469,8657
GALC,-124.3690473139286,256,-68.14074423909187,256,-56.22830307483673,8658
MVP,-117.84032726804939,1291,-61.6068683745416,1291,-56.233458893507795,8659
CCL4,-148.71917401281874,538,-92.43149875796861,538,-56.28767525485013,8660
MTERF2,-115.72014293990321,179,-59.406695126155235,179,-56.31344781374798,8661
DBT,-108.39305490479434,266,-52.05376765602514,266,-56.3392872487692,8662
TNFRSF9,-131.560209274292,44,-75.21481513977051,44,-56.345394134521484,8663
SKIDA1,-130.53210571289063,25,-74.15769805908204,25,-56.37440765380859,8664
IGHV3-23,-154.20530700683594,6,-97.82814025878906,6,-56.377166748046875,8665
TMTC1,-111.52161843436105,14,-55.10325186593192,14,-56.41836656842913,8666
HOXB8,-144.04175567626953,2,-87.60879516601562,2,-56.432960510253906,8667
FFAR2,-144.58040466308594,5,-88.12927703857422,5,-56.45112762451173,8668
SRSF11,-121.37847134904645,1498,-64.92185408537473,1498,-56.45661726367172,8669
GZMH,-141.95059765625,125,-85.42538330078125,125,-56.52521435546876,8670
SPC25,-140.3844165802002,16,-83.84627532958984,16,-56.53814125061035,8671
KCNJ2,-146.30785296040196,124,-89.7306529629615,124,-56.57719999744046,8672
LINC00958,-116.9514696074695,41,-60.36970594452649,41,-56.58176366294302,8673
CDK10,-137.96800404000788,470,-81.30672362307284,470,-56.66128041693504,8674
CXCR4,-112.57597887516022,256,-55.85680143535137,256,-56.719177439808846,8675
STPG1,-119.81391196914866,158,-63.07833531536633,158,-56.73557665378233,8676
SORCS1,-111.54036712646484,4,-54.7579927444458,4,-56.78237438201904,8677
MYCBP2,-116.57764536217798,632,-59.77545990521395,632,-56.802185456964025,8678
CD247,-141.63500426245517,61,-84.80986798395875,61,-56.825136278496416,8679
SSTR1,-121.5717758178711,5,-64.67906951904297,5,-56.89270629882813,8680
RBM26,-121.43393444413898,714,-64.53433611680146,714,-56.89959832733753,8681
NPL,-118.83159667370366,153,-61.916809381223196,153,-56.91478729248046,8682
GADD45B,-90.86945303730803,1573,-33.95237993481655,1573,-56.917073102491486,8683
SLC52A1,-114.87441689627511,28,-57.948244503566194,28,-56.926172392708914,8684
DHRS2,-139.23897806803384,6,-82.3019625345866,6,-56.93701553344725,8685
PDCD4-AS1,-114.44601146991437,13,-57.44375845102164,13,-57.00225301889273,8686
SLAMF7,-142.31082458496093,35,-85.29092232840402,35,-57.019902256556904,8687
WDR72,-148.24757385253906,34,-91.21246023739086,34,-57.035113615148205,8688
CCL23,-140.1450823615579,17,-83.0851292329676,17,-57.05995312859031,8689
FRMPD2,-114.84369837443033,120,-57.72957423528035,120,-57.11412413914998,8690
HPD,-114.30526351928711,2,-57.15966987609863,2,-57.14559364318848,8691
CYP4Z1,-249.44532012939453,12,-192.27400970458984,12,-57.17131042480469,8692
LINC01152,-124.06212043762207,8,-66.8468828201294,8,-57.215237617492676,8693
APOBR,-100.34506562176873,34,-43.032945184146655,34,-57.31212043762207,8694
TMEM190,-129.53445916673158,163,-72.19244918355182,163,-57.342009983179764,8695
TMC5,-121.71467940575965,1185,-64.33227537452923,1185,-57.38240403123042,8696
TMEM19,-103.52578706792332,187,-45.971712489816596,187,-57.55407457810672,8697
LINC00566,-152.5941162109375,2,-94.93975830078126,2,-57.654357910156236,8698
GSC,-139.84422302246094,2,-82.18746948242188,2,-57.65675354003906,8699
DYNC2LI1,-120.14159523130087,382,-62.443023761529574,382,-57.698571469771295,8700
ABCA3,-106.71153071019556,1001,-48.96487240405469,1001,-57.74665830614087,8701
HCST,-115.3748875765815,329,-57.62450766056142,329,-57.75037991602008,8702
LGALS8,-128.80421300497704,601,-71.02998758274784,601,-57.77422542222921,8703
CNN1,-122.35788091023763,6,-64.57352638244629,6,-57.784354527791336,8704
GBP5,-175.84559083596255,39,-118.0525614420573,39,-57.79302939390526,8705
PFKFB2,-146.11690464343056,590,-88.29988352888722,590,-57.81702111454334,8706
STRIP1,-119.71953876813252,192,-61.89697267611822,192,-57.822566092014306,8707
CNTN1,-111.99108579265537,67,-54.13910538402956,67,-57.851980408625806,8708
RYR2,-137.96712239583334,3,-80.07883199055989,3,-57.88829040527345,8709
RETN,-113.0836586066052,113,-55.19496451858926,113,-57.88869408801594,8710
RABGAP1L,-113.77011428763174,874,-55.86592654178017,874,-57.90418774585157,8711
CSNK2A3,-139.4133925004439,11,-81.47849134965377,11,-57.93490115079014,8712
CREG1,-113.71298149135286,867,-55.77730340308659,867,-57.93567808826627,8713
KRR1,-144.690390573789,584,-86.750519569606,584,-57.93987100418299,8714
SERPINB3,-134.71056365966797,6,-76.69980494181316,6,-58.01075871785481,8715
APOH,-119.29152506873722,168,-61.27817549024309,168,-58.01334957849412,8716
MS4A2,-105.69163958231609,12,-47.66408888498942,12,-58.02755069732667,8717
IFIH1,-132.2621285821085,177,-74.21548022254039,177,-58.046648359568096,8718
MC4R,-138.04803466796875,1,-79.97308349609375,1,-58.074951171875,8719
LPCAT3,-91.73050044495382,648,-33.64454622033202,648,-58.0859542246218,8720
LINC01588,-120.82477020799068,57,-62.72398865013792,57,-58.10078155785276,8721
IGKV6-21,-157.43479919433594,2,-99.3272705078125,2,-58.10752868652344,8722
PCDH9-AS1,-189.60107421875,1,-131.34471130371094,1,-58.25636291503906,8723
FOXO1,-129.01563798135786,134,-70.70778581989346,134,-58.307852161464396,8724
GOLGA8B,-137.4005102101677,307,-79.03219355977707,307,-58.36831665039064,8725
SYT14,-151.78736877441406,1,-93.38014221191406,1,-58.4072265625,8726
F5,-113.65788078308105,4,-55.19717788696289,4,-58.460702896118164,8727
GPR75,-172.26747385660806,6,-113.74964650472005,6,-58.517827351888016,8728
ELF1,-119.26424563354011,761,-60.72751851526729,761,-58.53672711827282,8729
TIMM21,-120.29547921542463,174,-61.75656844829691,174,-58.538910767127724,8730
SORT1,-118.24047349445127,547,-59.67615214736632,547,-58.56432134708495,8731
TRIM21,-140.45074103860293,85,-81.8834878360524,85,-58.56725320255053,8732
ZNF233,-133.7899169921875,1,-75.21638488769531,1,-58.57353210449219,8733
IL18R1,-144.4650641547309,9,-85.76632605658637,9,-58.69873809814453,8734
MIR181A1HG,-135.6192970275879,48,-76.8810019493103,48,-58.73829507827759,8735
EFCAB13,-129.5135646396213,36,-70.76510980394151,36,-58.748454835679794,8736
FOLR2,-150.62690419164198,29,-91.83443345694707,29,-58.792470734694916,8737
LINC01290,-129.924011107414,62,-71.05985419980941,62,-58.864156907604595,8738
MR1,-110.87142702873717,376,-51.996301701728335,376,-58.87512532700884,8739
CAPRIN2,-131.00641191922702,156,-72.06900322742952,156,-58.9374086917975,8740
IDI1,-97.22655863295098,1093,-38.26189698675632,1093,-58.96466164619466,8741
CHPT1,-139.25356760039236,671,-80.22088901616422,671,-59.03267858422814,8742
SYT12,-131.47142598917196,91,-72.43796053037539,91,-59.03346545879657,8743
GP6,-124.5930892944336,5,-65.54142150878906,5,-59.05166778564454,8744
RPL21,-109.5914003972654,2160,-50.49868048032125,2160,-59.092719916944155,8745
GMFG,-160.07009905576706,256,-100.9709865450859,256,-59.09911251068115,8746
MGST1,-128.85458583139047,2065,-69.74956246623115,2065,-59.10502336515931,8747
PDE4DIP,-122.55131221706584,590,-63.43771104974262,590,-59.113601167323225,8748
RALGAPA1,-115.50379495388124,410,-56.281140173935306,410,-59.222654779945934,8749
VAMP2,-118.2005182959296,1332,-58.959824181175804,1332,-59.24069411475379,8750
HIF1A-AS1,-122.33728790283205,1,-63.082969665527344,1,-59.2543182373047,8751
SPOCK2,-109.85766540527344,150,-50.59141347249349,150,-59.266251932779944,8752
IGKV1-12,-159.76013946533203,2,-100.42061996459961,2,-59.33951950073242,8753
SCARNA9,-124.37595748901366,2,-64.95142555236816,2,-59.424531936645494,8754
VPS39,-121.39999679344288,345,-61.9604371001755,345,-59.439559693267384,8755
PCDH17,-126.29706635908647,110,-66.83627454584295,110,-59.46079181324352,8756
ZMYM4-AS1,-136.6974639892578,1,-77.2104721069336,1,-59.48699188232422,8757
OR7A5,-117.76737213134766,1,-58.25424957275391,1,-59.51312255859374,8758
FXYD1,-144.28347334750862,86,-84.76440376459166,86,-59.519069582916956,8759
MYH14,-119.94564809905289,809,-60.391554593155796,809,-59.55409350589709,8760
CHST9,-113.95421193680673,212,-54.347697617872704,212,-59.606514318934025,8761
TMED6,-134.81708374023438,110,-75.1628134987571,110,-59.65427024147728,8762
JAML,-145.12184924171083,84,-85.44215365818569,84,-59.679695583525145,8763
TXNDC9,-151.1228422698676,511,-91.38489645941151,511,-59.73794581045608,8764
MIPEP,-118.91745775201348,178,-59.161988676264045,178,-59.75546907574943,8765
SETD1B,-137.3064254664775,159,-77.49788478635392,159,-59.80854068012357,8766
ADGRF3,-115.80157979329427,3,-55.99259948730469,3,-59.80898030598958,8767
SYNE2,-116.50320459295202,864,-56.6587555496781,864,-59.84444904327392,8768
CCDC186,-118.73816622858462,828,-58.86661480244807,828,-59.87155142613655,8769
FMO1,-148.14293670654297,2,-88.24911880493164,2,-59.89381790161133,8770
LINC00379,-136.9976043701172,1,-77.05167388916016,1,-59.94593048095703,8771
N4BP1,-147.18938373036363,418,-87.23289440465315,418,-59.95648932571048,8772
UBAP1L,-134.63891067504883,20,-74.63799018859864,20,-60.0009204864502,8773
FXYD3,-111.37071747728574,1860,-51.346501738025296,1860,-60.02421573926044,8774
SLC11A2,-120.10522697246181,452,-60.07938812897269,452,-60.02583884348912,8775
TMEM81,-131.6777596106896,13,-71.61621504563551,13,-60.06154456505409,8776
C10orf67,-110.92920754172586,66,-50.86064419601903,66,-60.06856334570683,8777
CCL4L2,-143.53221890809107,305,-83.40454229135982,305,-60.12767661673125,8778
CADM1,-106.57525086076292,876,-46.43878616263333,876,-60.13646469812959,8779
FAM13C,-152.42880588107639,27,-92.2743482236509,27,-60.15445765742548,8780
CASP5,-140.77979278564453,2,-80.61141967773438,2,-60.168373107910156,8781
SLC38A1,-132.06424899716274,597,-71.88702387466303,597,-60.177225122499706,8782
SALL1,-140.16159057617188,1,-79.97905731201172,1,-60.182533264160156,8783
LRRC9,-128.29673440115792,7,-68.07480948311942,7,-60.221924918038496,8784
ARHGAP15,-170.88786177201703,33,-110.65898710308653,33,-60.2288746689305,8785
PLEKHG7,-137.64823414729193,104,-77.4086280969473,104,-60.239606050344634,8786
CHST4,-122.1801986694336,4,-61.89501094818115,4,-60.28518772125244,8787
ARHGAP29,-133.48652559267708,451,-73.17005764777275,451,-60.31646794490433,8788
EIF4EBP2,-93.71478356711798,743,-33.37355059986962,743,-60.34123296724836,8789
LRRC43,-118.61934334891183,70,-58.27723018101283,70,-60.342113167898994,8790
PLA2G2A,-149.45986005995007,18,-89.04967795477972,18,-60.41018210517035,8791
SLFN11,-118.93271508467825,95,-58.476067834151415,95,-60.456647250526835,8792
TXNIP,-127.11407010933185,1369,-66.60818317878673,1369,-60.50588693054512,8793
RPL36AL,-188.1455699627216,2080,-127.55859191234295,2080,-60.58697805037865,8794
WLS,-131.34100875223965,605,-70.71446268381166,605,-60.626546068427984,8795
LDLR,-98.6784808397293,1280,-37.99265735149383,1280,-60.68582348823547,8796
ZNF664,-131.6112615963066,818,-70.9220119840067,818,-60.6892496122999,8797
QPCT,-115.11619221080433,88,-54.38920060071078,88,-60.72699161009355,8798
IGHV3-15,-152.67953491210938,1,-91.91447448730467,1,-60.7650604248047,8799
IRX3,-117.05041591744674,1216,-56.171010886368,1216,-60.87940503107874,8800
MIR22HG,-106.70248523875826,606,-45.82068137996661,606,-60.88180385879165,8801
PIGBOS1,-123.88894042218932,407,-62.98383529063232,407,-60.905105131557,8802
RASSF3,-131.2344831041068,242,-70.20032863774576,242,-61.034154466361045,8803
SPAG17,-121.92386458800719,222,-60.81698134138777,222,-61.10688324661942,8804
C2CD4D,-128.77985680621603,23,-67.65560631130053,23,-61.1242504949155,8805
OLAH,-113.74620208740234,5,-52.59659194946289,5,-61.14961013793945,8806
ZNF583,-147.79567156339945,38,-86.62700251529091,38,-61.16866904810854,8807
FASN,-112.24557273306498,1025,-51.022218557218224,1025,-61.22335417584675,8808
FPR2,-130.45411766899957,18,-69.20706558227539,18,-61.24705208672418,8809
MLST8,-141.70587141361193,453,-80.45598285666628,453,-61.24988855694565,8810
TP53I3,-133.8480709721492,650,-72.57181755652795,650,-61.276253415621255,8811
TLE3,-141.33159036025364,359,-79.78877317805808,359,-61.54281718219556,8812
SMCHD1,-113.2827238879853,426,-51.71563358933713,426,-61.56709029864817,8813
FERMT2,-136.8469919184203,372,-75.24879334562569,372,-61.5981985727946,8814
NEXN-AS1,-148.70256576538085,20,-87.01022453308106,20,-61.692341232299796,8815
LINC00624,-135.10730743408203,2,-73.40310287475586,2,-61.70420455932617,8816
NEK5,-120.77570750725963,189,-59.040735779615936,189,-61.73497172764369,8817
LINC00944,-135.98350677490234,10,-74.21523361206054,10,-61.768273162841794,8818
CLEC4E,-129.6686873002486,11,-67.89650656960227,11,-61.772180730646326,8819
LYG1,-121.97586604527065,7,-60.16647066388811,7,-61.80939538138254,8820
ZNF175,-136.0266318321228,32,-74.16771411895752,32,-61.85891771316528,8821
PPM1B,-154.90795336594763,497,-93.01479040257168,497,-61.89316296337596,8822
ARL5A,-109.0081122406258,1210,-47.084845197693376,1210,-61.92326704293243,8823
LITAF,-127.0121765773563,1198,-65.00015387431608,1198,-62.012022703040216,8824
LRRC52,-135.16359625922308,18,-73.13025199042426,18,-62.03334426879883,8825
TNFSF13B,-194.12866124799174,124,-132.07750412725633,124,-62.05115712073541,8826
BAZ2B,-148.89112971696866,739,-86.8158647797911,739,-62.075264937177565,8827
DIO2,-141.35543060302734,6,-79.27003479003906,6,-62.08539581298828,8828
TM9SF2,-133.43364133548326,932,-71.29347593282937,932,-62.14016540265389,8829
SPATA17,-127.97356984235239,138,-65.82980437900709,138,-62.143765463345304,8830
FCER1G,-103.3294089093469,622,-41.17634694139291,622,-62.15306196795399,8831
CR1L,-128.97586727142334,8,-66.76835346221924,8,-62.2075138092041,8832
SCNN1A,-119.7412437055364,895,-57.51030195864885,895,-62.23094174688755,8833
TNFAIP8L3,-131.68507385253906,10,-69.43645401000977,10,-62.248619842529294,8834
ACP5,-110.10885043046912,784,-47.81480899635626,784,-62.294041434112856,8835
IGKV1-17,-182.92295837402344,1,-120.47061157226562,1,-62.45234680175781,8836
FOXG1,-155.996337890625,3,-93.51279703776042,3,-62.48354085286458,8837
PNLIPRP1,-129.6710637410482,3,-67.03877766927083,3,-62.63228607177736,8838
RSBN1,-102.24925923347473,640,-39.5868617117405,640,-62.662397521734235,8839
PLXNA2,-110.53314047627066,435,-47.82454598963946,435,-62.7085944866312,8840
DIABLO,-142.30614791377897,62,-79.53056273921844,62,-62.77558517456053,8841
RTKN2,-129.68085554534315,102,-66.89876350702023,102,-62.782092038322915,8842
LYPLAL1-AS1,-127.24273681640624,1,-64.4565658569336,1,-62.78617095947264,8843
NOTCH2,-141.77622752513702,412,-78.96373771000835,412,-62.81248981512867,8844
TUBA1A,-126.87446044740223,1008,-64.02545169421604,1008,-62.84900875318618,8845
CEP126,-136.27184954833984,250,-73.41550137329102,250,-62.85634817504882,8846
FMNL2,-108.28782632164922,282,-45.42859442690585,282,-62.85923189474337,8847
CFAP54,-131.04120455655183,110,-68.162774588845,110,-62.878429967706836,8848
CD302,-161.8759616547567,652,-98.9345196799998,652,-62.94144197475691,8849
TGFB2,-133.1550859563491,136,-70.03269002016853,136,-63.12239593618057,8850
NOS2,-131.615234375,2,-68.47166442871094,2,-63.14356994628906,8851
CD59,-110.31285258236095,1989,-47.0830218687676,1989,-63.229830713593344,8852
DNAH17,-146.6421142578125,5,-83.3952621459961,5,-63.246852111816395,8853
FCN3,-115.20628233878843,31,-51.932408855807395,31,-63.27387348298103,8854
RNASE6,-133.9396039901241,62,-70.60288324663716,62,-63.33672074348695,8855
NRXN1,-192.38780212402344,7,-129.0156751360212,7,-63.372126988002236,8856
ACTL8,-137.92068939208986,10,-74.53249282836914,10,-63.38819656372071,8857
PDE11A,-133.47264099121094,3,-69.98500061035156,3,-63.487640380859375,8858
LINC00309,-121.98890384874846,38,-58.50093500237716,38,-63.4879688463713,8859
SIX1,-138.38856451459927,278,-74.84781583607625,278,-63.540748678523016,8860
NMI,-120.23888653532414,381,-56.64037371057225,381,-63.59851282475189,8861
CIB3,-124.66594696044922,1,-61.02340316772461,1,-63.64254379272461,8862
HBE1,-137.9748992919922,1,-74.31672668457031,1,-63.658172607421875,8863
TRMT112,-122.87298056246223,1823,-59.212768092236544,1823,-63.66021247022569,8864
CD300E,-147.17383466448103,7,-83.48335375104632,7,-63.69048091343471,8865
NR4A1,-97.4329095726644,1391,-33.55284056673797,1391,-63.88006900592643,8866
PTPN21,-117.30171820457946,141,-53.39512204109354,141,-63.906596163485915,8867
TRAV8-4,-151.90081787109375,1,-87.9840087890625,1,-63.91680908203125,8868
POLR1D,-118.4083742008197,1557,-54.467604233503494,1557,-63.9407699673162,8869
C1D,-122.20703800020694,781,-58.20045696361117,781,-64.00658103659578,8870
TMEM86A,-134.38302459716797,30,-70.33747634887695,30,-64.04554824829103,8871
RHD,-143.68437957763672,2,-79.6366081237793,2,-64.04777145385742,8872
TAT,-132.6704384940011,7,-68.6074709211077,7,-64.0629675728934,8873
PPP1R36,-127.21756766183036,70,-63.08266677856445,70,-64.13490088326591,8874
CD1B,-149.55274963378906,1,-85.41586303710938,1,-64.13688659667969,8875
S100A4,-120.72624355640286,1530,-56.537554073957054,1530,-64.18868948244581,8876
ZNF519,-114.15482368469239,40,-49.87864179611206,40,-64.27618188858033,8877
NOXRED1,-146.94187927246094,6,-82.65868377685547,6,-64.28319549560547,8878
LINC01001,-125.5978442815345,127,-61.305318847415954,127,-64.29252543411855,8879
CUTC,-126.24975018087588,219,-61.913448490508614,219,-64.33630169036726,8880
PRKG1,-152.3862587137425,47,-87.9998024473799,47,-64.3864562663626,8881
BCAR1,-131.96283864166776,354,-67.57637382765948,354,-64.38646481400828,8882
HEATR4,-137.4342803955078,2,-73.01019287109375,2,-64.42408752441406,8883
ACRV1,-148.96200561523438,1,-84.53410339355469,1,-64.42790222167969,8884
IFNG,-123.01911906706981,39,-58.58883530054337,39,-64.43028376652643,8885
NDEL1,-108.89935722855219,227,-44.44987380242033,227,-64.44948342613186,8886
SERPINB4,-152.09877014160156,2,-87.62752532958984,2,-64.47124481201172,8887
FCGR3A,-135.46811895167573,188,-70.92495013297872,188,-64.54316881869701,8888
LINC01559,-143.02521133422852,4,-78.41022491455078,4,-64.61498641967773,8889
NEGR1,-154.33005332946777,24,-89.66898187001546,24,-64.66107145945232,8890
LRRC23,-134.76132472069256,554,-70.04514356812845,554,-64.7161811525641,8891
CTSK,-138.37319486686982,83,-73.6133597500353,83,-64.75983511683452,8892
NOS1,-146.94801330566406,4,-82.1819953918457,4,-64.76601791381836,8893
PRB3,-150.7605438232422,2,-85.94523620605469,2,-64.8153076171875,8894
ASIC2,-155.792724609375,1,-90.96358489990234,1,-64.82913970947266,8895
F3,-132.7550530227645,949,-67.87035350578476,949,-64.88469951697975,8896
LINC00570,-157.19474029541016,2,-92.30385208129883,2,-64.89088821411133,8897
C5AR1,-129.3392553403396,129,-64.42427196059116,129,-64.91498337974845,8898
STON1,-135.45848530094798,41,-70.4676454125381,41,-64.99083988840988,8899
CACNB4,-121.82750458276573,238,-56.82745649834641,238,-65.00004808441932,8900
PPP1R32,-133.6275370562518,108,-68.6198011327673,108,-65.00773592348452,8901
NEO1,-135.24276307571765,172,-70.19924248096555,172,-65.0435205947521,8902
RDH11,-127.81992862399206,669,-62.773756218241644,669,-65.04617240575041,8903
SEC16B,-139.1395983014788,28,-74.03929437909808,28,-65.10030392238072,8904
GLUL,-121.97056562217408,1581,-56.86456453008489,1581,-65.10600109208919,8905
MS4A14,-148.4719638824463,8,-83.31410694122314,8,-65.15785694122314,8906
USP43,-109.43595908506073,137,-44.2582614091191,137,-65.17769767594163,8907
STMN1,-124.07720098361163,568,-58.89254435015396,568,-65.18465663345768,8908
CALM2,-118.74748798213339,2065,-53.53809374423639,2065,-65.209394237897,8909
SLC16A9,-152.69399579685538,199,-87.48286886550673,199,-65.21112693134864,8910
SERTAD4,-146.3465343422604,217,-81.0696046187581,217,-65.2769297235023,8911
TMEM100,-133.0440031109434,33,-67.75860665061258,33,-65.28539646033083,8912
NOL4,-133.32354736328125,1,-67.9757080078125,1,-65.34783935546875,8913
MYRFL,-165.494140625,16,-100.14141511917114,16,-65.35272550582886,8914
CHAC2,-137.32262633567632,86,-71.95767034486283,86,-65.36495599081348,8915
DPT,-141.1824188232422,10,-75.8051139831543,10,-65.37730484008789,8916
WNK1,-127.3464488108818,1178,-61.954890262493656,1178,-65.39155854838813,8917
LMO7DN,-147.78976440429688,52,-82.37269137455867,52,-65.4170730297382,8918
PRKAA2,-105.8683900272145,102,-40.43398980533375,102,-65.43440022188075,8919
CEACAM21,-135.5647430419922,8,-70.04152393341064,8,-65.52321910858154,8920
TEX41,-164.7848243713379,4,-99.21725082397461,4,-65.56757354736328,8921
SELENBP1,-117.46120280754275,1476,-51.80682425511885,1476,-65.6543785524239,8922
MYO1H,-133.55056762695312,1,-67.78083801269531,1,-65.76972961425781,8923
GPR42,-152.65890502929688,1,-86.8642807006836,1,-65.79462432861328,8924
DNASE2B,-135.62177149454752,12,-69.81987698872884,12,-65.80189450581868,8925
PRSS36,-107.86269859645678,46,-41.98578502820886,46,-65.87691356824791,8926
USP30-AS1,-132.48850004551775,59,-66.59148103099758,59,-65.89701901452017,8927
C1QTNF1,-137.48700663248698,15,-71.58746337890625,15,-65.89954325358073,8928
SELL,-166.4347247314453,25,-100.50451873779296,25,-65.93020599365234,8929
EPHX1,-104.71067368542707,1512,-38.76367938833893,1512,-65.94699429708814,8930
CD22,-147.4578260941939,11,-81.4633691961115,11,-65.9944568980824,8931
PPP2R3C,-150.14970869233338,395,-84.14613510324985,395,-66.00357358908353,8932
DCT,-143.06825256347656,8,-77.00400733947754,8,-66.06424522399902,8933
LRRIQ3,-145.05549524185506,47,-78.91351042402552,47,-66.14198481782954,8934
NAV2-AS3,-129.18241847645152,22,-62.970571517944336,22,-66.21184695850718,8935
LIPJ,-170.414794921875,2,-104.18734359741211,2,-66.22745132446289,8936
EHF,-147.02985885758653,771,-80.77940628902766,771,-66.25045256855887,8937
AKR1E2,-161.84053257533483,7,-95.54986136300224,7,-66.2906712123326,8938
PCAT18,-138.52586364746094,1,-72.23458862304688,1,-66.29127502441406,8939
ATF3,-133.97289340230753,1321,-67.65347264626999,1321,-66.31942075603754,8940
FAM216B,-164.37987393918246,184,-98.04133630835491,184,-66.33853763082755,8941
FOXN3,-131.16755432401385,560,-64.73085915701729,560,-66.43669516699656,8942
NPIPB11,-138.23778533935547,4,-71.74018096923828,4,-66.49760437011719,8943
IPO4,-140.43574968552747,151,-73.88596414730249,151,-66.54978553822498,8944
WARS2-IT1,-146.77680206298828,2,-80.21129608154297,2,-66.56550598144531,8945
LINC01415,-146.44559733072916,3,-79.8625259399414,3,-66.58307139078775,8946
CCDC153,-138.5985920880292,296,-71.98953538327603,296,-66.60905670475316,8947
NALCN,-128.44320526123047,5,-61.82546157836914,5,-66.61774368286133,8948
HYI,-115.60157275551244,950,-48.899242280658925,950,-66.70233047485351,8949
BMI1,-125.43548055638604,374,-58.69103837650727,374,-66.74444217987877,8950
BCL11A,-145.64523620605468,140,-78.89874223981585,140,-66.74649396623883,8951
NBAS,-126.35308324302115,205,-59.60299982210485,205,-66.7500834209163,8952
RAMP2,-132.18243408203125,45,-65.37046618991428,45,-66.81196789211697,8953
CREBZF,-152.03357003127473,395,-85.2095225853256,395,-66.82404744594913,8954
RGS13,-169.28107660466975,11,-102.39062708074397,11,-66.89044952392578,8955
TTC8,-142.0978552735882,162,-75.20417187537676,162,-66.89368339821145,8956
NBPF19,-164.21887798040686,142,-97.29410042561275,142,-66.9247775547941,8957
CLN5,-133.74177186470718,389,-66.79102451942268,389,-66.9507473452845,8958
CCDC138,-133.13633893484092,83,-66.15770068800593,83,-66.97863824683499,8959
VWA5A,-149.74845729851575,322,-82.75467655821616,322,-66.99378074029958,8960
KCNRG,-153.60180473327637,112,-86.45273051943097,112,-67.1490742138454,8961
ZSWIM5,-241.54300564852628,55,-174.36132840243252,55,-67.18167724609376,8962
LINC01031,-129.47228145599365,8,-62.27134847640991,8,-67.20093297958374,8963
CERS4,-116.72518659508746,575,-49.40836537236753,575,-67.31682122271994,8964
ZC3H13,-127.74231601825224,762,-60.4215876011085,762,-67.32072841714374,8965
INSL5,-131.75698852539062,2,-64.42861747741699,2,-67.32837104797363,8966
ADIPOR2,-130.75530524913415,441,-63.36476414652368,441,-67.39054110261047,8967
PPP4R4,-170.95201873779297,82,-103.56119369879002,82,-67.39082503900295,8968
ABCA9,-157.40404764811197,3,-90.00535074869792,3,-67.39869689941405,8969
SAA4,-147.2055148170108,21,-79.77127038864862,21,-67.43424442836218,8970
MS4A10,-137.53192138671875,1,-70.0323257446289,1,-67.49959564208984,8971
TESPA1,-135.69654846191406,11,-68.11531483043323,11,-67.58123363148083,8972
PYHIN1,-149.4877187093099,15,-81.81987101236979,15,-67.6678476969401,8973
FCRL1,-150.12596702575684,8,-82.42899227142334,8,-67.6969747543335,8974
RGS16,-102.84521054083768,922,-35.107262088006074,922,-67.7379484528316,8975
DNAH6,-134.86083221435547,158,-67.04634169083607,158,-67.8144905235194,8976
MEX3C,-126.16770838984736,270,-58.35284138432255,270,-67.8148670055248,8977
CD163L1,-155.83949279785156,40,-87.95771293640136,40,-67.8817798614502,8978
FCGBP,-166.19338884924213,117,-98.2436276949369,117,-67.94976115430522,8979
OVCH2,-168.45135879516602,4,-100.47819709777832,4,-67.9731616973877,8980
ZNF516,-127.73054308331878,179,-59.64861289082959,179,-68.08193019248918,8981
GANAB,-178.44537831776177,670,-110.10310730435955,670,-68.34227101340221,8982
C1orf116,-150.2411144411081,963,-81.79335952077452,963,-68.44775492033358,8983
STARD13,-144.16466416112635,151,-75.55014427134533,151,-68.61451988978102,8984
ITGBL1,-135.7867218017578,5,-67.16491470336913,5,-68.62180709838867,8985
CFHR4,-173.25599670410156,1,-104.61780548095705,1,-68.63819122314452,8986
PGR,-135.1439666748047,9,-66.46955193413629,9,-68.6744147406684,8987
HSPH1,-105.17360597006724,913,-36.486625942969766,913,-68.68698002709748,8988
PAMR1,-155.9465833391462,7,-87.19353267124721,7,-68.75305066789899,8989
ZNF23,-135.53789265950522,12,-66.77698644002278,12,-68.76090621948244,8990
CYTIP,-135.72701581319174,96,-66.96458808581035,96,-68.7624277273814,8991
WDR64,-126.7001495361328,1,-57.92341232299805,1,-68.77673721313475,8992
PEX5,-129.38287559715477,222,-60.59138294598004,222,-68.79149265117474,8993
LYG2,-131.93720626831055,4,-63.12865352630615,4,-68.8085527420044,8994
IL20,-132.44756317138672,2,-63.58635330200195,2,-68.86120986938477,8995
GPR183,-135.01933730276008,152,-66.11048387226306,152,-68.90885343049702,8996
MIR2117HG,-115.70061492919922,1,-46.76010513305664,1,-68.94050979614258,8997
PAPPA2,-152.53258361816407,10,-83.49209442138672,10,-69.04048919677734,8998
IDI2,-136.590932672674,11,-67.5367500998757,11,-69.0541825727983,8999
KLHL41,-145.0553944905599,3,-75.9851786295573,3,-69.07021586100261,9000
FAM215B,-119.28149536834366,174,-50.13830684793407,174,-69.14318852040958,9001
CYB5R2,-137.44947396072686,51,-68.30545597450406,51,-69.1440179862228,9002
PLA2G4F,-131.17586411370172,396,-61.97682557924829,396,-69.19903853445342,9003
SERPINB11,-166.80894978841147,3,-97.60536193847656,3,-69.2035878499349,9004
ITGA2B,-127.33912658691406,6,-58.114816665649414,6,-69.22430992126465,9005
GFI1,-128.47642669677734,5,-59.24460906982422,5,-69.23181762695312,9006
ANO3,-168.35323791503907,5,-99.09253540039063,5,-69.26070251464844,9007
KLRK1,-172.97340393066406,1,-103.6524658203125,1,-69.32093811035156,9008
LAPTM5,-144.86253269632064,402,-75.34797780430732,402,-69.51455489201332,9009
KRTAP3-2,-155.67010498046875,1,-86.1180419921875,1,-69.55206298828125,9010
SPACA3,-224.0020809173584,8,-154.4293918609619,8,-69.57268905639648,9011
ZNF112,-161.5791249593099,15,-92.00062103271485,15,-69.57850392659505,9012
KMO,-142.25189887152777,27,-72.66715833875868,27,-69.58474053276909,9013
ZSWIM7,-124.65253286097452,794,-54.95931225639747,794,-69.69322060457705,9014
NEB,-159.10515340169272,9,-89.39324866400824,9,-69.71190473768448,9015
CFAP58,-121.64112013213489,49,-51.92218679311324,49,-69.71893333902165,9016
CHD3,-176.94695586887175,563,-107.21912396229393,563,-69.72783190657782,9017
BCL7A,-143.75201310307148,332,-73.98844946436135,332,-69.76356363871012,9018
ZMYND11,-132.43296634634746,485,-62.60375780715156,485,-69.82920853919589,9019
XDH,-135.16238527040224,37,-65.3023832166517,37,-69.86000205375053,9020
GANC,-134.95781586901975,404,-65.08310602206996,404,-69.8747098469498,9021
ZMYM4,-146.08910861142664,337,-76.15349848263341,337,-69.93561012879323,9022
SPRR2A,-149.2668685913086,4,-79.3278751373291,4,-69.93899345397949,9023
HYDIN,-140.29667276410913,201,-70.33545001585092,201,-69.96122274825821,9024
LINC01579,-118.96832379427823,22,-48.97446146878329,22,-69.99386232549494,9025
GTF2H1,-116.1858982250003,326,-46.1342626232311,326,-70.05163560176919,9026
C3AR1,-156.42537117004395,16,-86.34386444091797,16,-70.08150672912598,9027
IL17D,-134.9469092873966,17,-64.83206468469956,17,-70.11484460269705,9028
GUCY2C,-168.60888671875,1,-98.4747314453125,1,-70.1341552734375,9029
CERS3-AS1,-149.6978759765625,1,-79.55069732666016,1,-70.14717864990234,9030
MNAT1,-135.16641203000773,566,-64.98791204661447,566,-70.17849998339327,9031
SLFN12L,-158.21973310198103,7,-88.03443908691406,7,-70.18529401506697,9032
MBNL2,-140.2202722200492,563,-70.00669085026634,563,-70.21358136978286,9033
MYOM1,-136.5944808959961,10,-66.2617088317871,10,-70.332772064209,9034
KRT222,-127.98129272460938,1,-57.6114387512207,1,-70.36985397338867,9035
KRTAP4-9,-170.41305541992188,1,-100.03541564941406,1,-70.37763977050781,9036
GBP4,-142.64132096282148,113,-72.2613929816052,113,-70.37992798121628,9037
DEPDC1,-131.87217712402344,13,-61.473329103910004,13,-70.39884802011343,9038
EWSAT1,-169.4226531982422,1,-99.0194320678711,1,-70.4032211303711,9039
USP44,-122.86458706942472,275,-52.41397161310369,275,-70.45061545632103,9040
GLIPR1L2,-131.54143458775113,35,-61.030496978759764,35,-70.51093760899136,9041
MS4A7,-136.91762489270252,157,-66.36755959091673,157,-70.55006530178579,9042
ST6GALNAC5,-142.60169219970703,28,-72.04527173723493,28,-70.5564204624721,9043
EFCAB5,-142.0877313232422,25,-71.51843475341796,25,-70.56929656982423,9044
CLEC6A,-166.1111602783203,2,-95.5047836303711,2,-70.60637664794922,9045
C10orf55,-132.37532424926758,4,-61.68983459472656,4,-70.68548965454102,9046
NNMT,-135.96352826451962,652,-65.19488108816323,652,-70.7686471763564,9047
HBG2,-137.0570297241211,2,-66.28822708129883,2,-70.76880264282227,9048
DCTN1-AS1,-201.67084757486978,3,-130.84296671549478,3,-70.827880859375,9049
CCL2,-151.6969754968135,289,-80.85423495282764,289,-70.84274054398587,9050
PROK1,-131.6806869506836,2,-60.81928062438965,2,-70.86140632629395,9051
IRF2BP2,-134.11459629972217,1420,-63.22531024771677,1420,-70.88928605200539,9052
DDX20,-141.8009410819622,99,-70.71155786995936,99,-71.08938321200284,9053
CYP2A7,-168.82388540414664,13,-97.70832355205829,13,-71.11556185208835,9054
WIF1,-92.87676369986471,833,-21.758464659820227,833,-71.11829904004449,9055
IL1B,-144.30908651912912,221,-73.16810773616463,221,-71.1409787829645,9056
AMY2B,-151.52668057955228,65,-80.38556131216195,65,-71.14111926739032,9057
AICDA,-146.55577087402344,1,-75.39946746826172,1,-71.15630340576172,9058
LILRA5,-148.87434525923297,11,-77.67282589999112,11,-71.20151935924184,9059
PTPRB,-155.7839521520278,34,-84.50139348647174,34,-71.28255866555607,9060
EFCAB3,-141.6783905029297,1,-70.33434295654297,1,-71.34404754638672,9061
ADIRF,-126.5113713110834,1316,-55.16692262145161,1316,-71.34444868963178,9062
MLLT10,-166.2954402413928,494,-94.9407408401551,494,-71.35469940123771,9063
DDX5,-132.17126887389335,2136,-60.81431468506431,2136,-71.35695418882904,9064
VCAM1,-158.63665390014648,4,-87.25931930541992,4,-71.37733459472656,9065
ITGAM,-129.79578170776367,50,-58.393718566894535,50,-71.40206314086913,9066
PGM5P4-AS1,-136.12976916082974,29,-64.57416836968784,29,-71.5556007911419,9067
TPPP3,-133.25877656570876,1069,-61.69410793707681,1069,-71.56466862863195,9068
IGF1,-172.90181203988882,13,-101.31565798245944,13,-71.58615405742938,9069
LINC01515,-155.62957998422476,13,-83.95687807523288,13,-71.67270190899188,9070
MKX,-137.94300406319755,21,-66.24118405296689,21,-71.70182001023066,9071
DCDC1,-123.6963514077543,99,-51.93515161071161,99,-71.7611997970427,9072
EHBP1,-128.46556548384933,222,-56.68483641340926,222,-71.78072907044007,9073
MED4-AS1,-147.1795539855957,4,-75.31855773925781,4,-71.86099624633789,9074
RFC5,-139.2449461921813,126,-67.34738062298487,126,-71.89756556919642,9075
HMGB4,-160.557861328125,1,-88.630859375,1,-71.927001953125,9076
ACSM6,-145.62881469726562,1,-73.66947937011719,1,-71.95933532714844,9077
IGSF6,-124.22641223409902,46,-52.228480463442594,46,-71.99793177065642,9078
SFTA1P,-126.39490043151902,1297,-54.22807264070651,1297,-72.1668277908125,9079
STK33,-117.43987961546682,313,-45.24948472336839,313,-72.19039489209842,9080
HSPA2,-149.6131451210279,89,-77.41963667280218,89,-72.19350844822573,9081
KIR3DX1,-160.58497924804686,5,-88.37920532226562,5,-72.20577392578124,9082
RNU6ATAC35P,-143.04515075683594,1,-70.799560546875,1,-72.24559020996094,9083
SLC16A12-AS1,-153.69922256469727,4,-81.3815860748291,4,-72.31763648986816,9084
PCF11-AS1,-145.2964357648577,14,-72.94961820329938,14,-72.34681756155832,9085
IL18RAP,-158.22852579752603,3,-85.8761698404948,3,-72.35235595703124,9086
L3MBTL4,-119.04886843028821,152,-46.67958834296778,152,-72.36928008732042,9087
KRTAP4-7,-169.60202026367188,1,-97.20801544189452,1,-72.39400482177736,9088
COL4A2,-172.46090087890624,50,-100.03863265991211,50,-72.42226821899413,9089
TRHDE,-194.3106231689453,5,-121.87751159667968,5,-72.43311157226563,9090
CRTAM,-192.80047673764437,23,-120.35055243450662,23,-72.44992430313775,9091
DDX18,-123.58714595030261,1033,-51.013005244651126,1033,-72.57414070565149,9092
MUCL1,-164.10519409179688,14,-91.26161466326032,14,-72.84357942853656,9093
SETBP1,-135.62891091240778,36,-62.77136198679606,36,-72.85754892561172,9094
ITGA10,-147.80871323407706,59,-74.82118871656515,59,-72.98752451751191,9095
CES3,-130.7744026184082,32,-57.72069334983826,32,-73.05370926856995,9096
PRG4,-138.3298095703125,5,-65.25152282714843,5,-73.07828674316407,9097
CLEC12A,-129.64461476094013,37,-56.56584363370328,37,-73.07877112723685,9098
IGFL2,-146.3987274169922,17,-73.2370309268727,17,-73.16169649011948,9099
PALMD,-140.9764747341184,137,-67.73223386889826,137,-73.24424086522014,9100
MAPK6,-139.93379881155437,442,-66.68472890724424,442,-73.24906990431013,9101
FADS1,-122.80344004194174,513,-49.55366602371543,513,-73.2497740182263,9102
CEPT1,-122.14753815367982,182,-48.87791570726332,182,-73.26962244641649,9103
ACAT1,-151.9676263320386,796,-78.6564980895076,796,-73.31112824253101,9104
RPL10L,-135.56582641601562,2,-62.234493255615234,2,-73.33133316040039,9105
PLEKHS1,-131.31977871682147,139,-57.94461869164336,139,-73.3751600251781,9106
SMIM2-AS1,-139.52253956514247,85,-66.12597876156077,85,-73.39656080358169,9107
CDCP2,-148.0720977783203,1,-74.67537689208984,1,-73.39672088623047,9108
OR5P2,-165.28460693359375,1,-91.88294982910156,1,-73.40165710449219,9109
RGS4,-137.2845204671224,3,-63.78846867879232,3,-73.49605178833008,9110
LINC00426,-150.5382080078125,2,-76.99908447265625,2,-73.53912353515625,9111
SERPINB7,-143.9046834309896,3,-70.07852935791016,3,-73.82615407307944,9112
FSD2,-137.09408569335938,4,-63.180009841918945,4,-73.91407585144043,9113
SGCG,-166.98333740234375,1,-93.06182861328124,1,-73.92150878906251,9114
HNRNPA1L2,-158.95107908027117,172,-84.89861741176871,172,-74.05246166850246,9115
PTGS2,-146.99303405913548,402,-72.81691242806355,402,-74.17612163107194,9116
TMEM178A,-148.73002886090958,70,-74.42062933785574,70,-74.30939952305384,9117
LDLRAD1,-133.09741652245614,204,-58.749887204637716,204,-74.34752931781843,9118
SLC5A8,-140.57040555359887,122,-66.22125506791912,122,-74.34915048567976,9119
FCRL2,-148.70733388264975,6,-74.3506342569987,6,-74.35669962565105,9120
IGKV1-9,-138.16561889648438,1,-63.78504180908203,1,-74.38057708740234,9121
EPC1,-145.48567760580838,808,-71.02764993610948,808,-74.4580276696989,9122
EID1,-147.81049001045776,1672,-73.31304531462455,1672,-74.49744469583321,9123
IGKV2D-29,-145.23194580078126,5,-70.64483184814453,5,-74.58711395263673,9124
LINC01571,-130.63309361384466,78,-55.999651346451195,78,-74.63344226739346,9125
TMPRSS5,-143.9740230015346,7,-69.31856754847935,7,-74.65545545305524,9126
DYNC2H1,-131.1013831627078,328,-56.427166880630864,328,-74.67421628207694,9127
ARHGEF33,-157.01246781782672,11,-82.28032406893644,11,-74.73214374889028,9128
CAT,-109.83107900267453,1219,-35.045007525749924,1219,-74.7860714769246,9129
TCF4-AS1,-151.6314727783203,5,-76.83601684570313,5,-74.79545593261717,9130
THSD1,-151.51637002696162,23,-76.60577724290931,23,-74.91059278405231,9131
ACSF3,-160.863319128602,199,-85.84531904824415,199,-75.01800008035785,9132
CA10,-139.5890461314808,22,-64.56784074956721,22,-75.0212053819136,9133
HK1,-141.22057151363882,443,-66.18669947329278,443,-75.03387204034604,9134
SERTAD4-AS1,-141.5073737250434,405,-66.36117818384994,405,-75.14619554119346,9135
RPL4,-153.48068873744552,2129,-78.31294537172904,2129,-75.16774336571648,9136
MUC15,-156.44239581683735,555,-81.26412335644972,555,-75.17827246038763,9137
CD101,-155.6068084716797,10,-80.4136848449707,10,-75.193123626709,9138
C8A,-146.28903579711914,4,-71.04411315917969,4,-75.24492263793945,9139
KLK10,-119.03740185889129,107,-43.620480795887026,107,-75.41692106300425,9140
NPHP1,-144.12174866874264,265,-68.62510132699643,265,-75.49664734174621,9141
RASSF9,-149.0709001981295,260,-73.4538504087008,260,-75.61704978942869,9142
NCKAP1L,-139.93116126427284,65,-64.25533635066105,65,-75.67582491361179,9143
KCNT2,-134.309033203125,10,-58.63025054931641,10,-75.67878265380861,9144
RASSF8-AS1,-139.55271519252233,140,-63.86548015049526,140,-75.68723504202707,9145
CHRM3-AS2,-125.68684387207031,3,-49.99347813924154,3,-75.69336573282877,9146
MYADM,-142.2815789808762,441,-66.58183346529937,441,-75.69974551557682,9147
LINC00930,-151.45889391217912,14,-75.74011121477399,14,-75.71878269740513,9148
AMY1A,-207.4100570678711,2,-131.53740692138672,2,-75.87265014648438,9149
ATAD1,-140.984116907384,397,-65.09727039865643,397,-75.88684650872756,9150
CYB5B,-127.15126375074823,633,-51.25330945778797,633,-75.89795429296026,9151
LINC00621,-164.77062225341797,2,-88.48339462280273,2,-76.28722763061523,9152
CCL7,-157.43911743164062,2,-81.1474609375,2,-76.29165649414062,9153
IGHV3-49,-165.13719177246094,1,-88.82156372070312,1,-76.31562805175781,9154
GBP3,-140.75846781533144,338,-64.36082258732361,338,-76.39764522800783,9155
ADRB1,-132.09748731340682,70,-55.64520323617118,70,-76.45228407723565,9156
XCL2,-164.51097030639647,20,-88.02221870422363,20,-76.48875160217284,9157
CFHR1,-165.6078224182129,4,-88.95874404907227,4,-76.64907836914062,9158
VWA3A,-137.49884033203125,100,-60.70432296752929,100,-76.79451736450196,9159
FIBIN,-140.9473907470703,10,-64.12121047973633,10,-76.82618026733397,9160
TAS2R46,-170.56735229492188,1,-93.6559066772461,1,-76.91144561767578,9161
IL21R-AS1,-129.9897918701172,1,-53.06097412109375,1,-76.92881774902344,9162
ROCK2,-150.81343106419732,439,-73.79351464273718,439,-77.01991642146014,9163
ARMC3,-139.80930226371888,187,-62.714634084446544,187,-77.09466817927233,9164
FDXACB1,-169.44547457308383,37,-92.31481046934385,37,-77.13066410373997,9165
CAPN3,-132.71317872358728,193,-55.53635606123376,193,-77.17682266235352,9166
TNR,-136.15867614746094,1,-58.93199157714844,1,-77.2266845703125,9167
RIMKLB,-147.9696067561028,337,-70.69435432049217,337,-77.27525243561062,9168
HECTD2,-145.43074703216553,64,-68.03546524047852,64,-77.39528179168701,9169
TYROBP,-117.95273551604186,793,-40.529943978500846,793,-77.422791537541,9170
PTPN2,-179.3095241827276,734,-101.85372439392256,734,-77.45579978880505,9171
PICALM,-139.637771001138,605,-62.18133255509306,605,-77.45643844604493,9172
MSS51,-151.5464630126953,9,-73.9983172946506,9,-77.54814571804471,9173
VIM,-116.84124426517607,1427,-39.221760611477315,1427,-77.61948365369875,9174
TAS2R10,-194.32823181152344,1,-116.6291046142578,1,-77.69912719726564,9175
ZMPSTE24,-143.68659017811652,460,-65.90508744612984,460,-77.78150273198668,9176
TRAPPC8,-141.8132573729421,233,-64.0294821415848,233,-77.78377523135731,9177
FAM53B,-152.8878653741652,186,-75.07933905816847,186,-77.80852631599672,9178
TEX26,-151.64785473163312,26,-73.80056381225586,26,-77.84729091937726,9179
ANKRD12,-114.16902168598722,1151,-36.32145696883612,1151,-77.8475647171511,9180
CASC16,-167.10643768310547,6,-89.24406051635742,6,-77.86237716674805,9181
CKAP4,-133.9676231012988,637,-56.062433449402334,637,-77.90518965189648,9182
CHST11,-137.34377335702908,179,-59.315480152321925,179,-78.02829320470715,9183
GNG2,-153.60044190941787,41,-75.56904881174971,41,-78.03139309766816,9184
PIAS2,-130.3892373904376,284,-52.22081150807126,284,-78.16842588236634,9185
CYP2F1,-131.27106345327277,76,-52.86940680052105,76,-78.40165665275173,9186
B3GALT2,-163.03103637695312,1,-84.61636352539062,1,-78.4146728515625,9187
GNAO1,-124.68981679280598,3,-45.99832280476888,3,-78.69149398803711,9188
LPAR6,-142.44155689586293,55,-63.73702600652521,55,-78.70453088933772,9189
SECISBP2L,-118.22710014500313,923,-39.46980794408598,923,-78.75729220091716,9190
LUZP2,-132.7419891357422,2,-53.91243553161621,2,-78.82955360412598,9191
SLC5A11,-130.4014892578125,1,-51.541053771972656,1,-78.86043548583984,9192
ENTPD1,-144.28175281343005,21,-65.25142215547108,21,-79.03033065795897,9193
MXD1,-147.85267423741956,255,-68.71091398351332,255,-79.14176025390624,9194
NKG7,-137.69821534998277,340,-58.46530776304357,340,-79.2329075869392,9195
RERGL,-148.3173370361328,1,-69.08068084716797,1,-79.23665618896484,9196
PBX1,-131.9182144581188,550,-52.4978049399636,550,-79.4204095181552,9197
C2orf73,-127.4890058710334,89,-47.999863270963175,89,-79.48914260007022,9198
CD53,-147.1615896419603,147,-67.66742379324776,147,-79.49416584871253,9199
ERICH2,-139.71683733178935,327,-60.132499496506625,327,-79.58433783528272,9200
SS18,-138.4306383774234,461,-58.82345032433367,461,-79.60718805308974,9201
FUT8,-139.17801535908302,398,-59.41521676221684,398,-79.76279859686618,9202
CD1A,-149.65526580810547,2,-69.8355712890625,2,-79.81969451904297,9203
CPM,-148.79528854988718,1184,-68.83475021413855,1184,-79.96053833574862,9204
LINC00381,-145.2746124267578,1,-65.29888916015625,1,-79.97572326660156,9205
SPDYA,-169.73528834751673,42,-89.75332768758138,42,-79.98196065993535,9206
SMCR2,-142.8124237060547,1,-62.77059555053711,1,-80.04182815551758,9207
DYNLRB2,-134.74033611842563,280,-54.41455747059413,280,-80.3257786478315,9208
SCNN1B,-142.92882978483397,303,-62.42684445522799,303,-80.50198532960597,9209
IL1A,-153.3579345703125,30,-72.79377644856771,30,-80.56415812174478,9210
CDH11,-151.9500468571981,48,-71.07490507761638,48,-80.87514177958171,9211
CD4,-151.54182513006802,116,-70.48042100051353,116,-81.06140412955449,9212
ZNF211,-155.43022799491882,64,-74.21569156646729,64,-81.21453642845154,9213
FMN2,-146.23028087615967,16,-64.94517874717712,16,-81.28510212898254,9214
CLCA4,-166.59381103515625,1,-85.21324920654297,1,-81.38056182861328,9215
TEKT1,-125.3796429472845,207,-43.96663732114045,207,-81.41300562614404,9216
NPAS3,-152.5517605052275,17,-70.98304658777573,17,-81.56871391745176,9217
NOX4,-162.86544799804688,2,-81.27082824707031,2,-81.59461975097656,9218
C1QBP,-143.4499963735232,1062,-61.62688983047974,1062,-81.82310654304345,9219
SPATA7,-147.4364337405643,148,-65.52385794149863,148,-81.91257579906566,9220
LINC01355,-173.5335220336914,20,-91.59524497985839,20,-81.93827705383302,9221
PMCH,-186.94686126708984,2,-104.88770294189453,2,-82.05915832519531,9222
ATP2B1,-129.92629930084826,459,-47.84276361403123,459,-82.08353568681703,9223
LYZ,-148.75769009524828,730,-66.48573698278976,730,-82.27195311245852,9224
TMEM123,-146.72756623856688,1306,-64.31977876952378,1306,-82.4077874690431,9225
LILRB1,-207.81006180612664,19,-125.3826016877827,19,-82.42746011834394,9226
PTPN22,-152.21906677246093,50,-69.78830093383789,50,-82.43076583862305,9227
LYRM9,-170.52941700949597,268,-88.08058724474552,268,-82.44882976475046,9228
CNEP1R1,-139.675673819877,74,-57.15761829066921,74,-82.5180555292078,9229
NFAT5,-128.57333283689664,701,-46.05156338265891,701,-82.52176945423773,9230
LINC00330,-137.4525146484375,1,-54.927616119384766,1,-82.52489852905273,9231
CCL14,-168.1822509765625,5,-85.586865234375,5,-82.5953857421875,9232
TCHHL1,-149.41433715820312,1,-66.69941711425781,1,-82.71492004394531,9233
NOX5,-160.9803466796875,1,-77.78514862060547,1,-83.19519805908203,9234
CR2,-215.59798583984374,5,-132.18289642333986,5,-83.41508941650389,9235
GSTO1,-212.1435292414421,1035,-128.71786915507295,1035,-83.42566008636916,9236
MMP13,-158.6391919453939,24,-75.03259468078613,24,-83.60659726460776,9237
CUBN,-160.57001091452207,17,-76.60046925264247,17,-83.9695416618796,9238
FREM2,-149.058787287498,196,-65.06340404432648,196,-83.99538324317153,9239
SMAD7,-160.6720782340841,235,-76.60070294319316,235,-84.07137529089094,9240
TPH2,-154.50822957356772,3,-70.37325286865234,3,-84.13497670491537,9241
ITM2B,-132.10951044045242,2040,-47.87698467853023,2040,-84.2325257619222,9242
USH2A,-155.37240600585938,2,-70.99861907958984,2,-84.37378692626953,9243
CYSLTR2,-153.12118835449218,5,-68.43287048339843,5,-84.68831787109374,9244
KCNK2,-153.86263529459634,3,-69.16287740071614,3,-84.6997578938802,9245
KCNMB4,-133.88666423450817,55,-49.08315949873491,55,-84.80350473577326,9246
CD2,-167.29703115488027,77,-82.45666860605215,77,-84.84036254882812,9247
OVGP1,-156.8452323631004,27,-71.9387548941153,27,-84.90647746898509,9248
LINC00705,-168.57205200195312,1,-83.57164001464844,1,-85.00041198730469,9249
LRRK2,-176.24088083525535,1078,-91.05871897681524,1078,-85.18216185844011,9250
FAM76B,-168.99293044006941,206,-83.69988569241126,206,-85.29304474765816,9251
TRDC,-172.36599462172563,34,-87.03632197660558,34,-85.32967264512006,9252
IGKV3-15,-152.73119354248047,2,-67.39725112915039,2,-85.33394241333008,9253
DAPK2,-164.59943532556053,369,-79.25521772017647,369,-85.34421760538406,9254
CLRN3,-160.33802795410156,3,-74.70845540364583,3,-85.62957255045573,9255
TMEM52B,-141.07523430718317,9,-55.35703870985243,9,-85.71819559733073,9256
SLC14A2,-149.67784881591797,4,-63.770155906677246,4,-85.90769290924072,9257
RNLS,-180.49470086745274,81,-94.52473619249132,81,-85.96996467496142,9258
NCKAP5,-141.3358939918312,74,-55.25373165027516,74,-86.08216234155604,9259
FAM174B,-133.13450997705618,362,-47.05220004339903,362,-86.08230993365714,9260
ID3,-131.77127049372746,975,-45.65645944057367,975,-86.11481105315379,9261
ALOX5AP,-135.457637858168,428,-49.316076911498456,428,-86.14156094666954,9262
CALCOCO1,-143.2736929565745,387,-57.01830672232064,387,-86.25538623425388,9263
TUBGCP4,-150.17282725890837,221,-63.88438676169555,221,-86.28844049721282,9264
LRRIQ1,-168.53826316139916,275,-82.07870339133522,275,-86.45955977006393,9265
DNM3,-154.96749928233388,91,-68.29658042991554,91,-86.67091885241834,9266
C1orf112,-245.17564351935135,38,-158.3755171926398,38,-86.80012632671156,9267
APOC1,-122.99295538454639,1225,-36.15513480673031,1225,-86.83782057781607,9268
IL26,-159.72532653808594,1,-72.84146118164062,1,-86.88386535644531,9269
ZNF491,-187.25866917201452,7,-100.34425571986607,7,-86.91441345214845,9270
RORA,-150.14335662113612,461,-63.21499019796574,461,-86.92836642317039,9271
CSDE1,-144.0931766092856,1518,-57.04645787868575,1518,-87.04671873059985,9272
COBLL1,-142.89868891452804,558,-55.81291937742609,558,-87.08576953710195,9273
CARD16,-142.8471410970772,452,-55.74859279868877,452,-87.09854829838844,9274
NTS,-162.10945614363797,129,-74.99384574002998,129,-87.11561040360799,9275
ABCA6,-170.10750664605035,9,-82.98515150282118,9,-87.12235514322917,9276
SPATA13-AS1,-160.2679901123047,1,-73.1274642944336,1,-87.1405258178711,9277
LINC01412,-156.40286254882812,1,-69.08951568603516,1,-87.31334686279297,9278
FOLR1,-133.50358065521974,1582,-46.17216770205877,1582,-87.33141295316096,9279
CCL17,-206.881591796875,19,-119.45572019878186,19,-87.42587159809314,9280
TMEM94,-131.54815926039515,242,-44.07811034021299,242,-87.47004892018217,9281
IFNG-AS1,-155.9503631591797,1,-68.46866607666016,1,-87.48169708251953,9282
TNFSF4,-150.06134796142578,10,-62.367497253417966,10,-87.69385070800782,9283
CFAP126,-148.72772907213567,263,-60.69496804589101,263,-88.03276102624466,9284
CD1C,-157.8482069535689,11,-69.79227724942294,11,-88.05592970414597,9285
CRB1,-163.31385803222656,1,-75.1133804321289,1,-88.20047760009766,9286
SENP8,-157.0709617770448,49,-68.85629147899394,49,-88.21467029805086,9287
KRT20,-163.5718536376953,1,-75.34827423095703,1,-88.22357940673828,9288
CEBPA,-166.116660102816,811,-77.6805444475167,811,-88.43611565529932,9289
CEP128,-157.80662636134934,46,-69.36610993095066,46,-88.44051643039869,9290
ABHD2,-133.32334643245292,1085,-44.697523667295954,1085,-88.62582276515697,9291
GPR19,-159.76264572143555,4,-71.05107307434082,4,-88.71157264709473,9292
LINC00867,-161.71971638997397,3,-72.92897288004558,3,-88.79074350992839,9293
PRKCE,-145.43902912969173,230,-56.34624127927034,230,-89.09278785042139,9294
ITLN1,-150.45709425403226,31,-61.35908434467931,31,-89.09800990935295,9295
SLC16A12,-145.8086631411598,42,-56.697516850062776,42,-89.11114629109701,9296
SPAG6,-140.65077829578695,219,-51.49087937237465,219,-89.1598989234123,9297
NR2F2-AS1,-159.6862030029297,29,-70.20684051513672,29,-89.47936248779297,9298
CD52,-117.79270290469859,722,-28.25969218151061,722,-89.53301072318797,9299
IFT43,-149.42665377965716,637,-59.86118122621833,637,-89.56547255343884,9300
INTS6,-139.43998936710196,936,-49.622271065019135,936,-89.81771830208282,9301
ZNF225,-154.678478738536,23,-64.77559097953464,23,-89.90288775900136,9302
C1orf141,-149.3034451392389,62,-59.23600676751906,62,-90.06743837171985,9303
ANKRD1,-162.24029642740885,15,-72.12047119140625,15,-90.1198252360026,9304
CD163,-172.84317803382874,64,-82.5961549282074,64,-90.24702310562134,9305
FOXA1,-150.53703909405206,472,-60.28763796111285,472,-90.24940113293921,9306
DSG1-AS1,-162.42984771728516,2,-72.15069198608398,2,-90.27915573120117,9307
TSPAN19,-163.28875837985825,159,-72.8454518348166,159,-90.44330654504165,9308
FGF14,-163.2385977608817,105,-72.65192398797898,105,-90.58667377290273,9309
LINC01117,-171.07674560546874,5,-80.37317962646485,5,-90.7035659790039,9310
TMEM17,-147.23552035108025,81,-56.474901835123696,81,-90.76061851595657,9311
GBP7,-170.5270734514509,7,-79.48573848179409,7,-91.0413349696568,9312
RIC3,-129.6175868712276,332,-38.30886115798031,332,-91.30872571324727,9313
CELF2,-191.51286046034625,1029,-100.11699836664228,1029,-91.39586209370397,9314
AMOTL1,-163.0100569412698,229,-71.46128765256124,229,-91.54876928870856,9315
MYPN,-142.96588134765625,1,-51.21608352661133,1,-91.74979782104492,9316
SERPING1,-110.40728734027908,830,-18.54216218856444,830,-91.86512515171464,9317
IGKV3D-15,-158.6431121826172,1,-66.45309448242188,1,-92.19001770019531,9318
EIF3F,-171.23890607691524,1675,-78.99030878778714,1675,-92.2485972891281,9319
LINC00907,-160.32589721679688,1,-68.05382537841797,1,-92.2720718383789,9320
TRIM22,-157.5736422344921,492,-64.97641399817738,492,-92.59722823631472,9321
SERPINB10,-156.48773193359375,1,-63.8836669921875,1,-92.60406494140625,9322
AFTPH,-143.08365158807663,567,-50.45521048221218,567,-92.62844110586445,9323
LINC01480,-203.55417175292968,10,-110.85052337646485,10,-92.70364837646483,9324
EVI2B,-159.61874659856161,96,-66.76304360230763,96,-92.85570299625398,9325
ANKFN1,-167.47347707597035,63,-74.61511048816499,63,-92.85836658780536,9326
ACSS3,-150.3018090536428,215,-57.420658626112825,215,-92.88115042752999,9327
SRGN,-160.19153432285086,544,-67.19761072888093,544,-92.99392359396992,9328
ITFG1,-184.84911572856288,620,-91.83778941246771,620,-93.01132631609516,9329
PLCZ1,-209.5801239013672,2,-116.54566955566406,2,-93.03445434570312,9330
RHOJ,-170.52080535888672,4,-77.21353912353516,4,-93.30726623535156,9331
ZNF429,-252.82024640493444,193,-159.2403480648377,193,-93.57989834009675,9332
PIAS1,-134.90163771367705,565,-41.314080054359096,565,-93.58755765931795,9333
CMA1,-153.03366088867188,1,-59.23869705200195,1,-93.79496383666992,9334
SEC11C,-120.92547057938053,1276,-27.066372463321986,1276,-93.85909811605855,9335
XCL1,-164.809450785319,12,-70.62802950541179,12,-94.18142127990721,9336
ABCC9,-191.41097584477177,108,-97.16423041732223,108,-94.24674542744954,9337
KLHL28,-158.55797700928937,203,-64.1568646736333,203,-94.40111233565608,9338
SH2D1B,-145.96388244628906,2,-51.3175163269043,2,-94.64636611938477,9339
LMO4,-164.89126586914062,567,-70.22693389139057,567,-94.66433197775005,9340
LINC00239,-139.68999273126775,44,-44.90444512800737,44,-94.78554760326038,9341
SLCO1B3,-154.88996276855468,10,-59.83550796508789,10,-95.0544548034668,9342
C16orf89,-152.02361975350374,1594,-56.8396256732821,1594,-95.18399408022164,9343
CD69,-164.04974420122105,139,-68.84426879882812,139,-95.20547540239292,9344
AQP4-AS1,-157.3588120033001,29,-61.99313709653657,29,-95.36567490676353,9345
TAS2R19,-172.9049835205078,1,-77.52657318115234,1,-95.37841033935547,9346
LINC01553,-171.29720052083334,9,-75.85451422797308,9,-95.44268629286026,9347
PDE6H,-153.93685913085938,1,-58.401512145996094,1,-95.53534698486328,9348
CCDC81,-157.9540077492043,54,-62.05653451990198,54,-95.8974732293023,9349
KLRB1,-192.29994892624188,106,-95.81401976099554,106,-96.48592916524635,9350
CASP4,-211.53296393569636,980,-115.00596659913354,980,-96.52699733656281,9351
FGGY,-129.58992704048683,1085,-32.38569112505232,1085,-97.20423591543451,9352
KRTAP4-1,-174.16482543945312,2,-76.93081665039062,2,-97.2340087890625,9353
STX3,-193.7936578648691,655,-96.44064964702112,655,-97.35300821784797,9354
CSRNP3,-171.08720068838082,51,-73.15985481411803,51,-97.92734587426278,9355
MIR100HG,-182.3766632080078,1,-84.37879180908203,1,-97.99787139892578,9356
MMP12,-160.34099960327148,4,-62.12313747406006,4,-98.21786212921143,9357
TCF4,-177.3960935658422,116,-79.00298394828008,116,-98.39310961756212,9358
SMAD9,-186.26958057798188,116,-87.52180434917581,116,-98.74777622880607,9359
PATE2,-161.39289093017578,2,-62.356163024902344,2,-99.03672790527344,9360
SRBD1,-153.5368243323432,144,-54.35158456696404,144,-99.18523976537915,9361
MROH9,-178.58746864055766,29,-79.24796795022898,29,-99.33950069032868,9362
SLC44A5,-159.7415057373047,25,-60.256759338378906,25,-99.48474639892578,9363
PCDH9,-151.9229639792929,392,-52.29731011877254,392,-99.62565386052034,9364
AQP9,-158.38099951493112,38,-58.74337427239669,38,-99.63762524253443,9365
FAM186B,-184.7340545654297,1,-85.07028198242188,1,-99.66377258300781,9366
KLF5,-145.70652979603196,1302,-45.741749548142955,1302,-99.964780247889,9367
ACSBG1,-202.04000636509485,42,-101.73144222441174,42,-100.30856414068312,9368
KLK11,-135.95055096600507,185,-35.499750972438505,185,-100.45079999356656,9369
C12orf75,-162.54314387928355,352,-61.915640234947205,352,-100.62750364433634,9370
NTN4,-140.4574632249782,797,-39.598798299523786,797,-100.8586649254544,9371
CAPNS2,-200.34891333946814,13,-99.35059591440054,13,-100.9983174250676,9372
CBLN2,-161.1546376546224,3,-60.12360509236654,3,-101.03103256225586,9373
C1orf105,-175.98224385579428,3,-74.37662506103516,3,-101.60561879475912,9374
FRMD6,-154.26408070531386,29,-52.61063490242794,29,-101.65344580288593,9375
MALRD1,-201.7725975036621,20,-100.09967193603515,20,-101.67292556762695,9376
SMCO2,-165.4510955810547,1,-63.5506591796875,1,-101.90043640136719,9377
ACMSD,-155.15614573160806,6,-53.095052083333336,6,-102.06109364827472,9378
ADAM20P1,-155.77427673339844,1,-53.68293762207031,1,-102.09133911132812,9379
MMP3,-160.77221849229602,9,-58.33355628119575,9,-102.43866221110028,9380
PTPRF,-192.40149298106155,1168,-89.83242609076304,1168,-102.56906689029852,9381
NEBL,-163.14987127531307,554,-60.49005743914993,554,-102.65981383616315,9382
DPP10,-167.985927512429,55,-65.13104254982689,55,-102.8548849626021,9383
OLR1,-147.86058044433594,148,-44.990716289829564,148,-102.86986415450637,9384
AFF3,-171.71000833980372,244,-68.56005871882203,244,-103.14994962098169,9385
WDPCP,-171.6027044848861,107,-68.39761249150071,107,-103.20509199338538,9386
EVI5,-152.01147307369388,467,-48.68018084573031,467,-103.33129222796356,9387
NHLH2,-203.97638520740327,21,-100.4811528523763,21,-103.49523235502697,9388
IL18,-163.32116901631258,588,-59.73848959864402,588,-103.58267941766856,9389
CCDC141,-168.7629438237329,199,-65.0202124897559,199,-103.742731333977,9390
STOML3,-162.51072832564233,142,-58.69532235911195,142,-103.81540596653039,9391
SLC8A1-AS1,-157.69381713867188,1,-53.62642288208008,1,-104.0673942565918,9392
SPTA1,-172.4694061279297,1,-68.2839126586914,1,-104.18549346923828,9393
C1QB,-144.58263950995303,766,-39.891282198634535,766,-104.69135731131848,9394
CPB2,-164.74969513948298,484,-59.95742226435133,484,-104.79227287513166,9395
HOXD8,-169.34654235839844,1,-64.54400634765625,1,-104.80253601074219,9396
FCER1A,-172.17511973661536,17,-67.30068341423484,17,-104.87443632238052,9397
TANK,-163.5601823509638,796,-58.55513694897369,796,-105.00504540199012,9398
HSD3B2,-164.22300720214844,1,-58.51919937133789,1,-105.70380783081055,9399
CCND2,-151.0491741366236,349,-45.33126340281314,349,-105.71791073381047,9400
SCN2A,-158.5411605834961,6,-52.69113032023112,6,-105.85003026326498,9401
PDC,-211.15396118164062,3,-104.77857208251953,3,-106.3753890991211,9402
TAS2R30,-178.14027099609376,5,-71.378955078125,5,-106.76131591796876,9403
LINC00539,-212.83353424072266,6,-106.01496760050456,6,-106.8185666402181,9404
KLRC4,-160.0448455810547,1,-53.09994888305664,1,-106.94489669799805,9405
TRAV41,-161.29159545898438,4,-53.839049339294434,4,-107.45254611968994,9406
ISG20,-171.1935149173669,847,-63.55941691392991,847,-107.634098003437,9407
ST8SIA1,-244.69340350176836,37,-137.01949124722867,37,-107.67391225453969,9408
FRMD4A,-164.82640416998612,76,-57.13798141479492,76,-107.6884227551912,9409
ANGPTL5,-175.2322758265904,7,-67.32442801339286,7,-107.90784781319755,9410
RBM17,-161.52083487406264,822,-53.54287120141542,822,-107.97796367264722,9411
N4BP2L2,-149.03525024059465,1377,-40.6488428081216,1377,-108.38640743247305,9412
SCN1A,-180.58554752234258,165,-71.6286376953125,165,-108.95690982703007,9413
THSD4,-233.21647964393236,181,-124.03572466096826,181,-109.1807549829641,9414
CLN3,-352.16761072439743,645,-242.90523426144622,645,-109.26237646295121,9415
CYP4B1,-195.54748356167522,682,-86.14965005913787,682,-109.39783350253735,9416
IGKV1D-8,-165.66163635253906,1,-55.560489654541016,1,-110.10114669799805,9417
CYP2C8,-174.7594277518136,7,-64.11002295357841,7,-110.6494047982352,9418
NUBPL,-157.7974740686551,142,-47.10489810352594,142,-110.69257596512917,9419
TMEM125,-139.8941200652409,1464,-28.82846285997193,1464,-111.06565720526899,9420
DLGAP1-AS3,-166.09278869628906,1,-54.93712615966797,1,-111.1556625366211,9421
KTN1,-156.42976471302364,1461,-44.903375838408316,1461,-111.52638887461532,9422
SLC8A1,-193.2442203868519,22,-81.60827151211825,22,-111.63594887473366,9423
MTMR2,-203.49704150087345,161,-91.8567018212739,161,-111.64033967959955,9424
TCHH,-191.36644999186197,3,-79.65823618570964,3,-111.70821380615233,9425
GBP2,-162.4287590299334,336,-50.479493856430054,336,-111.94926517350333,9426
GZMB,-163.3269068249584,169,-51.33346435727452,169,-111.99344246768388,9427
CAPS,-167.2271200880057,594,-55.13374171273074,594,-112.09337837527497,9428
GFRA1,-157.311279296875,1,-45.21088790893555,1,-112.10039138793945,9429
PPP3R1,-158.65714495522636,112,-46.23305235590254,112,-112.42409259932381,9430
LINC01291,-189.74264526367188,2,-77.21292877197266,2,-112.52971649169922,9431
CCL3,-169.35760359680023,397,-56.7532910075536,397,-112.60431258924663,9432
PIGV,-173.1024590592358,181,-60.39091169241384,181,-112.71154736682196,9433
CFHR3,-197.59635162353516,2,-84.57646560668945,2,-113.0198860168457,9434
CES1,-163.3993287519975,506,-50.13715777943728,506,-113.26217097256023,9435
ANP32D,-226.04704793294272,3,-112.68968709309895,3,-113.35736083984376,9436
MS4A8,-171.8001050163718,255,-58.421008435417626,255,-113.37909658095415,9437
LINC00639,-171.95362854003906,1,-58.449405670166016,1,-113.50422286987305,9438
VRK2,-154.29398088126348,145,-40.62685331147293,145,-113.66712756979055,9439
AKR1C1,-170.54109714403933,403,-56.742320295007296,403,-113.79877684903204,9440
KIFAP3,-183.73569408539802,248,-69.8421639627026,248,-113.89353012269542,9441
FCRL3,-163.2945442199707,4,-49.243653297424316,4,-114.05089092254639,9442
FAP,-172.09329986572266,20,-57.939350318908694,20,-114.15394954681396,9443
LINC00572,-176.16665649414062,2,-61.84290885925293,2,-114.3237476348877,9444
FTO,-166.93986706506638,336,-52.485466741380236,336,-114.45440032368614,9445
IL16,-215.84272583007814,50,-101.38350784301758,50,-114.45921798706055,9446
RMDN2,-161.71930301346967,227,-47.17723836352646,227,-114.5420646499432,9447
DPYD,-189.5000501316086,494,-74.89226751288905,494,-114.60778261871954,9448
SMCO3,-176.03700256347656,1,-61.08140182495117,1,-114.95560073852539,9449
EPAS1,-174.37146812154114,991,-59.36572954272165,991,-115.00573857881949,9450
OSBPL9,-162.67246829204677,644,-47.577912099613165,644,-115.0945561924336,9451
CATSPERB,-192.06653410812905,29,-76.96383588067417,29,-115.10269822745488,9452
GPC5-AS1,-181.13506652832032,25,-65.55594665527343,25,-115.57911987304689,9453
FAM106A,-177.7804298400879,12,-61.511561711629234,12,-116.26886812845865,9454
CDC14A,-168.74410016349194,89,-52.10809686210718,89,-116.63600330138476,9455
ANGPTL1,-169.92306518554688,2,-52.88982582092285,2,-117.03323936462402,9456
IGKV3-11,-167.73126792907715,8,-49.83774518966675,8,-117.8935227394104,9457
PZP,-177.98818819640113,61,-60.0666769058978,61,-117.92151129050333,9458
CD70,-171.99118347167968,10,-52.21364059448242,10,-119.77754287719725,9459
ADGRL2,-177.61742344609013,54,-57.55640835232205,54,-120.06101509376808,9460
IGKV4-1,-169.18614959716797,4,-49.0043888092041,4,-120.18176078796387,9461
LRRC39,-165.80914611816405,5,-45.13558731079102,5,-120.67355880737304,9462
FAM183A,-172.0368289644756,252,-51.053258759634836,252,-120.98357020484076,9463
GNLY,-192.47417625463063,426,-71.27046106902647,426,-121.20371518560417,9464
ANXA2,-173.2466912008036,1896,-51.975156904775886,1896,-121.27153429602772,9465
FGFR2,-163.95091287488134,535,-42.377372534921236,535,-121.5735403399601,9466
BMP4,-166.23701395124397,149,-44.00138043397225,149,-122.23563351727171,9467
FLG2,-194.55540466308597,1,-71.84192657470703,1,-122.71347808837893,9468
ACOT2,-296.5625485374814,105,-173.84278767903646,105,-122.71976085844494,9469
TNNI3K,-191.79880905151367,4,-68.88143348693848,4,-122.9173755645752,9470
RGS18,-174.07406616210938,3,-50.79885991414388,3,-123.27520624796549,9471
KYNU,-178.63843536376953,84,-55.33774943578811,84,-123.30068592798142,9472
ERP27,-206.95756156063644,338,-83.44264593632263,338,-123.5149156243138,9473
FPR1,-239.26683115404705,43,-115.5909265917401,43,-123.67590456230695,9474
CYP2C9,-172.41138763427733,10,-47.958819198608396,10,-124.45256843566894,9475
ENOX1-AS2,-171.9589729309082,4,-46.711774826049805,4,-125.2471981048584,9476
AQP4,-163.24074079370087,811,-37.711660354557814,811,-125.52908043914306,9477
KCNJ8,-175.81863633976425,258,-50.1519204368887,258,-125.66671590287555,9478
DMBT1,-173.55151605779474,550,-47.31127165360884,550,-126.2402444041859,9479
MARCO,-170.86862145309635,409,-43.245329514109415,409,-127.62329193898694,9480
KLRF1,-209.62380629319412,39,-81.1136963673127,39,-128.5101099258814,9481
NELL2,-214.06620956420898,100,-85.37801750183105,100,-128.68819206237794,9482
PTGFR,-189.15588784986926,124,-60.03920665864022,124,-129.11668119122905,9483
LMO7,-179.576443121725,1561,-50.24771906518539,1561,-129.3287240565396,9484
CARD18,-182.48928833007807,1,-52.25785446166992,1,-130.23143386840815,9485
LINC00327,-215.1008097330729,3,-84.82630666097005,3,-130.27450307210285,9486
FCGR1A,-167.3046496709188,48,-37.00342075030009,48,-130.3012289206187,9487
DPYD-AS1,-184.58217486213235,17,-54.127183353199676,17,-130.45499150893266,9488
METTL7A,-178.3327291307257,694,-47.49590086593408,694,-130.83682826479162,9489
HSPB8,-190.43385595896888,315,-58.57269622560531,315,-131.86115973336356,9490
FMO3,-172.57973762031074,111,-39.851572225759696,111,-132.72816539455104,9491
FMO2,-169.3944186401367,150,-35.94324704488118,150,-133.45117159525552,9492
KRTAP3-1,-238.25537893312787,109,-104.78295184494158,109,-133.4724270881863,9493
COLCA1,-203.47925150328578,543,-69.21517364052339,543,-134.2640778627624,9494
CHI3L2,-181.43724256370498,342,-45.97706735622116,342,-135.46017520748381,9495
RASGRF1,-248.84479196060803,661,-113.27275487117797,661,-135.57203708943007,9496
SCGB1A1,-172.84501560954982,877,-37.08019440149636,877,-135.76482120805346,9497
PRPSAP2,-228.8418085246743,334,-89.79222917842294,334,-139.04957934625133,9498
CCDC91,-178.2233431267016,528,-38.916006767388545,528,-139.30733635931304,9499
GKN2,-170.72690750380693,590,-28.863057876845538,590,-141.86384962696138,9500
PTPRC,-191.29353389033565,135,-47.43212531760887,135,-143.8614085727268,9501
OMG,-206.23889318326624,164,-62.19892350638785,164,-144.0399696768784,9502
NFIA,-201.38934597152485,946,-56.49761649166051,946,-144.89172947986435,9503
SLCO1B1,-195.1444549560547,1,-49.04677200317383,1,-146.09768295288086,9504
SLC9A1,-199.45973964313885,364,-51.33663078978822,364,-148.12310885335063,9505
ID2,-178.65905426859473,1244,-30.317031251655898,1244,-148.34202301693884,9506
STEAP3-AS1,-246.09457397460935,1,-96.7066421508789,1,-149.38793182373044,9507
PRKD1,-192.55721745939337,117,-43.16352586664705,117,-149.39369159274634,9508
DCN,-193.83208229064942,200,-42.511894340515134,200,-151.32018795013428,9509
FGF7,-218.8072548890725,273,-66.20939687931494,273,-152.59785800975757,9510
ATF7IP2,-204.70233024545269,294,-51.77116857256208,294,-152.9311616728906,9511
MYO16-AS1,-232.35982767740884,3,-78.60675048828125,3,-153.7530771891276,9512
FHAD1,-210.46161029793623,173,-56.39379060337309,173,-154.06781969456313,9513
DHRS7B,-215.45098360123174,372,-60.3457488706035,372,-155.10523473062824,9514
TTN,-193.8227332920085,359,-38.2751633795523,359,-155.5475699124562,9515
ARID5B,-205.41568277584815,794,-46.92543306518862,794,-158.49024971065953,9516
PLA2G5,-294.72808837890625,1,-134.164794921875,1,-160.56329345703125,9517
LINC00648,-509.0612365722656,5,-347.6092895507812,5,-161.4519470214844,9518
CCDC190,-264.4201871431791,52,-102.2642919100248,52,-162.1558952331543,9519
KCNJ16,-234.95988241056116,41,-69.01379040973943,41,-165.94609200082175,9520
HBB,-205.76268366662322,397,-38.098943282735135,397,-167.66374038388807,9521
EDNRB,-230.41972896639862,358,-57.195834026656335,358,-173.22389493974228,9522
BBOX1-AS1,-515.3843180338541,9,-339.28052775065106,9,-176.10379028320307,9523
TACC2,-224.65545120135738,737,-44.569847055173796,737,-180.08560414618358,9524
MRLN,-295.77113960884714,37,-107.76210351892419,37,-188.00903608992294,9525
CD5L,-274.48570251464844,6,-85.76431274414062,6,-188.7213897705078,9526
CRACR2A,-250.81507833380448,38,-61.831152263440586,38,-188.9839260703639,9527
CHRNA7,-289.0471725463867,4,-100.03937530517578,4,-189.00779724121094,9528
RDH16,-436.87804158528644,3,-236.67199198404947,3,-200.20604960123697,9529
IL1RN,-285.0277557373047,94,-84.71777441146526,94,-200.30998132583943,9530
TMCO5A,-317.36549072265626,5,-110.3416519165039,5,-207.02383880615236,9531
SPRR2E,-351.2320861816406,1,-141.8613739013672,1,-209.37071228027344,9532
SFTPD-AS1,-387.34744732196515,39,-171.31307866023138,39,-216.03436866173377,9533
LRRTM4,-457.6880187988281,1,-234.17648315429688,1,-223.51153564453125,9534
KC6,-489.9007110595703,4,-260.73631286621094,4,-229.16439819335938,9535
KLRC1,-370.0262451171875,5,-138.1954132080078,5,-231.8308319091797,9536
DYDC2,-293.73166277550706,151,-53.8404739329357,151,-239.89118884257135,9537
C1QA,-299.78634670924714,892,-47.78684163628138,892,-251.99950507296575,9538
SLCO1A2,-491.9927156888522,13,-235.24515592134915,13,-256.74755976750305,9539
ARHGAP25,-544.0186238008387,34,-247.30937957763672,34,-296.70924422320195,9540
