sample_path,sample_name,true_label,true_label_idx,pred_label,pred_label_idx,prob_cancer,prob_normal
./out_ep/train/cancer/tlung__TTTCCTCGTTCGAATC_LUNG_T34/vectors,vectors,cancer,0,cancer,0,0.758857011795044,0.24114298820495605
./out_ep/train/cancer/tlung__CAAGGCCTCACGATGT_LUNG_T34/vectors,vectors,cancer,0,cancer,0,0.7715625762939453,0.2284374237060547
./out_ep/train/cancer/tlung__GATGAGGAGTCACGCC_LUNG_T34/vectors,vectors,cancer,0,cancer,0,0.719271183013916,0.280728816986084
./out_ep/train/cancer/tlung__ATGTGTGAGCTAACTC_LUNG_T18/vectors,vectors,cancer,0,cancer,0,0.7713002562522888,0.22869974374771118
./out_ep/train/cancer/tlung__GTTCTCGTCATGCTCC_LUNG_T18/vectors,vectors,cancer,0,cancer,0,0.7721429467201233,0.2278570532798767
./out_ep/train/cancer/tlung__GACTGCGCACCAGGTC_LUNG_T34/vectors,vectors,cancer,0,cancer,0,0.7680625319480896,0.23193754255771637
./out_ep/train/cancer/tlung__GGGCATCAGGGTGTTG_LUNG_T34/vectors,vectors,cancer,0,cancer,0,0.7689880728721619,0.23101191222667694
./out_ep/train/cancer/tlung__TCTGAGATCGCCTGTT_LUNG_T31/vectors,vectors,cancer,0,cancer,0,0.7676681280136108,0.23233191668987274
./out_ep/train/cancer/tlung__TCTCATAGTTTGGGCC_LUNG_T31/vectors,vectors,cancer,0,cancer,0,0.7688769698143005,0.23112308979034424
./out_ep/train/cancer/tlung__CGGGTCAGTGAACCTT_LUNG_T28/vectors,vectors,cancer,0,cancer,0,0.7707344889640808,0.229265496134758
./out_ep/train/cancer/tlung__AGAGCGACACGGTAGA_LUNG_T34/vectors,vectors,cancer,0,cancer,0,0.7658766508102417,0.2341233640909195
./out_ep/train/cancer/tlung__GAACCTATCCGAAGAG_LUNG_T28/vectors,vectors,cancer,0,cancer,0,0.7711926102638245,0.2288074493408203
./out_ep/train/cancer/tlung__CGTGTCTGTTCGGGCT_LUNG_T34/vectors,vectors,cancer,0,cancer,0,0.7620465755462646,0.23795340955257416
./out_ep/train/cancer/tlung__CAAGTTGTCTCGCATC_LUNG_T20/vectors,vectors,cancer,0,cancer,0,0.7667005658149719,0.23329943418502808
./out_ep/train/cancer/tlung__CCCAGTTTCGGACAAG_LUNG_T28/vectors,vectors,cancer,0,cancer,0,0.7724757194519043,0.2275243103504181
./out_ep/train/cancer/tlung__CAGCCGATCCTGCCAT_LUNG_T09/vectors,vectors,cancer,0,cancer,0,0.732382595539093,0.26761746406555176
./out_ep/train/cancer/tlung__CTCGTCATCCTAGTGA_LUNG_T34/vectors,vectors,cancer,0,cancer,0,0.767241895198822,0.23275810480117798
./out_ep/train/cancer/tlung__ATGGGAGTCTGCTGTC_LUNG_T34/vectors,vectors,cancer,0,cancer,0,0.7713958024978638,0.22860421240329742
./out_ep/train/cancer/tlung__AGTAGTCGTTGAACTC_LUNG_T34/vectors,vectors,cancer,0,cancer,0,0.7718824744224548,0.22811755537986755
./out_ep/train/cancer/tlung__AATCGGTTCTCGTATT_LUNG_T19/vectors,vectors,cancer,0,cancer,0,0.7711306214332581,0.22886936366558075
./out_ep/train/cancer/tlung__AGCGTATTCTTCTGGC_LUNG_T09/vectors,vectors,cancer,0,cancer,0,0.7330325841903687,0.2669674754142761
./out_ep/train/cancer/tlung__AAACCTGGTCTAGCCG_LUNG_T19/vectors,vectors,cancer,0,cancer,0,0.7645689845085144,0.23543097078800201
./out_ep/train/cancer/tlung__TTCGGTCAGAGTACAT_LUNG_T34/vectors,vectors,cancer,0,cancer,0,0.7680352926254272,0.23196472227573395
./out_ep/train/cancer/tlung__AGGGATGGTCACTGGC_LUNG_T28/vectors,vectors,cancer,0,cancer,0,0.772537350654602,0.22746263444423676
./out_ep/train/cancer/tlung__TAGCCGGAGTTACGGG_LUNG_T34/vectors,vectors,cancer,0,cancer,0,0.7679958343505859,0.23200413584709167
./out_ep/train/cancer/tlung__GAACGGAGTCGCATCG_LUNG_T34/vectors,vectors,cancer,0,cancer,0,0.7628190517425537,0.2371809482574463
./out_ep/train/cancer/tlung__TTCGAAGAGTCCAGGA_LUNG_T31/vectors,vectors,cancer,0,cancer,0,0.7720086574554443,0.2279912829399109
./out_ep/train/cancer/tlung__CTCGAAACAGCCAATT_LUNG_T18/vectors,vectors,cancer,0,cancer,0,0.770987868309021,0.229012131690979
./out_ep/train/cancer/tlung__CGCGTTTGTCTCTTTA_LUNG_T30/vectors,vectors,cancer,0,cancer,0,0.7293602228164673,0.2706398665904999
./out_ep/train/cancer/tlung__GATCGCGGTAAATGTG_LUNG_T34/vectors,vectors,cancer,0,cancer,0,0.770020604133606,0.22997942566871643
./out_ep/train/cancer/tlung__ATCATGGCACCAGGCT_LUNG_T20/vectors,vectors,cancer,0,cancer,0,0.7697367668151855,0.23026327788829803
./out_ep/train/cancer/tlung__GGGAATGAGCTGAACG_LUNG_T28/vectors,vectors,cancer,0,cancer,0,0.7716136574745178,0.22838634252548218
./out_ep/train/cancer/tlung__TGGCCAGTCCTGCCAT_LUNG_T19/vectors,vectors,cancer,0,cancer,0,0.7659696936607361,0.2340303212404251
./out_ep/train/cancer/tlung__CACATAGGTTAAGATG_LUNG_T34/vectors,vectors,cancer,0,cancer,0,0.7709488272666931,0.22905120253562927
./out_ep/train/cancer/tlung__CTAGCCTAGTACGCCC_LUNG_T18/vectors,vectors,cancer,0,cancer,0,0.7714347839355469,0.22856520116329193
./out_ep/train/cancer/tlung__CCATGTCTCGGCGGTT_LUNG_T20/vectors,vectors,cancer,0,cancer,0,0.7636945247650146,0.23630550503730774
./out_ep/train/cancer/tlung__TCATTTGTCTAACTTC_LUNG_T20/vectors,vectors,cancer,0,cancer,0,0.7695906758308411,0.23040930926799774
./out_ep/train/cancer/tlung__TGCTACCTCCTTAATC_LUNG_T25/vectors,vectors,cancer,0,cancer,0,0.7546128034591675,0.2453872263431549
./out_ep/train/cancer/tlung__ACCGTAACAAGAAAGG_LUNG_T34/vectors,vectors,cancer,0,cancer,0,0.7690531611442566,0.2309468686580658
./out_ep/train/cancer/tlung__CAGTCCTTCCGCATCT_LUNG_T31/vectors,vectors,cancer,0,normal,1,0.3107074797153473,0.6892926096916199
./out_ep/train/cancer/tlung__AAAGCAAAGAGTGACC_LUNG_T34/vectors,vectors,cancer,0,cancer,0,0.750769853591919,0.24923020601272583
./out_ep/train/cancer/tlung__TTTACTGGTGTGTGCC_LUNG_T30/vectors,vectors,cancer,0,cancer,0,0.7228053212165833,0.27719467878341675
./out_ep/train/cancer/tlung__GTTCTCGAGATCCGAG_LUNG_T34/vectors,vectors,cancer,0,cancer,0,0.7618362903594971,0.23816373944282532
./out_ep/train/cancer/tlung__CAAGTTGCAAGCGTAG_LUNG_T18/vectors,vectors,cancer,0,cancer,0,0.7716014981269836,0.2283984273672104
./out_ep/train/cancer/tlung__GGTATTGTCCAATGGT_LUNG_T28/vectors,vectors,cancer,0,cancer,0,0.7723469138145447,0.22765305638313293
./out_ep/train/cancer/tlung__CGTAGGCGTATCAGTC_LUNG_T18/vectors,vectors,cancer,0,cancer,0,0.7664684653282166,0.23353150486946106
./out_ep/train/cancer/tlung__CGAGCCACATTCCTCG_LUNG_T31/vectors,vectors,cancer,0,cancer,0,0.7719442844390869,0.22805576026439667
./out_ep/train/cancer/tlung__ATCCACCCAGTAAGAT_LUNG_T28/vectors,vectors,cancer,0,cancer,0,0.7725453972816467,0.22745460271835327
./out_ep/train/cancer/tlung__ACGAGGATCAACGGGA_LUNG_T28/vectors,vectors,cancer,0,cancer,0,0.7714442014694214,0.22855576872825623
./out_ep/train/cancer/tlung__AGAGTGGTCTAACGGT_LUNG_T20/vectors,vectors,cancer,0,cancer,0,0.7165271043777466,0.2834729254245758
./out_ep/train/cancer/tlung__CCGGGATGTAAGAGGA_LUNG_T34/vectors,vectors,cancer,0,cancer,0,0.7165844440460205,0.2834155559539795
./out_ep/train/cancer/tlung__CCCATACAGGAATGGA_LUNG_T34/vectors,vectors,cancer,0,cancer,0,0.7713837027549744,0.22861632704734802
./out_ep/train/cancer/tlung__ATCACGAGTGCCTGGT_LUNG_T18/vectors,vectors,cancer,0,cancer,0,0.7707547545433044,0.22924524545669556
./out_ep/train/cancer/tlung__ACTGATGTCCCTGACT_LUNG_T34/vectors,vectors,cancer,0,cancer,0,0.7691236138343811,0.2308764010667801
./out_ep/train/cancer/tlung__CCTTACGGTTTGTTTC_LUNG_T28/vectors,vectors,cancer,0,cancer,0,0.7718139290809631,0.22818607091903687
./out_ep/train/cancer/tlung__TCACGAATCAGAAATG_LUNG_T28/vectors,vectors,cancer,0,cancer,0,0.7725386619567871,0.2274612933397293
./out_ep/train/cancer/tlung__ACGCCAGCACGGTAGA_LUNG_T18/vectors,vectors,cancer,0,cancer,0,0.7724931240081787,0.2275068759918213
./out_ep/train/cancer/tlung__CGGACGTTCTCATTCA_LUNG_T19/vectors,vectors,cancer,0,cancer,0,0.5339120030403137,0.4660879969596863
./out_ep/train/cancer/tlung__AAACGGGAGAGACTAT_LUNG_T34/vectors,vectors,cancer,0,cancer,0,0.7726178169250488,0.22738221287727356
./out_ep/train/cancer/tlung__TTCTCAAAGCTCAACT_LUNG_T34/vectors,vectors,cancer,0,cancer,0,0.7715907692909241,0.22840918600559235
./out_ep/train/cancer/tlung__CCCAGTTCATAGGATA_LUNG_T28/vectors,vectors,cancer,0,cancer,0,0.7724622488021851,0.22753772139549255
./out_ep/train/cancer/tlung__AAAGATGGTCGAATCT_LUNG_T34/vectors,vectors,cancer,0,cancer,0,0.7679605484008789,0.23203951120376587
./out_ep/train/cancer/tlung__TCGGGACTCCATGAAC_LUNG_T20/vectors,vectors,cancer,0,cancer,0,0.7678871154785156,0.23211291432380676
./out_ep/train/cancer/tlung__CGGAGCTGTTGTCGCG_LUNG_T34/vectors,vectors,cancer,0,cancer,0,0.7708329558372498,0.22916708886623383
./out_ep/train/cancer/tlung__GTCGGGTGTCACCTAA_LUNG_T30/vectors,vectors,cancer,0,cancer,0,0.7354502081871033,0.26454979181289673
./out_ep/train/cancer/tlung__GTAACGTCAAGCGAGT_LUNG_T18/vectors,vectors,cancer,0,cancer,0,0.7705551981925964,0.22944484651088715
./out_ep/train/cancer/tlung__CTGTGCTCAGTAACGG_LUNG_T18/vectors,vectors,cancer,0,cancer,0,0.7714442014694214,0.22855576872825623
./out_ep/train/cancer/tlung__TCACGAAGTACCGCTG_LUNG_T34/vectors,vectors,cancer,0,cancer,0,0.7723200917243958,0.22767987847328186
./out_ep/train/cancer/tlung__AACTCTTCAATAGCAA_LUNG_T18/vectors,vectors,cancer,0,cancer,0,0.772011399269104,0.22798863053321838
./out_ep/train/cancer/tlung__TCTCTAACACAGATTC_LUNG_T34/vectors,vectors,cancer,0,cancer,0,0.7557581067085266,0.244241863489151
./out_ep/train/cancer/tlung__GGGCACTCAACTGCGC_LUNG_T28/vectors,vectors,cancer,0,cancer,0,0.6000199317932129,0.3999800980091095
./out_ep/train/cancer/tlung__CTGATCCTCCCAACGG_LUNG_T28/vectors,vectors,cancer,0,cancer,0,0.7723925709724426,0.22760745882987976
./out_ep/train/cancer/tlung__TGGGCGTTCGCAAACT_LUNG_T34/vectors,vectors,cancer,0,cancer,0,0.7370250821113586,0.26297491788864136
./out_ep/train/cancer/tlung__ATGTGTGAGTTATCGC_LUNG_T34/vectors,vectors,cancer,0,cancer,0,0.7495830655097961,0.25041696429252625
./out_ep/train/cancer/tlung__CTTAGGAAGCTGCAAG_LUNG_T18/vectors,vectors,cancer,0,cancer,0,0.7719643712043762,0.22803561389446259
./out_ep/train/cancer/tlung__GTAGGCCCACTGCCAG_LUNG_T34/vectors,vectors,cancer,0,cancer,0,0.7703500986099243,0.22964994609355927
./out_ep/train/cancer/tlung__AGGCCGTCAGACAAGC_LUNG_T34/vectors,vectors,cancer,0,cancer,0,0.7695487141609192,0.230451300740242
./out_ep/train/cancer/tlung__TGCACCTGTTCTGAAC_LUNG_T34/vectors,vectors,cancer,0,cancer,0,0.7686463594436646,0.23135362565517426
./out_ep/train/cancer/tlung__TAGCCGGCAAATTGCC_LUNG_T20/vectors,vectors,cancer,0,cancer,0,0.7720409631729126,0.2279590666294098
./out_ep/train/cancer/tlung__GGTGCGTCAAAGCAAT_LUNG_T34/vectors,vectors,cancer,0,cancer,0,0.7717776894569397,0.22822237014770508
./out_ep/train/cancer/tlung__CGTCAGGAGCAGGCTA_LUNG_T34/vectors,vectors,cancer,0,cancer,0,0.768061101436615,0.2319389134645462
./out_ep/train/cancer/tlung__AACTGGTGTCCAGTAT_LUNG_T34/vectors,vectors,cancer,0,cancer,0,0.7666555047035217,0.23334446549415588
./out_ep/train/cancer/tlung__GGGAATGAGACAAAGG_LUNG_T34/vectors,vectors,cancer,0,cancer,0,0.7363991141319275,0.2636008858680725
./out_ep/train/cancer/tlung__CCGGGATAGAGACGAA_LUNG_T28/vectors,vectors,cancer,0,cancer,0,0.7721845507621765,0.2278154194355011
./out_ep/train/cancer/tlung__ATTACTCCAATGGTCT_LUNG_T30/vectors,vectors,cancer,0,cancer,0,0.7644138336181641,0.23558618128299713
./out_ep/train/cancer/tlung__ATCATCTCAGAGTGTG_LUNG_T34/vectors,vectors,cancer,0,cancer,0,0.770628035068512,0.22937199473381042
./out_ep/train/cancer/tlung__AACACGTGTGTTTGGT_LUNG_T18/vectors,vectors,cancer,0,cancer,0,0.7690002918243408,0.23099972307682037
./out_ep/train/cancer/tlung__TGCACCTAGTTCGCAT_LUNG_T18/vectors,vectors,cancer,0,cancer,0,0.7575198411941528,0.24248021841049194
./out_ep/train/cancer/tlung__GGAATAAGTACTTCTT_LUNG_T34/vectors,vectors,cancer,0,cancer,0,0.7714065313339233,0.22859345376491547
./out_ep/train/cancer/tlung__ATCTACTCAAGGTTCT_LUNG_T18/vectors,vectors,cancer,0,cancer,0,0.7691371440887451,0.23086285591125488
./out_ep/train/cancer/tlung__TTGGAACTCCTCTAGC_LUNG_T30/vectors,vectors,cancer,0,cancer,0,0.7092127203941345,0.2907872796058655
./out_ep/train/cancer/tlung__TGTGGTAGTCTAGTCA_LUNG_T19/vectors,vectors,cancer,0,cancer,0,0.7208198308944702,0.2791800796985626
./out_ep/train/cancer/tlung__AGATCTGCATGCCTTC_LUNG_T34/vectors,vectors,cancer,0,cancer,0,0.7693307995796204,0.23066920042037964
./out_ep/train/cancer/tlung__GGTGCGTTCAGTGTTG_LUNG_T28/vectors,vectors,cancer,0,cancer,0,0.6378154754638672,0.3621845543384552
./out_ep/train/cancer/tlung__GTGAAGGAGGTGATAT_LUNG_T20/vectors,vectors,cancer,0,cancer,0,0.7717602252960205,0.22823983430862427
./out_ep/train/cancer/tlung__TGACTTTAGAAGGTGA_LUNG_T34/vectors,vectors,cancer,0,cancer,0,0.7662389874458313,0.2337610125541687
./out_ep/train/cancer/tlung__AGCTTGACACCATCCT_LUNG_T34/vectors,vectors,cancer,0,cancer,0,0.7720369696617126,0.22796310484409332
./out_ep/train/cancer/tlung__CTTAACTGTCTAGTGT_LUNG_T19/vectors,vectors,cancer,0,cancer,0,0.7537415027618408,0.24625854194164276
./out_ep/train/cancer/tlung__CGAATGTTCGTCGTTC_LUNG_T19/vectors,vectors,cancer,0,normal,1,0.31802165508270264,0.6819783449172974
./out_ep/train/cancer/tlung__AACTTTCTCACCGTAA_LUNG_T34/vectors,vectors,cancer,0,cancer,0,0.7224933505058289,0.27750661969184875
./out_ep/train/cancer/tlung__GGCAATTGTCTTTCAT_LUNG_T28/vectors,vectors,cancer,0,cancer,0,0.7715263366699219,0.2284737527370453
./out_ep/train/cancer/tlung__TAGTGGTAGGGTGTGT_LUNG_T34/vectors,vectors,cancer,0,cancer,0,0.7700111269950867,0.22998887300491333
./out_ep/train/cancer/tlung__GCTGGGTAGAAAGTGG_LUNG_T34/vectors,vectors,cancer,0,cancer,0,0.7528326511383057,0.24716739356517792
./out_ep/train/cancer/tlung__TCATTTGCAGATAATG_LUNG_T18/vectors,vectors,cancer,0,cancer,0,0.7703527808189392,0.22964723408222198
./out_ep/train/cancer/tlung__GCTGCTTAGCGTAATA_LUNG_T34/vectors,vectors,cancer,0,cancer,0,0.7717453837394714,0.22825461626052856
./out_ep/train/cancer/tlung__AAATGCCGTAGTAGTA_LUNG_T20/vectors,vectors,cancer,0,cancer,0,0.7440611124038696,0.25593888759613037
./out_ep/train/cancer/tlung__ATTGGTGAGAAGGCCT_LUNG_T34/vectors,vectors,cancer,0,cancer,0,0.7725292444229126,0.22747066617012024
./out_ep/train/cancer/tlung__TTTGCGCAGTGTACTC_LUNG_T34/vectors,vectors,cancer,0,cancer,0,0.7716688513755798,0.22833122313022614
./out_ep/train/cancer/tlung__CTGGTCTTCGTGGGAA_LUNG_T34/vectors,vectors,cancer,0,cancer,0,0.7708841562271118,0.22911587357521057
./out_ep/train/cancer/tlung__GAGTCCGAGCTGATAA_LUNG_T34/vectors,vectors,cancer,0,cancer,0,0.767636775970459,0.23236320912837982
./out_ep/train/cancer/tlung__GGATGTTTCACCACCT_LUNG_T28/vectors,vectors,cancer,0,cancer,0,0.754759669303894,0.24524033069610596
./out_ep/train/cancer/tlung__CAGCATAGTCGAGATG_LUNG_T34/vectors,vectors,cancer,0,cancer,0,0.7717266082763672,0.228273406624794
./out_ep/train/cancer/tlung__CAAGAAAGTCTTCAAG_LUNG_T18/vectors,vectors,cancer,0,cancer,0,0.7607506513595581,0.2392493486404419
./out_ep/train/cancer/tlung__CTAAGACAGGACACCA_LUNG_T30/vectors,vectors,cancer,0,cancer,0,0.7246633172035217,0.27533668279647827
./out_ep/train/cancer/tlung__GAGCAGAGTACAGTGG_LUNG_T28/vectors,vectors,cancer,0,cancer,0,0.7676109671592712,0.23238909244537354
./out_ep/train/cancer/tlung__CGAGCACTCCGCTGTT_LUNG_T31/vectors,vectors,cancer,0,cancer,0,0.7378257513046265,0.26217421889305115
./out_ep/train/cancer/tlung__CCACGGAGTCATGCAT_LUNG_T20/vectors,vectors,cancer,0,cancer,0,0.7686830163002014,0.23131699860095978
./out_ep/train/cancer/tlung__GATGAAATCTAACGGT_LUNG_T28/vectors,vectors,cancer,0,cancer,0,0.7722315788269043,0.22776848077774048
./out_ep/train/cancer/tlung__ACCTTTAGTAGCGTAG_LUNG_T34/vectors,vectors,cancer,0,cancer,0,0.7623522281646729,0.23764781653881073
./out_ep/train/cancer/tlung__TAAGCGTCAAGCCATT_LUNG_T30/vectors,vectors,cancer,0,cancer,0,0.7473970651626587,0.2526029050350189
./out_ep/train/cancer/tlung__ATGTGTGAGACCTTTG_LUNG_T28/vectors,vectors,cancer,0,normal,1,0.3085530996322632,0.6914469003677368
./out_ep/train/cancer/tlung__ATCTGCCAGAGTTGGC_LUNG_T28/vectors,vectors,cancer,0,cancer,0,0.7698125243186951,0.2301875501871109
./out_ep/train/cancer/tlung__TTCCCAGCATCACGTA_LUNG_T34/vectors,vectors,cancer,0,cancer,0,0.7657617330551147,0.23423828184604645
./out_ep/train/cancer/tlung__AGAATAGGTTGAGGTG_LUNG_T28/vectors,vectors,cancer,0,cancer,0,0.7602810263633728,0.23971904814243317
./out_ep/train/cancer/tlung__GGACATTAGGTGATAT_LUNG_T20/vectors,vectors,cancer,0,cancer,0,0.7691181302070618,0.23088182508945465
./out_ep/train/cancer/tlung__CCTTCCCAGTGAAGAG_LUNG_T31/vectors,vectors,cancer,0,cancer,0,0.7724703550338745,0.22752968966960907
./out_ep/train/cancer/tlung__GGGATGACAATAACGA_LUNG_T30/vectors,vectors,cancer,0,cancer,0,0.7701178193092346,0.229882150888443
./out_ep/train/cancer/tlung__GAACGGATCATCATTC_LUNG_T25/vectors,vectors,cancer,0,cancer,0,0.7614027261734009,0.2385973185300827
./out_ep/train/cancer/tlung__CGACCTTAGTTGAGAT_LUNG_T25/vectors,vectors,cancer,0,cancer,0,0.7624599933624268,0.23754002153873444
./out_ep/train/cancer/tlung__TCTCTAATCTAAGCCA_LUNG_T28/vectors,vectors,cancer,0,cancer,0,0.7718246579170227,0.2281752973794937
./out_ep/train/cancer/tlung__CCGGTAGAGGCTAGAC_LUNG_T34/vectors,vectors,cancer,0,cancer,0,0.7580645680427551,0.24193549156188965
./out_ep/train/cancer/tlung__TACTTGTCATAAAGGT_LUNG_T20/vectors,vectors,cancer,0,cancer,0,0.7595070600509644,0.24049299955368042
./out_ep/train/cancer/tlung__CTGTTTAAGCGCCTTG_LUNG_T31/vectors,vectors,cancer,0,cancer,0,0.7705187201499939,0.22948123514652252
./out_ep/train/cancer/tlung__AGGCCACCACTGAAGG_LUNG_T09/vectors,vectors,cancer,0,cancer,0,0.768711507320404,0.23128852248191833
./out_ep/train/cancer/tlung__ACACTGATCCTAGTGA_LUNG_T30/vectors,vectors,cancer,0,cancer,0,0.7421590685844421,0.25784099102020264
./out_ep/train/cancer/tlung__TTAACTCTCCTAGAAC_LUNG_T34/vectors,vectors,cancer,0,cancer,0,0.7700017094612122,0.22999835014343262
./out_ep/train/cancer/tlung__TTCGGTCAGAGTTGGC_LUNG_T28/vectors,vectors,cancer,0,cancer,0,0.7725239396095276,0.22747604548931122
./out_ep/train/cancer/tlung__CGCTTCAGTACAGTTC_LUNG_T34/vectors,vectors,cancer,0,cancer,0,0.7703676223754883,0.2296323925256729
./out_ep/train/cancer/tlung__CCAGCGACAGTAAGAT_LUNG_T34/vectors,vectors,cancer,0,cancer,0,0.7714105844497681,0.22858943045139313
./out_ep/train/cancer/tlung__AGTGAGGAGGATGGAA_LUNG_T18/vectors,vectors,cancer,0,cancer,0,0.7713715434074402,0.22862841188907623
./out_ep/train/cancer/tlung__CAAGGCCTCTCTGCTG_LUNG_T28/vectors,vectors,cancer,0,cancer,0,0.7634245157241821,0.23657548427581787
./out_ep/train/cancer/tlung__CTAGCCTAGAGTGACC_LUNG_T34/vectors,vectors,cancer,0,cancer,0,0.7704553008079529,0.22954465448856354
./out_ep/train/cancer/tlung__TGCTGCTCAGATCGGA_LUNG_T28/vectors,vectors,cancer,0,cancer,0,0.772672712802887,0.22732724249362946
./out_ep/train/cancer/tlung__ACGCCGATCTGAAAGA_LUNG_T34/vectors,vectors,cancer,0,cancer,0,0.7705308794975281,0.22946912050247192
./out_ep/train/cancer/tlung__TGGACGCCATGAGCGA_LUNG_T20/vectors,vectors,cancer,0,cancer,0,0.7674802541732788,0.2325197458267212
./out_ep/train/cancer/tlung__TGGCTGGCAAAGTGCG_LUNG_T34/vectors,vectors,cancer,0,cancer,0,0.7706698179244995,0.22933019697666168
./out_ep/train/cancer/tlung__CTCACACCACATTCGA_LUNG_T20/vectors,vectors,cancer,0,cancer,0,0.7549375891685486,0.24506241083145142
./out_ep/train/cancer/tlung__ACATGGTAGAGTACCG_LUNG_T08/vectors,vectors,cancer,0,cancer,0,0.7722691297531128,0.2277309000492096
./out_ep/train/cancer/tlung__ACTGAACTCTACTTAC_LUNG_T18/vectors,vectors,cancer,0,cancer,0,0.7724180221557617,0.22758197784423828
./out_ep/train/cancer/tlung__CACCACTTCCTCAATT_LUNG_T28/vectors,vectors,cancer,0,cancer,0,0.7722650766372681,0.22773492336273193
./out_ep/train/cancer/tlung__CAGCAGCGTTACTGAC_LUNG_T28/vectors,vectors,cancer,0,cancer,0,0.7725628614425659,0.22743719816207886
./out_ep/train/cancer/tlung__CGTTCTGGTAGCCTCG_LUNG_T28/vectors,vectors,cancer,0,cancer,0,0.7725762724876404,0.2274237722158432
./out_ep/train/cancer/tlung__CTGCCTACACAACGTT_LUNG_T34/vectors,vectors,cancer,0,cancer,0,0.7713055610656738,0.2286943644285202
./out_ep/train/cancer/tlung__GCAGTTAAGATGGCGT_LUNG_T18/vectors,vectors,cancer,0,cancer,0,0.7720972895622253,0.22790266573429108
./out_ep/train/cancer/tlung__AATCGGTGTCAGCTAT_LUNG_T28/vectors,vectors,cancer,0,cancer,0,0.7706630229949951,0.2293369472026825
./out_ep/train/cancer/tlung__GAGTCCGCAGCTCGCA_LUNG_T34/vectors,vectors,cancer,0,cancer,0,0.7712638974189758,0.22873610258102417
./out_ep/train/cancer/tlung__TCTTTCCGTAGATTAG_LUNG_T18/vectors,vectors,cancer,0,cancer,0,0.7724408507347107,0.2275591939687729
./out_ep/train/cancer/tlung__TACGGGCCACCACGTG_LUNG_T18/vectors,vectors,cancer,0,cancer,0,0.7700976133346558,0.22990240156650543
./out_ep/train/cancer/tlung__CAGTCCTTCAGGCAAG_LUNG_T28/vectors,vectors,cancer,0,cancer,0,0.7609561085700989,0.23904389142990112
./out_ep/train/cancer/tlung__TGAAAGAGTTCACCTC_LUNG_T18/vectors,vectors,cancer,0,cancer,0,0.7669175267219543,0.23308251798152924
./out_ep/train/cancer/tlung__TTAGTTCAGTTTCCTT_LUNG_T19/vectors,vectors,cancer,0,cancer,0,0.7413303256034851,0.2586696147918701
./out_ep/train/cancer/tlung__TAGCCGGCAGTCGATT_LUNG_T25/vectors,vectors,cancer,0,cancer,0,0.768859326839447,0.23114070296287537
./out_ep/train/cancer/tlung__AACTCCCTCGCCCTTA_LUNG_T31/vectors,vectors,cancer,0,normal,1,0.3112354874610901,0.6887645721435547
./out_ep/train/cancer/tlung__CCTACACTCTGTCTAT_LUNG_T34/vectors,vectors,cancer,0,cancer,0,0.7715719938278198,0.22842803597450256
./out_ep/train/cancer/tlung__CGCTGGACACCACGTG_LUNG_T34/vectors,vectors,cancer,0,cancer,0,0.7579498291015625,0.24205024540424347
./out_ep/train/cancer/tlung__ACCAGTATCCGTAGTA_LUNG_T28/vectors,vectors,cancer,0,cancer,0,0.770250141620636,0.22974979877471924
./out_ep/train/cancer/tlung__AACCATGGTAGGCTGA_LUNG_T20/vectors,vectors,cancer,0,normal,1,0.31724774837493896,0.682752251625061
./out_ep/train/cancer/tlung__ATTTCTGCAATCTACG_LUNG_T34/vectors,vectors,cancer,0,cancer,0,0.7686545848846436,0.23134547472000122
./out_ep/train/cancer/tlung__ACTGTCCTCGTTTATC_LUNG_T34/vectors,vectors,cancer,0,cancer,0,0.7701854109764099,0.22981463372707367
./out_ep/train/cancer/tlung__GGGACCTTCAAGGCTT_LUNG_T18/vectors,vectors,cancer,0,cancer,0,0.765544056892395,0.23445594310760498
./out_ep/train/cancer/tlung__CACTCCAGTCGAATCT_LUNG_T34/vectors,vectors,cancer,0,cancer,0,0.7682866454124451,0.23171335458755493
./out_ep/train/cancer/tlung__GTTCATTTCGATGAGG_LUNG_T34/vectors,vectors,cancer,0,cancer,0,0.7705605030059814,0.22943942248821259
./out_ep/train/cancer/tlung__GCGCAACAGCCACGTC_LUNG_T34/vectors,vectors,cancer,0,cancer,0,0.7711360454559326,0.22886395454406738
./out_ep/train/cancer/tlung__TGTGTTTAGCCACCTG_LUNG_T28/vectors,vectors,cancer,0,cancer,0,0.7717910408973694,0.22820889949798584
./out_ep/train/cancer/tlung__GCGGGTTTCGGATGTT_LUNG_T28/vectors,vectors,cancer,0,cancer,0,0.771922767162323,0.2280772477388382
./out_ep/train/cancer/tlung__CTGTGCTTCATGGTCA_LUNG_T31/vectors,vectors,cancer,0,normal,1,0.34341222047805786,0.6565877199172974
./out_ep/train/cancer/tlung__TGGTTCCCAGCTCCGA_LUNG_T28/vectors,vectors,cancer,0,cancer,0,0.7379674315452576,0.26203256845474243
./out_ep/train/cancer/tlung__CAGCTGGGTCACCTAA_LUNG_T18/vectors,vectors,cancer,0,cancer,0,0.7268998622894287,0.2731000483036041
./out_ep/train/cancer/tlung__CTAACTTCAGGATCGA_LUNG_T18/vectors,vectors,cancer,0,cancer,0,0.7726365923881531,0.2273634672164917
./out_ep/train/cancer/tlung__CCAGCGAGTCAAGCGA_LUNG_T20/vectors,vectors,cancer,0,cancer,0,0.7658629417419434,0.23413704335689545
./out_ep/train/cancer/tlung__GTCACGGCATTCTTAC_LUNG_T18/vectors,vectors,cancer,0,cancer,0,0.7688606977462769,0.23113934695720673
./out_ep/train/cancer/tlung__TGAAAGACAGCAGTTT_LUNG_T18/vectors,vectors,cancer,0,cancer,0,0.7707008123397827,0.2292991578578949
./out_ep/train/cancer/tlung__TGCACCTGTAGAGGAA_LUNG_T34/vectors,vectors,cancer,0,cancer,0,0.7591012716293335,0.2408987432718277
./out_ep/train/cancer/tlung__AGTAGTCAGGTGTTAA_LUNG_T34/vectors,vectors,cancer,0,cancer,0,0.7715370059013367,0.22846299409866333
./out_ep/train/cancer/tlung__GATCGATGTGTCCTCT_LUNG_T34/vectors,vectors,cancer,0,cancer,0,0.7722584009170532,0.22774161398410797
./out_ep/train/cancer/tlung__CACCTTGAGAATGTGT_LUNG_T30/vectors,vectors,cancer,0,cancer,0,0.6667443513870239,0.33325567841529846
./out_ep/train/cancer/tlung__TATCAGGTCATATCGG_LUNG_T18/vectors,vectors,cancer,0,cancer,0,0.7723898887634277,0.22761015594005585
./out_ep/train/cancer/tlung__AAAGTAGGTACCGAGA_LUNG_T06/vectors,vectors,cancer,0,cancer,0,0.7692604660987854,0.23073960840702057
./out_ep/train/cancer/tlung__CTTAACTAGATCCTGT_LUNG_T18/vectors,vectors,cancer,0,cancer,0,0.7724876999855042,0.22751224040985107
./out_ep/train/cancer/tlung__GACGTGCCAGCTCGAC_LUNG_T18/vectors,vectors,cancer,0,cancer,0,0.7686979174613953,0.23130208253860474
./out_ep/train/cancer/tlung__AGTGGGAGTCCCTTGT_LUNG_T20/vectors,vectors,cancer,0,cancer,0,0.770416259765625,0.22958379983901978
./out_ep/train/cancer/tlung__CCTACACCACTCGACG_LUNG_T28/vectors,vectors,cancer,0,cancer,0,0.7726768255233765,0.2273232489824295
./out_ep/train/cancer/tlung__CGAGCACCATTATCTC_LUNG_T34/vectors,vectors,cancer,0,cancer,0,0.771648645401001,0.2283513844013214
./out_ep/train/cancer/tlung__TTAGTTCGTGTAATGA_LUNG_T28/vectors,vectors,cancer,0,cancer,0,0.7697975635528564,0.23020242154598236
./out_ep/train/cancer/tlung__CCTCAGTCATGAAGTA_LUNG_T28/vectors,vectors,cancer,0,cancer,0,0.7724341154098511,0.22756586968898773
./out_ep/train/cancer/tlung__TGCCAAATCAACGAAA_LUNG_T18/vectors,vectors,cancer,0,cancer,0,0.7665312886238098,0.233468696475029
./out_ep/train/cancer/tlung__CGAACATAGACATAAC_LUNG_T19/vectors,vectors,cancer,0,normal,1,0.27894529700279236,0.7210547924041748
./out_ep/train/cancer/tlung__CTCGTACAGCCTATGT_LUNG_T34/vectors,vectors,cancer,0,cancer,0,0.7712221741676331,0.22877779603004456
./out_ep/train/cancer/tlung__GGACAAGAGGATGGAA_LUNG_T30/vectors,vectors,cancer,0,cancer,0,0.7688064575195312,0.23119357228279114
./out_ep/train/cancer/tlung__TGGCCAGCAGCTGTGC_LUNG_T28/vectors,vectors,cancer,0,cancer,0,0.7723818421363831,0.22761820256710052
./out_ep/train/cancer/tlung__AAGGTTCGTGATAAGT_LUNG_T18/vectors,vectors,cancer,0,cancer,0,0.7694918513298035,0.23050810396671295
./out_ep/train/cancer/tlung__TTCTCAAAGGATGTAT_LUNG_T34/vectors,vectors,cancer,0,cancer,0,0.7714133262634277,0.22858673334121704
./out_ep/train/cancer/tlung__ACGGAGATCATAGCAC_LUNG_T18/vectors,vectors,cancer,0,cancer,0,0.7628894448280334,0.23711054027080536
./out_ep/train/cancer/tlung__CACACCTGTTCGTTGA_LUNG_T20/vectors,vectors,cancer,0,cancer,0,0.7463181018829346,0.25368183851242065
./out_ep/train/cancer/tlung__GTGAAGGCACAACTGT_LUNG_T34/vectors,vectors,cancer,0,cancer,0,0.7697908878326416,0.23020921647548676
./out_ep/train/cancer/tlung__ACCTTTAGTCGCTTCT_LUNG_T34/vectors,vectors,cancer,0,cancer,0,0.7495458126068115,0.2504541873931885
./out_ep/train/cancer/tlung__ACGCAGCAGGCTCAGA_LUNG_T34/vectors,vectors,cancer,0,cancer,0,0.7724730372428894,0.22752700746059418
./out_ep/train/cancer/tlung__CACATTTAGACTAAGT_LUNG_T18/vectors,vectors,cancer,0,cancer,0,0.7712787389755249,0.22872130572795868
./out_ep/train/cancer/tlung__TTTACTGGTCTCACCT_LUNG_T31/vectors,vectors,cancer,0,normal,1,0.3490021526813507,0.6509979367256165
./out_ep/train/cancer/tlung__AGCATACTCATAGCAC_LUNG_T34/vectors,vectors,cancer,0,cancer,0,0.7497662901878357,0.2502336800098419
./out_ep/train/cancer/tlung__GCGGGTTGTGACGCCT_LUNG_T25/vectors,vectors,cancer,0,cancer,0,0.7580420970916748,0.2419578582048416
./out_ep/train/cancer/tlung__TGCCCATGTTTCCACC_LUNG_T06/vectors,vectors,cancer,0,cancer,0,0.7538236379623413,0.24617640674114227
./out_ep/train/cancer/tlung__GTAACTGGTCATACTG_LUNG_T18/vectors,vectors,cancer,0,cancer,0,0.76933354139328,0.23066650331020355
./out_ep/train/cancer/tlung__TCGCGTTGTATTCTCT_LUNG_T18/vectors,vectors,cancer,0,cancer,0,0.7698976397514343,0.23010239005088806
./out_ep/train/cancer/tlung__TACTCATAGGCTCTTA_LUNG_T28/vectors,vectors,cancer,0,cancer,0,0.7115452289581299,0.2884547710418701
./out_ep/train/cancer/tlung__CCGTGGACAGGTCGTC_LUNG_T34/vectors,vectors,cancer,0,cancer,0,0.7606478929519653,0.23935213685035706
./out_ep/train/cancer/tlung__GGTATTGTCTGCGACG_LUNG_T31/vectors,vectors,cancer,0,normal,1,0.3133491277694702,0.6866507530212402
./out_ep/train/cancer/tlung__CCGTACTGTGGACGAT_LUNG_T34/vectors,vectors,cancer,0,cancer,0,0.7625871896743774,0.23741289973258972
./out_ep/train/cancer/tlung__CCTTCGATCTGGAGCC_LUNG_T34/vectors,vectors,cancer,0,cancer,0,0.766680121421814,0.23331990838050842
./out_ep/train/cancer/tlung__AGCATACTCTTGTACT_LUNG_T31/vectors,vectors,cancer,0,cancer,0,0.7388119101524353,0.2611881196498871
./out_ep/train/cancer/tlung__GTCGGGTAGACAAGCC_LUNG_T34/vectors,vectors,cancer,0,cancer,0,0.7713190913200378,0.22868092358112335
./out_ep/train/cancer/tlung__CCGGTAGTCAATCACG_LUNG_T34/vectors,vectors,cancer,0,cancer,0,0.7591235637664795,0.2408764362335205
./out_ep/train/cancer/tlung__CAGAGAGTCGTCTGAA_LUNG_T34/vectors,vectors,cancer,0,cancer,0,0.766509473323822,0.23349055647850037
./out_ep/train/cancer/tlung__AACTCAGTCCGTTGCT_LUNG_T34/vectors,vectors,cancer,0,cancer,0,0.7654139995574951,0.23458606004714966
./out_ep/train/cancer/tlung__GTCGTAACAGCCTGTG_LUNG_T31/vectors,vectors,cancer,0,cancer,0,0.7522600293159485,0.24773992598056793
./out_ep/train/cancer/tlung__CGTGTCTTCGAGCCCA_LUNG_T34/vectors,vectors,cancer,0,cancer,0,0.7612764835357666,0.23872347176074982
./out_ep/train/cancer/tlung__TCTCATATCTGCCAGG_LUNG_T18/vectors,vectors,cancer,0,cancer,0,0.7723321914672852,0.22766780853271484
./out_ep/train/cancer/tlung__GACGTTACAAGAGTCG_LUNG_T34/vectors,vectors,cancer,0,cancer,0,0.7687087655067444,0.23129121959209442
./out_ep/train/cancer/tlung__ACCGTAATCACAAACC_LUNG_T06/vectors,vectors,cancer,0,cancer,0,0.6297835111618042,0.3702164888381958
./out_ep/train/cancer/tlung__CGCCAAGGTATTACCG_LUNG_T34/vectors,vectors,cancer,0,cancer,0,0.7651152014732361,0.2348848283290863
./out_ep/train/cancer/tlung__CCTACCAGTTTAAGCC_LUNG_T18/vectors,vectors,cancer,0,cancer,0,0.7610920667648315,0.23890791833400726
./out_ep/train/cancer/tlung__TGGGCGTGTTATCCGA_LUNG_T18/vectors,vectors,cancer,0,cancer,0,0.7717252373695374,0.22827477753162384
./out_ep/train/cancer/tlung__TTTACTGTCCGCAAGC_LUNG_T34/vectors,vectors,cancer,0,cancer,0,0.7651234269142151,0.2348766177892685
./out_ep/train/cancer/tlung__ATTATCCGTAATAGCA_LUNG_T31/vectors,vectors,cancer,0,cancer,0,0.7493782639503479,0.2506217956542969
./out_ep/train/cancer/tlung__CATCCACCAAAGGTGC_LUNG_T28/vectors,vectors,cancer,0,cancer,0,0.7722154855728149,0.22778454422950745
./out_ep/train/cancer/tlung__TCTCATATCCAGAGGA_LUNG_T28/vectors,vectors,cancer,0,cancer,0,0.7723120450973511,0.22768795490264893
./out_ep/train/cancer/tlung__TCGGTAAAGAGTTGGC_LUNG_T09/vectors,vectors,cancer,0,cancer,0,0.7128510475158691,0.28714898228645325
./out_ep/train/cancer/tlung__TCATTACGTCTGCAAT_LUNG_T18/vectors,vectors,cancer,0,cancer,0,0.7724931240081787,0.2275068759918213
./out_ep/train/cancer/tlung__ATAACGCGTCAGAAGC_LUNG_T28/vectors,vectors,cancer,0,cancer,0,0.7724381685256958,0.22756187617778778
./out_ep/train/cancer/tlung__GCTTCCAGTTCGTGAT_LUNG_T31/vectors,vectors,cancer,0,cancer,0,0.7689501643180847,0.23104986548423767
./out_ep/train/cancer/tlung__CAGCTAACAGGTGGAT_LUNG_T34/vectors,vectors,cancer,0,normal,1,0.2912957966327667,0.7087042331695557
./out_ep/train/cancer/tlung__GGGACCTGTTCATGGT_LUNG_T34/vectors,vectors,cancer,0,cancer,0,0.7691926956176758,0.2308073341846466
./out_ep/train/cancer/tlung__TCAACGACACGACTCG_LUNG_T28/vectors,vectors,cancer,0,cancer,0,0.769633948802948,0.230366051197052
./out_ep/train/cancer/tlung__CTCCTAGGTGTAATGA_LUNG_T34/vectors,vectors,cancer,0,cancer,0,0.7683125138282776,0.2316875457763672
./out_ep/train/cancer/tlung__TGCCAAATCTGGTATG_LUNG_T28/vectors,vectors,cancer,0,cancer,0,0.7724971175193787,0.22750286757946014
./out_ep/train/cancer/tlung__ATCTGCCTCACATGCA_LUNG_T20/vectors,vectors,cancer,0,cancer,0,0.7679320573806763,0.23206806182861328
./out_ep/train/cancer/tlung__CGAATGTCAATGGTCT_LUNG_T18/vectors,vectors,cancer,0,cancer,0,0.7690626382827759,0.2309373915195465
./out_ep/train/cancer/tlung__TTGGCAAGTGCAGTAG_LUNG_T19/vectors,vectors,cancer,0,normal,1,0.28865212202072144,0.7113478779792786
./out_ep/train/cancer/tlung__TGGACGCAGGGTGTGT_LUNG_T34/vectors,vectors,cancer,0,cancer,0,0.7714186310768127,0.22858136892318726
./out_ep/train/cancer/tlung__AACCATGCACCCTATC_LUNG_T28/vectors,vectors,cancer,0,cancer,0,0.7057628631591797,0.2942371368408203
./out_ep/train/cancer/tlung__ATAAGAGCACATCTTT_LUNG_T34/vectors,vectors,cancer,0,cancer,0,0.7479742169380188,0.2520257532596588
./out_ep/train/cancer/tlung__GGGATGAGTGGCCCTA_LUNG_T34/vectors,vectors,cancer,0,cancer,0,0.769577145576477,0.23042288422584534
./out_ep/train/cancer/tlung__TTTATGCCAAGTCTAC_LUNG_T28/vectors,vectors,cancer,0,cancer,0,0.7726754546165466,0.22732459008693695
./out_ep/train/cancer/tlung__GTCCTCAAGGTGATTA_LUNG_T34/vectors,vectors,cancer,0,cancer,0,0.7711104154586792,0.2288895696401596
./out_ep/train/cancer/tlung__TTTATGCTCGGCCGAT_LUNG_T28/vectors,vectors,cancer,0,cancer,0,0.7715935111045837,0.22840651869773865
./out_ep/train/cancer/tlung__GCATGTATCATGCATG_LUNG_T18/vectors,vectors,cancer,0,cancer,0,0.7702637314796448,0.229736328125
./out_ep/train/cancer/tlung__TTAACTCCATGCCACG_LUNG_T28/vectors,vectors,cancer,0,cancer,0,0.7724528312683105,0.22754710912704468
./out_ep/train/cancer/tlung__GCACTCTCAACAACCT_LUNG_T28/vectors,vectors,cancer,0,cancer,0,0.7724475264549255,0.22755247354507446
./out_ep/train/cancer/tlung__TACAGTGAGCTAGCCC_LUNG_T19/vectors,vectors,cancer,0,cancer,0,0.763469934463501,0.23653000593185425
./out_ep/train/cancer/tlung__CGAATGTTCAACACCA_LUNG_T28/vectors,vectors,cancer,0,cancer,0,0.6443737149238586,0.35562628507614136
./out_ep/train/cancer/tlung__ACCCACTAGAAGAAGC_LUNG_T28/vectors,vectors,cancer,0,cancer,0,0.7716190814971924,0.2283809781074524
./out_ep/train/cancer/tlung__ACGTCAACAGTAACGG_LUNG_T34/vectors,vectors,cancer,0,cancer,0,0.772034227848053,0.2279658019542694
./out_ep/train/cancer/tlung__TCTATTGCAGCCTTGG_LUNG_T34/vectors,vectors,cancer,0,cancer,0,0.7658165097236633,0.23418353497982025
./out_ep/train/cancer/tlung__CTGATAGGTGAGTGAC_LUNG_T18/vectors,vectors,cancer,0,cancer,0,0.7708693146705627,0.22913070023059845
./out_ep/train/cancer/tlung__ATCTACTAGCCCTAAT_LUNG_T08/vectors,vectors,cancer,0,cancer,0,0.7463672161102295,0.2536327540874481
./out_ep/train/cancer/tlung__CTTGGCTGTAGCCTAT_LUNG_T34/vectors,vectors,cancer,0,cancer,0,0.7696989178657532,0.2303011268377304
./out_ep/train/cancer/tlung__GTTCGGGCAGTTCATG_LUNG_T34/vectors,vectors,cancer,0,cancer,0,0.7707452774047852,0.22925469279289246
./out_ep/train/cancer/tlung__GGTATTGAGTTTAGGA_LUNG_T34/vectors,vectors,cancer,0,cancer,0,0.7668288350105286,0.23317117989063263
./out_ep/train/cancer/tlung__CGTCTACTCCTAAGTG_LUNG_T34/vectors,vectors,cancer,0,cancer,0,0.7662703990936279,0.23372957110404968
./out_ep/train/cancer/tlung__TGATTTCCACATTTCT_LUNG_T28/vectors,vectors,cancer,0,cancer,0,0.7726339101791382,0.2273661345243454
./out_ep/train/cancer/tlung__CGACCTTTCCATGAAC_LUNG_T25/vectors,vectors,cancer,0,cancer,0,0.726725697517395,0.273274302482605
./out_ep/train/cancer/tlung__CATCAAGTCCGCGCAA_LUNG_T34/vectors,vectors,cancer,0,cancer,0,0.77033931016922,0.22966071963310242
./out_ep/train/cancer/tlung__ATGGGAGCACATTCGA_LUNG_T18/vectors,vectors,cancer,0,cancer,0,0.7721415758132935,0.22785836458206177
./out_ep/train/cancer/tlung__GTAACGTCAAGCCCAC_LUNG_T34/vectors,vectors,cancer,0,cancer,0,0.7720690965652466,0.22793084383010864
./out_ep/train/cancer/tlung__GACCAATAGCTCCTTC_LUNG_T34/vectors,vectors,cancer,0,cancer,0,0.707278311252594,0.29272162914276123
./out_ep/train/cancer/tlung__CCCATACGTGAAGGCT_LUNG_T34/vectors,vectors,cancer,0,cancer,0,0.7700530290603638,0.22994700074195862
./out_ep/train/cancer/tlung__CAAGAAAGTGTTTGTG_LUNG_T30/vectors,vectors,cancer,0,cancer,0,0.7208321690559387,0.2791678309440613
./out_ep/train/cancer/tlung__TGACGGCTCGGATGTT_LUNG_T34/vectors,vectors,cancer,0,cancer,0,0.772489070892334,0.22751089930534363
./out_ep/train/cancer/tlung__GGACAAGTCCCAACGG_LUNG_T20/vectors,vectors,cancer,0,cancer,0,0.7598913908004761,0.24010856449604034
./out_ep/train/cancer/tlung__CTTGGCTAGTTACGGG_LUNG_T18/vectors,vectors,cancer,0,cancer,0,0.7708706259727478,0.22912932932376862
./out_ep/train/cancer/tlung__TAAACCGGTTCGCTAA_LUNG_T34/vectors,vectors,cancer,0,cancer,0,0.7647544741630554,0.23524563014507294
./out_ep/train/cancer/tlung__GATCAGTCATACGCTA_LUNG_T34/vectors,vectors,cancer,0,cancer,0,0.7614872455596924,0.23851278424263
./out_ep/train/cancer/tlung__AACCATGGTGAAAGAG_LUNG_T28/vectors,vectors,cancer,0,cancer,0,0.7710767388343811,0.2289232313632965
./out_ep/train/cancer/tlung__GTTTCTAAGTGTACTC_LUNG_T31/vectors,vectors,cancer,0,cancer,0,0.769122302532196,0.23087778687477112
./out_ep/train/cancer/tlung__TGCGTGGCAGGATTGG_LUNG_T34/vectors,vectors,cancer,0,cancer,0,0.7700178623199463,0.22998212277889252
./out_ep/train/cancer/tlung__ATCTGCCTCGTAGGAG_LUNG_T18/vectors,vectors,cancer,0,cancer,0,0.7723335027694702,0.22766649723052979
./out_ep/train/cancer/tlung__TACACGAGTTGAGGTG_LUNG_T28/vectors,vectors,cancer,0,cancer,0,0.771672785282135,0.2283271849155426
./out_ep/train/cancer/tlung__GGGCACTAGGTTCCTA_LUNG_T34/vectors,vectors,cancer,0,cancer,0,0.7715814113616943,0.22841861844062805
./out_ep/train/cancer/tlung__TACCTATTCTGCTTGC_LUNG_T20/vectors,vectors,cancer,0,cancer,0,0.728186845779419,0.2718130648136139
./out_ep/train/cancer/tlung__CATATTCCATCGATGT_LUNG_T18/vectors,vectors,cancer,0,cancer,0,0.7716661691665649,0.22833392024040222
./out_ep/train/cancer/tlung__CTAACTTCATCAGTCA_LUNG_T34/vectors,vectors,cancer,0,cancer,0,0.7561733722686768,0.24382667243480682
./out_ep/train/cancer/tlung__CCTACCAAGATGTCGG_LUNG_T34/vectors,vectors,cancer,0,cancer,0,0.7673985958099365,0.23260146379470825
./out_ep/train/cancer/tlung__TTAGGACTCGAGAGCA_LUNG_T20/vectors,vectors,cancer,0,cancer,0,0.758910059928894,0.24108994007110596
./out_ep/train/cancer/tlung__CAACCTCGTGCGAAAC_LUNG_T34/vectors,vectors,cancer,0,cancer,0,0.7686979174613953,0.23130208253860474
./out_ep/train/cancer/tlung__TTGACTTTCTGCGTAA_LUNG_T34/vectors,vectors,cancer,0,cancer,0,0.7700327634811401,0.22996726632118225
./out_ep/train/cancer/tlung__CTAACTTTCGTTACAG_LUNG_T34/vectors,vectors,cancer,0,cancer,0,0.7715854048728943,0.22841456532478333
./out_ep/train/cancer/tlung__ACCCACTGTCTAGTCA_LUNG_T28/vectors,vectors,cancer,0,cancer,0,0.7725065350532532,0.22749347984790802
./out_ep/train/cancer/tlung__TCAATCTGTCTAGCCG_LUNG_T34/vectors,vectors,cancer,0,cancer,0,0.7589714527130127,0.24102850258350372
./out_ep/train/cancer/tlung__ACCTTTAGTATTACCG_LUNG_T34/vectors,vectors,cancer,0,cancer,0,0.7598385214805603,0.2401614636182785
./out_ep/train/cancer/tlung__CCCAATCGTAGCTCCG_LUNG_T34/vectors,vectors,cancer,0,cancer,0,0.7650493383407593,0.23495066165924072
./out_ep/train/cancer/tlung__CGTGAGCAGGCACATG_LUNG_T34/vectors,vectors,cancer,0,cancer,0,0.7721644639968872,0.22783558070659637
./out_ep/train/cancer/tlung__GCTGCGACACTCTGTC_LUNG_T34/vectors,vectors,cancer,0,cancer,0,0.7553650140762329,0.24463501572608948
./out_ep/train/cancer/tlung__ACTGAACGTCGTTGTA_LUNG_T34/vectors,vectors,cancer,0,cancer,0,0.7658219337463379,0.23417805135250092
./out_ep/train/cancer/tlung__GGTATTGTCCGCGCAA_LUNG_T34/vectors,vectors,cancer,0,cancer,0,0.7585078477859497,0.24149218201637268
./out_ep/train/cancer/tlung__AAGGCAGTCTGGCGTG_LUNG_T34/vectors,vectors,cancer,0,cancer,0,0.7705106735229492,0.22948934137821198
./out_ep/train/cancer/tlung__CATGACAAGTGAAGTT_LUNG_T34/vectors,vectors,cancer,0,cancer,0,0.7715598344802856,0.22844012081623077
./out_ep/train/cancer/tlung__CGGACACGTCATGCCG_LUNG_T34/vectors,vectors,cancer,0,cancer,0,0.7712209224700928,0.22877919673919678
./out_ep/train/cancer/tlung__GGGCATCCAGCTGCTG_LUNG_T25/vectors,vectors,cancer,0,cancer,0,0.7109310030937195,0.2890689969062805
./out_ep/train/cancer/tlung__CCCATACGTACTCTCC_LUNG_T34/vectors,vectors,cancer,0,cancer,0,0.7720221281051636,0.22797785699367523
./out_ep/train/cancer/tlung__GGTGCGTGTTCTGGTA_LUNG_T34/vectors,vectors,cancer,0,cancer,0,0.7556524872779846,0.24434751272201538
./out_ep/train/cancer/tlung__TACGGATAGGAGCGTT_LUNG_T34/vectors,vectors,cancer,0,cancer,0,0.7658698558807373,0.23413018882274628
./out_ep/train/cancer/tlung__GATTCAGAGGACAGCT_LUNG_T20/vectors,vectors,cancer,0,cancer,0,0.7687481045722961,0.23125191032886505
./out_ep/train/cancer/tlung__GGGATGAGTCCGAGTC_LUNG_T18/vectors,vectors,cancer,0,cancer,0,0.7718756794929504,0.2281242460012436
./out_ep/train/cancer/tlung__TGTGTTTGTCCAGTTA_LUNG_T28/vectors,vectors,cancer,0,cancer,0,0.7726500034332275,0.22735002636909485
./out_ep/train/cancer/tlung__GGGTTGCGTCGCTTCT_LUNG_T28/vectors,vectors,cancer,0,cancer,0,0.7724408507347107,0.2275591939687729
./out_ep/train/cancer/tlung__AAACGGGAGCAGACTG_LUNG_T19/vectors,vectors,cancer,0,normal,1,0.30541563034057617,0.6945843696594238
./out_ep/train/cancer/tlung__AGCTCCTTCTCCCTGA_LUNG_T34/vectors,vectors,cancer,0,cancer,0,0.7713863849639893,0.22861365973949432
./out_ep/train/cancer/tlung__TCGCGAGTCCTCAATT_LUNG_T34/vectors,vectors,cancer,0,cancer,0,0.772367000579834,0.22763295471668243
./out_ep/train/cancer/tlung__CTCAGAAAGATGTAAC_LUNG_T18/vectors,vectors,cancer,0,cancer,0,0.7613597512245178,0.23864030838012695
./out_ep/train/cancer/tlung__ATCATCTCACGGTGTC_LUNG_T30/vectors,vectors,cancer,0,cancer,0,0.7576501369476318,0.24234992265701294
./out_ep/train/cancer/tlung__TGAGCCGTCATGCAAC_LUNG_T34/vectors,vectors,cancer,0,cancer,0,0.7698354721069336,0.2301645576953888
./out_ep/train/cancer/tlung__CCAGCGAAGATCGGGT_LUNG_T30/vectors,vectors,cancer,0,normal,1,0.2979851961135864,0.7020148038864136
./out_ep/train/cancer/tlung__CGTGAGCGTGAAATCA_LUNG_T28/vectors,vectors,cancer,0,cancer,0,0.6392014026641846,0.3607986569404602
./out_ep/train/cancer/tlung__ATCCGAACAGCCAATT_LUNG_T18/vectors,vectors,cancer,0,cancer,0,0.7715867757797241,0.22841320931911469
./out_ep/train/cancer/tlung__AGATCTGTCCTCCTAG_LUNG_T19/vectors,vectors,cancer,0,cancer,0,0.7458180785179138,0.25418195128440857
./out_ep/train/cancer/tlung__AAACCTGGTCACCCAG_LUNG_T34/vectors,vectors,cancer,0,cancer,0,0.7703932523727417,0.2296067178249359
./out_ep/train/cancer/tlung__AGGCCGTTCGGAGGTA_LUNG_T18/vectors,vectors,cancer,0,cancer,0,0.771354079246521,0.2286459356546402
./out_ep/train/cancer/tlung__GAACGGAAGATCCTGT_LUNG_T34/vectors,vectors,cancer,0,normal,1,0.3587619364261627,0.6412381529808044
./out_ep/train/cancer/tlung__GAAGCAGCAGCCAATT_LUNG_T31/vectors,vectors,cancer,0,cancer,0,0.7621697187423706,0.2378302961587906
./out_ep/train/cancer/tlung__CATGACATCATGCATG_LUNG_T18/vectors,vectors,cancer,0,cancer,0,0.7716123461723328,0.22838768362998962
./out_ep/train/cancer/tlung__ATCCACCGTGCAGTAG_LUNG_T18/vectors,vectors,cancer,0,cancer,0,0.7419487237930298,0.2580512762069702
./out_ep/train/cancer/tlung__CAGTAACCACTATCTT_LUNG_T28/vectors,vectors,cancer,0,cancer,0,0.7633018493652344,0.23669813573360443
./out_ep/train/cancer/tlung__GTACTTTCATCCAACA_LUNG_T34/vectors,vectors,cancer,0,cancer,0,0.7625802159309387,0.23741981387138367
./out_ep/train/cancer/tlung__ATCCACCGTACCCAAT_LUNG_T28/vectors,vectors,cancer,0,cancer,0,0.7721536755561829,0.22784630954265594
./out_ep/train/cancer/tlung__TGAGCCGGTGTCAATC_LUNG_T18/vectors,vectors,cancer,0,cancer,0,0.7714791893959045,0.22852081060409546
./out_ep/train/cancer/tlung__GTATCTTCAGTCAGCC_LUNG_T18/vectors,vectors,cancer,0,cancer,0,0.7720180749893188,0.22798188030719757
./out_ep/train/cancer/tlung__ATCATGGTCTGCTGTC_LUNG_T25/vectors,vectors,cancer,0,cancer,0,0.7245674133300781,0.27543261647224426
./out_ep/train/cancer/tlung__CTTAACTTCAGCCTAA_LUNG_T34/vectors,vectors,cancer,0,cancer,0,0.7693524360656738,0.23064753413200378
./out_ep/train/cancer/tlung__GTTTCTAAGCACACAG_LUNG_T28/vectors,vectors,cancer,0,cancer,0,0.600980818271637,0.39901915192604065
./out_ep/train/cancer/tlung__TGTCCCACAAAGTCAA_LUNG_T18/vectors,vectors,cancer,0,cancer,0,0.7724958062171936,0.22750422358512878
./out_ep/train/cancer/tlung__CACACCTTCTCGGACG_LUNG_T28/vectors,vectors,cancer,0,cancer,0,0.7725949883460999,0.22740499675273895
./out_ep/train/cancer/tlung__ACGGAGAAGTCGTTTG_LUNG_T34/vectors,vectors,cancer,0,cancer,0,0.7719764709472656,0.22802352905273438
./out_ep/train/cancer/tlung__TCATTTGAGCCAGTAG_LUNG_T28/vectors,vectors,cancer,0,cancer,0,0.7719643712043762,0.22803561389446259
./out_ep/train/cancer/tlung__GTAGTCAGTGTCAATC_LUNG_T20/vectors,vectors,cancer,0,cancer,0,0.7713285088539124,0.22867149114608765
./out_ep/train/cancer/tlung__GCACATAAGGAGTAGA_LUNG_T18/vectors,vectors,cancer,0,cancer,0,0.7701637148857117,0.22983622550964355
./out_ep/train/cancer/tlung__CGATGGCAGTTACCCA_LUNG_T18/vectors,vectors,cancer,0,cancer,0,0.7660886645317078,0.233911395072937
./out_ep/train/cancer/tlung__GAACGGAAGCTCAACT_LUNG_T34/vectors,vectors,cancer,0,cancer,0,0.7620770335197449,0.23792296648025513
./out_ep/train/cancer/tlung__GTTCTCGCAGGCGATA_LUNG_T34/vectors,vectors,cancer,0,cancer,0,0.7716688513755798,0.22833122313022614
./out_ep/train/cancer/tlung__ACACCGGTCGTTACGA_LUNG_T34/vectors,vectors,cancer,0,cancer,0,0.7716822028160095,0.2283177673816681
./out_ep/train/cancer/tlung__CAAGGCCTCAACGAAA_LUNG_T18/vectors,vectors,cancer,0,cancer,0,0.7724649310112,0.22753503918647766
./out_ep/train/cancer/tlung__GTCGTAACAAAGCAAT_LUNG_T25/vectors,vectors,cancer,0,cancer,0,0.6959744095802307,0.3040255308151245
./out_ep/train/cancer/tlung__GAACCTAAGCCCAACC_LUNG_T34/vectors,vectors,cancer,0,cancer,0,0.7445707321166992,0.2554292678833008
./out_ep/train/cancer/tlung__GACGTTATCCTCAATT_LUNG_T34/vectors,vectors,cancer,0,cancer,0,0.7648409008979797,0.23515917360782623
./out_ep/train/cancer/tlung__GTCTCGTTCGTACGGC_LUNG_T34/vectors,vectors,cancer,0,cancer,0,0.7649258971214294,0.23507408797740936
./out_ep/train/cancer/tlung__GCGACCATCACATAGC_LUNG_T34/vectors,vectors,cancer,0,cancer,0,0.7717682123184204,0.2282317578792572
./out_ep/train/cancer/tlung__CAGAGAGTCAGGCCCA_LUNG_T34/vectors,vectors,cancer,0,cancer,0,0.7707938551902771,0.2292061746120453
./out_ep/train/cancer/tlung__GACAGAGCAAGTCATC_LUNG_T34/vectors,vectors,cancer,0,cancer,0,0.7688525319099426,0.23114749789237976
./out_ep/train/cancer/tlung__TTTGCGCAGAGTACCG_LUNG_T34/vectors,vectors,cancer,0,cancer,0,0.7714859247207642,0.22851409018039703
./out_ep/train/cancer/tlung__GAATGAACACTCAGGC_LUNG_T28/vectors,vectors,cancer,0,cancer,0,0.7718421220779419,0.22815784811973572
./out_ep/train/cancer/tlung__ATGAGGGAGCTGGAAC_LUNG_T18/vectors,vectors,cancer,0,cancer,0,0.7715612053871155,0.22843874990940094
./out_ep/train/cancer/tlung__CGGCTAGCAAGCTGGA_LUNG_T28/vectors,vectors,cancer,0,cancer,0,0.7718300223350525,0.22816994786262512
./out_ep/train/cancer/tlung__ATCTGCCGTTGCCTCT_LUNG_T30/vectors,vectors,cancer,0,cancer,0,0.7542085647583008,0.245791494846344
./out_ep/train/cancer/tlung__CGATTGAGTCAAAGAT_LUNG_T34/vectors,vectors,cancer,0,cancer,0,0.7502555847167969,0.2497444897890091
./out_ep/train/cancer/tlung__CTCGTACGTTACGGAG_LUNG_T28/vectors,vectors,cancer,0,cancer,0,0.7694878578186035,0.23051218688488007
./out_ep/train/cancer/tlung__GTGCATATCAGAGACG_LUNG_T34/vectors,vectors,cancer,0,cancer,0,0.7525116801261902,0.24748839437961578
./out_ep/train/cancer/tlung__CGTCCATCAATAGCAA_LUNG_T34/vectors,vectors,cancer,0,cancer,0,0.7695474028587341,0.23045265674591064
./out_ep/train/cancer/tlung__ATCCGAATCAGTTGAC_LUNG_T28/vectors,vectors,cancer,0,cancer,0,0.7720006704330444,0.22799932956695557
./out_ep/train/cancer/tlung__CGGAGTCGTTCCACTC_LUNG_T28/vectors,vectors,cancer,0,cancer,0,0.7713069915771484,0.22869303822517395
./out_ep/train/cancer/tlung__TCATTACGTGACCAAG_LUNG_T34/vectors,vectors,cancer,0,cancer,0,0.7697340846061707,0.2302660048007965
./out_ep/train/cancer/tlung__GGAAAGCTCTTCAACT_LUNG_T31/vectors,vectors,cancer,0,cancer,0,0.760020911693573,0.23997914791107178
./out_ep/train/cancer/tlung__CCGTGGAAGTAGGTGC_LUNG_T34/vectors,vectors,cancer,0,cancer,0,0.7711373567581177,0.22886264324188232
./out_ep/train/cancer/tlung__GATTCAGAGTATCGAA_LUNG_T18/vectors,vectors,cancer,0,cancer,0,0.7446694374084473,0.2553306221961975
./out_ep/train/cancer/tlung__AGGGAGTCACTTAAGC_LUNG_T34/vectors,vectors,cancer,0,cancer,0,0.7710350155830383,0.22896498441696167
./out_ep/train/cancer/tlung__GTGTGCGCATACGCCG_LUNG_T25/vectors,vectors,cancer,0,cancer,0,0.7719737887382507,0.22802621126174927
./out_ep/train/cancer/tlung__TCAGCAATCCCGGATG_LUNG_T34/vectors,vectors,cancer,0,cancer,0,0.7707560658454895,0.22924388945102692
./out_ep/train/cancer/tlung__GGACAGACACCCTATC_LUNG_T20/vectors,vectors,cancer,0,cancer,0,0.6978357434272766,0.3021641969680786
./out_ep/train/cancer/tlung__TTTGCGCTCAACCAAC_LUNG_T34/vectors,vectors,cancer,0,cancer,0,0.7485203742980957,0.2514796555042267
./out_ep/train/cancer/tlung__CCCAGTTGTCATTAGC_LUNG_T34/vectors,vectors,cancer,0,cancer,0,0.7619718909263611,0.2380281388759613
./out_ep/train/cancer/tlung__TACGGATGTAGTGAAT_LUNG_T28/vectors,vectors,cancer,0,cancer,0,0.7723026871681213,0.22769734263420105
./out_ep/train/cancer/tlung__CGGCTAGCACCTCGTT_LUNG_T34/vectors,vectors,cancer,0,cancer,0,0.769976019859314,0.23002400994300842
./out_ep/train/cancer/tlung__AAGGCAGTCGCAGGCT_LUNG_T34/vectors,vectors,cancer,0,cancer,0,0.7704809904098511,0.2295190393924713
./out_ep/train/cancer/tlung__CGACCTTCAAACGCGA_LUNG_T18/vectors,vectors,cancer,0,cancer,0,0.7694553732872009,0.23054465651512146
./out_ep/train/cancer/tlung__TCTTCGGTCCAAACTG_LUNG_T28/vectors,vectors,cancer,0,cancer,0,0.772483766078949,0.2275162637233734
./out_ep/train/cancer/tlung__AACTCAGAGCAATATG_LUNG_T34/vectors,vectors,cancer,0,cancer,0,0.7625138759613037,0.2374861091375351
./out_ep/train/cancer/tlung__GTGAAGGCAGCCACCA_LUNG_T34/vectors,vectors,cancer,0,cancer,0,0.7365309000015259,0.2634690999984741
./out_ep/train/cancer/tlung__CATCAAGCATGCGCAC_LUNG_T34/vectors,vectors,cancer,0,cancer,0,0.7578587532043457,0.24214120209217072
./out_ep/train/cancer/tlung__AAATGCCTCAGAGACG_LUNG_T34/vectors,vectors,cancer,0,cancer,0,0.7379350066184998,0.26206502318382263
./out_ep/train/cancer/tlung__CCAGCGAAGCGTTCCG_LUNG_T34/vectors,vectors,cancer,0,cancer,0,0.7704067826271057,0.22959324717521667
./out_ep/train/cancer/tlung__GATCTAGGTTTGGCGC_LUNG_T31/vectors,vectors,cancer,0,normal,1,0.4777863919734955,0.5222135782241821
./out_ep/train/cancer/tlung__TACGGTAAGATGCGAC_LUNG_T28/vectors,vectors,cancer,0,cancer,0,0.7725037932395935,0.22749613225460052
./out_ep/train/cancer/tlung__AAAGATGGTTGAGTTC_LUNG_T28/vectors,vectors,cancer,0,cancer,0,0.7720248103141785,0.22797520458698273
./out_ep/train/cancer/tlung__TGGCGCAGTTCCAACA_LUNG_T34/vectors,vectors,cancer,0,cancer,0,0.7656769156455994,0.2343231439590454
./out_ep/train/cancer/tlung__CGGACACAGGAATGGA_LUNG_T34/vectors,vectors,cancer,0,cancer,0,0.772035539150238,0.22796444594860077
./out_ep/train/cancer/tlung__AAATGCCTCAACACAC_LUNG_T09/vectors,vectors,cancer,0,cancer,0,0.7472083568572998,0.2527916729450226
./out_ep/train/cancer/tlung__CACAGTATCACAACGT_LUNG_T30/vectors,vectors,cancer,0,cancer,0,0.7470123171806335,0.25298768281936646
./out_ep/train/cancer/tlung__GTGCTTCGTGTGAATA_LUNG_T30/vectors,vectors,cancer,0,cancer,0,0.7411210536956787,0.2588788866996765
./out_ep/train/cancer/tlung__ACTATCTTCTTCCTTC_LUNG_T34/vectors,vectors,cancer,0,cancer,0,0.7682541012763977,0.23174595832824707
./out_ep/train/cancer/tlung__GGCTGGTTCGTTACGA_LUNG_T28/vectors,vectors,cancer,0,cancer,0,0.7726526856422424,0.22734735906124115
./out_ep/train/cancer/tlung__CAACTAGCACAAGACG_LUNG_T28/vectors,vectors,cancer,0,cancer,0,0.7727062106132507,0.22729375958442688
./out_ep/train/cancer/tlung__GCTTGAATCTGCGACG_LUNG_T18/vectors,vectors,cancer,0,cancer,0,0.7659956812858582,0.23400433361530304
./out_ep/train/cancer/tlung__TCTTTCCTCAAAGACA_LUNG_T34/vectors,vectors,cancer,0,cancer,0,0.6467373967170715,0.3532625734806061
./out_ep/train/cancer/tlung__CGTCAGGCAATCTACG_LUNG_T34/vectors,vectors,cancer,0,cancer,0,0.7652138471603394,0.23478610813617706
./out_ep/train/cancer/tlung__GATGCTAAGCAGATCG_LUNG_T18/vectors,vectors,cancer,0,cancer,0,0.7699679136276245,0.23003213107585907
./out_ep/train/cancer/tlung__CAGTCCTGTACAGTTC_LUNG_T34/vectors,vectors,cancer,0,cancer,0,0.700225830078125,0.2997741997241974
./out_ep/train/cancer/tlung__ACATCAGCATTGGTAC_LUNG_T18/vectors,vectors,cancer,0,cancer,0,0.7717467546463013,0.22825327515602112
./out_ep/train/cancer/tlung__ACTGTCCGTACATGTC_LUNG_T34/vectors,vectors,cancer,0,cancer,0,0.7700367569923401,0.22996319830417633
./out_ep/train/cancer/tlung__GTCACGGGTAACGCGA_LUNG_T34/vectors,vectors,cancer,0,cancer,0,0.7681100368499756,0.23188996315002441
./out_ep/train/cancer/tlung__GCTGCGAGTAACGTTC_LUNG_T30/vectors,vectors,cancer,0,cancer,0,0.6886369585990906,0.3113630414009094
./out_ep/train/cancer/tlung__CTAACTTGTGTTCTTT_LUNG_T34/vectors,vectors,cancer,0,cancer,0,0.7660571932792664,0.23394282162189484
./out_ep/train/cancer/tlung__TCAGGTATCGTAGGTT_LUNG_T28/vectors,vectors,cancer,0,cancer,0,0.7726017236709595,0.2273983210325241
./out_ep/train/cancer/tlung__GTCTCGTGTTCCATGA_LUNG_T34/vectors,vectors,cancer,0,cancer,0,0.7718865275382996,0.2281135469675064
./out_ep/train/cancer/tlung__GATCAGTTCACCATAG_LUNG_T34/vectors,vectors,cancer,0,cancer,0,0.7695744037628174,0.23042559623718262
./out_ep/train/cancer/tlung__GTGAAGGCATTACCTT_LUNG_T34/vectors,vectors,cancer,0,cancer,0,0.7717816829681396,0.22821833193302155
./out_ep/train/cancer/tlung__AAACCTGTCTGATTCT_LUNG_T34/vectors,vectors,cancer,0,cancer,0,0.7709999680519104,0.2290000021457672
./out_ep/train/cancer/tlung__TGTCCCACAGACTCGC_LUNG_T28/vectors,vectors,cancer,0,cancer,0,0.7493881583213806,0.2506117522716522
./out_ep/train/cancer/tlung__TGCTACCCAGCATGAG_LUNG_T34/vectors,vectors,cancer,0,cancer,0,0.7618210911750793,0.23817899823188782
./out_ep/train/cancer/tlung__GGACATTCAAGACACG_LUNG_T34/vectors,vectors,cancer,0,cancer,0,0.7696434259414673,0.2303566038608551
./out_ep/train/cancer/tlung__TATCTCAAGGTGTGGT_LUNG_T30/vectors,vectors,cancer,0,cancer,0,0.6714352369308472,0.32856476306915283
./out_ep/train/cancer/tlung__AACTTTCCAGGCTGAA_LUNG_T34/vectors,vectors,cancer,0,cancer,0,0.7684198021888733,0.23158030211925507
./out_ep/train/cancer/tlung__CTCGAAACAGTAAGAT_LUNG_T34/vectors,vectors,cancer,0,cancer,0,0.77109694480896,0.22890304028987885
./out_ep/train/cancer/tlung__TCAGGTAAGAAGAAGC_LUNG_T30/vectors,vectors,cancer,0,cancer,0,0.7598469257354736,0.24015313386917114
./out_ep/train/cancer/tlung__GCAATCATCCCAAGAT_LUNG_T30/vectors,vectors,cancer,0,normal,1,0.4978313744068146,0.5021686553955078
./out_ep/train/cancer/tlung__GTCACGGCATAACCTG_LUNG_T28/vectors,vectors,cancer,0,cancer,0,0.7176291346549988,0.28237083554267883
./out_ep/train/cancer/tlung__TGGCTGGCAACTGCTA_LUNG_T19/vectors,vectors,cancer,0,cancer,0,0.7595921158790588,0.2404080033302307
./out_ep/train/cancer/tlung__GTTTCTACAACGATCT_LUNG_T34/vectors,vectors,cancer,0,cancer,0,0.7697258591651917,0.23027406632900238
./out_ep/train/cancer/tlung__CGGACACCAGACAAAT_LUNG_T28/vectors,vectors,cancer,0,cancer,0,0.7725641131401062,0.22743584215641022
./out_ep/train/cancer/tlung__CGTGAGCAGCCCTAAT_LUNG_T20/vectors,vectors,cancer,0,cancer,0,0.7678082585334778,0.23219181597232819
./out_ep/train/cancer/tlung__GGATGTTGTAAACACA_LUNG_T18/vectors,vectors,cancer,0,cancer,0,0.7717266082763672,0.228273406624794
./out_ep/train/cancer/tlung__GTCACAAAGGCATGTG_LUNG_T30/vectors,vectors,cancer,0,normal,1,0.2857969105243683,0.7142031192779541
./out_ep/train/cancer/tlung__TCTCTAATCTGGCGTG_LUNG_T34/vectors,vectors,cancer,0,cancer,0,0.7406948804855347,0.25930508971214294
./out_ep/train/cancer/tlung__TACGGTACAAGTAATG_LUNG_T18/vectors,vectors,cancer,0,cancer,0,0.7719656825065613,0.22803425788879395
./out_ep/train/cancer/tlung__TTCTCAACAAACCCAT_LUNG_T31/vectors,vectors,cancer,0,cancer,0,0.7715826630592346,0.22841724753379822
./out_ep/train/cancer/tlung__ACAGCCGTCCGTCAAA_LUNG_T18/vectors,vectors,cancer,0,cancer,0,0.7711171507835388,0.2288828194141388
./out_ep/train/cancer/tlung__GCACATAGTGACAAAT_LUNG_T30/vectors,vectors,cancer,0,cancer,0,0.7575156092643738,0.24248440563678741
./out_ep/train/cancer/tlung__CAACTAGAGCGCCTTG_LUNG_T34/vectors,vectors,cancer,0,cancer,0,0.7629626393318176,0.23703739047050476
./out_ep/train/cancer/tlung__TTGCCGTAGATAGGAG_LUNG_T18/vectors,vectors,cancer,0,cancer,0,0.7674816846847534,0.23251837491989136
./out_ep/train/cancer/tlung__GATCGCGTCCGAGCCA_LUNG_T34/vectors,vectors,cancer,0,cancer,0,0.7712087035179138,0.22879129648208618
./out_ep/train/cancer/tlung__CCTTCCCCAGCCTATA_LUNG_T28/vectors,vectors,cancer,0,cancer,0,0.7721551060676575,0.2278449684381485
./out_ep/train/cancer/tlung__ACTGCTCCAAGGACAC_LUNG_T28/vectors,vectors,cancer,0,cancer,0,0.772720992565155,0.22727900743484497
./out_ep/train/cancer/tlung__CCTTACGCAGCTGTTA_LUNG_T34/vectors,vectors,cancer,0,cancer,0,0.7636215090751648,0.236378476023674
./out_ep/train/cancer/tlung__CTTGGCTGTCCGTGAC_LUNG_T18/vectors,vectors,cancer,0,cancer,0,0.770987868309021,0.229012131690979
./out_ep/train/cancer/tlung__CTCACACAGTGGGCTA_LUNG_T08/vectors,vectors,cancer,0,cancer,0,0.7668233513832092,0.23317661881446838
./out_ep/train/cancer/tlung__ACATGGTAGAGGTTAT_LUNG_T18/vectors,vectors,cancer,0,cancer,0,0.7718058824539185,0.22819411754608154
./out_ep/train/cancer/tlung__ACTGTCCTCACTCTTA_LUNG_T18/vectors,vectors,cancer,0,cancer,0,0.755422830581665,0.24457721412181854
./out_ep/train/cancer/tlung__GTCACGGTCTGGTGTA_LUNG_T34/vectors,vectors,cancer,0,cancer,0,0.7407886385917664,0.25921133160591125
./out_ep/train/cancer/tlung__GATCGATCAAGCGATG_LUNG_T09/vectors,vectors,cancer,0,cancer,0,0.5593239068984985,0.44067609310150146
./out_ep/train/cancer/tlung__ACATACGGTGTTTGGT_LUNG_T34/vectors,vectors,cancer,0,cancer,0,0.7445257902145386,0.2554742395877838
./out_ep/train/cancer/tlung__ACAGCCGAGCACACAG_LUNG_T34/vectors,vectors,cancer,0,cancer,0,0.7690707445144653,0.23092924058437347
./out_ep/train/cancer/tlung__CTCTACGCATCGGACC_LUNG_T30/vectors,vectors,cancer,0,cancer,0,0.7487069964408875,0.25129300355911255
./out_ep/train/cancer/tlung__GATCTAGTCGCCAGCA_LUNG_T34/vectors,vectors,cancer,0,cancer,0,0.7684414386749268,0.23155856132507324
./out_ep/train/cancer/tlung__ACTTGTTCACCGGAAA_LUNG_T19/vectors,vectors,cancer,0,cancer,0,0.5825114250183105,0.41748854517936707
./out_ep/train/cancer/tlung__ATTTCTGGTCTGGTCG_LUNG_T28/vectors,vectors,cancer,0,cancer,0,0.7726097702980042,0.22739024460315704
./out_ep/train/cancer/tlung__TCGTAGAGTACCTACA_LUNG_T18/vectors,vectors,cancer,0,cancer,0,0.7725869417190552,0.22741305828094482
./out_ep/train/cancer/tlung__CCTTTCTGTATAATGG_LUNG_T28/vectors,vectors,cancer,0,cancer,0,0.7715141773223877,0.2284858524799347
./out_ep/train/cancer/tlung__AGGCCACAGGCGACAT_LUNG_T30/vectors,vectors,cancer,0,cancer,0,0.6615676879882812,0.33843231201171875
./out_ep/train/cancer/tlung__CAGCATAAGACTGTAA_LUNG_T06/vectors,vectors,cancer,0,normal,1,0.27901893854141235,0.7209811210632324
./out_ep/train/cancer/tlung__GACACGCAGGCGACAT_LUNG_T34/vectors,vectors,cancer,0,cancer,0,0.7633914947509766,0.23660854995250702
./out_ep/train/cancer/tlung__TCTGAGATCAACACGT_LUNG_T18/vectors,vectors,cancer,0,cancer,0,0.7706724405288696,0.2293274849653244
./out_ep/train/cancer/tlung__GACTACACAGTCGTGC_LUNG_T18/vectors,vectors,cancer,0,cancer,0,0.7606770396232605,0.2393229454755783
./out_ep/train/cancer/tlung__CACACTCGTGTGAATA_LUNG_T30/vectors,vectors,cancer,0,cancer,0,0.7221490740776062,0.2778509557247162
./out_ep/train/cancer/tlung__TGTCCCATCGTTGCCT_LUNG_T34/vectors,vectors,cancer,0,cancer,0,0.7715598344802856,0.22844012081623077
./out_ep/train/cancer/tlung__AGAGCTTAGTTGAGAT_LUNG_T34/vectors,vectors,cancer,0,cancer,0,0.742391049861908,0.25760892033576965
./out_ep/train/cancer/tlung__GACTAACAGTGAAGTT_LUNG_T34/vectors,vectors,cancer,0,cancer,0,0.7535616159439087,0.2464384138584137
./out_ep/train/cancer/tlung__TACGGTACACTCAGGC_LUNG_T18/vectors,vectors,cancer,0,cancer,0,0.7709636092185974,0.2290363609790802
./out_ep/train/cancer/tlung__CCTATTACATATGGTC_LUNG_T34/vectors,vectors,cancer,0,cancer,0,0.7338960766792297,0.2661038935184479
./out_ep/train/cancer/tlung__CTGAAACAGACATAAC_LUNG_T20/vectors,vectors,cancer,0,cancer,0,0.7724246978759766,0.22757528722286224
./out_ep/train/cancer/tlung__CCTACCATCGTATCAG_LUNG_T34/vectors,vectors,cancer,0,cancer,0,0.7659997940063477,0.23400023579597473
./out_ep/train/cancer/tlung__TCTCTAACAAGGCTCC_LUNG_T20/vectors,vectors,cancer,0,cancer,0,0.7691209316253662,0.23087912797927856
./out_ep/train/cancer/tlung__TACTCGCAGAAACCAT_LUNG_T20/vectors,vectors,cancer,0,cancer,0,0.766333281993866,0.23366674780845642
./out_ep/train/cancer/tlung__AGAATAGAGGCTAGCA_LUNG_T34/vectors,vectors,cancer,0,cancer,0,0.7520439028739929,0.24795612692832947
./out_ep/train/cancer/tlung__AAGACCTAGAGATGAG_LUNG_T28/vectors,vectors,cancer,0,cancer,0,0.7724984884262085,0.2275015115737915
./out_ep/train/cancer/tlung__AGCCTAAGTAAACCTC_LUNG_T19/vectors,vectors,cancer,0,normal,1,0.3235871493816376,0.6764128804206848
./out_ep/train/cancer/tlung__TGCGGGTAGTATGACA_LUNG_T18/vectors,vectors,cancer,0,cancer,0,0.7706373929977417,0.22936256229877472
./out_ep/train/cancer/tlung__TCATTTGAGTCAAGCG_LUNG_T06/vectors,vectors,cancer,0,cancer,0,0.7457717657089233,0.25422823429107666
./out_ep/train/cancer/tlung__ACTTGTTTCTTGGGTA_LUNG_T18/vectors,vectors,cancer,0,cancer,0,0.7722033262252808,0.22779662907123566
./out_ep/train/cancer/tlung__TAAGAGATCGCTAGCG_LUNG_T30/vectors,vectors,cancer,0,cancer,0,0.7623605728149414,0.23763951659202576
./out_ep/train/cancer/tlung__TTTGTCACAGGTCGTC_LUNG_T18/vectors,vectors,cancer,0,cancer,0,0.76888507604599,0.2311149388551712
./out_ep/train/cancer/tlung__AGCTTGAGTCCAGTGC_LUNG_T34/vectors,vectors,cancer,0,cancer,0,0.7698720097541809,0.23012807965278625
./out_ep/train/cancer/tlung__CTCATTAGTTACGTCA_LUNG_T34/vectors,vectors,cancer,0,cancer,0,0.7689935564994812,0.23100648820400238
./out_ep/train/cancer/tlung__CAAGTTGAGGCTACGA_LUNG_T28/vectors,vectors,cancer,0,cancer,0,0.772691547870636,0.2273084968328476
./out_ep/train/cancer/tlung__CTGCTGTGTTCTGAAC_LUNG_T34/vectors,vectors,cancer,0,cancer,0,0.7722865343093872,0.2277134507894516
./out_ep/train/cancer/tlung__CTGCGGAAGCCACCTG_LUNG_T20/vectors,vectors,cancer,0,cancer,0,0.7598775029182434,0.2401224821805954
./out_ep/train/cancer/tlung__GCCTCTAAGTTCGCGC_LUNG_T34/vectors,vectors,cancer,0,cancer,0,0.7705457806587219,0.22945429384708405
./out_ep/train/cancer/tlung__GCGGGTTGTATATGAG_LUNG_T18/vectors,vectors,cancer,0,cancer,0,0.7718018293380737,0.22819815576076508
./out_ep/train/cancer/tlung__GGCTCGATCCTTAATC_LUNG_T34/vectors,vectors,cancer,0,cancer,0,0.7699449062347412,0.2300550937652588
./out_ep/train/cancer/tlung__CATATGGTCCCAAGTA_LUNG_T30/vectors,vectors,cancer,0,cancer,0,0.7681549191474915,0.23184514045715332
./out_ep/train/cancer/tlung__ACACCAAAGTAACCCT_LUNG_T34/vectors,vectors,cancer,0,cancer,0,0.7702988386154175,0.2297012209892273
./out_ep/train/cancer/tlung__CTACCCACAACACGCC_LUNG_T34/vectors,vectors,cancer,0,cancer,0,0.7573248744010925,0.2426750212907791
./out_ep/train/cancer/tlung__CAAGATCCAAGGGTCA_LUNG_T08/vectors,vectors,cancer,0,cancer,0,0.7578573822975159,0.24214263260364532
./out_ep/train/cancer/tlung__GACACGCAGGTGCTTT_LUNG_T34/vectors,vectors,cancer,0,cancer,0,0.7573543787002563,0.24264560639858246
./out_ep/train/cancer/tlung__TGAGGGATCACAACGT_LUNG_T18/vectors,vectors,cancer,0,cancer,0,0.7658137679100037,0.23418626189231873
./out_ep/train/cancer/tlung__CACCAGGGTATCTGCA_LUNG_T34/vectors,vectors,cancer,0,cancer,0,0.7656905651092529,0.23430944979190826
./out_ep/train/cancer/tlung__ATTATCCCAACGCACC_LUNG_T28/vectors,vectors,cancer,0,cancer,0,0.772720992565155,0.22727900743484497
./out_ep/train/cancer/tlung__TGAGAGGAGCGTGTCC_LUNG_T34/vectors,vectors,cancer,0,cancer,0,0.7615564465522766,0.2384434938430786
./out_ep/train/cancer/tlung__AGCGTCGGTCTGGAGA_LUNG_T34/vectors,vectors,cancer,0,cancer,0,0.7696664333343506,0.2303335964679718
./out_ep/train/cancer/tlung__AGTAGTCTCATGCATG_LUNG_T18/vectors,vectors,cancer,0,cancer,0,0.7712221741676331,0.22877779603004456
./out_ep/train/cancer/tlung__ACTTACTTCACCCTCA_LUNG_T34/vectors,vectors,cancer,0,cancer,0,0.7692753076553345,0.23072472214698792
./out_ep/train/cancer/tlung__CGCGGTAGTCAAACTC_LUNG_T34/vectors,vectors,cancer,0,cancer,0,0.768796980381012,0.231203094124794
./out_ep/train/cancer/tlung__GTCACGGAGATCTGCT_LUNG_T20/vectors,vectors,cancer,0,cancer,0,0.7678123116493225,0.23218770325183868
./out_ep/train/cancer/tlung__TTGGAACCACAAGTAA_LUNG_T09/vectors,vectors,cancer,0,normal,1,0.30580583214759827,0.6941941380500793
./out_ep/train/cancer/tlung__GACGTGCGTGTAACGG_LUNG_T18/vectors,vectors,cancer,0,cancer,0,0.772015392780304,0.22798457741737366
./out_ep/train/cancer/tlung__CGTCTACTCCACTCCA_LUNG_T28/vectors,vectors,cancer,0,cancer,0,0.7724193334579468,0.22758066654205322
./out_ep/train/cancer/tlung__TCTCATAGTTTCGCTC_LUNG_T34/vectors,vectors,cancer,0,cancer,0,0.7664535045623779,0.23354654014110565
./out_ep/train/cancer/tlung__CAGCTGGAGACAATAC_LUNG_T28/vectors,vectors,cancer,0,cancer,0,0.7725346684455872,0.22746533155441284
./out_ep/train/cancer/tlung__AGATCTGCAATGGACG_LUNG_T25/vectors,vectors,cancer,0,cancer,0,0.7713285088539124,0.22867149114608765
./out_ep/train/cancer/tlung__TAAACCGAGAAACGAG_LUNG_T28/vectors,vectors,cancer,0,cancer,0,0.771922767162323,0.2280772477388382
./out_ep/train/cancer/tlung__CGAACATAGCGCCTTG_LUNG_T28/vectors,vectors,cancer,0,cancer,0,0.7725534439086914,0.2274465709924698
./out_ep/train/cancer/tlung__TTGGAACTCGTGTAGT_LUNG_T30/vectors,vectors,cancer,0,cancer,0,0.6913313269615173,0.30866867303848267
./out_ep/train/cancer/tlung__CCGGGATTCAGAGGTG_LUNG_T34/vectors,vectors,cancer,0,cancer,0,0.7718703150749207,0.22812964022159576
./out_ep/train/cancer/tlung__ATAGACCTCTACCAGA_LUNG_T18/vectors,vectors,cancer,0,cancer,0,0.7703001499176025,0.22969986498355865
./out_ep/train/cancer/tlung__GGGATGAAGTTACGGG_LUNG_T34/vectors,vectors,cancer,0,cancer,0,0.7720275521278381,0.22797250747680664
./out_ep/train/cancer/tlung__CATCAGAAGCCAACAG_LUNG_T34/vectors,vectors,cancer,0,cancer,0,0.7706212997436523,0.22937874495983124
./out_ep/train/cancer/tlung__AACTCAGTCTCATTCA_LUNG_T19/vectors,vectors,cancer,0,cancer,0,0.7713311910629272,0.22866882383823395
./out_ep/train/cancer/tlung__GCGACCAAGTGACTCT_LUNG_T30/vectors,vectors,cancer,0,cancer,0,0.7686938643455505,0.23130616545677185
./out_ep/train/cancer/tlung__TCACAAGAGTTAAGTG_LUNG_T28/vectors,vectors,cancer,0,cancer,0,0.7663141489028931,0.23368586599826813
./out_ep/train/cancer/tlung__CTTAGGAAGATGGCGT_LUNG_T28/vectors,vectors,cancer,0,cancer,0,0.6883833408355713,0.3116166293621063
./out_ep/train/cancer/tlung__ACTTGTTGTAAGTAGT_LUNG_T34/vectors,vectors,cancer,0,cancer,0,0.7688552141189575,0.2311447709798813
./out_ep/train/cancer/tlung__GTGAAGGGTAACGCGA_LUNG_T25/vectors,vectors,cancer,0,cancer,0,0.6755304932594299,0.3244694471359253
./out_ep/train/cancer/tlung__ATGTGTGGTCGCGAAA_LUNG_T18/vectors,vectors,cancer,0,cancer,0,0.7720811367034912,0.22791878879070282
./out_ep/train/cancer/tlung__CACATTTAGAGATGAG_LUNG_T28/vectors,vectors,cancer,0,cancer,0,0.7718045711517334,0.22819548845291138
./out_ep/train/cancer/tlung__GAACGGACATCGTCGG_LUNG_T18/vectors,vectors,cancer,0,cancer,0,0.771988570690155,0.22801144421100616
./out_ep/train/cancer/tlung__CTGGTCTTCAAAGTAG_LUNG_T28/vectors,vectors,cancer,0,cancer,0,0.7724126577377319,0.22758735716342926
./out_ep/train/cancer/tlung__CGGACGTCAGGTGCCT_LUNG_T18/vectors,vectors,cancer,0,cancer,0,0.7699638605117798,0.2300361543893814
./out_ep/train/cancer/tlung__CTCATTATCATCACCC_LUNG_T34/vectors,vectors,cancer,0,cancer,0,0.7695757150650024,0.2304242104291916
./out_ep/train/cancer/tlung__TTCCCAGCAATCTGCA_LUNG_T06/vectors,vectors,cancer,0,cancer,0,0.7087640762329102,0.29123592376708984
./out_ep/train/cancer/tlung__AGGCCACAGTGAACAT_LUNG_T19/vectors,vectors,cancer,0,cancer,0,0.7645882964134216,0.23541173338890076
./out_ep/train/cancer/tlung__GCAAACTTCAGTTCGA_LUNG_T18/vectors,vectors,cancer,0,cancer,0,0.7649286389350891,0.2350713610649109
./out_ep/train/cancer/tlung__TCGCGAGGTACAGCAG_LUNG_T18/vectors,vectors,cancer,0,cancer,0,0.7725641131401062,0.22743584215641022
./out_ep/train/cancer/tlung__CTCGTACTCTCGTTTA_LUNG_T34/vectors,vectors,cancer,0,cancer,0,0.744206428527832,0.25579363107681274
./out_ep/train/cancer/tlung__CATCGAAGTAGCCTAT_LUNG_T34/vectors,vectors,cancer,0,cancer,0,0.772028923034668,0.2279711663722992
./out_ep/train/cancer/tlung__CCTACCAGTCCGAGTC_LUNG_T28/vectors,vectors,cancer,0,cancer,0,0.7714523077011108,0.22854770720005035
./out_ep/train/cancer/tlung__CGATTGAGTGCCTGCA_LUNG_T34/vectors,vectors,cancer,0,cancer,0,0.7670375108718872,0.23296253383159637
./out_ep/train/cancer/tlung__CGAACATAGTCATGCT_LUNG_T34/vectors,vectors,cancer,0,cancer,0,0.7632604837417603,0.23673948645591736
./out_ep/train/cancer/tlung__CATGACACATTTCACT_LUNG_T34/vectors,vectors,cancer,0,cancer,0,0.7574679255485535,0.24253202974796295
./out_ep/train/cancer/tlung__TCGCGTTAGAGGACGG_LUNG_T20/vectors,vectors,cancer,0,cancer,0,0.7716096043586731,0.2283903807401657
./out_ep/train/cancer/tlung__TGTTCCGAGGGTGTGT_LUNG_T28/vectors,vectors,cancer,0,cancer,0,0.7723791599273682,0.22762086987495422
./out_ep/train/cancer/tlung__AGCTCCTCAGATCGGA_LUNG_T30/vectors,vectors,cancer,0,cancer,0,0.7075752019882202,0.2924247682094574
./out_ep/train/cancer/tlung__GCACTCTAGGGTGTTG_LUNG_T34/vectors,vectors,cancer,0,cancer,0,0.7593690156936646,0.24063096940517426
./out_ep/train/cancer/tlung__TCAATCTGTGAAATCA_LUNG_T30/vectors,vectors,cancer,0,normal,1,0.33988580107688904,0.6601142287254333
./out_ep/train/cancer/tlung__GACACGCTCGGTTAAC_LUNG_T34/vectors,vectors,cancer,0,cancer,0,0.7685174942016602,0.23148256540298462
./out_ep/train/cancer/tlung__CTACATTGTCTTCTCG_LUNG_T18/vectors,vectors,cancer,0,cancer,0,0.7712182402610779,0.22878186404705048
./out_ep/train/cancer/tlung__GGGTTGCAGCTTATCG_LUNG_T28/vectors,vectors,cancer,0,cancer,0,0.7633914947509766,0.23660854995250702
./out_ep/train/cancer/tlung__TCACAAGCATTGGGCC_LUNG_T34/vectors,vectors,cancer,0,cancer,0,0.7717158198356628,0.22828415036201477
./out_ep/train/cancer/tlung__CAGCTAAGTAGAAAGG_LUNG_T34/vectors,vectors,cancer,0,cancer,0,0.7711212635040283,0.22887878119945526
./out_ep/train/cancer/tlung__GACACGCTCCTATGTT_LUNG_T31/vectors,vectors,cancer,0,cancer,0,0.7593020796775818,0.24069790542125702
./out_ep/train/cancer/tlung__CTCGGGACATTCGACA_LUNG_T28/vectors,vectors,cancer,0,cancer,0,0.7716553211212158,0.2283446490764618
./out_ep/train/cancer/tlung__CGGACTGAGTCCATAC_LUNG_T18/vectors,vectors,cancer,0,cancer,0,0.7711144685745239,0.22888551652431488
./out_ep/train/cancer/tlung__TGGTTCCCATGGTTGT_LUNG_T30/vectors,vectors,cancer,0,cancer,0,0.5479195713996887,0.45208045840263367
./out_ep/train/cancer/tlung__TACGGATAGTGTTGAA_LUNG_T18/vectors,vectors,cancer,0,cancer,0,0.7700422406196594,0.22995780408382416
./out_ep/train/cancer/tlung__TCACGAATCCGTACAA_LUNG_T34/vectors,vectors,cancer,0,cancer,0,0.761033833026886,0.2389662116765976
./out_ep/train/cancer/tlung__CAAGTTGAGATGTCGG_LUNG_T34/vectors,vectors,cancer,0,cancer,0,0.7613874077796936,0.238612562417984
./out_ep/train/cancer/tlung__GGATTACTCAAGCCTA_LUNG_T28/vectors,vectors,cancer,0,cancer,0,0.771877110004425,0.22812291979789734
./out_ep/train/cancer/tlung__GCTTGAAAGACAGGCT_LUNG_T25/vectors,vectors,cancer,0,cancer,0,0.7640728950500488,0.23592709004878998
./out_ep/train/cancer/tlung__GACACGCTCTCTTGAT_LUNG_T28/vectors,vectors,cancer,0,cancer,0,0.7726835012435913,0.22731652855873108
./out_ep/train/cancer/tlung__GCTTCCACACCAGCAC_LUNG_T20/vectors,vectors,cancer,0,cancer,0,0.7667633295059204,0.23323668539524078
./out_ep/train/cancer/tlung__CTCGAGGGTTCTCATT_LUNG_T28/vectors,vectors,cancer,0,cancer,0,0.7724609375,0.2275390774011612
./out_ep/train/cancer/tlung__CAGCTAAGTGATGATA_LUNG_T34/vectors,vectors,cancer,0,cancer,0,0.7707318067550659,0.2292681634426117
./out_ep/train/cancer/tlung__ACTGAACGTATAGGTA_LUNG_T34/vectors,vectors,cancer,0,cancer,0,0.7677279710769653,0.23227204382419586
./out_ep/train/cancer/tlung__AAATGCCTCCCTTGCA_LUNG_T18/vectors,vectors,cancer,0,cancer,0,0.7670606374740601,0.23293936252593994
./out_ep/train/cancer/tlung__CAGCATAGTGGCCCTA_LUNG_T34/vectors,vectors,cancer,0,cancer,0,0.7549179196357727,0.24508221447467804
./out_ep/train/cancer/tlung__CCCTCCTCAAATTGCC_LUNG_T30/vectors,vectors,cancer,0,cancer,0,0.6402704119682312,0.3597295880317688
./out_ep/train/cancer/tlung__CGTAGCGAGCTACCTA_LUNG_T31/vectors,vectors,cancer,0,cancer,0,0.7702623605728149,0.22973766922950745
./out_ep/train/cancer/tlung__TACTCATCACACAGAG_LUNG_T28/vectors,vectors,cancer,0,cancer,0,0.7727022171020508,0.22729775309562683
./out_ep/train/cancer/tlung__GACAGAGCAGCAGTTT_LUNG_T20/vectors,vectors,cancer,0,cancer,0,0.7710538506507874,0.22894611954689026
./out_ep/train/cancer/tlung__CATCGAAGTTCTGAAC_LUNG_T34/vectors,vectors,cancer,0,cancer,0,0.770915150642395,0.22908486425876617
./out_ep/train/cancer/tlung__TGGCTGGCAGGAATCG_LUNG_T28/vectors,vectors,cancer,0,cancer,0,0.7661433219909668,0.2338566780090332
./out_ep/train/cancer/tlung__CTGCGGATCGCCCTTA_LUNG_T34/vectors,vectors,cancer,0,cancer,0,0.7717453837394714,0.22825461626052856
./out_ep/train/cancer/tlung__GTGGGTCAGCTAGTCT_LUNG_T34/vectors,vectors,cancer,0,cancer,0,0.7714993357658386,0.228500634431839
./out_ep/train/cancer/tlung__CCGTACTTCCTCAACC_LUNG_T28/vectors,vectors,cancer,0,cancer,0,0.7596923112869263,0.24030770361423492
./out_ep/train/cancer/tlung__AGATCTGGTGTAACGG_LUNG_T25/vectors,vectors,cancer,0,cancer,0,0.7236512899398804,0.27634862065315247
./out_ep/train/cancer/tlung__TTCGAAGCACGCGAAA_LUNG_T34/vectors,vectors,cancer,0,cancer,0,0.7706887125968933,0.22931131720542908
./out_ep/train/cancer/tlung__TACAGTGTCCACGTGG_LUNG_T28/vectors,vectors,cancer,0,cancer,0,0.7490154504776001,0.2509844899177551
./out_ep/train/cancer/tlung__TAGACCAAGTTCGCAT_LUNG_T09/vectors,vectors,cancer,0,cancer,0,0.6166473031044006,0.38335269689559937
./out_ep/train/cancer/tlung__CATGCCTAGTCACGCC_LUNG_T34/vectors,vectors,cancer,0,cancer,0,0.7668260931968689,0.2331739068031311
./out_ep/train/cancer/tlung__GGCTCGACATGCAATC_LUNG_T31/vectors,vectors,cancer,0,normal,1,0.4573373794555664,0.5426625609397888
./out_ep/train/cancer/tlung__ACACTGAAGCGATAGC_LUNG_T34/vectors,vectors,cancer,0,cancer,0,0.7605701088905334,0.23942993581295013
./out_ep/train/cancer/tlung__TATTACCTCCGCAGTG_LUNG_T34/vectors,vectors,cancer,0,cancer,0,0.7590524554252625,0.24094760417938232
./out_ep/train/cancer/tlung__ACTTGTTTCCCTTGTG_LUNG_T18/vectors,vectors,cancer,0,cancer,0,0.7721577286720276,0.2278422862291336
./out_ep/train/cancer/tlung__AGGGATGGTGAAGGCT_LUNG_T34/vectors,vectors,cancer,0,cancer,0,0.770308256149292,0.229691743850708
./out_ep/train/cancer/tlung__CCTTCCCTCAGTGTTG_LUNG_T28/vectors,vectors,cancer,0,cancer,0,0.7723469138145447,0.22765305638313293
./out_ep/train/cancer/tlung__TCATTTGAGTTGTCGT_LUNG_T18/vectors,vectors,cancer,0,cancer,0,0.7501554489135742,0.24984455108642578
./out_ep/train/cancer/tlung__GGAAAGCTCATCGGAT_LUNG_T28/vectors,vectors,cancer,0,cancer,0,0.7727223038673401,0.22727768123149872
./out_ep/train/cancer/tlung__TTATGCTCAGTAAGAT_LUNG_T34/vectors,vectors,cancer,0,cancer,0,0.7716230750083923,0.22837693989276886
./out_ep/train/cancer/tlung__TTTGTCATCAGGCAAG_LUNG_T34/vectors,vectors,cancer,0,cancer,0,0.7709784507751465,0.2290215641260147
./out_ep/train/cancer/tlung__TGTCCCATCTGACCTC_LUNG_T34/vectors,vectors,cancer,0,cancer,0,0.768319308757782,0.23168078064918518
./out_ep/train/cancer/tlung__CACAGTACAACGATGG_LUNG_T34/vectors,vectors,cancer,0,cancer,0,0.769647479057312,0.23035253584384918
./out_ep/train/cancer/tlung__ACGAGCCGTTAGAACA_LUNG_T20/vectors,vectors,cancer,0,cancer,0,0.7715786695480347,0.22842127084732056
./out_ep/train/cancer/tlung__CGTTGGGAGTGAATTG_LUNG_T30/vectors,vectors,cancer,0,cancer,0,0.7672378420829773,0.2327622026205063
./out_ep/train/cancer/tlung__CTGATAGTCTGTCTCG_LUNG_T34/vectors,vectors,cancer,0,cancer,0,0.7721792459487915,0.22782079875469208
./out_ep/train/cancer/tlung__TTGCCGTAGCGTGAGT_LUNG_T34/vectors,vectors,cancer,0,cancer,0,0.7723214626312256,0.2276785671710968
./out_ep/train/cancer/tlung__AAGGCAGCATGACGGA_LUNG_T34/vectors,vectors,cancer,0,cancer,0,0.7720826268196106,0.22791744768619537
./out_ep/train/cancer/tlung__AGTGTCATCTGGGCCA_LUNG_T20/vectors,vectors,cancer,0,cancer,0,0.7718287110328674,0.22817128896713257
./out_ep/train/cancer/tlung__CGATCGGAGCAATCTC_LUNG_T34/vectors,vectors,cancer,0,cancer,0,0.7656453251838684,0.23435461521148682
./out_ep/train/cancer/tlung__CAAGATCGTTGGTTTG_LUNG_T09/vectors,vectors,cancer,0,normal,1,0.3506680130958557,0.6493319869041443
./out_ep/train/cancer/tlung__ACTGAGTAGGCCATAG_LUNG_T34/vectors,vectors,cancer,0,cancer,0,0.7634933590888977,0.2365065962076187
./out_ep/train/cancer/tlung__ATCCGAACACCGTTGG_LUNG_T20/vectors,vectors,cancer,0,normal,1,0.3223109543323517,0.6776889562606812
./out_ep/train/cancer/tlung__CTACATTGTAAGAGAG_LUNG_T18/vectors,vectors,cancer,0,cancer,0,0.7715531587600708,0.2284468412399292
./out_ep/train/cancer/tlung__TTAGGCAAGTTTCCTT_LUNG_T28/vectors,vectors,cancer,0,cancer,0,0.7679075598716736,0.23209252953529358
./out_ep/train/cancer/tlung__ATCCACCCAATAGCAA_LUNG_T30/vectors,vectors,cancer,0,cancer,0,0.573687732219696,0.42631226778030396
./out_ep/train/cancer/tlung__AAGGCAGAGCGTGAAC_LUNG_T34/vectors,vectors,cancer,0,cancer,0,0.7625802159309387,0.23741981387138367
./out_ep/train/cancer/tlung__CTTAACTTCTTTACGT_LUNG_T19/vectors,vectors,cancer,0,cancer,0,0.7625332474708557,0.23746678233146667
./out_ep/train/cancer/tlung__CGGACTGTCTATCCCG_LUNG_T30/vectors,vectors,cancer,0,cancer,0,0.7649012207984924,0.23509877920150757
./out_ep/train/cancer/tlung__TAGTGGTAGGGTTTCT_LUNG_T18/vectors,vectors,cancer,0,cancer,0,0.7621835470199585,0.23781649768352509
./out_ep/train/cancer/tlung__CACATTTAGTACACCT_LUNG_T34/vectors,vectors,cancer,0,cancer,0,0.7578097581863403,0.24219022691249847
./out_ep/train/cancer/tlung__CAGCAGCCAGTAGAGC_LUNG_T19/vectors,vectors,cancer,0,cancer,0,0.693545937538147,0.306454062461853
./out_ep/train/cancer/tlung__ATCCACCGTGGCCCTA_LUNG_T18/vectors,vectors,cancer,0,cancer,0,0.7724716067314148,0.22752833366394043
./out_ep/train/cancer/tlung__CTCGGGAAGAGTCTGG_LUNG_T18/vectors,vectors,cancer,0,cancer,0,0.7714617252349854,0.22853830456733704
./out_ep/train/cancer/tlung__GACGCGTGTGAAGGCT_LUNG_T34/vectors,vectors,cancer,0,cancer,0,0.7645099759101868,0.23549002408981323
./out_ep/train/cancer/tlung__TACGGGCAGTCGTACT_LUNG_T19/vectors,vectors,cancer,0,cancer,0,0.6710665225982666,0.3289334774017334
./out_ep/train/cancer/tlung__CGTTGGGGTATGAATG_LUNG_T20/vectors,vectors,cancer,0,cancer,0,0.7631901502609253,0.23680980503559113
./out_ep/train/cancer/tlung__CATTATCTCATAAAGG_LUNG_T34/vectors,vectors,cancer,0,cancer,0,0.7708450555801392,0.22915495932102203
./out_ep/train/cancer/tlung__GTTTCTAAGTTATCGC_LUNG_T34/vectors,vectors,cancer,0,cancer,0,0.7624530792236328,0.2375469207763672
./out_ep/train/cancer/tlung__ACGGCCATCACCTTAT_LUNG_T18/vectors,vectors,cancer,0,cancer,0,0.7699476480484009,0.2300523817539215
./out_ep/train/cancer/tlung__CGTTAGAGTACTTAGC_LUNG_T34/vectors,vectors,cancer,0,cancer,0,0.7668070197105408,0.233193039894104
./out_ep/train/cancer/tlung__TACAGTGTCCGTTGCT_LUNG_T34/vectors,vectors,cancer,0,cancer,0,0.7716123461723328,0.22838768362998962
./out_ep/train/cancer/tlung__AATCCAGGTACCGTAT_LUNG_T34/vectors,vectors,cancer,0,cancer,0,0.7717480659484863,0.22825191915035248
./out_ep/train/cancer/tlung__GGGATGAAGTTAGGTA_LUNG_T34/vectors,vectors,cancer,0,cancer,0,0.7717453837394714,0.22825461626052856
./out_ep/train/cancer/tlung__AGGGAGTTCAGAAATG_LUNG_T25/vectors,vectors,cancer,0,cancer,0,0.7707304954528809,0.22926953434944153
./out_ep/train/cancer/tlung__GCTTCCACACTCTGTC_LUNG_T18/vectors,vectors,cancer,0,cancer,0,0.7711737155914307,0.22882626950740814
./out_ep/train/cancer/tlung__GCACATACACAGACTT_LUNG_T18/vectors,vectors,cancer,0,cancer,0,0.7706496119499207,0.22935044765472412
./out_ep/train/cancer/tlung__ACGGAGAGTCGGGTCT_LUNG_T19/vectors,vectors,cancer,0,cancer,0,0.7669475078582764,0.23305250704288483
./out_ep/train/cancer/tlung__ACTTACTAGTTTCCTT_LUNG_T19/vectors,vectors,cancer,0,normal,1,0.3333336412906647,0.6666663885116577
./out_ep/train/cancer/tlung__AACCGCGCACATTCGA_LUNG_T34/vectors,vectors,cancer,0,cancer,0,0.7683315277099609,0.23166853189468384
./out_ep/train/cancer/tlung__GGCTCGATCACCCTCA_LUNG_T19/vectors,vectors,cancer,0,cancer,0,0.740763783454895,0.259236216545105
./out_ep/train/cancer/tlung__CCCAGTTGTATAGTAG_LUNG_T18/vectors,vectors,cancer,0,cancer,0,0.7719845771789551,0.2280154824256897
./out_ep/train/cancer/tlung__CTACACCAGTTGTAGA_LUNG_T34/vectors,vectors,cancer,0,cancer,0,0.7717158198356628,0.22828415036201477
./out_ep/train/cancer/tlung__CGAGCCACAGGGTACA_LUNG_T20/vectors,vectors,cancer,0,cancer,0,0.763760507106781,0.23623943328857422
./out_ep/train/cancer/tlung__ACAGCTATCCTTGGTC_LUNG_T18/vectors,vectors,cancer,0,cancer,0,0.7592323422431946,0.24076762795448303
./out_ep/train/cancer/tlung__CTTAGGAAGAGTACAT_LUNG_T31/vectors,vectors,cancer,0,cancer,0,0.6127913594245911,0.3872086703777313
./out_ep/train/cancer/tlung__CAGCCGATCAGTGCAT_LUNG_T34/vectors,vectors,cancer,0,cancer,0,0.7603018283843994,0.23969817161560059
./out_ep/train/cancer/tlung__AACTCAGTCACAGGCC_LUNG_T20/vectors,vectors,cancer,0,cancer,0,0.7698273062705994,0.23017266392707825
./out_ep/train/cancer/tlung__CTTCTCTAGTCTCAAC_LUNG_T09/vectors,vectors,cancer,0,normal,1,0.3295114040374756,0.6704886555671692
./out_ep/train/cancer/tlung__GACACGCAGTACGACG_LUNG_T34/vectors,vectors,cancer,0,cancer,0,0.7680434584617615,0.2319565862417221
./out_ep/train/cancer/tlung__TTTATGCCAAGCTGGA_LUNG_T34/vectors,vectors,cancer,0,cancer,0,0.7657713294029236,0.2342287003993988
./out_ep/train/cancer/tlung__CGGAGCTGTATCGCAT_LUNG_T18/vectors,vectors,cancer,0,cancer,0,0.7683911919593811,0.2316087931394577
./out_ep/train/cancer/tlung__ACTGAGTGTCCTAGCG_LUNG_T34/vectors,vectors,cancer,0,cancer,0,0.7654892802238464,0.23451073467731476
./out_ep/train/cancer/tlung__TTTACTGAGACTAAGT_LUNG_T30/vectors,vectors,cancer,0,cancer,0,0.7660244107246399,0.23397564888000488
./out_ep/train/cancer/tlung__CTAGTGAAGACCACGA_LUNG_T28/vectors,vectors,cancer,0,cancer,0,0.6605556607246399,0.3394443392753601
./out_ep/train/cancer/tlung__CTCTGGTGTCTCTCGT_LUNG_T18/vectors,vectors,cancer,0,cancer,0,0.7715209126472473,0.22847911715507507
./out_ep/train/cancer/tlung__CGTGAGCGTAAGTTCC_LUNG_T28/vectors,vectors,cancer,0,cancer,0,0.7699057459831238,0.23009426891803741
./out_ep/train/cancer/tlung__TGCCAAAGTTCGTGAT_LUNG_T18/vectors,vectors,cancer,0,cancer,0,0.7716014981269836,0.2283984273672104
./out_ep/train/cancer/tlung__AGTGTCAAGGCTCAGA_LUNG_T34/vectors,vectors,cancer,0,cancer,0,0.7689678072929382,0.23103225231170654
./out_ep/train/cancer/tlung__GGTGTTACACATGTGT_LUNG_T18/vectors,vectors,cancer,0,cancer,0,0.7650534510612488,0.23494654893875122
./out_ep/train/cancer/tlung__ACCGTAAAGCTAAACA_LUNG_T09/vectors,vectors,cancer,0,cancer,0,0.5434142351150513,0.4565858542919159
./out_ep/train/cancer/tlung__GTCACGGTCTCAAGTG_LUNG_T28/vectors,vectors,cancer,0,cancer,0,0.7706307172775269,0.22936931252479553
./out_ep/train/cancer/tlung__TTAGTTCAGAAGGTTT_LUNG_T20/vectors,vectors,cancer,0,cancer,0,0.7624793648719788,0.23752065002918243
./out_ep/train/cancer/tlung__ATGAGGGCACCTGGTG_LUNG_T20/vectors,vectors,cancer,0,cancer,0,0.770628035068512,0.22937199473381042
./out_ep/train/cancer/tlung__CCTATTAAGGTGATTA_LUNG_T18/vectors,vectors,cancer,0,cancer,0,0.7691317796707153,0.23086827993392944
./out_ep/train/cancer/tlung__GTGCAGCCACGGATAG_LUNG_T34/vectors,vectors,cancer,0,cancer,0,0.7675184011459351,0.23248162865638733
./out_ep/train/cancer/tlung__ACCTTTAGTGAGTATA_LUNG_T28/vectors,vectors,cancer,0,cancer,0,0.7720503211021423,0.22794967889785767
./out_ep/train/cancer/tlung__CACTCCAAGACCACGA_LUNG_T34/vectors,vectors,cancer,0,cancer,0,0.7676327228546143,0.23236732184886932
./out_ep/train/cancer/tlung__GTACTCCTCATAGCAC_LUNG_T18/vectors,vectors,cancer,0,cancer,0,0.7704243063926697,0.22957569360733032
./out_ep/train/cancer/tlung__AGCGTATTCCTTGCCA_LUNG_T18/vectors,vectors,cancer,0,cancer,0,0.7636806964874268,0.23631927371025085
./out_ep/train/cancer/tlung__TATTACCAGCATGGCA_LUNG_T34/vectors,vectors,cancer,0,cancer,0,0.7674353122711182,0.23256468772888184
./out_ep/train/cancer/tlung__AAACGGGAGGGCATGT_LUNG_T34/vectors,vectors,cancer,0,cancer,0,0.7718139290809631,0.22818607091903687
./out_ep/train/cancer/tlung__CGTAGCGCAAGTACCT_LUNG_T18/vectors,vectors,cancer,0,cancer,0,0.7707924842834473,0.22920751571655273
./out_ep/train/cancer/tlung__GTTTCTAAGCTGATAA_LUNG_T06/vectors,vectors,cancer,0,cancer,0,0.752353847026825,0.24764610826969147
./out_ep/train/cancer/tlung__GGAAAGCAGAAACCAT_LUNG_T34/vectors,vectors,cancer,0,cancer,0,0.7572758197784424,0.24272409081459045
./out_ep/train/cancer/tlung__CTACGTCCATGGTCAT_LUNG_T34/vectors,vectors,cancer,0,cancer,0,0.7684428095817566,0.231557235121727
./out_ep/train/cancer/tlung__TACGGTACAGGATTGG_LUNG_T31/vectors,vectors,cancer,0,cancer,0,0.7720490097999573,0.22795100510120392
./out_ep/train/cancer/tlung__CGGAGCTGTAAGAGGA_LUNG_T34/vectors,vectors,cancer,0,cancer,0,0.7619940638542175,0.23800601065158844
./out_ep/train/cancer/tlung__TATCAGGTCTCTAAGG_LUNG_T34/vectors,vectors,cancer,0,cancer,0,0.7722302079200745,0.22776980698108673
./out_ep/train/cancer/tlung__CACACTCCACCTCGTT_LUNG_T30/vectors,vectors,cancer,0,cancer,0,0.7516809701919556,0.2483191043138504
./out_ep/train/cancer/tlung__GCAAACTTCCAACCAA_LUNG_T30/vectors,vectors,cancer,0,cancer,0,0.6965827345848083,0.30341726541519165
./out_ep/train/cancer/tlung__ATCATGGTCGCAAGCC_LUNG_T34/vectors,vectors,cancer,0,cancer,0,0.7712423801422119,0.22875761985778809
./out_ep/train/cancer/tlung__GGAAAGCGTTGATTCG_LUNG_T28/vectors,vectors,cancer,0,cancer,0,0.7710148096084595,0.22898519039154053
./out_ep/train/cancer/tlung__TTGACTTGTACCGGCT_LUNG_T09/vectors,vectors,cancer,0,normal,1,0.3115937411785126,0.6884062886238098
./out_ep/train/cancer/tlung__GGTATTGGTTTCGCTC_LUNG_T19/vectors,vectors,cancer,0,cancer,0,0.7536550760269165,0.2463449090719223
./out_ep/train/cancer/tlung__CATGGCGGTACTCGCG_LUNG_T34/vectors,vectors,cancer,0,cancer,0,0.7664520740509033,0.23354791104793549
./out_ep/train/cancer/tlung__CGGACTGTCGGTCTAA_LUNG_T31/vectors,vectors,cancer,0,cancer,0,0.5959905385971069,0.40400952100753784
./out_ep/train/cancer/tlung__AAATGCCAGGGAAACA_LUNG_T34/vectors,vectors,cancer,0,cancer,0,0.7680299282073975,0.2319701910018921
./out_ep/train/cancer/tlung__GGCGACTCACGACTCG_LUNG_T31/vectors,vectors,cancer,0,cancer,0,0.7719858884811401,0.22801412642002106
./out_ep/train/cancer/tlung__GCGAGAAAGTCGAGTG_LUNG_T18/vectors,vectors,cancer,0,cancer,0,0.7720959782600403,0.22790400683879852
./out_ep/train/cancer/tlung__ATGCGATTCTGAAAGA_LUNG_T18/vectors,vectors,cancer,0,cancer,0,0.7578699588775635,0.24213001132011414
./out_ep/train/cancer/tlung__GCATGATCAGACGCTC_LUNG_T18/vectors,vectors,cancer,0,cancer,0,0.7675333619117737,0.2324666529893875
./out_ep/train/cancer/tlung__ACGAGGAAGACTAAGT_LUNG_T20/vectors,vectors,cancer,0,cancer,0,0.7699962854385376,0.2300037443637848
./out_ep/train/cancer/tlung__TGACAACTCTCGCTTG_LUNG_T31/vectors,vectors,cancer,0,cancer,0,0.5953216552734375,0.4046783745288849
./out_ep/train/cancer/tlung__GCATGATTCTGTGCAA_LUNG_T28/vectors,vectors,cancer,0,cancer,0,0.7713661789894104,0.2286338210105896
./out_ep/train/cancer/tlung__ATTTCTGCACTGTCGG_LUNG_T30/vectors,vectors,cancer,0,cancer,0,0.7371434569358826,0.2628566026687622
./out_ep/train/cancer/tlung__TGGGAAGTCGAGAACG_LUNG_T28/vectors,vectors,cancer,0,cancer,0,0.7721671462059021,0.2278328835964203
./out_ep/train/cancer/tlung__GATCGCGGTCAACATC_LUNG_T20/vectors,vectors,cancer,0,cancer,0,0.7701705098152161,0.22982947528362274
./out_ep/train/cancer/tlung__CAGAGAGCATCCCACT_LUNG_T18/vectors,vectors,cancer,0,cancer,0,0.7505170106887817,0.24948297441005707
./out_ep/train/cancer/tlung__AGCGTATGTACCGTAT_LUNG_T18/vectors,vectors,cancer,0,cancer,0,0.7725199460983276,0.22748008370399475
./out_ep/train/cancer/tlung__AGGGAGTGTCCGACGT_LUNG_T34/vectors,vectors,cancer,0,normal,1,0.30314967036247253,0.6968502998352051
./out_ep/train/cancer/tlung__CATCAAGTCTACCAGA_LUNG_T25/vectors,vectors,cancer,0,cancer,0,0.6398468613624573,0.3601531684398651
./out_ep/train/cancer/tlung__GGTGCGTGTGGTCCGT_LUNG_T18/vectors,vectors,cancer,0,cancer,0,0.7678911685943604,0.23210884630680084
./out_ep/train/cancer/tlung__TCCACACTCTTTAGGG_LUNG_T34/vectors,vectors,cancer,0,cancer,0,0.7684890031814575,0.23151105642318726
./out_ep/train/cancer/tlung__AGTGTCAAGGAGTTGC_LUNG_T20/vectors,vectors,cancer,0,cancer,0,0.7606200575828552,0.2393798977136612
./out_ep/train/cancer/tlung__CCCAGTTTCACATACG_LUNG_T28/vectors,vectors,cancer,0,cancer,0,0.7710471153259277,0.22895288467407227
./out_ep/train/cancer/tlung__CGACTTCGTTGTCGCG_LUNG_T18/vectors,vectors,cancer,0,cancer,0,0.7446026802062988,0.25539737939834595
./out_ep/train/cancer/tlung__GTCCTCAAGTCACGCC_LUNG_T34/vectors,vectors,cancer,0,cancer,0,0.7550603747367859,0.2449396550655365
./out_ep/train/cancer/tlung__ACATACGTCATCGGAT_LUNG_T34/vectors,vectors,cancer,0,cancer,0,0.7691209316253662,0.23087912797927856
./out_ep/train/cancer/tlung__TATTACCGTACAGTTC_LUNG_T34/vectors,vectors,cancer,0,cancer,0,0.7589811682701111,0.24101872742176056
./out_ep/train/cancer/tlung__CAGTAACCAGGAACGT_LUNG_T34/vectors,vectors,cancer,0,cancer,0,0.7678394913673401,0.2321605086326599
./out_ep/train/cancer/tlung__GACTACAAGCCATCGC_LUNG_T34/vectors,vectors,cancer,0,cancer,0,0.7690151929855347,0.23098480701446533
./out_ep/train/cancer/tlung__CCTAAAGTCCGAAGAG_LUNG_T18/vectors,vectors,cancer,0,cancer,0,0.769577145576477,0.23042288422584534
./out_ep/train/cancer/tlung__GCTCTGTAGCTAAGAT_LUNG_T20/vectors,vectors,cancer,0,cancer,0,0.7576879262924194,0.24231207370758057
./out_ep/train/cancer/tlung__CCGTACTCACGGCTAC_LUNG_T28/vectors,vectors,cancer,0,cancer,0,0.7284813523292542,0.271518737077713
./out_ep/train/cancer/tlung__TGGCTGGGTTGACGTT_LUNG_T18/vectors,vectors,cancer,0,cancer,0,0.7701219320297241,0.22987809777259827
./out_ep/train/cancer/tlung__TCACGAATCGCGTAGC_LUNG_T34/vectors,vectors,cancer,0,cancer,0,0.7697246074676514,0.23027543723583221
./out_ep/train/cancer/tlung__ACGTCAATCGATCCCT_LUNG_T34/vectors,vectors,cancer,0,cancer,0,0.7713204622268677,0.2286795675754547
./out_ep/train/cancer/tlung__ACCCACTAGGGTTTCT_LUNG_T34/vectors,vectors,cancer,0,cancer,0,0.7688403725624084,0.23115968704223633
./out_ep/train/cancer/tlung__GACAGAGTCACAAACC_LUNG_T18/vectors,vectors,cancer,0,cancer,0,0.7725011706352234,0.2274988442659378
./out_ep/train/cancer/tlung__CCGTTCAAGGAGCGTT_LUNG_T34/vectors,vectors,cancer,0,cancer,0,0.7709029912948608,0.22909700870513916
./out_ep/train/cancer/tlung__CGATGTAGTACAGACG_LUNG_T18/vectors,vectors,cancer,0,cancer,0,0.7700570821762085,0.2299429476261139
./out_ep/train/cancer/tlung__GTCAAGTAGGTGACCA_LUNG_T20/vectors,vectors,cancer,0,cancer,0,0.7398146986961365,0.2601853013038635
./out_ep/train/cancer/tlung__AACACGTTCCGATATG_LUNG_T18/vectors,vectors,cancer,0,cancer,0,0.7709770798683167,0.22902292013168335
./out_ep/train/cancer/tlung__GATGAGGCAGGATCGA_LUNG_T18/vectors,vectors,cancer,0,cancer,0,0.7723227739334106,0.22767721116542816
./out_ep/train/cancer/tlung__CAAGGCCAGGTGATTA_LUNG_T28/vectors,vectors,cancer,0,cancer,0,0.7698949575424194,0.23010508716106415
./out_ep/train/cancer/tlung__GGAATAACAAATTGCC_LUNG_T06/vectors,vectors,cancer,0,normal,1,0.38975879549980164,0.610241174697876
./out_ep/train/cancer/tlung__ACGCAGCAGATAGTCA_LUNG_T20/vectors,vectors,cancer,0,cancer,0,0.7692157030105591,0.23078429698944092
./out_ep/train/cancer/tlung__AAGCCGCCAAGCTGTT_LUNG_T34/vectors,vectors,cancer,0,cancer,0,0.7715437412261963,0.2284562736749649
./out_ep/train/cancer/tlung__GCTGCAGCACATGGGA_LUNG_T20/vectors,vectors,cancer,0,normal,1,0.32270777225494385,0.6772922873497009
./out_ep/train/cancer/tlung__CCCAGTTGTAACGCGA_LUNG_T34/vectors,vectors,cancer,0,cancer,0,0.7576767206192017,0.24232326447963715
./out_ep/train/cancer/tlung__GGAATAACATTGTGCA_LUNG_T34/vectors,vectors,cancer,0,cancer,0,0.7586796879768372,0.24132035672664642
./out_ep/train/cancer/tlung__CTAGAGTGTTGATTCG_LUNG_T34/vectors,vectors,cancer,0,cancer,0,0.7615980505943298,0.23840193450450897
./out_ep/train/cancer/tlung__ACACCGGGTTCAGCGC_LUNG_T18/vectors,vectors,cancer,0,cancer,0,0.7672392129898071,0.23276081681251526
./out_ep/train/cancer/tlung__TGGACGCTCGGATGTT_LUNG_T18/vectors,vectors,cancer,0,cancer,0,0.7635636329650879,0.23643632233142853
./out_ep/train/cancer/tlung__CACACAACAACGATCT_LUNG_T18/vectors,vectors,cancer,0,cancer,0,0.770642876625061,0.22935718297958374
./out_ep/train/cancer/tlung__CTGCCTACAATAAGCA_LUNG_T28/vectors,vectors,cancer,0,cancer,0,0.7717669606208801,0.22823311388492584
./out_ep/train/cancer/tlung__TTAGGCAGTTCAGGCC_LUNG_T18/vectors,vectors,cancer,0,cancer,0,0.7723000049591064,0.22770003974437714
./out_ep/train/cancer/tlung__AGTGAGGTCAGGATCT_LUNG_T28/vectors,vectors,cancer,0,cancer,0,0.7726513147354126,0.2273487150669098
./out_ep/train/cancer/tlung__CTCGGGAGTTCCGGCA_LUNG_T28/vectors,vectors,cancer,0,cancer,0,0.7723040580749512,0.2276960015296936
./out_ep/train/cancer/tlung__CGCGTTTGTCTGCAAT_LUNG_T18/vectors,vectors,cancer,0,cancer,0,0.7718756794929504,0.2281242460012436
./out_ep/train/cancer/tlung__ACTTGTTCAAGGTTTC_LUNG_T34/vectors,vectors,cancer,0,cancer,0,0.7688456773757935,0.23115424811840057
./out_ep/train/cancer/tlung__CTTTGCGGTAGCGCAA_LUNG_T34/vectors,vectors,cancer,0,cancer,0,0.7652536630630493,0.23474638164043427
./out_ep/train/cancer/tlung__AAGCCGCCAAGCCCAC_LUNG_T19/vectors,vectors,cancer,0,normal,1,0.27681422233581543,0.7231857776641846
./out_ep/train/cancer/tlung__CACACCTTCTACCTGC_LUNG_T34/vectors,vectors,cancer,0,cancer,0,0.768653154373169,0.23134686052799225
./out_ep/train/cancer/tlung__CACATAGCACCATCCT_LUNG_T34/vectors,vectors,cancer,0,cancer,0,0.7715854048728943,0.22841456532478333
./out_ep/train/cancer/tlung__CAGTCCTGTCCGTGAC_LUNG_T34/vectors,vectors,cancer,0,cancer,0,0.7692657709121704,0.230734184384346
./out_ep/train/cancer/tlung__TCACAAGCACCCTATC_LUNG_T20/vectors,vectors,cancer,0,cancer,0,0.7719483375549316,0.22805175185203552
./out_ep/train/cancer/tlung__TTCTCAACACACAGAG_LUNG_T28/vectors,vectors,cancer,0,cancer,0,0.7722436785697937,0.22775639593601227
./out_ep/train/cancer/tlung__TCTATTGAGTTGTAGA_LUNG_T18/vectors,vectors,cancer,0,cancer,0,0.7694607973098755,0.2305392473936081
./out_ep/train/cancer/tlung__TGCGTGGGTGATGCCC_LUNG_T34/vectors,vectors,cancer,0,cancer,0,0.765198826789856,0.23480120301246643
./out_ep/train/cancer/tlung__TCAGATGTCTAAGCCA_LUNG_T28/vectors,vectors,cancer,0,cancer,0,0.771945595741272,0.22805441915988922
./out_ep/train/cancer/tlung__AACTCCCTCCGTAGGC_LUNG_T19/vectors,vectors,cancer,0,cancer,0,0.7226800322532654,0.2773200571537018
./out_ep/train/cancer/tlung__AGAATAGTCAGGTTCA_LUNG_T34/vectors,vectors,cancer,0,cancer,0,0.770402729511261,0.2295973002910614
./out_ep/train/cancer/tlung__ATCATGGTCATCGGAT_LUNG_T28/vectors,vectors,cancer,0,cancer,0,0.7723429799079895,0.22765710949897766
./out_ep/train/cancer/tlung__GTCACAATCCGGCACA_LUNG_T18/vectors,vectors,cancer,0,cancer,0,0.7696488499641418,0.23035117983818054
./out_ep/train/cancer/tlung__ACTGAACCATCGTCGG_LUNG_T34/vectors,vectors,cancer,0,cancer,0,0.7713217735290527,0.22867822647094727
./out_ep/train/cancer/tlung__TAGTGGTAGATACACA_LUNG_T34/vectors,vectors,cancer,0,cancer,0,0.7719536423683167,0.22804635763168335
./out_ep/train/cancer/tlung__CTCATTACAAGTCATC_LUNG_T28/vectors,vectors,cancer,0,cancer,0,0.7702474594116211,0.22975251078605652
./out_ep/train/cancer/tlung__TCGCGAGCAGATGGCA_LUNG_T28/vectors,vectors,cancer,0,cancer,0,0.7724958062171936,0.22750422358512878
./out_ep/train/cancer/tlung__AGGGTGAAGAGCCCAA_LUNG_T06/vectors,vectors,cancer,0,cancer,0,0.6247068047523499,0.37529322504997253
./out_ep/train/cancer/tlung__ACCCACTTCGGAGCAA_LUNG_T34/vectors,vectors,cancer,0,cancer,0,0.7688241004943848,0.23117595911026
./out_ep/train/cancer/tlung__AAGGTTCCAATCTGCA_LUNG_T28/vectors,vectors,cancer,0,cancer,0,0.7541434168815613,0.24585655331611633
./out_ep/train/cancer/tlung__CATGACAGTACGCTGC_LUNG_T19/vectors,vectors,cancer,0,cancer,0,0.6762107610702515,0.32378920912742615
./out_ep/train/cancer/tlung__GAGTCCGCAAGCGAGT_LUNG_T28/vectors,vectors,cancer,0,cancer,0,0.7706657648086548,0.22933423519134521
./out_ep/train/cancer/tlung__TGCTACCAGCCCTAAT_LUNG_T34/vectors,vectors,cancer,0,cancer,0,0.7715155482292175,0.22848451137542725
./out_ep/train/cancer/tlung__CCGTGGACAAGACACG_LUNG_T28/vectors,vectors,cancer,0,cancer,0,0.7716943621635437,0.22830569744110107
./out_ep/train/cancer/tlung__AGAGTGGCATAAGACA_LUNG_T34/vectors,vectors,cancer,0,cancer,0,0.7717951536178589,0.2282048612833023
./out_ep/train/cancer/tlung__TGGCCAGTCTTCATGT_LUNG_T28/vectors,vectors,cancer,0,cancer,0,0.7606214284896851,0.23937854170799255
./out_ep/train/cancer/tlung__GTACTTTTCTTTACAC_LUNG_T34/vectors,vectors,cancer,0,cancer,0,0.7550927400588989,0.2449071854352951
./out_ep/train/cancer/tlung__TTCTCAATCGGTGTCG_LUNG_T25/vectors,vectors,cancer,0,cancer,0,0.7661706805229187,0.23382937908172607
./out_ep/train/cancer/tlung__GTGCAGCTCCTATTCA_LUNG_T34/vectors,vectors,cancer,0,cancer,0,0.7725131511688232,0.2274867594242096
./out_ep/train/cancer/tlung__TTGCGTCGTCCTGCTT_LUNG_T34/vectors,vectors,cancer,0,cancer,0,0.7721832394599915,0.22781679034233093
./out_ep/train/cancer/tlung__TGAGAGGAGGAGCGTT_LUNG_T18/vectors,vectors,cancer,0,cancer,0,0.7674979567527771,0.2325020581483841
./out_ep/train/cancer/tlung__CAACCAAAGCATGGCA_LUNG_T19/vectors,vectors,cancer,0,cancer,0,0.6863864660263062,0.31361356377601624
./out_ep/train/cancer/tlung__AGCAGCCGTGCTGTAT_LUNG_T34/vectors,vectors,cancer,0,cancer,0,0.7706751227378845,0.2293248027563095
./out_ep/train/cancer/tlung__ATCCACCGTGGTCCGT_LUNG_T30/vectors,vectors,cancer,0,cancer,0,0.7519584894180298,0.24804148077964783
./out_ep/train/cancer/tlung__ATCCGAATCTCTAAGG_LUNG_T34/vectors,vectors,cancer,0,cancer,0,0.7695054411888123,0.23049460351467133
./out_ep/train/cancer/tlung__CTACACCCATTGGTAC_LUNG_T20/vectors,vectors,cancer,0,cancer,0,0.7706023454666138,0.22939763963222504
./out_ep/train/cancer/tlung__GACGTGCCAATCGAAA_LUNG_T06/vectors,vectors,cancer,0,cancer,0,0.7336501479148865,0.26634982228279114
./out_ep/train/cancer/tlung__TCAGGTAGTTCAACCA_LUNG_T30/vectors,vectors,cancer,0,cancer,0,0.7566512227058411,0.24334870278835297
./out_ep/train/cancer/tlung__TCTGGAAGTGTGAATA_LUNG_T34/vectors,vectors,cancer,0,cancer,0,0.7653509378433228,0.23464909195899963
./out_ep/train/cancer/tlung__CCACCTACACGAAGCA_LUNG_T34/vectors,vectors,cancer,0,cancer,0,0.7699218988418579,0.2300780713558197
./out_ep/train/cancer/tlung__GTAACTGAGGCATTGG_LUNG_T30/vectors,vectors,cancer,0,cancer,0,0.7682241201400757,0.23177583515644073
./out_ep/train/cancer/tlung__GATCGATCATTCCTCG_LUNG_T06/vectors,vectors,cancer,0,normal,1,0.28360000252723694,0.7163999676704407
./out_ep/train/cancer/tlung__GCGAGAAAGATGTAAC_LUNG_T34/vectors,vectors,cancer,0,cancer,0,0.7707452774047852,0.22925469279289246
./out_ep/train/cancer/tlung__AGGCCACAGTAGTGCG_LUNG_T18/vectors,vectors,cancer,0,cancer,0,0.7669093012809753,0.23309069871902466
./out_ep/train/cancer/tlung__AGTGGGAAGAGTGAGA_LUNG_T19/vectors,vectors,cancer,0,cancer,0,0.7442920207977295,0.2557079493999481
./out_ep/train/cancer/tlung__GCTTGAATCTAGAGTC_LUNG_T34/vectors,vectors,cancer,0,cancer,0,0.7709797620773315,0.22902022302150726
./out_ep/train/cancer/tlung__CCCTCCTAGCAATCTC_LUNG_T28/vectors,vectors,cancer,0,cancer,0,0.7666555047035217,0.23334446549415588
./out_ep/train/cancer/tlung__CTTAGGACAATGAATG_LUNG_T34/vectors,vectors,cancer,0,cancer,0,0.7554904818534851,0.24450956284999847
./out_ep/train/cancer/tlung__GACTAACTCATTTGGG_LUNG_T34/vectors,vectors,cancer,0,cancer,0,0.7499366402626038,0.25006338953971863
./out_ep/train/cancer/tlung__GGGTCTGGTGCATCTA_LUNG_T28/vectors,vectors,cancer,0,cancer,0,0.7683355212211609,0.23166446387767792
./out_ep/train/cancer/tlung__GTCATTTCATTAGCCA_LUNG_T18/vectors,vectors,cancer,0,cancer,0,0.7725841999053955,0.22741571068763733
./out_ep/train/cancer/tlung__CTTCTCTTCAGCCTAA_LUNG_T34/vectors,vectors,cancer,0,cancer,0,0.770483672618866,0.22951632738113403
./out_ep/train/cancer/tlung__AGATCTGCATTGAGCT_LUNG_T34/vectors,vectors,cancer,0,cancer,0,0.7706226110458374,0.2293774038553238
./out_ep/train/cancer/tlung__AGAGTGGCAATTCCTT_LUNG_T18/vectors,vectors,cancer,0,cancer,0,0.7622181177139282,0.23778191208839417
./out_ep/train/cancer/tlung__GCATGTAAGTATCGAA_LUNG_T34/vectors,vectors,cancer,0,cancer,0,0.7671669721603394,0.23283305764198303
./out_ep/train/cancer/tlung__CCGTGGACAGTTCCCT_LUNG_T28/vectors,vectors,cancer,0,cancer,0,0.7708867788314819,0.2291131615638733
./out_ep/train/cancer/tlung__GGCCGATTCAATCACG_LUNG_T19/vectors,vectors,cancer,0,cancer,0,0.7646816372871399,0.2353183627128601
./out_ep/train/cancer/tlung__TAAGAGACACTTGGAT_LUNG_T28/vectors,vectors,cancer,0,cancer,0,0.7713567614555359,0.22864322364330292
./out_ep/train/cancer/tlung__GTGTTAGCAAGCTGTT_LUNG_T18/vectors,vectors,cancer,0,cancer,0,0.77198725938797,0.2280127853155136
./out_ep/train/cancer/tlung__GTCTTCGCATCGGAAG_LUNG_T18/vectors,vectors,cancer,0,cancer,0,0.7695595026016235,0.2304404377937317
./out_ep/train/cancer/tlung__AGATCTGGTCATATCG_LUNG_T34/vectors,vectors,cancer,0,cancer,0,0.7687332034111023,0.2312668114900589
./out_ep/train/cancer/tlung__ACGCCAGGTAAGGGAA_LUNG_T31/vectors,vectors,cancer,0,cancer,0,0.5762811899185181,0.42371878027915955
./out_ep/train/cancer/tlung__ATTGGTGTCACGACTA_LUNG_T34/vectors,vectors,cancer,0,cancer,0,0.768613874912262,0.231386199593544
./out_ep/train/cancer/tlung__GTAACGTCAAGTTGTC_LUNG_T34/vectors,vectors,cancer,0,cancer,0,0.7034890055656433,0.2965110242366791
./out_ep/train/cancer/tlung__TAGTTGGCACAAGCCC_LUNG_T34/vectors,vectors,cancer,0,cancer,0,0.7717413902282715,0.2282586395740509
./out_ep/train/cancer/tlung__GCATGTAAGCCACCTG_LUNG_T34/vectors,vectors,cancer,0,cancer,0,0.7264969348907471,0.2735031247138977
./out_ep/train/cancer/tlung__GTAGTCACAGCCACCA_LUNG_T06/vectors,vectors,cancer,0,cancer,0,0.5931675434112549,0.40683257579803467
./out_ep/train/cancer/tlung__GCTCTGTGTTGGACCC_LUNG_T31/vectors,vectors,cancer,0,cancer,0,0.6023028492927551,0.39769718050956726
./out_ep/train/cancer/tlung__ATGTGTGGTAGCGCAA_LUNG_T34/vectors,vectors,cancer,0,cancer,0,0.7706953883171082,0.22930458188056946
./out_ep/train/cancer/tlung__CATATTCTCCTTCAAT_LUNG_T18/vectors,vectors,cancer,0,cancer,0,0.7722892165184021,0.2277107536792755
./out_ep/train/cancer/tlung__TACCTATCAAGCCCAC_LUNG_T30/vectors,vectors,cancer,0,cancer,0,0.7522088885307312,0.24779115617275238
./out_ep/train/cancer/tlung__CCTAGCTTCGCCAGCA_LUNG_T34/vectors,vectors,cancer,0,cancer,0,0.7712801098823547,0.22871996462345123
./out_ep/train/cancer/tlung__GACGTGCTCCAACCAA_LUNG_T18/vectors,vectors,cancer,0,cancer,0,0.772357702255249,0.22764235734939575
./out_ep/train/cancer/tlung__ACGCAGCAGGCGACAT_LUNG_T18/vectors,vectors,cancer,0,cancer,0,0.7723255157470703,0.22767454385757446
./out_ep/train/cancer/tlung__CTCGAAAAGCGATGAC_LUNG_T34/vectors,vectors,cancer,0,cancer,0,0.7672228217124939,0.2327772080898285
./out_ep/train/cancer/tlung__AGCATACCATACGCCG_LUNG_T28/vectors,vectors,cancer,0,cancer,0,0.770483672618866,0.22951632738113403
./out_ep/train/cancer/tlung__AACACGTTCGCATGAT_LUNG_T34/vectors,vectors,cancer,0,cancer,0,0.7655864953994751,0.2344135046005249
./out_ep/train/cancer/tlung__ATCTGCCCAACTGGCC_LUNG_T34/vectors,vectors,cancer,0,cancer,0,0.7721362709999084,0.22786374390125275
./out_ep/train/cancer/tlung__GAAACTCAGCCTCGTG_LUNG_T18/vectors,vectors,cancer,0,cancer,0,0.7712907791137695,0.2287091761827469
./out_ep/train/cancer/tlung__TGGACGCAGGATATAC_LUNG_T28/vectors,vectors,cancer,0,cancer,0,0.7725212574005127,0.2274787276983261
./out_ep/train/cancer/tlung__TCTTTCCAGTTTAGGA_LUNG_T34/vectors,vectors,cancer,0,cancer,0,0.7484485507011414,0.25155144929885864
./out_ep/train/cancer/tlung__CAGGTGCCATCCTTGC_LUNG_T18/vectors,vectors,cancer,0,cancer,0,0.7719549536705017,0.2280450165271759
./out_ep/train/cancer/tlung__GATCGCGCACAGATTC_LUNG_T34/vectors,vectors,cancer,0,cancer,0,0.7675428986549377,0.23245713114738464
./out_ep/train/cancer/tlung__GGGTTGCAGTATCTCG_LUNG_T28/vectors,vectors,cancer,0,normal,1,0.3483506441116333,0.6516494154930115
./out_ep/train/cancer/tlung__GTCCTCATCAGAGGTG_LUNG_T28/vectors,vectors,cancer,0,cancer,0,0.7725065350532532,0.22749347984790802
./out_ep/train/cancer/tlung__TACACGAGTTCCACGG_LUNG_T34/vectors,vectors,cancer,0,cancer,0,0.7588165402412415,0.24118348956108093
./out_ep/train/cancer/tlung__TTCTTAGAGAATTCCC_LUNG_T18/vectors,vectors,cancer,0,cancer,0,0.7716580629348755,0.2283419817686081
./out_ep/train/cancer/tlung__AGGCCACTCCAAGTAC_LUNG_T28/vectors,vectors,cancer,0,cancer,0,0.7676055431365967,0.2323945015668869
./out_ep/train/cancer/tlung__TTTGTCACAGTGGAGT_LUNG_T34/vectors,vectors,cancer,0,cancer,0,0.7697164416313171,0.23028355836868286
./out_ep/train/cancer/tlung__CAACCTCAGGCCGAAT_LUNG_T28/vectors,vectors,cancer,0,cancer,0,0.772612452507019,0.22738757729530334
./out_ep/train/cancer/tlung__TATGCCCAGCTAGTCT_LUNG_T06/vectors,vectors,cancer,0,normal,1,0.30589327216148376,0.6941066384315491
./out_ep/train/cancer/tlung__CTGAAGTCAGTATCTG_LUNG_T28/vectors,vectors,cancer,0,cancer,0,0.7720073461532593,0.22799263894557953
./out_ep/train/cancer/tlung__TTGAACGAGATCGGGT_LUNG_T34/vectors,vectors,cancer,0,cancer,0,0.7649533152580261,0.2350466549396515
./out_ep/train/cancer/tlung__CTACACCCAAGCTGAG_LUNG_T30/vectors,vectors,cancer,0,cancer,0,0.6732185482978821,0.3267814517021179
./out_ep/train/cancer/tlung__GAACATCAGCACGCCT_LUNG_T28/vectors,vectors,cancer,0,normal,1,0.4359015226364136,0.5640984773635864
./out_ep/train/cancer/tlung__AATCCAGAGTAGCGGT_LUNG_T20/vectors,vectors,cancer,0,cancer,0,0.7665995955467224,0.23340043425559998
./out_ep/train/cancer/tlung__TCAATCTTCACCGGGT_LUNG_T34/vectors,vectors,cancer,0,cancer,0,0.7470108866691589,0.25298914313316345
./out_ep/train/cancer/tlung__TGCGCAGAGGGCACTA_LUNG_T18/vectors,vectors,cancer,0,cancer,0,0.7707452774047852,0.22925469279289246
./out_ep/train/cancer/tlung__ACATGGTTCTGTCCGT_LUNG_T34/vectors,vectors,cancer,0,cancer,0,0.7708437442779541,0.22915630042552948
./out_ep/train/cancer/tlung__TACGGTATCTGGGCCA_LUNG_T34/vectors,vectors,cancer,0,cancer,0,0.7708396315574646,0.229160338640213
./out_ep/train/cancer/tlung__ACCCACTCAATGCCAT_LUNG_T28/vectors,vectors,cancer,0,cancer,0,0.7711077332496643,0.2288922667503357
./out_ep/train/cancer/tlung__TTCTTAGGTTGTTTGG_LUNG_T25/vectors,vectors,cancer,0,cancer,0,0.7606478929519653,0.23935213685035706
./out_ep/train/cancer/tlung__TCTTTCCCACGGTAAG_LUNG_T20/vectors,vectors,cancer,0,cancer,0,0.7645140886306763,0.23548589646816254
./out_ep/train/cancer/tlung__ACCAGTACATTATCTC_LUNG_T25/vectors,vectors,cancer,0,cancer,0,0.7289171814918518,0.2710828185081482
./out_ep/train/cancer/tlung__GCGCAGTGTTCTGTTT_LUNG_T18/vectors,vectors,cancer,0,cancer,0,0.7703325152397156,0.22966745495796204
./out_ep/train/cancer/tlung__CTCGTCAAGTGCCAGA_LUNG_T34/vectors,vectors,cancer,0,cancer,0,0.7650904655456543,0.23490948975086212
./out_ep/train/cancer/tlung__TGCGCAGGTACTTCTT_LUNG_T20/vectors,vectors,cancer,0,normal,1,0.2966224253177643,0.7033776640892029
./out_ep/train/cancer/tlung__TCTGAGAGTCTAGGTT_LUNG_T28/vectors,vectors,cancer,0,cancer,0,0.772607147693634,0.22739294171333313
./out_ep/train/cancer/tlung__ATAACGCGTGTTTGGT_LUNG_T34/vectors,vectors,cancer,0,cancer,0,0.7666582465171814,0.2333417385816574
./out_ep/train/cancer/tlung__CAGTAACCAATGAAAC_LUNG_T18/vectors,vectors,cancer,0,cancer,0,0.7694891691207886,0.23051083087921143
./out_ep/train/cancer/tlung__TCTTTCCAGTGTTGAA_LUNG_T09/vectors,vectors,cancer,0,cancer,0,0.7118693590164185,0.2881307601928711
./out_ep/train/cancer/tlung__AGCTCCTCAAGGTGTG_LUNG_T30/vectors,vectors,cancer,0,cancer,0,0.5543893575668335,0.44561055302619934
./out_ep/train/cancer/tlung__CTGTTTACAATCCGAT_LUNG_T25/vectors,vectors,cancer,0,cancer,0,0.7523652911186218,0.24763476848602295
./out_ep/train/cancer/tlung__GAATGAAGTTAAGGGC_LUNG_T28/vectors,vectors,cancer,0,cancer,0,0.7725789546966553,0.2274210900068283
./out_ep/train/cancer/tlung__CTAGTGATCGGAGCAA_LUNG_T34/vectors,vectors,cancer,0,cancer,0,0.770123302936554,0.22987675666809082
./out_ep/train/cancer/tlung__TAGTTGGGTGAGGGTT_LUNG_T34/vectors,vectors,cancer,0,cancer,0,0.770201563835144,0.22979842126369476
./out_ep/train/cancer/tlung__AGCTTGAAGATGCCTT_LUNG_T28/vectors,vectors,cancer,0,cancer,0,0.7720167636871338,0.2279832363128662
./out_ep/train/cancer/tlung__CACACTCCAAGTAATG_LUNG_T34/vectors,vectors,cancer,0,cancer,0,0.7701043486595154,0.22989565134048462
./out_ep/train/cancer/tlung__CCTATTACAGATGGGT_LUNG_T30/vectors,vectors,cancer,0,cancer,0,0.7121837139129639,0.28781628608703613
./out_ep/train/cancer/tlung__GTAGTCAAGCTAGCCC_LUNG_T28/vectors,vectors,cancer,0,cancer,0,0.7711063623428345,0.22889359295368195
./out_ep/train/cancer/tlung__AACTCAGGTGATGCCC_LUNG_T34/vectors,vectors,cancer,0,cancer,0,0.7658684849739075,0.2341315597295761
./out_ep/train/cancer/tlung__GCAGTTATCGGTTAAC_LUNG_T31/vectors,vectors,cancer,0,cancer,0,0.771354079246521,0.2286459356546402
./out_ep/train/cancer/tlung__CCTCTGACACATCTTT_LUNG_T19/vectors,vectors,cancer,0,normal,1,0.27888697385787964,0.7211130261421204
./out_ep/train/cancer/tlung__TAGCCGGGTTAGTGGG_LUNG_T34/vectors,vectors,cancer,0,cancer,0,0.7547667622566223,0.24523325264453888
./out_ep/train/cancer/tlung__ATTCTACTCCGCATAA_LUNG_T28/vectors,vectors,cancer,0,cancer,0,0.7724609375,0.2275390774011612
./out_ep/train/cancer/tlung__CACCAGGAGCACCGCT_LUNG_T34/vectors,vectors,cancer,0,cancer,0,0.7724649310112,0.22753503918647766
./out_ep/train/cancer/tlung__CTTGGCTTCGAGAGCA_LUNG_T34/vectors,vectors,cancer,0,cancer,0,0.7714146375656128,0.2285853922367096
./out_ep/train/cancer/tlung__GGACATTGTAAACGCG_LUNG_T28/vectors,vectors,cancer,0,cancer,0,0.7709972858428955,0.2290027141571045
./out_ep/train/cancer/tlung__TGCGTGGGTAGGGACT_LUNG_T34/vectors,vectors,cancer,0,cancer,0,0.7705740928649902,0.22942595183849335
./out_ep/train/cancer/tlung__CGGACGTCAGCTCGCA_LUNG_T28/vectors,vectors,cancer,0,cancer,0,0.7722261548042297,0.22777381539344788
./out_ep/train/cancer/tlung__TAAGCGTCATTTCAGG_LUNG_T20/vectors,vectors,cancer,0,cancer,0,0.7685839533805847,0.23141604661941528
./out_ep/train/cancer/tlung__CAAGATCCACCTCGGA_LUNG_T34/vectors,vectors,cancer,0,cancer,0,0.7718729972839355,0.22812694311141968
./out_ep/train/cancer/tlung__CCTTCCCTCGGAGCAA_LUNG_T06/vectors,vectors,cancer,0,cancer,0,0.7614858746528625,0.23851415514945984
./out_ep/train/cancer/tlung__CCGGGATTCGCGTTTC_LUNG_T34/vectors,vectors,cancer,0,cancer,0,0.7637991309165955,0.23620091378688812
./out_ep/train/cancer/tlung__CTTCTCTCAATCTACG_LUNG_T28/vectors,vectors,cancer,0,cancer,0,0.7726620435714722,0.22733797132968903
./out_ep/train/cancer/tlung__TAAGAGATCATATCGG_LUNG_T18/vectors,vectors,cancer,0,cancer,0,0.7702974081039429,0.22970256209373474
./out_ep/train/cancer/tlung__GTCGGGTCACTGTGTA_LUNG_T34/vectors,vectors,cancer,0,cancer,0,0.7714442014694214,0.22855576872825623
./out_ep/train/cancer/tlung__TACGGGCTCGCCTGAG_LUNG_T18/vectors,vectors,cancer,0,cancer,0,0.7716969847679138,0.228303000330925
./out_ep/train/cancer/tlung__CCTATTACAAGCGCTC_LUNG_T20/vectors,vectors,cancer,0,cancer,0,0.7688539028167725,0.23114612698554993
./out_ep/train/cancer/tlung__GGGACCTGTCTCCCTA_LUNG_T19/vectors,vectors,cancer,0,cancer,0,0.7202683687210083,0.2797316312789917
./out_ep/train/cancer/tlung__TGAGAGGGTCCTCTTG_LUNG_T18/vectors,vectors,cancer,0,cancer,0,0.772530734539032,0.22746935486793518
./out_ep/train/cancer/tlung__GTCTTCGAGCACAGGT_LUNG_T34/vectors,vectors,cancer,0,cancer,0,0.7704850435256958,0.2295149862766266
./out_ep/train/cancer/tlung__ACTTACTGTACGAAAT_LUNG_T30/vectors,vectors,cancer,0,cancer,0,0.7252626419067383,0.27473729848861694
./out_ep/train/cancer/tlung__GATTCAGGTTAAGGGC_LUNG_T28/vectors,vectors,cancer,0,cancer,0,0.7710108160972595,0.22898922860622406
./out_ep/train/cancer/tlung__CCGGTAGCAGACGCAA_LUNG_T34/vectors,vectors,cancer,0,cancer,0,0.7723026871681213,0.22769734263420105
./out_ep/train/cancer/tlung__CTCTAATCACTAAGTC_LUNG_T20/vectors,vectors,cancer,0,cancer,0,0.7719979882240295,0.22800204157829285
./out_ep/train/cancer/tlung__CTGCCTACATACGCTA_LUNG_T20/vectors,vectors,cancer,0,cancer,0,0.7672869563102722,0.23271316289901733
./out_ep/train/cancer/tlung__CCATTCGCACCAACCG_LUNG_T34/vectors,vectors,cancer,0,cancer,0,0.7711319923400879,0.2288680076599121
./out_ep/train/cancer/tlung__AGTAGTCCAGTCAGAG_LUNG_T28/vectors,vectors,cancer,0,cancer,0,0.7725829482078552,0.22741706669330597
./out_ep/train/cancer/tlung__AGAGCGATCATCGATG_LUNG_T30/vectors,vectors,cancer,0,cancer,0,0.7489882707595825,0.25101175904273987
./out_ep/train/cancer/tlung__AGATTGCAGGCATTGG_LUNG_T34/vectors,vectors,cancer,0,cancer,0,0.7683736085891724,0.2316264659166336
./out_ep/train/cancer/tlung__GCATACAGTACATCCA_LUNG_T28/vectors,vectors,cancer,0,cancer,0,0.7720422148704529,0.22795771062374115
./out_ep/train/cancer/tlung__CAAGGCCCACCACCAG_LUNG_T34/vectors,vectors,cancer,0,cancer,0,0.7604867219924927,0.23951329290866852
./out_ep/train/cancer/tlung__CGATCGGTCAAAGTAG_LUNG_T18/vectors,vectors,cancer,0,cancer,0,0.7659300565719604,0.23406998813152313
./out_ep/train/cancer/tlung__TCAACGAGTAGCCTAT_LUNG_T30/vectors,vectors,cancer,0,cancer,0,0.6421555280685425,0.3578445017337799
./out_ep/train/cancer/tlung__CTTTGCGGTATCACCA_LUNG_T18/vectors,vectors,cancer,0,cancer,0,0.76996248960495,0.23003752529621124
./out_ep/train/cancer/tlung__CTAAGACAGTCCTCCT_LUNG_T34/vectors,vectors,cancer,0,cancer,0,0.7716109752655029,0.22838903963565826
./out_ep/train/cancer/tlung__GTTACAGTCATCTGCC_LUNG_T34/vectors,vectors,cancer,0,cancer,0,0.7577410936355591,0.24225884675979614
./out_ep/train/cancer/tlung__CCGGGATTCGTGACAT_LUNG_T34/vectors,vectors,cancer,0,cancer,0,0.7652632594108582,0.23473678529262543
./out_ep/train/cancer/tlung__CAGGTGCTCACCGGGT_LUNG_T30/vectors,vectors,cancer,0,cancer,0,0.7038120031356812,0.2961880564689636
./out_ep/train/cancer/tlung__GAACATCTCATGTCCC_LUNG_T19/vectors,vectors,cancer,0,normal,1,0.3126388490200043,0.6873611211776733
./out_ep/train/cancer/tlung__TGGCCAGCAAACTGTC_LUNG_T20/vectors,vectors,cancer,0,cancer,0,0.6309230327606201,0.36907699704170227
./out_ep/train/cancer/tlung__CTCCTAGAGAAGCCCA_LUNG_T34/vectors,vectors,cancer,0,cancer,0,0.7623355984687805,0.2376643717288971
./out_ep/train/cancer/tlung__ATGAGGGCACATCTTT_LUNG_T18/vectors,vectors,cancer,0,cancer,0,0.7625636458396912,0.23743639886379242
./out_ep/train/cancer/tlung__GACACGCCACCTCGTT_LUNG_T18/vectors,vectors,cancer,0,cancer,0,0.7683437466621399,0.23165634274482727
./out_ep/train/cancer/tlung__CGCTGGAGTTCGGGCT_LUNG_T34/vectors,vectors,cancer,0,cancer,0,0.7722839117050171,0.2277161180973053
./out_ep/train/cancer/tlung__ACACTGACACACGCTG_LUNG_T34/vectors,vectors,cancer,0,cancer,0,0.7680243849754333,0.23197560012340546
./out_ep/train/cancer/tlung__CGAGCCATCCGATATG_LUNG_T19/vectors,vectors,cancer,0,cancer,0,0.7464323043823242,0.25356775522232056
./out_ep/train/cancer/tlung__TCACGAAAGGATGTAT_LUNG_T20/vectors,vectors,cancer,0,cancer,0,0.768737256526947,0.23126274347305298
./out_ep/train/cancer/tlung__GTTACAGCATCACGAT_LUNG_T18/vectors,vectors,cancer,0,cancer,0,0.7661788463592529,0.23382115364074707
./out_ep/train/cancer/tlung__GCGAGAATCGCGCCAA_LUNG_T18/vectors,vectors,cancer,0,cancer,0,0.7659409642219543,0.23405906558036804
./out_ep/train/cancer/tlung__CTAATGGTCAACACAC_LUNG_T18/vectors,vectors,cancer,0,cancer,0,0.7697651982307434,0.23023487627506256
./out_ep/train/cancer/tlung__GCTGCTTCAGCTCGAC_LUNG_T28/vectors,vectors,cancer,0,cancer,0,0.7725869417190552,0.22741305828094482
./out_ep/train/cancer/tlung__TACGGTACAGACAAAT_LUNG_T28/vectors,vectors,cancer,0,cancer,0,0.7701083421707153,0.2298916131258011
./out_ep/train/cancer/tlung__CATGCCTGTTCAACCA_LUNG_T28/vectors,vectors,cancer,0,cancer,0,0.7710807919502258,0.22891919314861298
./out_ep/train/cancer/tlung__TTGAACGAGTTACCCA_LUNG_T30/vectors,vectors,cancer,0,cancer,0,0.7445533275604248,0.2554466426372528
./out_ep/train/cancer/tlung__ACGTCAATCAATCTCT_LUNG_T25/vectors,vectors,cancer,0,cancer,0,0.6470893621444702,0.3529105484485626
./out_ep/train/cancer/tlung__TTATGCTGTTGAGGTG_LUNG_T08/vectors,vectors,cancer,0,cancer,0,0.7699692845344543,0.23003076016902924
./out_ep/train/cancer/tlung__CGTTGGGCAGCTGGCT_LUNG_T34/vectors,vectors,cancer,0,cancer,0,0.765898585319519,0.23410148918628693
./out_ep/train/cancer/tlung__TACTCGCAGTCCGGTC_LUNG_T34/vectors,vectors,cancer,0,cancer,0,0.7649135589599609,0.23508642613887787
./out_ep/train/cancer/tlung__CCATGTCAGTTAGCGG_LUNG_T34/vectors,vectors,cancer,0,cancer,0,0.7526977062225342,0.24730226397514343
./out_ep/train/cancer/tlung__TTAGGCAAGCGTGTCC_LUNG_T30/vectors,vectors,cancer,0,cancer,0,0.7683097720146179,0.23169028759002686
./out_ep/train/cancer/tlung__TGTCCCAGTTAAAGAC_LUNG_T20/vectors,vectors,cancer,0,cancer,0,0.7723442316055298,0.22765576839447021
./out_ep/train/cancer/tlung__CCTTACGTCCTTGCCA_LUNG_T34/vectors,vectors,cancer,0,cancer,0,0.7667524814605713,0.2332475781440735
./out_ep/train/cancer/tlung__ATCATCTCAACCGCCA_LUNG_T28/vectors,vectors,cancer,0,cancer,0,0.7709380388259888,0.22906199097633362
./out_ep/train/cancer/tlung__GCGCCAAGTTGCGCAC_LUNG_T18/vectors,vectors,cancer,0,normal,1,0.2913272976875305,0.7086727619171143
./out_ep/train/cancer/tlung__CGCCAAGCAGGTGCCT_LUNG_T19/vectors,vectors,cancer,0,cancer,0,0.7710416913032532,0.22895824909210205
./out_ep/train/cancer/tlung__GGTATTGGTAGCACGA_LUNG_T30/vectors,vectors,cancer,0,normal,1,0.3338594436645508,0.6661405563354492
./out_ep/train/cancer/tlung__CGTAGGCCATCCGCGA_LUNG_T34/vectors,vectors,cancer,0,cancer,0,0.7700583934783936,0.22994159162044525
./out_ep/train/cancer/tlung__GGGCATCGTATAAACG_LUNG_T34/vectors,vectors,cancer,0,cancer,0,0.7671928405761719,0.23280717432498932
./out_ep/train/cancer/tlung__TGGTTCCCAGTCAGCC_LUNG_T30/vectors,vectors,cancer,0,cancer,0,0.7495973706245422,0.25040265917778015
./out_ep/train/cancer/tlung__TGATTTCCACCATGTA_LUNG_T28/vectors,vectors,cancer,0,cancer,0,0.771653950214386,0.22834599018096924
./out_ep/train/cancer/tlung__CGTCACTAGCCAACAG_LUNG_T18/vectors,vectors,cancer,0,cancer,0,0.7708248496055603,0.22917518019676208
./out_ep/train/cancer/tlung__CGGTTAAGTCCGAAGA_LUNG_T20/vectors,vectors,cancer,0,cancer,0,0.6522621512413025,0.3477378189563751
./out_ep/train/cancer/tlung__GGCAATTTCTGTTGAG_LUNG_T34/vectors,vectors,cancer,0,cancer,0,0.7647324204444885,0.23526756465435028
./out_ep/train/cancer/tlung__GAACCTAAGATCACGG_LUNG_T30/vectors,vectors,cancer,0,cancer,0,0.7658889889717102,0.23411104083061218
./out_ep/train/cancer/tlung__ACCGTAAAGGACTGGT_LUNG_T28/vectors,vectors,cancer,0,cancer,0,0.7398837208747864,0.2601162791252136
./out_ep/train/cancer/tlung__TCTCTAACACGACGAA_LUNG_T34/vectors,vectors,cancer,0,cancer,0,0.7613486647605896,0.23865139484405518
./out_ep/train/cancer/tlung__TCGGGACCAAGCGATG_LUNG_T34/vectors,vectors,cancer,0,cancer,0,0.7660503387451172,0.23394964635372162
./out_ep/train/cancer/tlung__CGCTGGAGTTGTTTGG_LUNG_T18/vectors,vectors,cancer,0,cancer,0,0.7710458040237427,0.22895419597625732
./out_ep/train/cancer/tlung__GCACTCTAGAGATGAG_LUNG_T28/vectors,vectors,cancer,0,cancer,0,0.7725722193717957,0.22742781043052673
./out_ep/train/cancer/tlung__CACACAAAGTATCGAA_LUNG_T34/vectors,vectors,cancer,0,cancer,0,0.7609464526176453,0.2390536367893219
./out_ep/train/cancer/tlung__ATTATCCGTACAGTGG_LUNG_T18/vectors,vectors,cancer,0,cancer,0,0.7514187693595886,0.24858123064041138
./out_ep/train/cancer/tlung__AGTGAGGGTTGTCGCG_LUNG_T34/vectors,vectors,cancer,0,cancer,0,0.7574931383132935,0.24250683188438416
./out_ep/train/cancer/tlung__TTGAACGGTCAGAAGC_LUNG_T19/vectors,vectors,cancer,0,cancer,0,0.755876362323761,0.24412359297275543
./out_ep/train/cancer/tlung__CCTCAGTCAAGGACAC_LUNG_T34/vectors,vectors,cancer,0,cancer,0,0.769161581993103,0.23083847761154175
./out_ep/train/cancer/tlung__GATCGATAGACACTAA_LUNG_T34/vectors,vectors,cancer,0,normal,1,0.27858787775039673,0.721412181854248
./out_ep/train/cancer/tlung__TGCGTGGCAGTCAGCC_LUNG_T30/vectors,vectors,cancer,0,cancer,0,0.7490599751472473,0.2509400248527527
./out_ep/train/cancer/tlung__ACGTCAACAAAGGCGT_LUNG_T34/vectors,vectors,cancer,0,cancer,0,0.7720690965652466,0.22793084383010864
./out_ep/train/cancer/tlung__CTGCTGTAGAGACTAT_LUNG_T34/vectors,vectors,cancer,0,cancer,0,0.770080029964447,0.22991997003555298
./out_ep/train/cancer/tlung__TGTTCCGTCTGTCTCG_LUNG_T30/vectors,vectors,cancer,0,cancer,0,0.7334458827972412,0.2665541172027588
./out_ep/train/cancer/tlung__GACGTGCGTGGGTATG_LUNG_T28/vectors,vectors,cancer,0,cancer,0,0.7726861238479614,0.2273138463497162
./out_ep/train/cancer/tlung__ACGCCAGTCTCAAACG_LUNG_T19/vectors,vectors,cancer,0,cancer,0,0.6914647817611694,0.3085351884365082
./out_ep/train/cancer/tlung__CTCGTACGTCAGGACA_LUNG_T31/vectors,vectors,cancer,0,cancer,0,0.7705578804016113,0.22944213449954987
./out_ep/train/cancer/tlung__CGTGAGCCAATGTAAG_LUNG_T34/vectors,vectors,cancer,0,cancer,0,0.772667407989502,0.22733260691165924
./out_ep/train/cancer/tlung__AGCTCCTAGAATAGGG_LUNG_T18/vectors,vectors,cancer,0,cancer,0,0.7706050872802734,0.22939494252204895
./out_ep/train/cancer/tlung__CGACCTTAGCATCATC_LUNG_T30/vectors,vectors,cancer,0,cancer,0,0.7698665261268616,0.23013347387313843
./out_ep/train/cancer/tlung__TACGGTAAGCTTTGGT_LUNG_T18/vectors,vectors,cancer,0,cancer,0,0.771629810333252,0.22837020456790924
./out_ep/train/cancer/tlung__CCGTTCAAGACTCGGA_LUNG_T34/vectors,vectors,cancer,0,cancer,0,0.7685622572898865,0.2314377874135971
./out_ep/train/cancer/tlung__CGTAGGCTCACGACTA_LUNG_T28/vectors,vectors,cancer,0,cancer,0,0.7726607322692871,0.22733934223651886
./out_ep/train/cancer/tlung__AACTGGTTCAACGAAA_LUNG_T34/vectors,vectors,cancer,0,cancer,0,0.7695690393447876,0.23043100535869598
./out_ep/train/cancer/tlung__CCTAAAGCAGACTCGC_LUNG_T18/vectors,vectors,cancer,0,cancer,0,0.7714347839355469,0.22856520116329193
./out_ep/train/cancer/tlung__AGCTCCTGTGACTCAT_LUNG_T20/vectors,vectors,cancer,0,cancer,0,0.7636682987213135,0.23633167147636414
./out_ep/train/cancer/tlung__TTTATGCCATTCGACA_LUNG_T34/vectors,vectors,cancer,0,cancer,0,0.7473063468933105,0.25269371271133423
./out_ep/train/cancer/tlung__AGGTCCGGTTTGGGCC_LUNG_T28/vectors,vectors,cancer,0,cancer,0,0.7723965644836426,0.22760343551635742
./out_ep/train/cancer/tlung__GAAGCAGCATGTCGAT_LUNG_T28/vectors,vectors,cancer,0,cancer,0,0.7725869417190552,0.22741305828094482
./out_ep/train/cancer/tlung__CTGTGCTTCAAGAAGT_LUNG_T34/vectors,vectors,cancer,0,cancer,0,0.7699935436248779,0.23000647127628326
./out_ep/train/cancer/tlung__TCACAAGAGTTTGCGT_LUNG_T31/vectors,vectors,cancer,0,cancer,0,0.7726740837097168,0.2273259162902832
./out_ep/train/cancer/tlung__AGCAGCCAGTGAACGC_LUNG_T28/vectors,vectors,cancer,0,cancer,0,0.7719321250915527,0.22806784510612488
./out_ep/train/cancer/tlung__CAGCTAACATACAGCT_LUNG_T18/vectors,vectors,cancer,0,cancer,0,0.770642876625061,0.22935718297958374
./out_ep/train/cancer/tlung__GACTGCGTCAGCACAT_LUNG_T28/vectors,vectors,cancer,0,cancer,0,0.7726700305938721,0.22732992470264435
./out_ep/train/cancer/tlung__ACGATGTCATTGGGCC_LUNG_T18/vectors,vectors,cancer,0,cancer,0,0.7699003219604492,0.2300996631383896
./out_ep/train/cancer/tlung__CCCAATCTCATGTGGT_LUNG_T18/vectors,vectors,cancer,0,cancer,0,0.7643066644668579,0.23569339513778687
./out_ep/train/cancer/tlung__CGTTGGGAGCCATCGC_LUNG_T34/vectors,vectors,cancer,0,cancer,0,0.7590817213058472,0.2409183233976364
./out_ep/train/cancer/tlung__GATCTAGGTAGCCTAT_LUNG_T20/vectors,vectors,cancer,0,cancer,0,0.7662568092346191,0.23374326527118683
./out_ep/train/cancer/tlung__GATCAGTGTTAAGGGC_LUNG_T34/vectors,vectors,cancer,0,cancer,0,0.7242399454116821,0.27576011419296265
./out_ep/train/cancer/tlung__TCATTTGCATCCGTGG_LUNG_T30/vectors,vectors,cancer,0,normal,1,0.4837513267993927,0.5162487030029297
./out_ep/train/cancer/tlung__CGTCCATCAGGCTGAA_LUNG_T28/vectors,vectors,cancer,0,cancer,0,0.7723898887634277,0.22761015594005585
./out_ep/train/cancer/tlung__CACACAACACCGATAT_LUNG_T30/vectors,vectors,cancer,0,cancer,0,0.7219913601875305,0.2780086398124695
./out_ep/train/cancer/tlung__GCGCAACGTTAAGGGC_LUNG_T25/vectors,vectors,cancer,0,cancer,0,0.7527417540550232,0.247258260846138
./out_ep/train/cancer/tlung__AGAGCGACACAGCGTC_LUNG_T28/vectors,vectors,cancer,0,cancer,0,0.7715248465538025,0.22847509384155273
./out_ep/train/cancer/tlung__TTTACTGAGAAACCAT_LUNG_T18/vectors,vectors,cancer,0,cancer,0,0.7720919847488403,0.22790804505348206
./out_ep/train/cancer/tlung__GTGGGTCTCCTCAACC_LUNG_T19/vectors,vectors,cancer,0,normal,1,0.2827807366847992,0.7172192931175232
./out_ep/train/cancer/tlung__GGCGACTTCCGTAGGC_LUNG_T34/vectors,vectors,cancer,0,cancer,0,0.7627665996551514,0.23723337054252625
./out_ep/train/cancer/tlung__CACACCTAGATATACG_LUNG_T18/vectors,vectors,cancer,0,cancer,0,0.7646775245666504,0.2353225201368332
./out_ep/train/cancer/tlung__TTAGTTCCACTCAGGC_LUNG_T18/vectors,vectors,cancer,0,cancer,0,0.7713002562522888,0.22869974374771118
./out_ep/train/cancer/tlung__CTTAACTCAGCATGAG_LUNG_T34/vectors,vectors,cancer,0,cancer,0,0.7683871388435364,0.23161287605762482
./out_ep/train/cancer/tlung__GCGGGTTCACGTCTCT_LUNG_T34/vectors,vectors,cancer,0,cancer,0,0.7657398581504822,0.2342601716518402
./out_ep/train/cancer/tlung__ACCCACTAGTATCGAA_LUNG_T25/vectors,vectors,cancer,0,cancer,0,0.7683246731758118,0.23167532682418823
./out_ep/train/cancer/tlung__GAAGCAGCATACTACG_LUNG_T28/vectors,vectors,cancer,0,cancer,0,0.7725655436515808,0.22743447124958038
./out_ep/train/cancer/tlung__CTCTACGAGCTGCCCA_LUNG_T34/vectors,vectors,cancer,0,cancer,0,0.7680189609527588,0.2319810390472412
./out_ep/train/cancer/tlung__CCCAGTTTCGATGAGG_LUNG_T31/vectors,vectors,cancer,0,cancer,0,0.7632784247398376,0.23672153055667877
./out_ep/train/cancer/tlung__GAACATCAGAACAATC_LUNG_T34/vectors,vectors,cancer,0,cancer,0,0.7652700543403625,0.23472991585731506
./out_ep/train/cancer/tlung__TGACAACAGAAGGCCT_LUNG_T28/vectors,vectors,cancer,0,cancer,0,0.7311366200447083,0.2688634395599365
./out_ep/train/cancer/tlung__TACTTACCAGAGCCAA_LUNG_T31/vectors,vectors,cancer,0,cancer,0,0.7646761536598206,0.23532386124134064
./out_ep/train/cancer/tlung__GTGCAGCAGAAACCGC_LUNG_T30/vectors,vectors,cancer,0,cancer,0,0.7650753855705261,0.23492459952831268
./out_ep/train/cancer/tlung__GTTCATTCACCAGGCT_LUNG_T28/vectors,vectors,cancer,0,cancer,0,0.7719308733940125,0.22806920111179352
./out_ep/train/cancer/tlung__AGCCTAAAGACACTAA_LUNG_T30/vectors,vectors,cancer,0,normal,1,0.41590121388435364,0.5840988159179688
./out_ep/train/cancer/tlung__CAACCTCAGAGTCTGG_LUNG_T20/vectors,vectors,cancer,0,cancer,0,0.7586908936500549,0.24130915105342865
./out_ep/train/cancer/tlung__GACTGCGGTTTGACTG_LUNG_T28/vectors,vectors,cancer,0,cancer,0,0.7716996669769287,0.2283003032207489
./out_ep/train/cancer/tlung__AAGGAGCGTATATGAG_LUNG_T28/vectors,vectors,cancer,0,cancer,0,0.7725641131401062,0.22743584215641022
./out_ep/train/cancer/tlung__GCCAAATTCACCCTCA_LUNG_T18/vectors,vectors,cancer,0,cancer,0,0.7676980495452881,0.2323020100593567
./out_ep/train/cancer/tlung__CATCGGGGTTCTCATT_LUNG_T28/vectors,vectors,cancer,0,cancer,0,0.7726714611053467,0.2273285984992981
./out_ep/train/cancer/tlung__CAGGTGCAGGGCATGT_LUNG_T34/vectors,vectors,cancer,0,cancer,0,0.7724904417991638,0.22750955820083618
./out_ep/train/cancer/tlung__CGGAGCTTCTGGTATG_LUNG_T28/vectors,vectors,cancer,0,cancer,0,0.7715088129043579,0.22849121689796448
./out_ep/train/cancer/tlung__GATCTAGCAGTAGAGC_LUNG_T34/vectors,vectors,cancer,0,cancer,0,0.7720382809638977,0.22796176373958588
./out_ep/train/cancer/tlung__CAGAATCTCAACGCTA_LUNG_T18/vectors,vectors,cancer,0,cancer,0,0.7295408248901367,0.2704591453075409
./out_ep/train/cancer/tlung__GACGTTAAGAGTTGGC_LUNG_T34/vectors,vectors,cancer,0,cancer,0,0.7711023092269897,0.22889764606952667
./out_ep/train/cancer/tlung__CAAGATCCATCCGGGT_LUNG_T18/vectors,vectors,cancer,0,cancer,0,0.7655126452445984,0.23448744416236877
./out_ep/train/cancer/tlung__ACATACGTCCAAATGC_LUNG_T18/vectors,vectors,cancer,0,cancer,0,0.765997052192688,0.2340029925107956
./out_ep/train/cancer/tlung__GTGCATAGTAGGAGTC_LUNG_T18/vectors,vectors,cancer,0,cancer,0,0.7722757458686829,0.22772417962551117
./out_ep/train/cancer/tlung__ATAAGAGCACACAGAG_LUNG_T34/vectors,vectors,cancer,0,cancer,0,0.7673386931419373,0.2326613962650299
./out_ep/train/cancer/tlung__ATGCGATTCTTAGAGC_LUNG_T34/vectors,vectors,cancer,0,cancer,0,0.7594470381736755,0.24055291712284088
./out_ep/train/cancer/tlung__TCGCGAGCAAATACAG_LUNG_T28/vectors,vectors,cancer,0,cancer,0,0.7659860849380493,0.23401391506195068
./out_ep/train/cancer/tlung__AAGTCTGTCCTTGCCA_LUNG_T30/vectors,vectors,cancer,0,cancer,0,0.7186576724052429,0.28134235739707947
./out_ep/train/cancer/tlung__AGGGAGTTCCCTCTTT_LUNG_T28/vectors,vectors,cancer,0,cancer,0,0.7725561261177063,0.2274438887834549
./out_ep/train/cancer/tlung__CCTTACGAGCGTGAGT_LUNG_T28/vectors,vectors,cancer,0,cancer,0,0.7603630423545837,0.23963701725006104
./out_ep/train/cancer/tlung__TTTATGCTCGGTCTAA_LUNG_T34/vectors,vectors,cancer,0,cancer,0,0.7581247091293335,0.2418753057718277
./out_ep/train/cancer/tlung__TACCTTACATAGTAAG_LUNG_T20/vectors,vectors,cancer,0,cancer,0,0.7598941922187805,0.2401057928800583
./out_ep/train/cancer/tlung__TCAGGATCAGGGTATG_LUNG_T18/vectors,vectors,cancer,0,cancer,0,0.772530734539032,0.22746935486793518
./out_ep/train/cancer/tlung__TGCGCAGTCCTCCTAG_LUNG_T18/vectors,vectors,cancer,0,cancer,0,0.7680230736732483,0.2319769561290741
./out_ep/train/cancer/tlung__TGCACCTTCGTGGGAA_LUNG_T34/vectors,vectors,cancer,0,cancer,0,0.7702394723892212,0.22976061701774597
./out_ep/train/cancer/tlung__GAGGTGAGTCAAACTC_LUNG_T34/vectors,vectors,cancer,0,cancer,0,0.7681711912155151,0.23182883858680725
./out_ep/train/cancer/tlung__TTTATGCCAGCTCCGA_LUNG_T31/vectors,vectors,cancer,0,cancer,0,0.7701813578605652,0.2298187017440796
./out_ep/train/cancer/tlung__CCTTCCCGTGGCAAAC_LUNG_T18/vectors,vectors,cancer,0,cancer,0,0.7641265392303467,0.23587347567081451
./out_ep/train/cancer/tlung__GAATAAGAGGACTGGT_LUNG_T28/vectors,vectors,cancer,0,cancer,0,0.7611004114151001,0.2388996183872223
./out_ep/train/cancer/tlung__GTGGGTCCAAGCCCAC_LUNG_T30/vectors,vectors,cancer,0,cancer,0,0.7245232462882996,0.27547675371170044
./out_ep/train/cancer/tlung__CACACTCAGTACACCT_LUNG_T31/vectors,vectors,cancer,0,cancer,0,0.7710686326026917,0.22893130779266357
./out_ep/train/cancer/tlung__CACAAACGTAAAGGAG_LUNG_T28/vectors,vectors,cancer,0,cancer,0,0.7725145816802979,0.22748546302318573
./out_ep/train/cancer/tlung__GAATAAGCACGAAGCA_LUNG_T18/vectors,vectors,cancer,0,cancer,0,0.7721765637397766,0.22782349586486816
./out_ep/train/cancer/tlung__GTCAAGTGTAGGGACT_LUNG_T34/vectors,vectors,cancer,0,cancer,0,0.7694932222366333,0.23050673305988312
./out_ep/train/cancer/tlung__TAGGCATCATGCGCAC_LUNG_T34/vectors,vectors,cancer,0,cancer,0,0.768402099609375,0.2315979152917862
./out_ep/train/cancer/tlung__CAGCCGAGTGCCTGGT_LUNG_T34/vectors,vectors,cancer,0,cancer,0,0.7640385031700134,0.23596146702766418
./out_ep/train/cancer/tlung__GTTCGGGGTAGCTAAA_LUNG_T28/vectors,vectors,cancer,0,cancer,0,0.771820604801178,0.22817933559417725
./out_ep/train/cancer/tlung__ATAAGAGTCGTCCAGG_LUNG_T18/vectors,vectors,cancer,0,cancer,0,0.7687345147132874,0.23126547038555145
./out_ep/train/cancer/tlung__GACCAATTCCCTAACC_LUNG_T08/vectors,vectors,cancer,0,cancer,0,0.6273271441459656,0.3726728558540344
./out_ep/train/cancer/tlung__TGACTTTCATCCGGGT_LUNG_T18/vectors,vectors,cancer,0,cancer,0,0.7707129716873169,0.2292870581150055
./out_ep/train/cancer/tlung__GATGCTACAGCTGCAC_LUNG_T06/vectors,vectors,cancer,0,cancer,0,0.7657425999641418,0.23425744473934174
./out_ep/train/cancer/tlung__CTTAGGAAGTGGTAGC_LUNG_T34/vectors,vectors,cancer,0,cancer,0,0.7690762281417847,0.2309238314628601
./out_ep/train/cancer/tlung__ATCTGCCGTAATTGGA_LUNG_T34/vectors,vectors,cancer,0,cancer,0,0.7713392972946167,0.22866074740886688
./out_ep/train/cancer/tlung__GCTTGAAAGCTGATAA_LUNG_T31/vectors,vectors,cancer,0,cancer,0,0.7121884226799011,0.2878115773200989
./out_ep/train/cancer/tlung__CCTTCCCCATCTGGTA_LUNG_T28/vectors,vectors,cancer,0,cancer,0,0.7720046639442444,0.22799529135227203
./out_ep/train/cancer/tlung__TCTGAGAAGCTGTCTA_LUNG_T28/vectors,vectors,cancer,0,cancer,0,0.765997052192688,0.2340029925107956
./out_ep/train/cancer/tlung__GAACATCTCACTTACT_LUNG_T28/vectors,vectors,cancer,0,cancer,0,0.7724515795707703,0.22754845023155212
./out_ep/train/cancer/tlung__AAAGATGGTGATAAAC_LUNG_T18/vectors,vectors,cancer,0,cancer,0,0.7712450623512268,0.228754922747612
./out_ep/train/cancer/tlung__ATCCGAATCATTGCCC_LUNG_T19/vectors,vectors,cancer,0,cancer,0,0.7573599815368652,0.24263998866081238
./out_ep/train/cancer/tlung__ATCATCTGTCTTCTCG_LUNG_T18/vectors,vectors,cancer,0,cancer,0,0.7714832425117493,0.22851680219173431
./out_ep/train/cancer/tlung__GTGTTAGCACAGACAG_LUNG_T28/vectors,vectors,cancer,0,cancer,0,0.6216234564781189,0.3783765137195587
./out_ep/train/cancer/tlung__ATCATGGCATCGACGC_LUNG_T34/vectors,vectors,cancer,0,cancer,0,0.7700692415237427,0.2299308031797409
./out_ep/train/cancer/tlung__TCAATCTCAGCATACT_LUNG_T18/vectors,vectors,cancer,0,cancer,0,0.7663264870643616,0.2336735725402832
./out_ep/train/cancer/tlung__TGCCCTAGTATCAGTC_LUNG_T18/vectors,vectors,cancer,0,cancer,0,0.7631170749664307,0.23688291013240814
./out_ep/train/cancer/tlung__GGAGCAAAGTCAAGGC_LUNG_T34/vectors,vectors,cancer,0,cancer,0,0.7707116007804871,0.22928839921951294
./out_ep/train/cancer/tlung__TGCCCATAGCTCTCGG_LUNG_T34/vectors,vectors,cancer,0,cancer,0,0.7682105898857117,0.23178943991661072
./out_ep/train/cancer/tlung__CCAGCGATCTTCATGT_LUNG_T34/vectors,vectors,cancer,0,cancer,0,0.769801676273346,0.23019836843013763
./out_ep/train/cancer/tlung__ACCTTTAGTACAGCAG_LUNG_T18/vectors,vectors,cancer,0,cancer,0,0.7721872925758362,0.2278127670288086
./out_ep/train/cancer/tlung__TTAACTCCACGACTCG_LUNG_T09/vectors,vectors,cancer,0,cancer,0,0.7663947939872742,0.2336052656173706
./out_ep/train/cancer/tlung__CATTATCAGGTGCTAG_LUNG_T34/vectors,vectors,cancer,0,cancer,0,0.7683546543121338,0.23164549469947815
./out_ep/train/cancer/tlung__TTGAACGAGATGTTAG_LUNG_T19/vectors,vectors,cancer,0,cancer,0,0.7560494542121887,0.2439504712820053
./out_ep/train/cancer/tlung__CTGTTTAGTGCACGAA_LUNG_T28/vectors,vectors,cancer,0,cancer,0,0.7441540956497192,0.25584590435028076
./out_ep/train/cancer/tlung__TGAGCATAGATCGGGT_LUNG_T30/vectors,vectors,cancer,0,cancer,0,0.7542623281478882,0.24573776125907898
./out_ep/train/cancer/tlung__GTGCTTCTCGGCGCTA_LUNG_T34/vectors,vectors,cancer,0,cancer,0,0.7706117630004883,0.22938819229602814
./out_ep/train/cancer/tlung__GTACTCCTCAGGTAAA_LUNG_T19/vectors,vectors,cancer,0,cancer,0,0.7673699855804443,0.23263004422187805
./out_ep/train/cancer/tlung__AAGGCAGGTCAGTGGA_LUNG_T34/vectors,vectors,cancer,0,cancer,0,0.7678830027580261,0.23211698234081268
./out_ep/train/cancer/tlung__CACAGTATCAGCCTAA_LUNG_T20/vectors,vectors,cancer,0,cancer,0,0.765338659286499,0.23466144502162933
./out_ep/train/cancer/tlung__CACACAAAGTCTCCTC_LUNG_T28/vectors,vectors,cancer,0,cancer,0,0.7317900061607361,0.2682100534439087
./out_ep/train/cancer/tlung__GGGAGATGTCTAGAGG_LUNG_T34/vectors,vectors,cancer,0,cancer,0,0.7677823901176453,0.23221763968467712
./out_ep/train/cancer/tlung__TTGTAGGCAACTTGAC_LUNG_T19/vectors,vectors,cancer,0,cancer,0,0.7351695895195007,0.26483044028282166
./out_ep/train/cancer/tlung__GGCCGATCAAGGTTCT_LUNG_T34/vectors,vectors,cancer,0,cancer,0,0.7686965465545654,0.23130342364311218
./out_ep/train/cancer/tlung__TTTACTGGTGAGCGAT_LUNG_T34/vectors,vectors,cancer,0,cancer,0,0.7682880759239197,0.23171201348304749
./out_ep/train/cancer/tlung__TAAGCGTAGGTCGGAT_LUNG_T34/vectors,vectors,cancer,0,cancer,0,0.7694675326347351,0.2305324673652649
./out_ep/train/cancer/tlung__CCTAGCTCACGAGGTA_LUNG_T06/vectors,vectors,cancer,0,cancer,0,0.7667319178581238,0.23326803743839264
./out_ep/train/cancer/tlung__GATTCAGGTGTTGGGA_LUNG_T30/vectors,vectors,cancer,0,cancer,0,0.7634010910987854,0.2365989089012146
./out_ep/train/cancer/tlung__CCTACCACAGTTAACC_LUNG_T34/vectors,vectors,cancer,0,cancer,0,0.7484270334243774,0.25157299637794495
./out_ep/train/cancer/tlung__AACTCAGGTAGCCTAT_LUNG_T18/vectors,vectors,cancer,0,cancer,0,0.7530426979064941,0.24695734679698944
./out_ep/train/cancer/tlung__ACGTCAACACAACTGT_LUNG_T34/vectors,vectors,cancer,0,cancer,0,0.7602128386497498,0.23978717625141144
./out_ep/train/cancer/tlung__CGTGTCTTCCAAACTG_LUNG_T34/vectors,vectors,cancer,0,cancer,0,0.771428108215332,0.22857193648815155
./out_ep/train/cancer/tlung__TACGGGCAGTGCGATG_LUNG_T28/vectors,vectors,cancer,0,cancer,0,0.7716056108474731,0.22839443385601044
./out_ep/train/cancer/tlung__CGTTGGGCAACTGCGC_LUNG_T34/vectors,vectors,cancer,0,cancer,0,0.7694878578186035,0.23051218688488007
./out_ep/train/cancer/tlung__GGCTGGTTCAACACAC_LUNG_T34/vectors,vectors,cancer,0,cancer,0,0.7689163088798523,0.2310837358236313
./out_ep/train/cancer/tlung__CCTACACAGGGTGTGT_LUNG_T34/vectors,vectors,cancer,0,cancer,0,0.7712706923484802,0.22872938215732574
./out_ep/train/cancer/tlung__CCCAGTTTCTGCTTGC_LUNG_T18/vectors,vectors,cancer,0,cancer,0,0.7717037796974182,0.22829626500606537
./out_ep/train/cancer/tlung__TCAGGATTCAACCATG_LUNG_T28/vectors,vectors,cancer,0,cancer,0,0.7488548159599304,0.2511451840400696
./out_ep/train/cancer/tlung__TGTGTTTAGATCCGAG_LUNG_T28/vectors,vectors,cancer,0,cancer,0,0.772436797618866,0.22756321728229523
./out_ep/train/cancer/tlung__GCACTCTAGCTGTCTA_LUNG_T34/vectors,vectors,cancer,0,cancer,0,0.7717387080192566,0.228261336684227
./out_ep/train/cancer/tlung__TGCCCATTCCAAGCCG_LUNG_T34/vectors,vectors,cancer,0,cancer,0,0.7713459730148315,0.22865399718284607
./out_ep/train/cancer/tlung__GGGCATCTCGCTTGTC_LUNG_T34/vectors,vectors,cancer,0,cancer,0,0.7668343186378479,0.23316572606563568
./out_ep/train/cancer/tlung__GACCTGGCAGTCACTA_LUNG_T25/vectors,vectors,cancer,0,cancer,0,0.7631032466888428,0.23689669370651245
./out_ep/train/cancer/tlung__GAGCAGAAGATCCGAG_LUNG_T28/vectors,vectors,cancer,0,cancer,0,0.7724716067314148,0.22752833366394043
./out_ep/train/cancer/tlung__GCACATATCTGCGGCA_LUNG_T34/vectors,vectors,cancer,0,cancer,0,0.7690707445144653,0.23092924058437347
./out_ep/train/cancer/tlung__CAAGTTGTCGAATGGG_LUNG_T20/vectors,vectors,cancer,0,cancer,0,0.7684807777404785,0.2315191924571991
./out_ep/train/cancer/tlung__AGGGTGAGTTCTCATT_LUNG_T06/vectors,vectors,cancer,0,cancer,0,0.7497362494468689,0.2502637803554535
./out_ep/train/cancer/tlung__TGCCAAACATAAAGGT_LUNG_T28/vectors,vectors,cancer,0,cancer,0,0.7689189314842224,0.2310810387134552
./out_ep/train/cancer/tlung__CGAGAAGTCGGATGTT_LUNG_T28/vectors,vectors,cancer,0,cancer,0,0.7704877853393555,0.2295122742652893
./out_ep/train/cancer/tlung__TAGAGCTTCATTGCGA_LUNG_T34/vectors,vectors,cancer,0,cancer,0,0.771243691444397,0.22875629365444183
./out_ep/train/cancer/tlung__GTTAAGCTCACAATGC_LUNG_T34/vectors,vectors,cancer,0,cancer,0,0.7219991087913513,0.27800098061561584
./out_ep/train/cancer/tlung__CAGCAGCGTACTTAGC_LUNG_T28/vectors,vectors,cancer,0,cancer,0,0.7713258862495422,0.22867418825626373
./out_ep/train/cancer/tlung__CTGAAACGTCATCGGC_LUNG_T20/vectors,vectors,cancer,0,cancer,0,0.7641775012016296,0.23582260310649872
./out_ep/train/cancer/tlung__AACTGGTGTGGTTTCA_LUNG_T34/vectors,vectors,cancer,0,cancer,0,0.7342847585678101,0.26571521162986755
./out_ep/train/cancer/tlung__AACCGCGAGCGTTCCG_LUNG_T19/vectors,vectors,cancer,0,cancer,0,0.7326695919036865,0.26733046770095825
./out_ep/train/cancer/tlung__ACAGCTAAGTGCTGCC_LUNG_T20/vectors,vectors,cancer,0,cancer,0,0.5177422761917114,0.4822576642036438
./out_ep/train/cancer/tlung__CTAGTGATCAGCAACT_LUNG_T34/vectors,vectors,cancer,0,cancer,0,0.7700070738792419,0.22999291121959686
./out_ep/train/cancer/tlung__ACATCAGTCTCGGACG_LUNG_T18/vectors,vectors,cancer,0,cancer,0,0.7723603844642639,0.22763964533805847
./out_ep/train/cancer/tlung__CACTCCAGTACTTAGC_LUNG_T34/vectors,vectors,cancer,0,cancer,0,0.7712599039077759,0.2287401556968689
./out_ep/train/cancer/tlung__ATAGACCGTTTGTTGG_LUNG_T19/vectors,vectors,cancer,0,cancer,0,0.7669666409492493,0.2330334335565567
./out_ep/train/cancer/tlung__TGCCAAATCGGCGCAT_LUNG_T19/vectors,vectors,cancer,0,normal,1,0.29727068543434143,0.702729344367981
./out_ep/train/cancer/tlung__GCTTGAAAGCACAGGT_LUNG_T30/vectors,vectors,cancer,0,cancer,0,0.7515342235565186,0.24846579134464264
./out_ep/train/cancer/tlung__TCTATTGTCGATAGAA_LUNG_T28/vectors,vectors,cancer,0,cancer,0,0.7726927995681763,0.22730714082717896
./out_ep/train/cancer/tlung__CTGTTTAGTCGGCATC_LUNG_T34/vectors,vectors,cancer,0,cancer,0,0.7685134410858154,0.23148661851882935
./out_ep/train/cancer/tlung__CTACCCACAATGGATA_LUNG_T28/vectors,vectors,cancer,0,cancer,0,0.7716822028160095,0.2283177673816681
./out_ep/train/cancer/tlung__ATGTGTGAGAAAGTGG_LUNG_T34/vectors,vectors,cancer,0,cancer,0,0.7573333978652954,0.24266664683818817
./out_ep/train/cancer/tlung__GATCGCGTCCGCAAGC_LUNG_T20/vectors,vectors,cancer,0,cancer,0,0.7675387859344482,0.23246122896671295
./out_ep/train/cancer/tlung__ATAAGAGTCGTCCGTT_LUNG_T28/vectors,vectors,cancer,0,cancer,0,0.7721899151802063,0.2278100550174713
./out_ep/train/cancer/tlung__GGACAAGCAAGTAGTA_LUNG_T34/vectors,vectors,cancer,0,cancer,0,0.7722610831260681,0.22773893177509308
./out_ep/train/cancer/tlung__ACATACGGTAAGGGAA_LUNG_T20/vectors,vectors,cancer,0,cancer,0,0.7662854790687561,0.23371456563472748
./out_ep/train/cancer/tlung__AGATCTGTCGTAGGAG_LUNG_T34/vectors,vectors,cancer,0,cancer,0,0.770815372467041,0.2291845828294754
./out_ep/train/cancer/tlung__CAGCAGCTCACATGCA_LUNG_T30/vectors,vectors,cancer,0,normal,1,0.2748635411262512,0.7251364588737488
./out_ep/train/cancer/tlung__CTGAAGTTCGGTCCGA_LUNG_T34/vectors,vectors,cancer,0,cancer,0,0.7702353000640869,0.2297646403312683
./out_ep/train/cancer/tlung__GAATGAACATCTACGA_LUNG_T18/vectors,vectors,cancer,0,cancer,0,0.7624268531799316,0.23757317662239075
./out_ep/train/cancer/tlung__CTGATCCCAAGAAAGG_LUNG_T28/vectors,vectors,cancer,0,cancer,0,0.7726579904556274,0.22734199464321136
./out_ep/train/cancer/tlung__ACTGAACCACCAGGTC_LUNG_T19/vectors,vectors,cancer,0,normal,1,0.4593451917171478,0.5406548380851746
./out_ep/train/cancer/tlung__GGATTACTCCAACCAA_LUNG_T34/vectors,vectors,cancer,0,cancer,0,0.7673577666282654,0.2326423078775406
./out_ep/train/cancer/tlung__AACCATGGTTCAGGCC_LUNG_T34/vectors,vectors,cancer,0,cancer,0,0.7716889977455139,0.22831107676029205
./out_ep/train/cancer/tlung__CCGGTAGCAGACGTAG_LUNG_T18/vectors,vectors,cancer,0,cancer,0,0.7718461751937866,0.22815380990505219
./out_ep/train/cancer/tlung__AGTTGGTGTAGCGTAG_LUNG_T18/vectors,vectors,cancer,0,cancer,0,0.7641801834106445,0.23581986129283905
./out_ep/train/cancer/tlung__CTACACCAGCGCCTCA_LUNG_T30/vectors,vectors,cancer,0,cancer,0,0.6126808524131775,0.3873191177845001
./out_ep/train/cancer/tlung__TCAGCAATCGTCCGTT_LUNG_T31/vectors,vectors,cancer,0,cancer,0,0.7484686970710754,0.25153136253356934
./out_ep/train/cancer/tlung__AGCTCCTTCTGAGTGT_LUNG_T31/vectors,vectors,cancer,0,cancer,0,0.771496593952179,0.22850331664085388
./out_ep/train/cancer/tlung__ATCCACCCACATGGGA_LUNG_T34/vectors,vectors,cancer,0,cancer,0,0.7721845507621765,0.2278154194355011
./out_ep/train/cancer/tlung__CGTCTACAGCTAGGCA_LUNG_T28/vectors,vectors,cancer,0,cancer,0,0.7726901173591614,0.22730985283851624
./out_ep/train/cancer/tlung__GCAGCCATCACCTCGT_LUNG_T20/vectors,vectors,cancer,0,cancer,0,0.7704432010650635,0.22955678403377533
./out_ep/train/cancer/tlung__ATCTGCCTCCGCGCAA_LUNG_T18/vectors,vectors,cancer,0,cancer,0,0.7673086524009705,0.23269136250019073
./out_ep/train/cancer/tlung__CGTTGGGTCTTGCATT_LUNG_T28/vectors,vectors,cancer,0,cancer,0,0.7711818218231201,0.22881820797920227
./out_ep/train/cancer/tlung__ACGGAGACATCACGTA_LUNG_T34/vectors,vectors,cancer,0,cancer,0,0.7709380388259888,0.22906199097633362
./out_ep/train/cancer/tlung__CATTATCAGGCCATAG_LUNG_T18/vectors,vectors,cancer,0,cancer,0,0.7707695364952087,0.22923041880130768
./out_ep/train/cancer/tlung__TACCTATGTTTGGGCC_LUNG_T34/vectors,vectors,cancer,0,cancer,0,0.771686315536499,0.22831374406814575
./out_ep/train/cancer/tlung__TTTCCTCCATTAGCCA_LUNG_T34/vectors,vectors,cancer,0,cancer,0,0.7723777294158936,0.22762222588062286
./out_ep/train/cancer/tlung__ACGGGCTTCCTGTAGA_LUNG_T18/vectors,vectors,cancer,0,cancer,0,0.7551605105400085,0.24483950436115265
./out_ep/train/cancer/tlung__TTTGGTTCATTGGGCC_LUNG_T28/vectors,vectors,cancer,0,cancer,0,0.7711683511734009,0.22883166372776031
./out_ep/train/cancer/tlung__TGCCCTAGTCCGAATT_LUNG_T34/vectors,vectors,cancer,0,cancer,0,0.7710942625999451,0.22890572249889374
./out_ep/train/cancer/tlung__ATCCGAAGTAGAGCTG_LUNG_T06/vectors,vectors,cancer,0,normal,1,0.2772711217403412,0.7227289080619812
./out_ep/train/cancer/tlung__CGTCCATGTGACGGTA_LUNG_T18/vectors,vectors,cancer,0,cancer,0,0.7709986567497253,0.22900134325027466
./out_ep/train/cancer/tlung__TACGGATCAGTTCCCT_LUNG_T18/vectors,vectors,cancer,0,cancer,0,0.7689366340637207,0.23106342554092407
./out_ep/train/cancer/tlung__ACACCCTAGAGATGAG_LUNG_T28/vectors,vectors,cancer,0,cancer,0,0.7530568838119507,0.2469431310892105
./out_ep/train/cancer/tlung__AAGACCTAGGTAAACT_LUNG_T19/vectors,vectors,cancer,0,normal,1,0.283658891916275,0.7163411378860474
./out_ep/train/cancer/tlung__CCTTACGCAATCGGTT_LUNG_T34/vectors,vectors,cancer,0,cancer,0,0.7671124935150146,0.23288758099079132
./out_ep/train/cancer/tlung__CACACAATCTGATACG_LUNG_T28/vectors,vectors,cancer,0,cancer,0,0.7725131511688232,0.2274867594242096
./out_ep/train/cancer/tlung__GCTTGAAGTCGGCACT_LUNG_T19/vectors,vectors,cancer,0,cancer,0,0.6930007934570312,0.30699920654296875
./out_ep/train/cancer/tlung__TAGTTGGGTAGGCTGA_LUNG_T30/vectors,vectors,cancer,0,cancer,0,0.7237322330474854,0.27626779675483704
./out_ep/train/cancer/tlung__AGTTGGTGTGACTACT_LUNG_T30/vectors,vectors,cancer,0,cancer,0,0.6152034401893616,0.3847965896129608
./out_ep/train/cancer/tlung__CAGCTGGTCTCTTGAT_LUNG_T06/vectors,vectors,cancer,0,normal,1,0.3104836344718933,0.6895163655281067
./out_ep/train/cancer/tlung__TCGAGGCGTGTCAATC_LUNG_T28/vectors,vectors,cancer,0,cancer,0,0.7257124185562134,0.2742875814437866
./out_ep/train/cancer/tlung__CGGGTCACATGCAACT_LUNG_T25/vectors,vectors,cancer,0,cancer,0,0.7620908617973328,0.23790913820266724
./out_ep/train/cancer/tlung__CTAACTTGTCAGAAGC_LUNG_T20/vectors,vectors,cancer,0,cancer,0,0.7683125138282776,0.2316875457763672
./out_ep/train/cancer/tlung__GTCATTTGTGGTACAG_LUNG_T34/vectors,vectors,cancer,0,cancer,0,0.7650027275085449,0.23499728739261627
./out_ep/train/cancer/tlung__AGAGTGGCACGAGAGT_LUNG_T19/vectors,vectors,cancer,0,normal,1,0.3173171877861023,0.6826828122138977
./out_ep/train/cancer/tlung__TTAACTCGTATCGCAT_LUNG_T34/vectors,vectors,cancer,0,cancer,0,0.7699218988418579,0.2300780713558197
./out_ep/train/cancer/tlung__CCTTACGGTGAGGGAG_LUNG_T28/vectors,vectors,cancer,0,cancer,0,0.7722275257110596,0.22777250409126282
./out_ep/train/cancer/tlung__GGCCGATAGTCAAGCG_LUNG_T34/vectors,vectors,cancer,0,cancer,0,0.7687440514564514,0.23125597834587097
./out_ep/train/cancer/tlung__ACAGCCGTCAGCACAT_LUNG_T20/vectors,vectors,cancer,0,cancer,0,0.7667224407196045,0.2332776039838791
./out_ep/train/cancer/tlung__CGGGTCAAGAGTACCG_LUNG_T34/vectors,vectors,cancer,0,cancer,0,0.7664234638214111,0.23357658088207245
./out_ep/train/cancer/tlung__TAAGCGTTCGAATGCT_LUNG_T34/vectors,vectors,cancer,0,cancer,0,0.7670565843582153,0.23294344544410706
./out_ep/train/cancer/tlung__GCTGGGTCAGTAAGAT_LUNG_T25/vectors,vectors,cancer,0,cancer,0,0.7663483619689941,0.23365171253681183
./out_ep/train/cancer/tlung__GCGAGAACAACTGCTA_LUNG_T34/vectors,vectors,cancer,0,cancer,0,0.7581050992012024,0.2418949156999588
./out_ep/train/cancer/tlung__TAAGAGACAGCCACCA_LUNG_T25/vectors,vectors,cancer,0,cancer,0,0.7575575709342957,0.24244235455989838
./out_ep/train/cancer/tlung__GCAGCCACACACAGAG_LUNG_T06/vectors,vectors,cancer,0,normal,1,0.2869397699832916,0.7130602598190308
./out_ep/train/cancer/tlung__ATCTGCCGTAGCGCTC_LUNG_T34/vectors,vectors,cancer,0,cancer,0,0.7392283082008362,0.2607716917991638
./out_ep/train/cancer/tlung__AGACGTTCAGATCCAT_LUNG_T34/vectors,vectors,cancer,0,cancer,0,0.7704809904098511,0.2295190393924713
./out_ep/train/cancer/tlung__GACTGCGGTGTATGGG_LUNG_T34/vectors,vectors,cancer,0,cancer,0,0.7692821025848389,0.23071792721748352
./out_ep/train/cancer/tlung__TAGAGCTCATAGGATA_LUNG_T25/vectors,vectors,cancer,0,cancer,0,0.7336099743843079,0.2663900852203369
./out_ep/train/cancer/tlung__CTAATGGAGACAGACC_LUNG_T34/vectors,vectors,cancer,0,cancer,0,0.6539181470870972,0.34608185291290283
./out_ep/train/cancer/tlung__CAACCTCAGTGTCCAT_LUNG_T34/vectors,vectors,cancer,0,normal,1,0.3174493908882141,0.6825506091117859
./out_ep/train/cancer/tlung__CTCGTACTCCTTGCCA_LUNG_T34/vectors,vectors,cancer,0,cancer,0,0.7636655569076538,0.2363344430923462
./out_ep/train/cancer/tlung__GAGCAGACACTTACGA_LUNG_T34/vectors,vectors,cancer,0,cancer,0,0.7645731568336487,0.2354268729686737
./out_ep/train/cancer/tlung__CTAGAGTGTAGCCTAT_LUNG_T34/vectors,vectors,cancer,0,cancer,0,0.7587062120437622,0.241293802857399
./out_ep/train/cancer/tlung__CATTATCAGTTGAGTA_LUNG_T28/vectors,vectors,cancer,0,cancer,0,0.761520504951477,0.23847950994968414
./out_ep/train/cancer/tlung__GGACGTCTCACTGGGC_LUNG_T18/vectors,vectors,cancer,0,cancer,0,0.7610726356506348,0.23892734944820404
./out_ep/train/cancer/tlung__AGCTTGAGTTAAGACA_LUNG_T34/vectors,vectors,cancer,0,cancer,0,0.7697164416313171,0.23028355836868286
./out_ep/train/cancer/tlung__TTGGCAACATTACCTT_LUNG_T34/vectors,vectors,cancer,0,cancer,0,0.7706185579299927,0.22938142716884613
./out_ep/train/cancer/tlung__CGGAGCTTCGTAGATC_LUNG_T30/vectors,vectors,cancer,0,normal,1,0.4015851318836212,0.5984148383140564
./out_ep/train/cancer/tlung__GGCGACTAGCTTATCG_LUNG_T31/vectors,vectors,cancer,0,cancer,0,0.7718609571456909,0.22813904285430908
./out_ep/train/cancer/tlung__AGATTGCAGGCATGGT_LUNG_T34/vectors,vectors,cancer,0,cancer,0,0.7711763978004456,0.22882358729839325
./out_ep/train/cancer/tlung__CTGCGGAGTGAGGCTA_LUNG_T34/vectors,vectors,cancer,0,cancer,0,0.7622789144515991,0.2377210557460785
./out_ep/train/cancer/tlung__TCGCGAGGTTTGACAC_LUNG_T34/vectors,vectors,cancer,0,cancer,0,0.761003315448761,0.2389967292547226
./out_ep/train/cancer/tlung__CACATTTAGTCAAGGC_LUNG_T34/vectors,vectors,cancer,0,cancer,0,0.7695798873901367,0.23042017221450806
./out_ep/train/cancer/tlung__AACTTTCTCTGATACG_LUNG_T34/vectors,vectors,cancer,0,cancer,0,0.7599916458129883,0.24000835418701172
./out_ep/train/cancer/tlung__CGGTTAACATTGGCGC_LUNG_T28/vectors,vectors,cancer,0,cancer,0,0.7703757286071777,0.22962428629398346
./out_ep/train/cancer/tlung__TGGACGCTCACCGTAA_LUNG_T34/vectors,vectors,cancer,0,cancer,0,0.7721443176269531,0.22785569727420807
./out_ep/train/cancer/tlung__TCTGAGATCGAGAACG_LUNG_T28/vectors,vectors,cancer,0,cancer,0,0.7723281383514404,0.22767183184623718
./out_ep/train/cancer/tlung__CCTATTAAGCGTGTCC_LUNG_T34/vectors,vectors,cancer,0,cancer,0,0.7640592455863953,0.2359408736228943
./out_ep/train/cancer/tlung__CTTGGCTTCCGCATCT_LUNG_T18/vectors,vectors,cancer,0,cancer,0,0.7612321376800537,0.2387678474187851
./out_ep/train/cancer/tlung__ATAACGCCATCCTTGC_LUNG_T28/vectors,vectors,cancer,0,cancer,0,0.7719724774360657,0.2280275672674179
./out_ep/train/cancer/tlung__TTTGCGCCAAAGCAAT_LUNG_T34/vectors,vectors,cancer,0,cancer,0,0.7567735314369202,0.2432265281677246
./out_ep/train/cancer/tlung__ACCCACTAGCTCTCGG_LUNG_T34/vectors,vectors,cancer,0,cancer,0,0.7466459274291992,0.25335410237312317
./out_ep/train/cancer/tlung__CAGGTGCGTCCTGCTT_LUNG_T34/vectors,vectors,cancer,0,cancer,0,0.7713029384613037,0.2286970615386963
./out_ep/train/cancer/tlung__ACGGGTCTCATATCGG_LUNG_T18/vectors,vectors,cancer,0,cancer,0,0.7726231813430786,0.22737687826156616
./out_ep/train/cancer/tlung__GTACTTTTCATCACCC_LUNG_T34/vectors,vectors,cancer,0,cancer,0,0.7587634921073914,0.24123653769493103
./out_ep/train/cancer/tlung__AAAGTAGAGACAAAGG_LUNG_T20/vectors,vectors,cancer,0,cancer,0,0.7715074419975281,0.22849257290363312
./out_ep/train/cancer/tlung__CGGAGCTCAGGATTGG_LUNG_T34/vectors,vectors,cancer,0,cancer,0,0.7674026489257812,0.23259738087654114
./out_ep/train/cancer/tlung__CGCGTTTAGAGTACCG_LUNG_T34/vectors,vectors,cancer,0,cancer,0,0.7700732350349426,0.2299267202615738
./out_ep/train/cancer/tlung__CGTGTCTAGGAGTCTG_LUNG_T30/vectors,vectors,cancer,0,cancer,0,0.7432860136032104,0.2567140460014343
./out_ep/train/cancer/tlung__AGAGCTTAGTTTGCGT_LUNG_T28/vectors,vectors,cancer,0,cancer,0,0.7726097702980042,0.22739024460315704
./out_ep/train/cancer/tlung__TATCAGGTCTGAAAGA_LUNG_T34/vectors,vectors,cancer,0,cancer,0,0.7704512476921082,0.22954869270324707
./out_ep/train/cancer/tlung__TGCGGGTAGTCAATAG_LUNG_T18/vectors,vectors,cancer,0,cancer,0,0.7591291666030884,0.24087084829807281
./out_ep/train/cancer/tlung__CGATTGATCTCGATGA_LUNG_T34/vectors,vectors,cancer,0,cancer,0,0.7721792459487915,0.22782079875469208
./out_ep/train/cancer/tlung__TGGGCGTTCTTGAGGT_LUNG_T28/vectors,vectors,cancer,0,cancer,0,0.7582086324691772,0.24179138243198395
./out_ep/train/cancer/tlung__CGATTGAAGCACAGGT_LUNG_T28/vectors,vectors,cancer,0,cancer,0,0.7697624564170837,0.23023757338523865
./out_ep/train/cancer/tlung__CACACCTCACTGAAGG_LUNG_T30/vectors,vectors,cancer,0,cancer,0,0.6573253870010376,0.3426746129989624
./out_ep/train/cancer/tlung__AAAGCAAAGGACCACA_LUNG_T09/vectors,vectors,cancer,0,normal,1,0.3786780536174774,0.621321976184845
./out_ep/train/cancer/tlung__TCATTACGTTGGTAAA_LUNG_T34/vectors,vectors,cancer,0,cancer,0,0.7590188980102539,0.2409810721874237
./out_ep/train/cancer/tlung__TCAGCTCTCATCGGAT_LUNG_T20/vectors,vectors,cancer,0,cancer,0,0.7711629867553711,0.22883707284927368
./out_ep/train/cancer/tlung__AGTAGTCTCAGCCTAA_LUNG_T06/vectors,vectors,cancer,0,cancer,0,0.7702447772026062,0.2297552227973938
./out_ep/train/cancer/tlung__AGGCCACAGGAGTTTA_LUNG_T34/vectors,vectors,cancer,0,cancer,0,0.7720946669578552,0.22790536284446716
./out_ep/train/cancer/tlung__ATAACGCTCACTCCTG_LUNG_T34/vectors,vectors,cancer,0,cancer,0,0.7703784704208374,0.22962160408496857
./out_ep/train/cancer/tlung__GGACATTCAGAAGCAC_LUNG_T18/vectors,vectors,cancer,0,cancer,0,0.7705025672912598,0.22949744760990143
./out_ep/train/cancer/tlung__TACACGACATGTAAGA_LUNG_T19/vectors,vectors,cancer,0,cancer,0,0.7703689932823181,0.22963102161884308
./out_ep/train/cancer/tlung__CAAGGCCCATGTCGAT_LUNG_T18/vectors,vectors,cancer,0,cancer,0,0.766701877117157,0.23329807817935944
./out_ep/train/cancer/tlung__GATGAAACACACAGAG_LUNG_T28/vectors,vectors,cancer,0,cancer,0,0.7725695371627808,0.22743046283721924
./out_ep/train/cancer/tlung__TGCCAAAGTAAGTAGT_LUNG_T20/vectors,vectors,cancer,0,cancer,0,0.7556215524673462,0.24437850713729858
./out_ep/train/cancer/tlung__ACTGATGCACGACGAA_LUNG_T31/vectors,vectors,cancer,0,cancer,0,0.7689758539199829,0.2310241162776947
./out_ep/train/cancer/tlung__TATCTCACAGATTGCT_LUNG_T19/vectors,vectors,cancer,0,cancer,0,0.5160486102104187,0.4839513599872589
./out_ep/train/cancer/tlung__AAGTCTGCACGAAACG_LUNG_T30/vectors,vectors,cancer,0,cancer,0,0.7538080215454102,0.24619196355342865
./out_ep/train/cancer/tlung__ACGATGTTCCGTTGTC_LUNG_T34/vectors,vectors,cancer,0,cancer,0,0.7682405114173889,0.23175953328609467
./out_ep/train/cancer/tlung__CTCTGGTAGTTAGGTA_LUNG_T34/vectors,vectors,cancer,0,cancer,0,0.7712814211845398,0.2287186086177826
./out_ep/train/cancer/tlung__GTAGGCCTCTCGATGA_LUNG_T34/vectors,vectors,cancer,0,cancer,0,0.7676898241043091,0.23231014609336853
./out_ep/train/cancer/tlung__TGGGCGTAGAATGTGT_LUNG_T28/vectors,vectors,cancer,0,cancer,0,0.707538902759552,0.292461097240448
./out_ep/train/cancer/tlung__AGCTCTCCACTAGTAC_LUNG_T34/vectors,vectors,cancer,0,cancer,0,0.772146999835968,0.22785301506519318
./out_ep/train/cancer/tlung__GCGAGAAGTTGTGGCC_LUNG_T28/vectors,vectors,cancer,0,cancer,0,0.7614845037460327,0.23851555585861206
./out_ep/train/cancer/tlung__GTCGGGTCACAGGAGT_LUNG_T28/vectors,vectors,cancer,0,cancer,0,0.7701503038406372,0.22984977066516876
./out_ep/train/cancer/tlung__CTAGAGTTCAATACCG_LUNG_T20/vectors,vectors,cancer,0,cancer,0,0.7716808915138245,0.22831912338733673
./out_ep/train/cancer/tlung__CCACGGAAGAGAGCTC_LUNG_T25/vectors,vectors,cancer,0,cancer,0,0.7561985850334167,0.24380134046077728
./out_ep/train/cancer/tlung__GCATGTACACACTGCG_LUNG_T28/vectors,vectors,cancer,0,cancer,0,0.7722087502479553,0.22779127955436707
./out_ep/train/cancer/tlung__TGGGAAGCACGAAAGC_LUNG_T19/vectors,vectors,cancer,0,cancer,0,0.7265014052391052,0.2734985649585724
./out_ep/train/cancer/tlung__TGATTTCAGTGACTCT_LUNG_T28/vectors,vectors,cancer,0,cancer,0,0.7721631526947021,0.22783692181110382
./out_ep/train/cancer/tlung__CGGAGTCGTCGGCTCA_LUNG_T28/vectors,vectors,cancer,0,cancer,0,0.7685215473175049,0.2314785122871399
./out_ep/train/cancer/tlung__TTAGGACCAAGTCTGT_LUNG_T30/vectors,vectors,cancer,0,cancer,0,0.7427513003349304,0.2572486996650696
./out_ep/train/cancer/tlung__GATTCAGAGACCCACC_LUNG_T18/vectors,vectors,cancer,0,cancer,0,0.7697854042053223,0.23021461069583893
./out_ep/train/cancer/tlung__AGTGAGGTCGACAGCC_LUNG_T28/vectors,vectors,cancer,0,cancer,0,0.7664998769760132,0.23350012302398682
./out_ep/train/cancer/tlung__CCGTGGAAGTACACCT_LUNG_T34/vectors,vectors,cancer,0,cancer,0,0.7447550296783447,0.25524502992630005
./out_ep/train/cancer/tlung__CACACCTCAGGTTTCA_LUNG_T34/vectors,vectors,cancer,0,cancer,0,0.7527076601982117,0.24729233980178833
./out_ep/train/cancer/tlung__CCTATTATCGGCATCG_LUNG_T28/vectors,vectors,cancer,0,cancer,0,0.7725534439086914,0.2274465709924698
./out_ep/train/cancer/tlung__GCTTGAACATCCGCGA_LUNG_T34/vectors,vectors,cancer,0,cancer,0,0.7601126432418823,0.2398872971534729
./out_ep/train/cancer/tlung__CAGCAGCTCTATGTGG_LUNG_T28/vectors,vectors,cancer,0,cancer,0,0.7718111872673035,0.22818875312805176
./out_ep/train/cancer/tlung__GCGCCAAGTCGGCACT_LUNG_T18/vectors,vectors,cancer,0,cancer,0,0.7717910408973694,0.22820889949798584
./out_ep/train/cancer/tlung__CGTCACTCATTCGACA_LUNG_T28/vectors,vectors,cancer,0,cancer,0,0.7721174359321594,0.2278825342655182
./out_ep/train/cancer/tlung__ACACCAACACAAGTAA_LUNG_T18/vectors,vectors,cancer,0,cancer,0,0.7648956775665283,0.2351042628288269
./out_ep/train/cancer/tlung__ACAGCTAAGCTCTCGG_LUNG_T18/vectors,vectors,cancer,0,cancer,0,0.7716742157936096,0.22832585871219635
./out_ep/train/cancer/tlung__GACTACAAGACCTAGG_LUNG_T28/vectors,vectors,cancer,0,cancer,0,0.7722033262252808,0.22779662907123566
./out_ep/train/cancer/tlung__CACCTTGAGTCCAGGA_LUNG_T20/vectors,vectors,cancer,0,cancer,0,0.7696772217750549,0.23032276332378387
./out_ep/train/cancer/tlung__ACGCCAGGTGCACCAC_LUNG_T28/vectors,vectors,cancer,0,cancer,0,0.7714334726333618,0.22856654226779938
./out_ep/train/cancer/tlung__AAACCTGTCTAGAGTC_LUNG_T19/vectors,vectors,cancer,0,normal,1,0.2900561988353729,0.7099437713623047
./out_ep/train/cancer/tlung__TGGCGCACACCGATAT_LUNG_T31/vectors,vectors,cancer,0,cancer,0,0.7697070837020874,0.23029303550720215
./out_ep/train/cancer/tlung__ACTTGTTCATAAAGGT_LUNG_T09/vectors,vectors,cancer,0,normal,1,0.29315146803855896,0.7068485021591187
./out_ep/train/cancer/tlung__CGGAGTCCATGCCTAA_LUNG_T20/vectors,vectors,cancer,0,cancer,0,0.769012451171875,0.2309875190258026
./out_ep/train/cancer/tlung__AGGTCCGTCTTTACGT_LUNG_T34/vectors,vectors,cancer,0,cancer,0,0.7714604139328003,0.22853964567184448
./out_ep/train/cancer/tlung__TGGCCAGCAGCCTGTG_LUNG_T28/vectors,vectors,cancer,0,cancer,0,0.7724153399467468,0.22758467495441437
./out_ep/train/cancer/tlung__CCAGCGAGTATGAAAC_LUNG_T30/vectors,vectors,cancer,0,cancer,0,0.7631446123123169,0.23685531318187714
./out_ep/train/cancer/tlung__AGATCTGGTACCGTTA_LUNG_T25/vectors,vectors,cancer,0,cancer,0,0.740480899810791,0.259519100189209
./out_ep/train/cancer/tlung__CGAGAAGGTTATCCGA_LUNG_T20/vectors,vectors,cancer,0,cancer,0,0.771005392074585,0.22899460792541504
./out_ep/train/cancer/tlung__GATTCAGGTACCGTAT_LUNG_T34/vectors,vectors,cancer,0,cancer,0,0.7589519619941711,0.24104806780815125
./out_ep/train/cancer/tlung__CGGACACGTCGACTAT_LUNG_T30/vectors,vectors,cancer,0,normal,1,0.37419018149375916,0.6258097887039185
./out_ep/train/cancer/tlung__TTAGGCAGTAAGGGAA_LUNG_T34/vectors,vectors,cancer,0,cancer,0,0.771816611289978,0.22818338871002197
./out_ep/train/cancer/tlung__CGGCTAGTCTGCCCTA_LUNG_T18/vectors,vectors,cancer,0,cancer,0,0.7694743275642395,0.23052570223808289
./out_ep/train/cancer/tlung__TCTCTAAAGACAGACC_LUNG_T34/vectors,vectors,cancer,0,cancer,0,0.7687020301818848,0.23129799962043762
./out_ep/train/cancer/tlung__CTCTAATGTACCCAAT_LUNG_T08/vectors,vectors,cancer,0,cancer,0,0.7316237092018127,0.26837629079818726
./out_ep/train/cancer/tlung__TTGAACGAGTAGTGCG_LUNG_T28/vectors,vectors,cancer,0,cancer,0,0.7722972631454468,0.22770269215106964
./out_ep/train/cancer/tlung__CATATGGTCAAGAAGT_LUNG_T34/vectors,vectors,cancer,0,cancer,0,0.7691317796707153,0.23086827993392944
./out_ep/train/cancer/tlung__CTGTGCTCATTAGGCT_LUNG_T30/vectors,vectors,cancer,0,cancer,0,0.769847571849823,0.23015239834785461
./out_ep/train/cancer/tlung__CGTCCATAGGACATTA_LUNG_T34/vectors,vectors,cancer,0,cancer,0,0.7640013098716736,0.23599861562252045
./out_ep/train/cancer/tlung__ATCATCTTCCCACTTG_LUNG_T34/vectors,vectors,cancer,0,cancer,0,0.6950275897979736,0.3049723207950592
./out_ep/train/cancer/tlung__TAGAGCTCATACTACG_LUNG_T28/vectors,vectors,cancer,0,cancer,0,0.6594274640083313,0.3405725657939911
./out_ep/train/cancer/tlung__CTCAGAAAGTATCGAA_LUNG_T18/vectors,vectors,cancer,0,cancer,0,0.7701813578605652,0.2298187017440796
./out_ep/train/cancer/tlung__AGGTCCGTCTTGAGAC_LUNG_T28/vectors,vectors,cancer,0,cancer,0,0.7709582448005676,0.22904175519943237
./out_ep/train/cancer/tlung__CATGGCGCAATCGGTT_LUNG_T19/vectors,vectors,cancer,0,cancer,0,0.7666391730308533,0.2333608865737915
./out_ep/train/cancer/tlung__GATCTAGGTTGGTAAA_LUNG_T28/vectors,vectors,cancer,0,cancer,0,0.772361695766449,0.22763831913471222
./out_ep/train/cancer/tlung__TCAACGACACGGCCAT_LUNG_T09/vectors,vectors,cancer,0,cancer,0,0.6000986695289612,0.3999013602733612
./out_ep/train/cancer/tlung__TCTGAGAAGTGAATTG_LUNG_T34/vectors,vectors,cancer,0,cancer,0,0.7532526254653931,0.24674741923809052
./out_ep/train/cancer/tlung__CTGAAACGTCATTAGC_LUNG_T34/vectors,vectors,cancer,0,cancer,0,0.7710322737693787,0.22896766662597656
./out_ep/train/cancer/tlung__CGGAGCTCAGCTCGCA_LUNG_T28/vectors,vectors,cancer,0,cancer,0,0.7719509601593018,0.22804905474185944
./out_ep/train/cancer/tlung__CGTCAGGCACAAGCCC_LUNG_T20/vectors,vectors,cancer,0,cancer,0,0.7644632458686829,0.23553670942783356
./out_ep/train/cancer/tlung__AGATCTGGTCCAGTGC_LUNG_T19/vectors,vectors,cancer,0,cancer,0,0.5666313171386719,0.4333687722682953
./out_ep/train/cancer/tlung__TACGGTACAGGTGCCT_LUNG_T28/vectors,vectors,cancer,0,cancer,0,0.7712666392326355,0.22873340547084808
./out_ep/train/cancer/tlung__CGCGTTTTCCCTGACT_LUNG_T34/vectors,vectors,cancer,0,cancer,0,0.7714899778366089,0.2285100519657135
./out_ep/train/cancer/tlung__AAAGATGTCATAAAGG_LUNG_T34/vectors,vectors,cancer,0,cancer,0,0.7644330859184265,0.23556698858737946
./out_ep/train/cancer/tlung__GCTCTGTTCTTGCATT_LUNG_T34/vectors,vectors,cancer,0,cancer,0,0.7686491012573242,0.23135092854499817
./out_ep/train/cancer/tlung__CAGCATAAGTGGAGTC_LUNG_T31/vectors,vectors,cancer,0,cancer,0,0.5518869757652283,0.4481130540370941
./out_ep/train/cancer/tlung__CGACTTCAGTGCAAGC_LUNG_T34/vectors,vectors,cancer,0,cancer,0,0.7614317536354065,0.2385682314634323
./out_ep/train/cancer/tlung__CTCTGGTCATCTCGCT_LUNG_T28/vectors,vectors,cancer,0,cancer,0,0.7709743976593018,0.22902558743953705
./out_ep/train/cancer/tlung__GACCAATAGACACGAC_LUNG_T34/vectors,vectors,cancer,0,cancer,0,0.7613181471824646,0.2386818528175354
./out_ep/train/cancer/tlung__AGGTCATAGCTGCGAA_LUNG_T28/vectors,vectors,cancer,0,cancer,0,0.7700002789497375,0.22999966144561768
./out_ep/train/cancer/tlung__TTCTCCTCATGCGCAC_LUNG_T18/vectors,vectors,cancer,0,cancer,0,0.7690314650535583,0.23096854984760284
./out_ep/train/cancer/tlung__CCATTCGTCGCGTTTC_LUNG_T34/vectors,vectors,cancer,0,cancer,0,0.7606186866760254,0.23938129842281342
./out_ep/train/cancer/tlung__ACAGCTAGTGTAAGTA_LUNG_T18/vectors,vectors,cancer,0,cancer,0,0.7685582041740417,0.23144184052944183
./out_ep/train/cancer/tlung__CAAGAAAGTTAAAGTG_LUNG_T28/vectors,vectors,cancer,0,cancer,0,0.7704013586044312,0.22959864139556885
./out_ep/train/cancer/tlung__ATCACGAAGACGACGT_LUNG_T28/vectors,vectors,cancer,0,cancer,0,0.7722046971321106,0.2277952879667282
./out_ep/train/cancer/tlung__TCCCGATGTTGAGGTG_LUNG_T34/vectors,vectors,cancer,0,cancer,0,0.7724220752716064,0.22757798433303833
./out_ep/train/cancer/tlung__ATGAGGGCATCCGGGT_LUNG_T30/vectors,vectors,cancer,0,normal,1,0.48792311549186707,0.5120769143104553
./out_ep/train/cancer/tlung__TCAACGATCAGGCCCA_LUNG_T30/vectors,vectors,cancer,0,normal,1,0.4023297429084778,0.5976702570915222
./out_ep/train/cancer/tlung__CATGGCGTCAGCTGGC_LUNG_T28/vectors,vectors,cancer,0,cancer,0,0.7020467519760132,0.2979532480239868
./out_ep/train/cancer/tlung__AACCATGAGTCATGCT_LUNG_T30/vectors,vectors,cancer,0,cancer,0,0.61564040184021,0.38435956835746765
./out_ep/train/cancer/tlung__CATGCCTAGATCCCGC_LUNG_T19/vectors,vectors,cancer,0,cancer,0,0.5691268444061279,0.4308730661869049
./out_ep/train/cancer/tlung__TACTTACCATTGGTAC_LUNG_T28/vectors,vectors,cancer,0,cancer,0,0.7724676728248596,0.22753238677978516
./out_ep/train/cancer/tlung__ATTATCCAGTGAATTG_LUNG_T34/vectors,vectors,cancer,0,cancer,0,0.770897626876831,0.22910240292549133
./out_ep/train/cancer/tlung__CATGGCGTCACAACGT_LUNG_T18/vectors,vectors,cancer,0,cancer,0,0.7715088129043579,0.22849121689796448
./out_ep/train/cancer/tlung__CTTTGCGGTGCTCTTC_LUNG_T34/vectors,vectors,cancer,0,cancer,0,0.7714644074440002,0.22853562235832214
./out_ep/train/cancer/tlung__TTCGAAGTCAGGCAAG_LUNG_T20/vectors,vectors,cancer,0,cancer,0,0.6980705857276917,0.30192938446998596
./out_ep/train/cancer/tlung__AGTCTTTAGCTGATAA_LUNG_T34/vectors,vectors,cancer,0,cancer,0,0.7611821889877319,0.23881776630878448
./out_ep/train/cancer/tlung__CTCGAAACACTCTGTC_LUNG_T34/vectors,vectors,cancer,0,cancer,0,0.7664220929145813,0.2335779368877411
./out_ep/train/cancer/tlung__CCATTCGTCTATGTGG_LUNG_T09/vectors,vectors,cancer,0,normal,1,0.35788482427597046,0.6421151757240295
./out_ep/train/cancer/tlung__GTGTGCGAGAACAATC_LUNG_T34/vectors,vectors,cancer,0,cancer,0,0.7635484933853149,0.23645149171352386
./out_ep/train/cancer/tlung__GTAACGTTCGAGGTAG_LUNG_T34/vectors,vectors,cancer,0,cancer,0,0.7705255150794983,0.2294744998216629
./out_ep/train/cancer/tlung__CGATCGGCACAACTGT_LUNG_T34/vectors,vectors,cancer,0,cancer,0,0.7699260711669922,0.23007404804229736
./out_ep/train/cancer/tlung__TTCTTAGAGGCTATCT_LUNG_T18/vectors,vectors,cancer,0,cancer,0,0.7645758986473083,0.23542413115501404
./out_ep/train/cancer/tlung__TTCGAAGAGAGTGAGA_LUNG_T31/vectors,vectors,cancer,0,cancer,0,0.77118319272995,0.22881685197353363
./out_ep/train/cancer/tlung__CTGTGCTAGCACGCCT_LUNG_T34/vectors,vectors,cancer,0,cancer,0,0.7721792459487915,0.22782079875469208
./out_ep/train/cancer/tlung__TTAGGACCATTACGAC_LUNG_T34/vectors,vectors,cancer,0,cancer,0,0.7705700397491455,0.22943000495433807
./out_ep/train/cancer/tlung__AGGCCGTTCGGTTAAC_LUNG_T20/vectors,vectors,cancer,0,cancer,0,0.7659396529197693,0.23406042158603668
./out_ep/train/cancer/tlung__TTCTCCTAGTCGATAA_LUNG_T28/vectors,vectors,cancer,0,cancer,0,0.7726003527641296,0.22739964723587036
./out_ep/train/cancer/tlung__CTGTGCTGTAAATACG_LUNG_T34/vectors,vectors,cancer,0,cancer,0,0.7685419321060181,0.2314581423997879
./out_ep/train/cancer/tlung__AACTTTCAGGTAAACT_LUNG_T25/vectors,vectors,cancer,0,cancer,0,0.7365502119064331,0.26344987750053406
./out_ep/train/cancer/tlung__GGACAAGTCTTGAGAC_LUNG_T34/vectors,vectors,cancer,0,cancer,0,0.7682934403419495,0.23170657455921173
./out_ep/train/cancer/tlung__TTAACTCTCCAGTAGT_LUNG_T28/vectors,vectors,cancer,0,cancer,0,0.7721738815307617,0.22782617807388306
./out_ep/train/cancer/tlung__GATGAGGTCACTCCTG_LUNG_T28/vectors,vectors,cancer,0,cancer,0,0.769690752029419,0.23030924797058105
./out_ep/train/cancer/tlung__CCTCAGTGTTGGACCC_LUNG_T31/vectors,vectors,cancer,0,cancer,0,0.7559749484062195,0.2440250664949417
./out_ep/train/cancer/tlung__ATGTGTGCACATGGGA_LUNG_T34/vectors,vectors,cancer,0,cancer,0,0.7719240784645081,0.22807590663433075
./out_ep/train/cancer/tlung__TGGCGCAGTTACCGAT_LUNG_T28/vectors,vectors,cancer,0,cancer,0,0.7681589722633362,0.2318410724401474
./out_ep/train/cancer/tlung__CGTGTCTTCGGCGCAT_LUNG_T20/vectors,vectors,cancer,0,cancer,0,0.7693429589271545,0.23065699636936188
./out_ep/train/cancer/tlung__TGACAACTCTGATTCT_LUNG_T20/vectors,vectors,cancer,0,cancer,0,0.770453929901123,0.22954601049423218
./out_ep/train/cancer/tlung__CTCGTACGTTGTTTGG_LUNG_T30/vectors,vectors,cancer,0,cancer,0,0.7711036801338196,0.22889630496501923
./out_ep/train/cancer/tlung__CCATGTCGTAGCTTGT_LUNG_T28/vectors,vectors,cancer,0,cancer,0,0.7723483443260193,0.22765174508094788
./out_ep/train/cancer/tlung__CATCGAACACGCGAAA_LUNG_T28/vectors,vectors,cancer,0,cancer,0,0.7710511088371277,0.22894881665706635
./out_ep/train/cancer/tlung__GGAGCAAAGTCGTTTG_LUNG_T30/vectors,vectors,cancer,0,cancer,0,0.7287905812263489,0.2712094783782959
./out_ep/train/cancer/tlung__GCGCAGTCATTGTGCA_LUNG_T34/vectors,vectors,cancer,0,cancer,0,0.7665613293647766,0.2334386706352234
./out_ep/train/cancer/tlung__TAGAGCTTCACAAACC_LUNG_T34/vectors,vectors,cancer,0,cancer,0,0.7554340362548828,0.2445659339427948
./out_ep/train/cancer/tlung__TAGGCATCAAACGCGA_LUNG_T34/vectors,vectors,cancer,0,cancer,0,0.7584617137908936,0.24153834581375122
./out_ep/train/cancer/tlung__CTTACCGTCTTAGCCC_LUNG_T34/vectors,vectors,cancer,0,cancer,0,0.7675020098686218,0.2324979603290558
./out_ep/train/cancer/tlung__GTGTTAGTCCTAGAAC_LUNG_T31/vectors,vectors,cancer,0,cancer,0,0.6404725313186646,0.3595275580883026
./out_ep/train/cancer/tlung__ACTTTCATCTTGACGA_LUNG_T34/vectors,vectors,cancer,0,cancer,0,0.768126368522644,0.23187366127967834
./out_ep/train/cancer/tlung__CAGCTAAAGACAAAGG_LUNG_T20/vectors,vectors,cancer,0,normal,1,0.42719319462776184,0.5728067755699158
./out_ep/train/cancer/tlung__AGTGTCAAGGTTACCT_LUNG_T28/vectors,vectors,cancer,0,cancer,0,0.7724730372428894,0.22752700746059418
./out_ep/train/cancer/tlung__CGATTGAGTTGACGTT_LUNG_T18/vectors,vectors,cancer,0,cancer,0,0.7682906985282898,0.23170927166938782
./out_ep/train/cancer/tlung__GCGCGATCAATGACCT_LUNG_T34/vectors,vectors,cancer,0,cancer,0,0.772489070892334,0.22751089930534363
./out_ep/train/cancer/tlung__TAAGCGTAGATGTAAC_LUNG_T28/vectors,vectors,cancer,0,cancer,0,0.7725185751914978,0.2274814248085022
./out_ep/train/cancer/tlung__GCAAACTTCATGTCCC_LUNG_T31/vectors,vectors,cancer,0,cancer,0,0.7679007649421692,0.23209932446479797
./out_ep/train/cancer/tlung__TCTCATAGTTCCCGAG_LUNG_T31/vectors,vectors,cancer,0,cancer,0,0.7715948820114136,0.2284051477909088
./out_ep/train/cancer/tlung__GGAGCAAGTCCCTTGT_LUNG_T19/vectors,vectors,cancer,0,cancer,0,0.7435726523399353,0.2564273476600647
./out_ep/train/cancer/tlung__CAGATCACACTACAGT_LUNG_T34/vectors,vectors,cancer,0,cancer,0,0.7611794471740723,0.23882052302360535
./out_ep/train/cancer/tlung__GAACCTATCTTGCAAG_LUNG_T34/vectors,vectors,cancer,0,cancer,0,0.7660735845565796,0.23392638564109802
./out_ep/train/cancer/tlung__ACTGAACGTTCAGCGC_LUNG_T28/vectors,vectors,cancer,0,cancer,0,0.7723777294158936,0.22762222588062286
./out_ep/train/cancer/tlung__GATGAGGTCGCGCCAA_LUNG_T34/vectors,vectors,cancer,0,cancer,0,0.7679170370101929,0.23208299279212952
./out_ep/train/cancer/tlung__CCTACACGTGACGGTA_LUNG_T28/vectors,vectors,cancer,0,cancer,0,0.7460811734199524,0.2539188265800476
./out_ep/train/cancer/tlung__ACGATGTGTCTGATTG_LUNG_T34/vectors,vectors,cancer,0,cancer,0,0.7650712728500366,0.23492871224880219
./out_ep/train/cancer/tlung__TGGCCAGAGTCGAGTG_LUNG_T28/vectors,vectors,cancer,0,cancer,0,0.7701259851455688,0.22987405955791473
./out_ep/train/cancer/tlung__CGTCCATCACCGAATT_LUNG_T34/vectors,vectors,cancer,0,cancer,0,0.7660325765609741,0.23396740853786469
./out_ep/train/cancer/tlung__AAAGTAGAGCTAGGCA_LUNG_T09/vectors,vectors,cancer,0,cancer,0,0.6835201978683472,0.3164798319339752
./out_ep/train/cancer/tlung__GCAGCCATCTACGAGT_LUNG_T34/vectors,vectors,cancer,0,cancer,0,0.7655919194221497,0.23440802097320557
./out_ep/train/cancer/tlung__AGCAGCCCAATGGACG_LUNG_T34/vectors,vectors,cancer,0,cancer,0,0.7571314573287964,0.2428685873746872
./out_ep/train/cancer/tlung__CGAGCCAGTTGGACCC_LUNG_T34/vectors,vectors,cancer,0,cancer,0,0.7638198137283325,0.23618026077747345
./out_ep/train/cancer/tlung__CCACCTAGTAAGTAGT_LUNG_T34/vectors,vectors,cancer,0,cancer,0,0.7714307904243469,0.22856923937797546
./out_ep/train/cancer/tlung__CCTACACAGAGTCGGT_LUNG_T09/vectors,vectors,cancer,0,cancer,0,0.7139694094657898,0.28603053092956543
./out_ep/train/cancer/tlung__CGCGTTTCAATGGATA_LUNG_T06/vectors,vectors,cancer,0,cancer,0,0.7496933341026306,0.25030672550201416
./out_ep/train/cancer/tlung__CGCTATCTCGGCGGTT_LUNG_T18/vectors,vectors,cancer,0,cancer,0,0.7724984884262085,0.2275015115737915
./out_ep/train/cancer/tlung__ACGAGGAGTTTAGGAA_LUNG_T18/vectors,vectors,cancer,0,cancer,0,0.771316409111023,0.22868359088897705
./out_ep/train/cancer/tlung__AGGCCGTTCCTATTCA_LUNG_T34/vectors,vectors,cancer,0,cancer,0,0.7711588740348816,0.22884109616279602
./out_ep/train/cancer/tlung__GCGAGAATCGGCATCG_LUNG_T18/vectors,vectors,cancer,0,cancer,0,0.7690233588218689,0.2309766560792923
./out_ep/train/cancer/tlung__ATCCGAACATATGCTG_LUNG_T28/vectors,vectors,cancer,0,cancer,0,0.740851640701294,0.25914832949638367
./out_ep/train/cancer/tlung__GTAGTCAAGCGATATA_LUNG_T18/vectors,vectors,cancer,0,cancer,0,0.7648998498916626,0.2351001650094986
./out_ep/train/cancer/tlung__GTCCTCAGTTCCCTTG_LUNG_T18/vectors,vectors,cancer,0,cancer,0,0.7721269130706787,0.22787314653396606
./out_ep/train/cancer/tlung__GATGCTATCTGGCGAC_LUNG_T18/vectors,vectors,cancer,0,cancer,0,0.7620894908905029,0.23791052401065826
./out_ep/train/cancer/tlung__AGGCCGTCATGGTCTA_LUNG_T30/vectors,vectors,cancer,0,cancer,0,0.7637730240821838,0.23622706532478333
./out_ep/train/cancer/tlung__CGTGTAAAGCGCCTTG_LUNG_T34/vectors,vectors,cancer,0,cancer,0,0.7508954405784607,0.2491045892238617
./out_ep/train/cancer/tlung__GAATAAGTCTCATTCA_LUNG_T20/vectors,vectors,cancer,0,cancer,0,0.7643753290176392,0.23562467098236084
./out_ep/train/cancer/tlung__CTACGTCGTTCGAATC_LUNG_T20/vectors,vectors,cancer,0,cancer,0,0.6998236775398254,0.3001762926578522
./out_ep/train/cancer/tlung__TCCACACTCATTCACT_LUNG_T34/vectors,vectors,cancer,0,cancer,0,0.7587006092071533,0.24129937589168549
./out_ep/train/cancer/tlung__TCGGGACGTTTGACAC_LUNG_T34/vectors,vectors,cancer,0,cancer,0,0.7713190913200378,0.22868092358112335
./out_ep/train/cancer/tlung__GGGACCTCATCGTCGG_LUNG_T34/vectors,vectors,cancer,0,cancer,0,0.7691940665245056,0.23080596327781677
./out_ep/train/cancer/tlung__ACTGAGTCATTCACTT_LUNG_T28/vectors,vectors,cancer,0,cancer,0,0.7723818421363831,0.22761820256710052
./out_ep/train/cancer/tlung__ATCGAGTAGCCACGTC_LUNG_T28/vectors,vectors,cancer,0,cancer,0,0.7725614905357361,0.22743850946426392
./out_ep/train/cancer/tlung__TGCTACCTCCTTTCTC_LUNG_T34/vectors,vectors,cancer,0,cancer,0,0.7546085715293884,0.24539145827293396
./out_ep/train/cancer/tlung__ATCTACTGTATCACCA_LUNG_T28/vectors,vectors,cancer,0,cancer,0,0.7715988755226135,0.22840113937854767
./out_ep/train/cancer/tlung__TTAGGACAGAGTAAGG_LUNG_T28/vectors,vectors,cancer,0,cancer,0,0.7725131511688232,0.2274867594242096
./out_ep/train/cancer/tlung__AGGTCATTCTCGTATT_LUNG_T34/vectors,vectors,cancer,0,cancer,0,0.7685880661010742,0.23141199350357056
./out_ep/train/cancer/tlung__TTCGAAGAGAGAGCTC_LUNG_T34/vectors,vectors,cancer,0,cancer,0,0.7707048654556274,0.22929514944553375
./out_ep/train/cancer/tlung__CTGTTTATCATCACCC_LUNG_T28/vectors,vectors,cancer,0,cancer,0,0.7721161246299744,0.22788389027118683
./out_ep/train/cancer/tlung__GCTTGAAAGTGTCCCG_LUNG_T18/vectors,vectors,cancer,0,cancer,0,0.7704323530197144,0.22956758737564087
./out_ep/train/cancer/tlung__GCTGCTTTCTACCAGA_LUNG_T19/vectors,vectors,cancer,0,normal,1,0.3056843876838684,0.6943156123161316
./out_ep/train/cancer/tlung__TCTTTCCGTGGTACAG_LUNG_T30/vectors,vectors,cancer,0,cancer,0,0.7485548257827759,0.2514451742172241
./out_ep/train/cancer/tlung__ACGCAGCCAAGGACAC_LUNG_T34/vectors,vectors,cancer,0,cancer,0,0.767414927482605,0.2325851321220398
./out_ep/train/cancer/tlung__AGGGATGCAGTATAAG_LUNG_T34/vectors,vectors,cancer,0,cancer,0,0.7681399583816528,0.23186010122299194
./out_ep/train/cancer/tlung__GTGCAGCTCTTCGGTC_LUNG_T31/vectors,vectors,cancer,0,cancer,0,0.7585525512695312,0.24144746363162994
./out_ep/train/cancer/tlung__GACTGCGCATATGCTG_LUNG_T30/vectors,vectors,cancer,0,normal,1,0.35685282945632935,0.6431472301483154
./out_ep/train/cancer/tlung__TTCTCAATCTCCCTGA_LUNG_T28/vectors,vectors,cancer,0,cancer,0,0.7722972631454468,0.22770269215106964
./out_ep/train/cancer/tlung__GACAGAGGTACCGTTA_LUNG_T20/vectors,vectors,cancer,0,cancer,0,0.534713089466095,0.46528685092926025
./out_ep/train/cancer/tlung__TGCACCTGTACAGCAG_LUNG_T18/vectors,vectors,cancer,0,cancer,0,0.7713513374328613,0.2286486178636551
./out_ep/train/cancer/tlung__TACTCATAGGCCCTCA_LUNG_T18/vectors,vectors,cancer,0,cancer,0,0.770250141620636,0.22974979877471924
./out_ep/train/cancer/tlung__CAAGAAACAAGCGCTC_LUNG_T34/vectors,vectors,cancer,0,cancer,0,0.766991138458252,0.23300890624523163
./out_ep/train/cancer/tlung__TTCTCAAAGTCCGGTC_LUNG_T28/vectors,vectors,cancer,0,cancer,0,0.7726204991340637,0.22737956047058105
./out_ep/train/cancer/tlung__CTGCTGTCACGCATCG_LUNG_T34/vectors,vectors,cancer,0,cancer,0,0.7721684575080872,0.22783152759075165
./out_ep/train/cancer/tlung__CAACTAGCAGGATTGG_LUNG_T28/vectors,vectors,cancer,0,cancer,0,0.771926760673523,0.22807320952415466
./out_ep/train/cancer/tlung__GGAACTTAGGTGATTA_LUNG_T30/vectors,vectors,cancer,0,cancer,0,0.7616063952445984,0.2383936196565628
./out_ep/train/cancer/tlung__GTAACTGTCCAGGGCT_LUNG_T18/vectors,vectors,cancer,0,cancer,0,0.7712167501449585,0.22878320515155792
./out_ep/train/cancer/tlung__TTGTAGGAGCCATCGC_LUNG_T34/vectors,vectors,cancer,0,cancer,0,0.7714347839355469,0.22856520116329193
./out_ep/train/cancer/tlung__GGGCATCCATCCCACT_LUNG_T34/vectors,vectors,cancer,0,cancer,0,0.768613874912262,0.231386199593544
./out_ep/train/cancer/tlung__GTTCATTTCGGATGTT_LUNG_T28/vectors,vectors,cancer,0,cancer,0,0.7626327276229858,0.23736731708049774
./out_ep/train/cancer/tlung__CCGTACTAGATGCGAC_LUNG_T34/vectors,vectors,cancer,0,cancer,0,0.7501683235168457,0.2498316913843155
./out_ep/train/cancer/tlung__CTGATAGGTGCATCTA_LUNG_T34/vectors,vectors,cancer,0,cancer,0,0.7717857360839844,0.228214293718338
./out_ep/train/cancer/tlung__AGCTCCTCACACCGCA_LUNG_T28/vectors,vectors,cancer,0,cancer,0,0.7537443041801453,0.24625568091869354
./out_ep/train/cancer/tlung__GGACAAGCATTAGCCA_LUNG_T28/vectors,vectors,cancer,0,cancer,0,0.7717266082763672,0.228273406624794
./out_ep/train/cancer/tlung__CGGGTCAAGTCTTGCA_LUNG_T18/vectors,vectors,cancer,0,cancer,0,0.7702353000640869,0.2297646403312683
./out_ep/train/cancer/tlung__TAAGTGCGTCACACGC_LUNG_T34/vectors,vectors,cancer,0,cancer,0,0.76611328125,0.2338867485523224
./out_ep/train/cancer/tlung__TGACGGCAGACAGGCT_LUNG_T34/vectors,vectors,cancer,0,cancer,0,0.7718395590782166,0.228160560131073
./out_ep/train/cancer/tlung__TACGGATAGCTAACAA_LUNG_T20/vectors,vectors,cancer,0,cancer,0,0.7678422927856445,0.23215779662132263
./out_ep/train/cancer/tlung__AAGCCGCCATTTGCCC_LUNG_T34/vectors,vectors,cancer,0,cancer,0,0.7707587480545044,0.22924122214317322
./out_ep/train/cancer/tlung__AGAGCTTTCTAACCGA_LUNG_T18/vectors,vectors,cancer,0,cancer,0,0.7705632448196411,0.2294367104768753
./out_ep/train/cancer/tlung__GACCAATAGCGCCTTG_LUNG_T34/vectors,vectors,cancer,0,cancer,0,0.7620991468429565,0.23790080845355988
./out_ep/train/cancer/tlung__GCCTCTAAGCATCATC_LUNG_T18/vectors,vectors,cancer,0,cancer,0,0.7642406225204468,0.23575936257839203
./out_ep/train/cancer/tlung__ATAAGAGGTTAGAACA_LUNG_T34/vectors,vectors,cancer,0,cancer,0,0.7687684893608093,0.23123155534267426
./out_ep/train/cancer/tlung__CTCGGAGAGGCGCTCT_LUNG_T28/vectors,vectors,cancer,0,cancer,0,0.7725749015808105,0.22742508351802826
./out_ep/train/cancer/tlung__GCTGCTTAGCGTGAAC_LUNG_T20/vectors,vectors,cancer,0,cancer,0,0.7676803469657898,0.2323196679353714
./out_ep/train/cancer/tlung__TTCTACACACCCAGTG_LUNG_T19/vectors,vectors,cancer,0,normal,1,0.27844375371932983,0.7215562462806702
./out_ep/train/cancer/tlung__CACAGTAAGCCCTAAT_LUNG_T34/vectors,vectors,cancer,0,cancer,0,0.7680829167366028,0.23191717267036438
./out_ep/train/cancer/tlung__CGAGAAGGTACAGTTC_LUNG_T28/vectors,vectors,cancer,0,cancer,0,0.756464421749115,0.2435356229543686
./out_ep/train/cancer/tlung__TTTCCTCTCCTAGAAC_LUNG_T28/vectors,vectors,cancer,0,cancer,0,0.7726539373397827,0.22734598815441132
./out_ep/train/cancer/tlung__CGTTAGAAGGCTAGCA_LUNG_T28/vectors,vectors,cancer,0,cancer,0,0.7723952531814575,0.22760480642318726
./out_ep/train/cancer/tlung__CACAGGCTCTTGGGTA_LUNG_T34/vectors,vectors,cancer,0,cancer,0,0.7650562524795532,0.23494379222393036
./out_ep/train/cancer/tlung__TCAGGTAGTCGAGTTT_LUNG_T25/vectors,vectors,cancer,0,cancer,0,0.7661119103431702,0.2338881492614746
./out_ep/train/cancer/tlung__ATCGAGTCAGTATAAG_LUNG_T34/vectors,vectors,cancer,0,cancer,0,0.7573347687721252,0.24266521632671356
./out_ep/train/cancer/tlung__ACATCAGTCCCTCTTT_LUNG_T20/vectors,vectors,cancer,0,cancer,0,0.7662389874458313,0.2337610125541687
./out_ep/train/cancer/tlung__GATGAAAGTAGCGCAA_LUNG_T18/vectors,vectors,cancer,0,cancer,0,0.7702110409736633,0.22978895902633667
./out_ep/train/cancer/tlung__GAGTCCGGTCGAAAGC_LUNG_T28/vectors,vectors,cancer,0,cancer,0,0.7725802063941956,0.22741973400115967
./out_ep/train/cancer/tlung__GTGCATATCAACGGGA_LUNG_T20/vectors,vectors,cancer,0,cancer,0,0.7683817148208618,0.23161828517913818
./out_ep/train/cancer/tlung__TACGGTACACCTCGTT_LUNG_T30/vectors,vectors,cancer,0,cancer,0,0.7534751892089844,0.246524840593338
./out_ep/train/cancer/tlung__GTCTTCGGTAATTGGA_LUNG_T34/vectors,vectors,cancer,0,cancer,0,0.7439419627189636,0.25605806708335876
./out_ep/train/cancer/tlung__CGTAGCGAGCGCTCCA_LUNG_T28/vectors,vectors,cancer,0,cancer,0,0.7326605916023254,0.2673393785953522
./out_ep/train/cancer/tlung__CAGCATATCTGTCTAT_LUNG_T18/vectors,vectors,cancer,0,cancer,0,0.7721872925758362,0.2278127670288086
./out_ep/train/cancer/tlung__ACGGCCAAGTGCAAGC_LUNG_T30/vectors,vectors,cancer,0,normal,1,0.276342511177063,0.723657488822937
./out_ep/train/cancer/tlung__TCACGAACAGGATCGA_LUNG_T18/vectors,vectors,cancer,0,cancer,0,0.7723415493965149,0.22765842080116272
./out_ep/train/cancer/tlung__ATTGGACCAGGCTCAC_LUNG_T18/vectors,vectors,cancer,0,cancer,0,0.7711131572723389,0.22888685762882233
./out_ep/train/cancer/tlung__TGCGTGGGTTGAACTC_LUNG_T34/vectors,vectors,cancer,0,cancer,0,0.7709056735038757,0.22909429669380188
./out_ep/train/cancer/tlung__ATGAGGGTCAGTTGAC_LUNG_T28/vectors,vectors,cancer,0,normal,1,0.28965887427330017,0.7103411555290222
./out_ep/train/cancer/tlung__CAACTAGGTATATGAG_LUNG_T28/vectors,vectors,cancer,0,cancer,0,0.7531874179840088,0.24681267142295837
./out_ep/train/cancer/tlung__GACGGCTGTGACTCAT_LUNG_T34/vectors,vectors,cancer,0,cancer,0,0.7700948715209961,0.2299051135778427
./out_ep/train/cancer/tlung__CGAGCACGTGAACCTT_LUNG_T28/vectors,vectors,cancer,0,cancer,0,0.7254602909088135,0.2745397686958313
./out_ep/train/cancer/tlung__CGGAGTCTCAGCTCGG_LUNG_T09/vectors,vectors,cancer,0,cancer,0,0.5569060444831848,0.4430939257144928
./out_ep/train/cancer/tlung__GCGCAACCATGATCCA_LUNG_T28/vectors,vectors,cancer,0,cancer,0,0.7722530364990234,0.22774700820446014
./out_ep/train/cancer/tlung__AGCAGCCAGAGGGCTT_LUNG_T34/vectors,vectors,cancer,0,cancer,0,0.7662527561187744,0.23374737799167633
./out_ep/train/cancer/tlung__CCTATTAAGTCCGTAT_LUNG_T18/vectors,vectors,cancer,0,cancer,0,0.7630605697631836,0.2369394451379776
./out_ep/train/cancer/tlung__TTCTACAGTTACCGAT_LUNG_T34/vectors,vectors,cancer,0,cancer,0,0.771546483039856,0.22845356166362762
./out_ep/train/cancer/tlung__ACAGCCGTCCAAATGC_LUNG_T18/vectors,vectors,cancer,0,cancer,0,0.7601168751716614,0.239883154630661
./out_ep/train/cancer/tlung__GCTGCGATCCACGAAT_LUNG_T18/vectors,vectors,cancer,0,cancer,0,0.7682499885559082,0.231750026345253
./out_ep/train/cancer/tlung__CAGGTGCGTTATCGGT_LUNG_T28/vectors,vectors,cancer,0,cancer,0,0.635614812374115,0.364385187625885
./out_ep/train/cancer/tlung__ATCATGGTCACCTCGT_LUNG_T34/vectors,vectors,cancer,0,cancer,0,0.7720717787742615,0.22792817652225494
./out_ep/train/cancer/tlung__CATATGGTCATTCACT_LUNG_T20/vectors,vectors,cancer,0,cancer,0,0.7343800663948059,0.2656199336051941
./out_ep/train/cancer/tlung__GCCAAATCACCAGATT_LUNG_T34/vectors,vectors,cancer,0,cancer,0,0.7606214284896851,0.23937854170799255
./out_ep/train/cancer/tlung__CGTCCATAGGCCCTTG_LUNG_T28/vectors,vectors,cancer,0,cancer,0,0.771298885345459,0.22870109975337982
./out_ep/train/cancer/tlung__TGCGGGTGTAGCTCCG_LUNG_T34/vectors,vectors,cancer,0,cancer,0,0.7711144685745239,0.22888551652431488
./out_ep/train/cancer/tlung__GATTCAGCAAGTCATC_LUNG_T34/vectors,vectors,cancer,0,cancer,0,0.7696096301078796,0.23039042949676514
./out_ep/train/cancer/tlung__CGAATGTCATGACGGA_LUNG_T34/vectors,vectors,cancer,0,cancer,0,0.7605492472648621,0.23945076763629913
./out_ep/train/cancer/tlung__ATTCTACTCTGAGGGA_LUNG_T28/vectors,vectors,cancer,0,cancer,0,0.7701205611228943,0.2298794388771057
./out_ep/train/cancer/tlung__GTCGGGTTCAACTCTT_LUNG_T28/vectors,vectors,cancer,0,cancer,0,0.7680462002754211,0.23195385932922363
./out_ep/train/cancer/tlung__ACACCGGCACGCGAAA_LUNG_T34/vectors,vectors,cancer,0,cancer,0,0.6829075217247009,0.3170924186706543
./out_ep/train/cancer/tlung__TGCGGGTTCGGAAATA_LUNG_T34/vectors,vectors,cancer,0,cancer,0,0.7725105881690979,0.22748945653438568
./out_ep/train/cancer/tlung__AAGGTTCAGAGACGAA_LUNG_T34/vectors,vectors,cancer,0,cancer,0,0.7686545848846436,0.23134547472000122
./out_ep/train/cancer/tlung__CTTAACTGTTCATGGT_LUNG_T34/vectors,vectors,cancer,0,cancer,0,0.7538137435913086,0.24618633091449738
./out_ep/train/cancer/tlung__CCTACCAAGGTACTCT_LUNG_T34/vectors,vectors,cancer,0,cancer,0,0.7697110772132874,0.23028896749019623
./out_ep/train/cancer/tlung__AGCGTATCACTTGGAT_LUNG_T18/vectors,vectors,cancer,0,cancer,0,0.7714361548423767,0.2285638302564621
./out_ep/train/cancer/tlung__GCAATCACACCTATCC_LUNG_T31/vectors,vectors,cancer,0,cancer,0,0.6752712726593018,0.32472869753837585
./out_ep/train/cancer/tlung__CTCATTACAACACGCC_LUNG_T28/vectors,vectors,cancer,0,cancer,0,0.7725802063941956,0.22741973400115967
./out_ep/train/cancer/tlung__CATGGCGGTAGTGAAT_LUNG_T19/vectors,vectors,cancer,0,cancer,0,0.7405571341514587,0.25944286584854126
./out_ep/train/cancer/tlung__AGAGCTTCATGCAATC_LUNG_T30/vectors,vectors,cancer,0,cancer,0,0.6687366366386414,0.33126339316368103
./out_ep/train/cancer/tlung__CAAGTTGAGTCATCCA_LUNG_T30/vectors,vectors,cancer,0,cancer,0,0.7529178261756897,0.24708221852779388
./out_ep/train/cancer/tlung__TGTTCCGTCAGAAATG_LUNG_T34/vectors,vectors,cancer,0,cancer,0,0.7719079852104187,0.2280920445919037
./out_ep/train/cancer/tlung__TGCACCTCAAGAGGCT_LUNG_T18/vectors,vectors,cancer,0,cancer,0,0.7680678963661194,0.23193210363388062
./out_ep/train/cancer/tlung__AACTCTTGTAAACACA_LUNG_T18/vectors,vectors,cancer,0,cancer,0,0.7643835544586182,0.23561641573905945
./out_ep/train/cancer/tlung__ACGAGGAAGTGAACGC_LUNG_T31/vectors,vectors,cancer,0,cancer,0,0.7540289163589478,0.24597114324569702
./out_ep/train/cancer/tlung__TCTATTGAGATCTGCT_LUNG_T28/vectors,vectors,cancer,0,cancer,0,0.7726472616195679,0.22735270857810974
./out_ep/train/cancer/tlung__GTCCTCACAATCTACG_LUNG_T30/vectors,vectors,cancer,0,cancer,0,0.7501482963562012,0.24985173344612122
./out_ep/train/cancer/tlung__CTCCTAGAGACAGAGA_LUNG_T28/vectors,vectors,cancer,0,cancer,0,0.7724341154098511,0.22756586968898773
./out_ep/train/cancer/tlung__ATAAGAGGTACCATCA_LUNG_T34/vectors,vectors,cancer,0,cancer,0,0.7627721428871155,0.23722787201404572
./out_ep/train/cancer/tlung__TAGTTGGTCAACGAAA_LUNG_T34/vectors,vectors,cancer,0,cancer,0,0.7696555852890015,0.23034439980983734
./out_ep/train/cancer/tlung__GTGCGGTTCTGTCAAG_LUNG_T28/vectors,vectors,cancer,0,cancer,0,0.7715396881103516,0.22846031188964844
./out_ep/train/cancer/tlung__GGCTGGTCACCAACCG_LUNG_T20/vectors,vectors,cancer,0,cancer,0,0.7624599933624268,0.23754002153873444
./out_ep/train/cancer/tlung__GCTTCCATCAACCATG_LUNG_T34/vectors,vectors,cancer,0,cancer,0,0.7594025135040283,0.24059753119945526
./out_ep/train/cancer/tlung__ATGAGGGGTTTGACAC_LUNG_T18/vectors,vectors,cancer,0,cancer,0,0.7723335027694702,0.22766649723052979
./out_ep/train/cancer/tlung__AAGGCAGGTTTACTCT_LUNG_T20/vectors,vectors,cancer,0,cancer,0,0.7669488787651062,0.23305116593837738
./out_ep/train/cancer/tlung__AGTAGTCAGGCGTACA_LUNG_T30/vectors,vectors,cancer,0,cancer,0,0.7619788646697998,0.23802120983600616
./out_ep/train/cancer/tlung__ACAGCTAAGCAATATG_LUNG_T28/vectors,vectors,cancer,0,cancer,0,0.7686870694160461,0.23131294548511505
./out_ep/train/cancer/tlung__AGCATACGTATTCTCT_LUNG_T28/vectors,vectors,cancer,0,cancer,0,0.762056291103363,0.23794373869895935
./out_ep/train/cancer/tlung__CTCCTAGTCAGGTAAA_LUNG_T34/vectors,vectors,cancer,0,cancer,0,0.7645292282104492,0.23547080159187317
./out_ep/train/cancer/tlung__CACACCTAGGTAAACT_LUNG_T34/vectors,vectors,cancer,0,cancer,0,0.7593885064125061,0.2406114637851715
./out_ep/train/cancer/tlung__CTTAACTGTCCCTACT_LUNG_T30/vectors,vectors,cancer,0,cancer,0,0.7650863528251648,0.23491360247135162
./out_ep/train/cancer/tlung__CCGTACTTCAACCAAC_LUNG_T18/vectors,vectors,cancer,0,cancer,0,0.7698097825050354,0.23019026219844818
./out_ep/train/cancer/tlung__TTGCGTCTCTGATTCT_LUNG_T34/vectors,vectors,cancer,0,cancer,0,0.7616049647331238,0.23839499056339264
./out_ep/train/cancer/tlung__TAGACCAGTAAATGAC_LUNG_T18/vectors,vectors,cancer,0,cancer,0,0.7683301568031311,0.23166990280151367
./out_ep/train/cancer/tlung__TTTCCTCGTTCAACCA_LUNG_T18/vectors,vectors,cancer,0,cancer,0,0.7675034403800964,0.23249658942222595
./out_ep/train/cancer/tlung__TGCCAAAGTGACAAAT_LUNG_T09/vectors,vectors,cancer,0,cancer,0,0.7301080226898193,0.26989200711250305
./out_ep/train/cancer/tlung__ATGTGTGGTTGTGGAG_LUNG_T34/vectors,vectors,cancer,0,cancer,0,0.7696839570999146,0.23031599819660187
./out_ep/train/cancer/tlung__TGTTCCGGTCGAAAGC_LUNG_T34/vectors,vectors,cancer,0,cancer,0,0.7723483443260193,0.22765174508094788
./out_ep/train/cancer/tlung__CAGATCAGTGAGGGAG_LUNG_T20/vectors,vectors,cancer,0,cancer,0,0.7667537927627563,0.23324620723724365
./out_ep/train/cancer/tlung__CCAATCCTCCTGTACC_LUNG_T28/vectors,vectors,cancer,0,cancer,0,0.7676735520362854,0.232326477766037
./out_ep/train/cancer/tlung__GACGTTACAGGTGGAT_LUNG_T18/vectors,vectors,cancer,0,cancer,0,0.7718529105186462,0.22814711928367615
./out_ep/train/cancer/tlung__TCTTCGGTCTACTCAT_LUNG_T18/vectors,vectors,cancer,0,cancer,0,0.7669393420219421,0.23306071758270264
./out_ep/train/cancer/tlung__TTGCGTCGTTTCCACC_LUNG_T28/vectors,vectors,cancer,0,cancer,0,0.74567049741745,0.25432950258255005
./out_ep/train/cancer/tlung__ACGCCAGGTTACGGAG_LUNG_T28/vectors,vectors,cancer,0,cancer,0,0.7671942114830017,0.2328057885169983
./out_ep/train/cancer/tlung__CAACCTCCAGAGCCAA_LUNG_T19/vectors,vectors,cancer,0,normal,1,0.42570406198501587,0.5742958784103394
./out_ep/train/cancer/tlung__CTCGGGAAGACTAAGT_LUNG_T34/vectors,vectors,cancer,0,cancer,0,0.7710322737693787,0.22896766662597656
./out_ep/train/cancer/tlung__CTCAGAAGTACAGACG_LUNG_T25/vectors,vectors,cancer,0,cancer,0,0.7394753098487854,0.2605246901512146
./out_ep/train/cancer/tlung__GATCGATAGAGATGAG_LUNG_T34/vectors,vectors,cancer,0,cancer,0,0.7656959891319275,0.23430396616458893
./out_ep/train/cancer/tlung__GATCGTAGTCTCTCTG_LUNG_T34/vectors,vectors,cancer,0,cancer,0,0.7586391568183899,0.2413608580827713
./out_ep/train/cancer/tlung__ACACTGATCCGAAGAG_LUNG_T34/vectors,vectors,cancer,0,cancer,0,0.7693971991539001,0.23060289025306702
./out_ep/train/cancer/tlung__GCTGGGTCAGAGCCAA_LUNG_T34/vectors,vectors,cancer,0,cancer,0,0.7655070424079895,0.2344929277896881
./out_ep/train/cancer/tlung__CTCGTCAAGCTAACTC_LUNG_T34/vectors,vectors,cancer,0,cancer,0,0.7486898303031921,0.25131022930145264
./out_ep/train/cancer/tlung__CAACCTCTCAAGATCC_LUNG_T18/vectors,vectors,cancer,0,cancer,0,0.7550025582313538,0.24499750137329102
./out_ep/train/cancer/tlung__CGCGGTATCACCATAG_LUNG_T34/vectors,vectors,cancer,0,cancer,0,0.7664371132850647,0.23356294631958008
./out_ep/train/cancer/tlung__CCTCTGACACCTTGTC_LUNG_T34/vectors,vectors,cancer,0,cancer,0,0.7698083519935608,0.23019161820411682
./out_ep/train/cancer/tlung__TGGCTGGCAAGCTGTT_LUNG_T34/vectors,vectors,cancer,0,cancer,0,0.7653207182884216,0.2346792221069336
./out_ep/train/cancer/tlung__GATTCAGAGAGAACAG_LUNG_T30/vectors,vectors,cancer,0,cancer,0,0.742950975894928,0.257049024105072
./out_ep/train/cancer/tlung__CGACTTCAGTGTACTC_LUNG_T34/vectors,vectors,cancer,0,cancer,0,0.7672882676124573,0.2327117770910263
./out_ep/train/cancer/tlung__CATGGCGTCCAAACAC_LUNG_T06/vectors,vectors,cancer,0,normal,1,0.43015486001968384,0.5698451995849609
./out_ep/train/cancer/tlung__TATCAGGGTGTCGCTG_LUNG_T34/vectors,vectors,cancer,0,cancer,0,0.7694472670555115,0.2305527925491333
./out_ep/train/cancer/tlung__AGATCTGAGCAAATCA_LUNG_T34/vectors,vectors,cancer,0,cancer,0,0.7719992995262146,0.2280006855726242
./out_ep/train/cancer/tlung__ACCTTTAGTGCGATAG_LUNG_T34/vectors,vectors,cancer,0,cancer,0,0.7694039344787598,0.23059608042240143
./out_ep/train/cancer/tlung__TTCTTAGCATGATCCA_LUNG_T08/vectors,vectors,cancer,0,cancer,0,0.7681114077568054,0.23188862204551697
./out_ep/train/cancer/tlung__CAGGTGCGTCTCATCC_LUNG_T18/vectors,vectors,cancer,0,cancer,0,0.7705295085906982,0.22947044670581818
./out_ep/train/cancer/tlung__CACTCCAGTCCTCTTG_LUNG_T28/vectors,vectors,cancer,0,cancer,0,0.7717118859291077,0.2282882034778595
./out_ep/train/cancer/tlung__AATCGGTGTAGAGGAA_LUNG_T34/vectors,vectors,cancer,0,cancer,0,0.7363606095314026,0.2636394202709198
./out_ep/train/cancer/tlung__CTGCGGAGTAGCGTCC_LUNG_T30/vectors,vectors,cancer,0,cancer,0,0.7482847571372986,0.2517152428627014
./out_ep/train/cancer/tlung__CTACACCGTTGATTCG_LUNG_T19/vectors,vectors,cancer,0,normal,1,0.3792167007923126,0.620783269405365
./out_ep/train/cancer/tlung__CTGATCCTCAAAGACA_LUNG_T30/vectors,vectors,cancer,0,cancer,0,0.7166727185249329,0.28332722187042236
./out_ep/train/cancer/tlung__CCCTCCTTCTCGTTTA_LUNG_T34/vectors,vectors,cancer,0,cancer,0,0.7519855499267578,0.24801449477672577
./out_ep/train/cancer/tlung__CAGCGACTCCGCAGTG_LUNG_T18/vectors,vectors,cancer,0,cancer,0,0.7710834741592407,0.2289164960384369
./out_ep/train/cancer/tlung__ACTGAACTCCTTCAAT_LUNG_T18/vectors,vectors,cancer,0,cancer,0,0.7714604139328003,0.22853964567184448
./out_ep/train/cancer/tlung__CTAGCCTTCTTAGCCC_LUNG_T28/vectors,vectors,cancer,0,cancer,0,0.7722972631454468,0.22770269215106964
./out_ep/train/cancer/tlung__TGGTTAGCATTAACCG_LUNG_T20/vectors,vectors,cancer,0,cancer,0,0.7720167636871338,0.2279832363128662
./out_ep/train/cancer/tlung__ACTTGTTGTAGCCTCG_LUNG_T34/vectors,vectors,cancer,0,cancer,0,0.7695622444152832,0.2304377555847168
./out_ep/train/cancer/tlung__TACTTGTGTCGCATAT_LUNG_T34/vectors,vectors,cancer,0,cancer,0,0.7702191472053528,0.2297808974981308
./out_ep/train/cancer/tlung__CTACATTTCCAGGGCT_LUNG_T30/vectors,vectors,cancer,0,cancer,0,0.7462617754936218,0.2537381649017334
./out_ep/train/cancer/tlung__CCCTCCTGTTGGAGGT_LUNG_T34/vectors,vectors,cancer,0,cancer,0,0.7687589526176453,0.23124103248119354
./out_ep/train/cancer/tlung__TACTTACAGGCTAGAC_LUNG_T34/vectors,vectors,cancer,0,cancer,0,0.7674162983894348,0.23258374631404877
./out_ep/train/cancer/tlung__GCGCAACCATGGTCAT_LUNG_T28/vectors,vectors,cancer,0,cancer,0,0.7633721828460693,0.23662784695625305
./out_ep/train/cancer/tlung__AACTCTTAGTGTCCAT_LUNG_T28/vectors,vectors,cancer,0,cancer,0,0.770452618598938,0.22954736649990082
./out_ep/train/cancer/tlung__ACTGAACCAGATGAGC_LUNG_T18/vectors,vectors,cancer,0,cancer,0,0.7644398808479309,0.2355600893497467
./out_ep/train/cancer/tlung__GCAATCAGTAAACCTC_LUNG_T30/vectors,vectors,cancer,0,cancer,0,0.707660436630249,0.2923395335674286
./out_ep/train/cancer/tlung__ACTTGTTCAAGCCGCT_LUNG_T34/vectors,vectors,cancer,0,cancer,0,0.7713150382041931,0.22868496179580688
./out_ep/train/cancer/tlung__CGGACACGTTTCGCTC_LUNG_T20/vectors,vectors,cancer,0,cancer,0,0.7708302140235901,0.2291698008775711
./out_ep/train/cancer/tlung__TGGCGCACATGTCTCC_LUNG_T34/vectors,vectors,cancer,0,cancer,0,0.7527602314949036,0.24723981320858002
./out_ep/train/cancer/tlung__ACGTCAATCATTCACT_LUNG_T30/vectors,vectors,cancer,0,cancer,0,0.7405747175216675,0.25942525267601013
./out_ep/train/cancer/tlung__CTTGGCTGTAGCGCTC_LUNG_T18/vectors,vectors,cancer,0,cancer,0,0.7687847018241882,0.23121525347232819
./out_ep/train/cancer/tlung__GACCAATTCAGAGCTT_LUNG_T20/vectors,vectors,cancer,0,cancer,0,0.7680597305297852,0.23194026947021484
./out_ep/train/cancer/tlung__GGACATTAGGCTAGAC_LUNG_T34/vectors,vectors,cancer,0,cancer,0,0.7642241716384888,0.23577584326267242
./out_ep/train/cancer/tlung__AACGTTGGTATAGTAG_LUNG_T28/vectors,vectors,cancer,0,cancer,0,0.7709406614303589,0.22905927896499634
./out_ep/train/cancer/tlung__GGTGTTACAGTCACTA_LUNG_T25/vectors,vectors,cancer,0,cancer,0,0.726902961730957,0.27309703826904297
./out_ep/train/cancer/tlung__GTAACTGTCGACGGAA_LUNG_T34/vectors,vectors,cancer,0,cancer,0,0.7623135447502136,0.23768652975559235
./out_ep/train/cancer/tlung__ATCCACCAGATGTGTA_LUNG_T20/vectors,vectors,cancer,0,cancer,0,0.7695934176445007,0.23040662705898285
./out_ep/train/cancer/tlung__TAGTGGTAGTCCATAC_LUNG_T18/vectors,vectors,cancer,0,cancer,0,0.7716056108474731,0.22839443385601044
./out_ep/train/cancer/tlung__AGCGTCGGTGTTTGGT_LUNG_T28/vectors,vectors,cancer,0,cancer,0,0.7719671130180359,0.2280329167842865
./out_ep/train/cancer/tlung__CACATTTCAGCCTATA_LUNG_T30/vectors,vectors,cancer,0,cancer,0,0.6581223607063293,0.34187766909599304
./out_ep/train/cancer/tlung__ATCATGGAGTCCATAC_LUNG_T34/vectors,vectors,cancer,0,cancer,0,0.7632012367248535,0.23679879307746887
./out_ep/train/cancer/tlung__CGAATGTAGCAATATG_LUNG_T18/vectors,vectors,cancer,0,cancer,0,0.7724569439888,0.22754308581352234
./out_ep/train/cancer/tlung__ACTTGTTAGCTTCGCG_LUNG_T31/vectors,vectors,cancer,0,cancer,0,0.7547158598899841,0.2452840954065323
./out_ep/train/cancer/tlung__GCACTCTAGCTCCTCT_LUNG_T34/vectors,vectors,cancer,0,cancer,0,0.7605006694793701,0.23949941992759705
./out_ep/train/cancer/tlung__ATCACGACACGTCTCT_LUNG_T30/vectors,vectors,cancer,0,cancer,0,0.7377771139144897,0.26222288608551025
./out_ep/train/cancer/tlung__TTGGCAACATGCATGT_LUNG_T06/vectors,vectors,cancer,0,normal,1,0.28241103887557983,0.7175889611244202
./out_ep/train/cancer/tlung__CTTCTCTAGGTAGCTG_LUNG_T34/vectors,vectors,cancer,0,cancer,0,0.770359456539154,0.22964046895503998
./out_ep/train/cancer/tlung__TAAACCGGTAGAAGGA_LUNG_T34/vectors,vectors,cancer,0,cancer,0,0.7546707391738892,0.24532930552959442
./out_ep/train/cancer/tlung__TTGTAGGCATTCCTGC_LUNG_T30/vectors,vectors,cancer,0,cancer,0,0.6877643465995789,0.31223562359809875
./out_ep/train/cancer/tlung__TAAGTGCAGAAAGTGG_LUNG_T28/vectors,vectors,cancer,0,cancer,0,0.7680026888847351,0.23199737071990967
./out_ep/train/cancer/tlung__CGCCAAGAGTGGGATC_LUNG_T30/vectors,vectors,cancer,0,cancer,0,0.7704135179519653,0.22958649694919586
./out_ep/train/cancer/tlung__CTCTGGTAGCTAGTGG_LUNG_T28/vectors,vectors,cancer,0,cancer,0,0.7721309065818787,0.22786912322044373
./out_ep/train/cancer/tlung__GGGACCTAGGTAGCCA_LUNG_T30/vectors,vectors,cancer,0,cancer,0,0.7659245729446411,0.23407547175884247
./out_ep/train/cancer/tlung__CAAGGCCCAAGACGTG_LUNG_T28/vectors,vectors,cancer,0,cancer,0,0.7716136574745178,0.22838634252548218
./out_ep/train/cancer/tlung__CATATTCGTGTGACCC_LUNG_T34/vectors,vectors,cancer,0,cancer,0,0.7661911845207214,0.23380886018276215
./out_ep/train/cancer/tlung__CGCTATCTCATGTCCC_LUNG_T34/vectors,vectors,cancer,0,cancer,0,0.7617269158363342,0.23827314376831055
./out_ep/train/cancer/tlung__GCATGTAAGAGACTAT_LUNG_T28/vectors,vectors,cancer,0,cancer,0,0.7726941704750061,0.2273058146238327
./out_ep/train/cancer/tlung__TCAACGAAGGTTCCTA_LUNG_T18/vectors,vectors,cancer,0,cancer,0,0.7636366486549377,0.23636335134506226
./out_ep/train/cancer/tlung__CAGCGACCAAATTGCC_LUNG_T34/vectors,vectors,cancer,0,cancer,0,0.7692753076553345,0.23072472214698792
./out_ep/train/cancer/tlung__GCGCCAAGTCAATACC_LUNG_T18/vectors,vectors,cancer,0,cancer,0,0.7660490274429321,0.23395101726055145
./out_ep/train/cancer/tlung__TTAGGACAGATCCCAT_LUNG_T30/vectors,vectors,cancer,0,cancer,0,0.7256091833114624,0.27439084649086
./out_ep/train/cancer/tlung__CCTAAAGAGGCCCGTT_LUNG_T34/vectors,vectors,cancer,0,cancer,0,0.7722960114479065,0.22770407795906067
./out_ep/train/cancer/tlung__TCAATCTAGCTAAACA_LUNG_T34/vectors,vectors,cancer,0,cancer,0,0.771835446357727,0.22816459834575653
./out_ep/train/cancer/tlung__GACTGCGAGGGTGTTG_LUNG_T34/vectors,vectors,cancer,0,cancer,0,0.7516197562217712,0.24838031828403473
./out_ep/train/cancer/tlung__CTGTGCTGTCTCGTTC_LUNG_T34/vectors,vectors,cancer,0,cancer,0,0.7726191282272339,0.2273808717727661
./out_ep/train/cancer/tlung__GGAATAAGTATCAGTC_LUNG_T34/vectors,vectors,cancer,0,cancer,0,0.7350566387176514,0.26494336128234863
./out_ep/train/cancer/tlung__TAAGCGTCACATTCGA_LUNG_T20/vectors,vectors,cancer,0,cancer,0,0.7600973844528198,0.23990264534950256
./out_ep/train/cancer/tlung__CATGACAAGGCATGTG_LUNG_T34/vectors,vectors,cancer,0,cancer,0,0.7707156538963318,0.2292843461036682
./out_ep/train/cancer/tlung__TTGCGTCTCACCCTCA_LUNG_T30/vectors,vectors,cancer,0,cancer,0,0.7700300812721252,0.22996996343135834
./out_ep/train/cancer/tlung__AGTGTCAAGGTACTCT_LUNG_T34/vectors,vectors,cancer,0,cancer,0,0.7725225687026978,0.22747737169265747
./out_ep/train/cancer/tlung__TAAGCGTGTCGCATAT_LUNG_T34/vectors,vectors,cancer,0,cancer,0,0.7704850435256958,0.2295149862766266
./out_ep/train/cancer/tlung__CGGCTAGGTACTTCTT_LUNG_T34/vectors,vectors,cancer,0,cancer,0,0.7660913467407227,0.23390862345695496
./out_ep/train/cancer/tlung__CATATTCTCTAGAGTC_LUNG_T34/vectors,vectors,cancer,0,cancer,0,0.771005392074585,0.22899460792541504
./out_ep/train/cancer/tlung__CCACGGAAGCTGAAAT_LUNG_T34/vectors,vectors,cancer,0,cancer,0,0.7613860368728638,0.23861396312713623
./out_ep/train/cancer/tlung__TGAGCATCAGGATTGG_LUNG_T18/vectors,vectors,cancer,0,cancer,0,0.7719764709472656,0.22802352905273438
./out_ep/train/cancer/tlung__TTCTTAGTCACAGTAC_LUNG_T19/vectors,vectors,cancer,0,cancer,0,0.7557947635650635,0.24420525133609772
./out_ep/train/cancer/tlung__AGCTTGAAGAGGGATA_LUNG_T34/vectors,vectors,cancer,0,cancer,0,0.7683029770851135,0.23169708251953125
./out_ep/train/cancer/tlung__ATTTCTGCATTTGCTT_LUNG_T18/vectors,vectors,cancer,0,cancer,0,0.7635787725448608,0.23642121255397797
./out_ep/train/cancer/tlung__CCCATACCAACACCTA_LUNG_T34/vectors,vectors,cancer,0,cancer,0,0.7481697797775269,0.25183022022247314
./out_ep/train/cancer/tlung__ATAAGAGTCTAACTGG_LUNG_T20/vectors,vectors,cancer,0,cancer,0,0.7644728422164917,0.23552711308002472
./out_ep/train/cancer/tlung__CCTTACGCAAGCGATG_LUNG_T34/vectors,vectors,cancer,0,cancer,0,0.7650575637817383,0.23494239151477814
./out_ep/train/cancer/tlung__GATCGCGCACTCGACG_LUNG_T18/vectors,vectors,cancer,0,cancer,0,0.7625595331192017,0.23744052648544312
./out_ep/train/cancer/tlung__CCTCAGTCACTTCTGC_LUNG_T34/vectors,vectors,cancer,0,cancer,0,0.7681793570518494,0.23182067275047302
./out_ep/train/cancer/tlung__GCTGGGTTCACGCGGT_LUNG_T18/vectors,vectors,cancer,0,cancer,0,0.7719804644584656,0.22801949083805084
./out_ep/train/cancer/tlung__TTAGTTCAGGCTCTTA_LUNG_T34/vectors,vectors,cancer,0,cancer,0,0.7713661789894104,0.2286338210105896
./out_ep/train/cancer/tlung__CAGCCGACACGTTGGC_LUNG_T18/vectors,vectors,cancer,0,cancer,0,0.7513831257820129,0.24861684441566467
./out_ep/train/cancer/tlung__CTTACCGGTAACGCGA_LUNG_T34/vectors,vectors,cancer,0,cancer,0,0.7708126902580261,0.2291872799396515
./out_ep/train/cancer/tlung__TAGTTGGAGACCTAGG_LUNG_T18/vectors,vectors,cancer,0,cancer,0,0.7703500986099243,0.22964994609355927
./out_ep/train/cancer/tlung__AATCCAGGTCCGCTGA_LUNG_T18/vectors,vectors,cancer,0,cancer,0,0.7690666913986206,0.2309333235025406
./out_ep/train/cancer/tlung__GACGTGCGTACAGTGG_LUNG_T34/vectors,vectors,cancer,0,cancer,0,0.771816611289978,0.22818338871002197
./out_ep/train/cancer/tlung__CGGACTGGTGAAGGCT_LUNG_T06/vectors,vectors,cancer,0,normal,1,0.3547159433364868,0.645284116268158
./out_ep/train/cancer/tlung__ATCCGAAGTCTGCAAT_LUNG_T28/vectors,vectors,cancer,0,cancer,0,0.77177494764328,0.22822502255439758
./out_ep/train/cancer/tlung__TCACGAATCGCCTGTT_LUNG_T18/vectors,vectors,cancer,0,cancer,0,0.7715774178504944,0.2284226268529892
./out_ep/train/cancer/tlung__AAGCCGCCAGCTCGAC_LUNG_T20/vectors,vectors,cancer,0,cancer,0,0.7683233618736267,0.23167672753334045
./out_ep/train/cancer/tlung__TTGCGTCAGCTAGCCC_LUNG_T34/vectors,vectors,cancer,0,cancer,0,0.770327091217041,0.2296728491783142
./out_ep/train/cancer/tlung__CACACTCAGGATGCGT_LUNG_T28/vectors,vectors,cancer,0,cancer,0,0.7568296194076538,0.2431703358888626
./out_ep/train/cancer/tlung__TGCTACCCACTTACGA_LUNG_T34/vectors,vectors,cancer,0,cancer,0,0.7679591178894043,0.23204085230827332
./out_ep/train/cancer/tlung__TTTGCGCAGGCTAGCA_LUNG_T18/vectors,vectors,cancer,0,cancer,0,0.7432553768157959,0.2567446231842041
./out_ep/train/cancer/tlung__CTGTGCTAGAGCCCAA_LUNG_T28/vectors,vectors,cancer,0,cancer,0,0.7701665163040161,0.22983354330062866
./out_ep/train/cancer/tlung__TCATTTGCAGGATTGG_LUNG_T34/vectors,vectors,cancer,0,cancer,0,0.7635594606399536,0.23644046485424042
./out_ep/train/cancer/tlung__ATCATGGGTGCACGAA_LUNG_T28/vectors,vectors,cancer,0,cancer,0,0.615734338760376,0.3842657208442688
./out_ep/train/cancer/tlung__AGTCTTTTCGCATGGC_LUNG_T28/vectors,vectors,cancer,0,cancer,0,0.7706887125968933,0.22931131720542908
./out_ep/train/cancer/tlung__ACTGAACTCCGCGGTA_LUNG_T30/vectors,vectors,cancer,0,cancer,0,0.68803471326828,0.3119654059410095
./out_ep/train/cancer/tlung__ACCAGTACACATTCGA_LUNG_T34/vectors,vectors,cancer,0,cancer,0,0.770402729511261,0.2295973002910614
./out_ep/train/cancer/tlung__CTGAAACCAAGAAAGG_LUNG_T34/vectors,vectors,cancer,0,cancer,0,0.7721899151802063,0.2278100550174713
./out_ep/train/cancer/tlung__GTACTCCGTGATGCCC_LUNG_T34/vectors,vectors,cancer,0,cancer,0,0.7705416083335876,0.2294583022594452
./out_ep/train/cancer/tlung__TGCACCTGTTAAGAAC_LUNG_T34/vectors,vectors,cancer,0,cancer,0,0.7715114951133728,0.22848854959011078
./out_ep/train/cancer/tlung__TATTACCTCCCAAGAT_LUNG_T34/vectors,vectors,cancer,0,cancer,0,0.7715209126472473,0.22847911715507507
./out_ep/train/cancer/tlung__AGGCCGTCATGAAGTA_LUNG_T34/vectors,vectors,cancer,0,cancer,0,0.7714482545852661,0.2285517454147339
./out_ep/train/cancer/tlung__ATTTCTGCAGGGAGAG_LUNG_T06/vectors,vectors,cancer,0,cancer,0,0.7674095034599304,0.23259057104587555
./out_ep/train/cancer/tlung__ACCAGTAGTGCGATAG_LUNG_T34/vectors,vectors,cancer,0,cancer,0,0.770814061164856,0.22918593883514404
./out_ep/train/cancer/tlung__TGAGAGGAGAGAACAG_LUNG_T34/vectors,vectors,cancer,0,cancer,0,0.7720516920089722,0.2279483526945114
./out_ep/train/cancer/tlung__CCTACCATCCATTCTA_LUNG_T34/vectors,vectors,cancer,0,cancer,0,0.7564629912376404,0.2435370236635208
./out_ep/train/cancer/tlung__ACAGCTACACATGTGT_LUNG_T20/vectors,vectors,cancer,0,normal,1,0.4015686511993408,0.5984313488006592
./out_ep/train/cancer/tlung__TTATGCTCAATCCAAC_LUNG_T31/vectors,vectors,cancer,0,cancer,0,0.7605562210083008,0.239443838596344
./out_ep/train/cancer/tlung__AGCTCTCAGTGGGATC_LUNG_T34/vectors,vectors,cancer,0,cancer,0,0.7651083469390869,0.23489169776439667
./out_ep/train/cancer/tlung__CTAGTGAGTCTCGTTC_LUNG_T30/vectors,vectors,cancer,0,cancer,0,0.7506599426269531,0.24934014678001404
./out_ep/train/cancer/tlung__CGAGCCAAGTACGATA_LUNG_T34/vectors,vectors,cancer,0,cancer,0,0.7658629417419434,0.23413704335689545
./out_ep/train/cancer/tlung__TGAGAGGCACCACCAG_LUNG_T28/vectors,vectors,cancer,0,cancer,0,0.7718408107757568,0.22815920412540436
./out_ep/train/cancer/tlung__CTAAGACGTTCGTTGA_LUNG_T20/vectors,vectors,cancer,0,normal,1,0.4113011658191681,0.5886989235877991
./out_ep/train/cancer/tlung__ACGTCAACACGAGAGT_LUNG_T34/vectors,vectors,cancer,0,cancer,0,0.7702690958976746,0.22973091900348663
./out_ep/train/cancer/tlung__GTAGGCCCACCAGCAC_LUNG_T34/vectors,vectors,cancer,0,cancer,0,0.7625056505203247,0.23749442398548126
./out_ep/train/cancer/tlung__CGATCGGAGTGAAGTT_LUNG_T34/vectors,vectors,cancer,0,cancer,0,0.7683368921279907,0.23166309297084808
./out_ep/train/cancer/tlung__AGTTGGTGTAGCTGCC_LUNG_T28/vectors,vectors,cancer,0,cancer,0,0.7719429135322571,0.2280571162700653
./out_ep/train/cancer/tlung__GACGTGCTCGCGCCAA_LUNG_T34/vectors,vectors,cancer,0,cancer,0,0.7680243849754333,0.23197560012340546
./out_ep/train/cancer/tlung__CTACACCTCTTCGAGA_LUNG_T08/vectors,vectors,cancer,0,cancer,0,0.7473509907722473,0.2526490092277527
./out_ep/train/cancer/tlung__TTCTACACACCACCAG_LUNG_T34/vectors,vectors,cancer,0,cancer,0,0.7714200019836426,0.22857999801635742
./out_ep/train/cancer/tlung__CGATCGGTCCTTCAAT_LUNG_T30/vectors,vectors,cancer,0,cancer,0,0.6478504538536072,0.3521495759487152
./out_ep/train/cancer/tlung__TCAGCAAGTGTATGGG_LUNG_T30/vectors,vectors,cancer,0,cancer,0,0.7297695875167847,0.27023038268089294
./out_ep/train/cancer/tlung__ACTGCTCTCTTGAGGT_LUNG_T34/vectors,vectors,cancer,0,cancer,0,0.7719603776931763,0.2280396670103073
./out_ep/train/cancer/tlung__CTCATTATCTGCGACG_LUNG_T18/vectors,vectors,cancer,0,cancer,0,0.7718246579170227,0.2281752973794937
./out_ep/train/cancer/tlung__GTCAAGTTCACCCGAG_LUNG_T34/vectors,vectors,cancer,0,cancer,0,0.766555905342102,0.23344412446022034
./out_ep/train/cancer/tlung__TTGGAACCACCGCTAG_LUNG_T25/vectors,vectors,cancer,0,normal,1,0.29980939626693726,0.700190544128418
./out_ep/train/cancer/tlung__TGAGCATTCTACCAGA_LUNG_T28/vectors,vectors,cancer,0,cancer,0,0.6842097043991089,0.3157903850078583
./out_ep/train/cancer/tlung__GCCTCTATCGTTACAG_LUNG_T34/vectors,vectors,cancer,0,cancer,0,0.7648586630821228,0.2351413071155548
./out_ep/train/cancer/tlung__GACGCGTGTTAAAGAC_LUNG_T18/vectors,vectors,cancer,0,cancer,0,0.7707762718200684,0.22922368347644806
./out_ep/train/cancer/tlung__TTGACTTTCTAACTGG_LUNG_T34/vectors,vectors,cancer,0,cancer,0,0.7713621258735657,0.22863785922527313
./out_ep/train/cancer/tlung__GGGAGATGTGGTACAG_LUNG_T31/vectors,vectors,cancer,0,cancer,0,0.7519755959510803,0.24802444875240326
./out_ep/train/cancer/tlung__TAAGCGTTCTGCAAGT_LUNG_T30/vectors,vectors,cancer,0,cancer,0,0.7338678240776062,0.26613226532936096
./out_ep/train/cancer/tlung__TCTATTGTCCTTTCTC_LUNG_T20/vectors,vectors,cancer,0,cancer,0,0.5603410005569458,0.4396589994430542
./out_ep/train/cancer/tlung__CTAGCCTGTTCGCGAC_LUNG_T34/vectors,vectors,cancer,0,cancer,0,0.7648230195045471,0.23517702519893646
./out_ep/train/cancer/tlung__ACTGTCCGTGAAGGCT_LUNG_T34/vectors,vectors,cancer,0,cancer,0,0.7692698836326599,0.23073014616966248
./out_ep/train/cancer/tlung__CTTAGGACACAGGCCT_LUNG_T34/vectors,vectors,cancer,0,cancer,0,0.7658287882804871,0.23417122662067413
./out_ep/train/cancer/tlung__CTAGCCTCAAGACGTG_LUNG_T28/vectors,vectors,cancer,0,cancer,0,0.7722919583320618,0.22770808637142181
./out_ep/train/cancer/tlung__ACCTTTAGTGGACGAT_LUNG_T30/vectors,vectors,cancer,0,cancer,0,0.7229856848716736,0.2770143747329712
./out_ep/train/cancer/tlung__TTTGTCATCTTTAGGG_LUNG_T31/vectors,vectors,cancer,0,cancer,0,0.765708327293396,0.2342916578054428
./out_ep/train/cancer/tlung__GCACATAAGCCACGTC_LUNG_T34/vectors,vectors,cancer,0,cancer,0,0.7633804678916931,0.23661957681179047
./out_ep/train/cancer/tlung__GGCTGGTAGAATTGTG_LUNG_T28/vectors,vectors,cancer,0,cancer,0,0.7726231813430786,0.22737687826156616
./out_ep/train/cancer/tlung__CTCTAATAGCTTTGGT_LUNG_T34/vectors,vectors,cancer,0,cancer,0,0.7667961120605469,0.2332039177417755
./out_ep/train/cancer/tlung__CAGAATCTCAGGCGAA_LUNG_T34/vectors,vectors,cancer,0,cancer,0,0.7662363052368164,0.23376375436782837
./out_ep/train/cancer/tlung__ATCGAGTGTTCAGACT_LUNG_T09/vectors,vectors,cancer,0,cancer,0,0.7485877871513367,0.25141215324401855
./out_ep/train/cancer/tlung__TATGCCCAGCCCGAAA_LUNG_T34/vectors,vectors,cancer,0,cancer,0,0.772263765335083,0.22773627936840057
./out_ep/train/cancer/tlung__CCCTCCTCAATGGAGC_LUNG_T28/vectors,vectors,cancer,0,cancer,0,0.7726593613624573,0.22734065353870392
./out_ep/train/cancer/tlung__TTTCCTCGTAAACACA_LUNG_T34/vectors,vectors,cancer,0,cancer,0,0.7605311870574951,0.23946884274482727
./out_ep/train/cancer/tlung__AACTCTTGTTAAGACA_LUNG_T06/vectors,vectors,cancer,0,cancer,0,0.7174018621444702,0.2825981378555298
./out_ep/train/cancer/tlung__CTTAACTCATAGGATA_LUNG_T31/vectors,vectors,cancer,0,cancer,0,0.7720543742179871,0.22794565558433533
./out_ep/train/cancer/tlung__GTATCTTAGCAAATCA_LUNG_T34/vectors,vectors,cancer,0,cancer,0,0.7712827920913696,0.22871726751327515
./out_ep/train/cancer/tlung__TCCACACTCTAAGCCA_LUNG_T31/vectors,vectors,cancer,0,cancer,0,0.7720248103141785,0.22797520458698273
./out_ep/train/cancer/tlung__CCAGCGACACGAAAGC_LUNG_T34/vectors,vectors,cancer,0,cancer,0,0.7716029286384583,0.22839710116386414
./out_ep/train/cancer/tlung__CTCTGGTGTGCGGTAA_LUNG_T25/vectors,vectors,cancer,0,cancer,0,0.7693010568618774,0.23069900274276733
./out_ep/train/cancer/tlung__GCAGTTAAGCTACCGC_LUNG_T25/vectors,vectors,cancer,0,cancer,0,0.7316791415214539,0.26832085847854614
./out_ep/train/cancer/tlung__GACACGCGTCGTCTTC_LUNG_T18/vectors,vectors,cancer,0,cancer,0,0.7711750864982605,0.2288249284029007
./out_ep/train/cancer/tlung__CACATAGCAACTGCTA_LUNG_T34/vectors,vectors,cancer,0,cancer,0,0.7323436737060547,0.2676563560962677
./out_ep/train/cancer/tlung__CTCGAAATCTGTCTAT_LUNG_T28/vectors,vectors,cancer,0,cancer,0,0.7713783383369446,0.2286217361688614
./out_ep/train/cancer/tlung__GAACGGAAGAATAGGG_LUNG_T34/vectors,vectors,cancer,0,cancer,0,0.7667920589447021,0.2332080453634262
./out_ep/train/cancer/tlung__TTAACTCTCATGTCTT_LUNG_T34/vectors,vectors,cancer,0,cancer,0,0.7594707012176514,0.24052920937538147
./out_ep/train/cancer/tlung__CTCGGGATCGGATGTT_LUNG_T34/vectors,vectors,cancer,0,cancer,0,0.7717387080192566,0.228261336684227
./out_ep/train/cancer/tlung__CCTTACGAGGTGCTTT_LUNG_T34/vectors,vectors,cancer,0,cancer,0,0.7670756578445435,0.23292437195777893
./out_ep/train/cancer/tlung__TGGCGCAGTTAAGACA_LUNG_T28/vectors,vectors,cancer,0,cancer,0,0.765865683555603,0.23413428664207458
./out_ep/train/cancer/tlung__TCAGGTACATAGGATA_LUNG_T34/vectors,vectors,cancer,0,cancer,0,0.7704296708106995,0.22957029938697815
./out_ep/train/cancer/tlung__GTATCTTAGGAGTTTA_LUNG_T34/vectors,vectors,cancer,0,cancer,0,0.770796537399292,0.229203462600708
./out_ep/train/cancer/tlung__AAGGTTCCACCAACCG_LUNG_T08/vectors,vectors,cancer,0,cancer,0,0.6843777298927307,0.3156222403049469
./out_ep/train/cancer/tlung__TAGCCGGGTTCTCATT_LUNG_T34/vectors,vectors,cancer,0,cancer,0,0.7701002955436707,0.22989971935749054
./out_ep/train/cancer/tlung__GAGTCCGAGGCACATG_LUNG_T28/vectors,vectors,cancer,0,cancer,0,0.7724422216415405,0.22755788266658783
./out_ep/train/cancer/tlung__GCATACAAGGTACTCT_LUNG_T30/vectors,vectors,cancer,0,cancer,0,0.7560678124427795,0.24393217265605927
./out_ep/train/cancer/tlung__AACTCCCGTCAATGTC_LUNG_T18/vectors,vectors,cancer,0,cancer,0,0.7714536786079407,0.2285463809967041
./out_ep/train/cancer/tlung__AGCGTCGGTGCAACTT_LUNG_T34/vectors,vectors,cancer,0,cancer,0,0.7702258825302124,0.2297741323709488
./out_ep/train/cancer/tlung__GACTAACGTTCGGGCT_LUNG_T34/vectors,vectors,cancer,0,cancer,0,0.7675455808639526,0.23245441913604736
./out_ep/train/cancer/tlung__GCACTCTTCATGTAGC_LUNG_T18/vectors,vectors,cancer,0,cancer,0,0.7664575576782227,0.23354244232177734
./out_ep/train/cancer/tlung__CCGGTAGAGGAACTGC_LUNG_T20/vectors,vectors,cancer,0,cancer,0,0.7715410590171814,0.228458970785141
./out_ep/train/cancer/tlung__ACTGAACTCCTCCTAG_LUNG_T28/vectors,vectors,cancer,0,cancer,0,0.7713769674301147,0.22862304747104645
./out_ep/train/cancer/tlung__CTAAGACGTTGCGTTA_LUNG_T30/vectors,vectors,cancer,0,cancer,0,0.7716580629348755,0.2283419817686081
./out_ep/train/cancer/tlung__ACATGGTAGTGTCCCG_LUNG_T31/vectors,vectors,cancer,0,cancer,0,0.7562732100486755,0.24372678995132446
./out_ep/train/cancer/tlung__AACCATGTCAACGAAA_LUNG_T18/vectors,vectors,cancer,0,cancer,0,0.7681359052658081,0.23186415433883667
./out_ep/train/cancer/tlung__AGTGGGATCTTGAGAC_LUNG_T34/vectors,vectors,cancer,0,cancer,0,0.7678680419921875,0.2321319431066513
./out_ep/train/cancer/tlung__TCAGGATGTTGTCGCG_LUNG_T34/vectors,vectors,cancer,0,cancer,0,0.7693199515342712,0.23068003356456757
./out_ep/train/cancer/tlung__TTCGAAGGTGTTCGAT_LUNG_T30/vectors,vectors,cancer,0,cancer,0,0.728464663028717,0.27153533697128296
./out_ep/train/cancer/tlung__CGTCCATTCACTCTTA_LUNG_T18/vectors,vectors,cancer,0,cancer,0,0.7714939117431641,0.22850599884986877
./out_ep/train/cancer/tlung__GACACGCTCATTGCCC_LUNG_T30/vectors,vectors,cancer,0,cancer,0,0.7711979746818542,0.22880205512046814
./out_ep/train/cancer/tlung__TTCTACATCTTGAGGT_LUNG_T34/vectors,vectors,cancer,0,cancer,0,0.7649602293968201,0.2350398153066635
./out_ep/train/cancer/tlung__ATCCACCAGAATGTGT_LUNG_T28/vectors,vectors,cancer,0,cancer,0,0.7722892165184021,0.2277107536792755
./out_ep/train/cancer/tlung__CACCTTGTCTCAAGTG_LUNG_T34/vectors,vectors,cancer,0,cancer,0,0.7691547870635986,0.23084525763988495
./out_ep/train/cancer/tlung__TGTGTTTAGTCGTACT_LUNG_T31/vectors,vectors,cancer,0,cancer,0,0.7698799967765808,0.2301199585199356
./out_ep/train/cancer/tlung__TGTATTCAGAGATGAG_LUNG_T34/vectors,vectors,cancer,0,cancer,0,0.7692427635192871,0.2307572066783905
./out_ep/train/cancer/tlung__CAACTAGGTGCTAGCC_LUNG_T25/vectors,vectors,cancer,0,cancer,0,0.7470338940620422,0.252966046333313
./out_ep/train/cancer/tlung__GTGCATAGTATAGGGC_LUNG_T18/vectors,vectors,cancer,0,cancer,0,0.7661734223365784,0.2338266223669052
./out_ep/train/cancer/tlung__GCGGGTTGTGGGTATG_LUNG_T28/vectors,vectors,cancer,0,cancer,0,0.7724059224128723,0.2275940626859665
./out_ep/train/cancer/tlung__AGGTCCGCACCGGAAA_LUNG_T31/vectors,vectors,cancer,0,cancer,0,0.7100239396095276,0.2899760901927948
./out_ep/train/cancer/tlung__GAACCTACAGATCTGT_LUNG_T28/vectors,vectors,cancer,0,cancer,0,0.7726579904556274,0.22734199464321136
./out_ep/train/cancer/tlung__GAACGGAGTAGCCTCG_LUNG_T19/vectors,vectors,cancer,0,normal,1,0.28037768602371216,0.7196223139762878
./out_ep/train/cancer/tlung__TATGCCCCAGACACTT_LUNG_T31/vectors,vectors,cancer,0,cancer,0,0.7718192934989929,0.2281806915998459
./out_ep/train/cancer/tlung__TCAATCTCAAGCTGAG_LUNG_T28/vectors,vectors,cancer,0,cancer,0,0.6795509457588196,0.32044902443885803
./out_ep/train/cancer/tlung__TCACAAGAGAGGTACC_LUNG_T34/vectors,vectors,cancer,0,cancer,0,0.7559214234352112,0.24407854676246643
./out_ep/train/cancer/tlung__CAGCATATCAGGCAAG_LUNG_T28/vectors,vectors,cancer,0,cancer,0,0.771918773651123,0.22808130085468292
./out_ep/train/cancer/tlung__GCTTGAAAGAAGGCCT_LUNG_T28/vectors,vectors,cancer,0,cancer,0,0.7717185020446777,0.22828146815299988
./out_ep/train/cancer/tlung__TGACTTTCACTCTGTC_LUNG_T34/vectors,vectors,cancer,0,cancer,0,0.767241895198822,0.23275810480117798
./out_ep/train/cancer/tlung__GACGTGCAGACCCACC_LUNG_T19/vectors,vectors,cancer,0,cancer,0,0.7402330040931702,0.25976696610450745
./out_ep/train/cancer/tlung__CATCCACCACCCATTC_LUNG_T34/vectors,vectors,cancer,0,cancer,0,0.7697123885154724,0.2302876114845276
./out_ep/train/normal/nlung__CTGTTTAGTATTCTCT_LUNG_N08/vectors,vectors,normal,1,normal,1,0.3031061589717865,0.6968938708305359
./out_ep/train/normal/nlung__CATGGCGAGAAGGACA_LUNG_N08/vectors,vectors,normal,1,normal,1,0.30402714014053345,0.6959728002548218
./out_ep/train/normal/nlung__CGGAGTCGTTCGGCAC_LUNG_N34/vectors,vectors,normal,1,normal,1,0.28283798694610596,0.7171620726585388
./out_ep/train/normal/nlung__AGACGTTCAGAAGCAC_LUNG_N08/vectors,vectors,normal,1,normal,1,0.2752103805541992,0.7247896790504456
./out_ep/train/normal/nlung__TTAGGACGTCACAAGG_LUNG_N01/vectors,vectors,normal,1,normal,1,0.28162628412246704,0.718373715877533
./out_ep/train/normal/nlung__GTCACGGTCTGGTATG_LUNG_N08/vectors,vectors,normal,1,normal,1,0.28490540385246277,0.7150946259498596
./out_ep/train/normal/nlung__GTGCTTCAGCGATCCC_LUNG_N18/vectors,vectors,normal,1,normal,1,0.2735440731048584,0.7264559268951416
./out_ep/train/normal/nlung__TCTGAGAAGGCCCTTG_LUNG_N30/vectors,vectors,normal,1,normal,1,0.3317756652832031,0.6682243347167969
./out_ep/train/normal/nlung__GGGAGATGTTGTCTTT_LUNG_N09/vectors,vectors,normal,1,cancer,0,0.673116147518158,0.32688385248184204
./out_ep/train/normal/nlung__CGTGTCTTCTTCTGGC_LUNG_N01/vectors,vectors,normal,1,normal,1,0.2773139476776123,0.7226861119270325
./out_ep/train/normal/nlung__GTTTCTAGTCAGAGGT_LUNG_N09/vectors,vectors,normal,1,normal,1,0.28957727551460266,0.7104228138923645
./out_ep/train/normal/nlung__GTTCGGGGTACCGCTG_LUNG_N08/vectors,vectors,normal,1,normal,1,0.27963632345199585,0.7203636765480042
./out_ep/train/normal/nlung__GGCCGATAGTTACGGG_LUNG_N09/vectors,vectors,normal,1,normal,1,0.28424525260925293,0.7157547473907471
./out_ep/train/normal/nlung__TCTCTAACATGCAACT_LUNG_N06/vectors,vectors,normal,1,normal,1,0.2736259400844574,0.726374089717865
./out_ep/train/normal/nlung__GTAACGTAGTAGCGGT_LUNG_N01/vectors,vectors,normal,1,normal,1,0.36837199330329895,0.6316280364990234
./out_ep/train/normal/nlung__CACAGGCAGCGCTTAT_LUNG_N09/vectors,vectors,normal,1,normal,1,0.2747403681278229,0.7252596020698547
./out_ep/train/normal/nlung__GGTATTGAGTCTCCTC_LUNG_N06/vectors,vectors,normal,1,normal,1,0.27360624074935913,0.7263937592506409
./out_ep/train/normal/nlung__CGTGAGCAGAGTCGGT_LUNG_N01/vectors,vectors,normal,1,normal,1,0.27670732140541077,0.7232927083969116
./out_ep/train/normal/nlung__ATAACGCCACCCTATC_LUNG_N31/vectors,vectors,normal,1,normal,1,0.38183167576789856,0.6181683540344238
./out_ep/train/normal/nlung__AGATCTGGTCGCTTCT_LUNG_N34/vectors,vectors,normal,1,cancer,0,0.6221957206726074,0.3778042793273926
./out_ep/train/normal/nlung__ATCGAGTAGCCGGTAA_LUNG_N28/vectors,vectors,normal,1,normal,1,0.2747327387332916,0.725267231464386
./out_ep/train/normal/nlung__TCAATCTTCAGTTAGC_LUNG_N20/vectors,vectors,normal,1,normal,1,0.2745685875415802,0.7254313826560974
./out_ep/train/normal/nlung__ACATCAGCAATAAGCA_LUNG_N09/vectors,vectors,normal,1,normal,1,0.2764737904071808,0.7235262393951416
./out_ep/train/normal/nlung__ATCGAGTGTTCGCGAC_LUNG_N09/vectors,vectors,normal,1,normal,1,0.2785434424877167,0.7214565873146057
./out_ep/train/normal/nlung__AGCTCTCCATCACCCT_LUNG_N34/vectors,vectors,normal,1,normal,1,0.27376243472099304,0.7262375950813293
./out_ep/train/normal/nlung__CCTTTCTAGAGGGATA_LUNG_N01/vectors,vectors,normal,1,normal,1,0.2924042344093323,0.707595705986023
./out_ep/train/normal/nlung__GGTGAAGAGCCACCTG_LUNG_N28/vectors,vectors,normal,1,normal,1,0.29184573888778687,0.7081542611122131
./out_ep/train/normal/nlung__TAGAGCTGTTACGGAG_LUNG_N20/vectors,vectors,normal,1,normal,1,0.2788117825984955,0.7211881875991821
./out_ep/train/normal/nlung__GAGTCCGAGGGCTCTC_LUNG_N34/vectors,vectors,normal,1,normal,1,0.3209027349948883,0.6790971755981445
./out_ep/train/normal/nlung__ACGGAGAGTCTCTCGT_LUNG_N08/vectors,vectors,normal,1,normal,1,0.2745853364467621,0.7254146337509155
./out_ep/train/normal/nlung__GGGCATCTCGCGATCG_LUNG_N20/vectors,vectors,normal,1,normal,1,0.27359867095947266,0.7264013886451721
./out_ep/train/normal/nlung__TGCTGCTGTACGAAAT_LUNG_N18/vectors,vectors,normal,1,normal,1,0.28383100032806396,0.7161689400672913
./out_ep/train/normal/nlung__CTAGTGACATACAGCT_LUNG_N31/vectors,vectors,normal,1,normal,1,0.2807919979095459,0.7192081212997437
./out_ep/train/normal/nlung__TGAGGGATCCTCCTAG_LUNG_N31/vectors,vectors,normal,1,normal,1,0.27666303515434265,0.7233369946479797
./out_ep/train/normal/nlung__AGCTTGACAGGCAGTA_LUNG_N18/vectors,vectors,normal,1,normal,1,0.27330008149147034,0.726699948310852
./out_ep/train/normal/nlung__CTAGCCTTCGAACGGA_LUNG_N19/vectors,vectors,normal,1,normal,1,0.29971814155578613,0.7002818584442139
./out_ep/train/normal/nlung__CAGAATCGTTTCCACC_LUNG_N18/vectors,vectors,normal,1,normal,1,0.3033430874347687,0.6966568827629089
./out_ep/train/normal/nlung__TAGTTGGAGTCCATAC_LUNG_N30/vectors,vectors,normal,1,normal,1,0.2909572720527649,0.7090427875518799
./out_ep/train/normal/nlung__GAACCTACAGACGTAG_LUNG_N20/vectors,vectors,normal,1,normal,1,0.2819196283817291,0.718080461025238
./out_ep/train/normal/nlung__CCTCTGATCCACGACG_LUNG_N30/vectors,vectors,normal,1,normal,1,0.3672773838043213,0.6327226161956787
./out_ep/train/normal/nlung__ACACCAACAAGTAGTA_LUNG_N09/vectors,vectors,normal,1,normal,1,0.2993611693382263,0.7006388306617737
./out_ep/train/normal/nlung__GTAACGTTCGCCTGAG_LUNG_N31/vectors,vectors,normal,1,normal,1,0.2986990809440613,0.701300859451294
./out_ep/train/normal/nlung__CATGACACAAGTCTAC_LUNG_N20/vectors,vectors,normal,1,normal,1,0.27472975850105286,0.7252702713012695
./out_ep/train/normal/nlung__TACACGATCCAATGGT_LUNG_N20/vectors,vectors,normal,1,normal,1,0.27449870109558105,0.7255012392997742
./out_ep/train/normal/nlung__GGCAATTTCCACTGGG_LUNG_N08/vectors,vectors,normal,1,normal,1,0.2758789658546448,0.72412109375
./out_ep/train/normal/nlung__ACGATGTAGGGCTTGA_LUNG_N01/vectors,vectors,normal,1,normal,1,0.27358803153038025,0.7264119982719421
./out_ep/train/normal/nlung__AACACGTGTACGCACC_LUNG_N30/vectors,vectors,normal,1,normal,1,0.2767302393913269,0.7232698202133179
./out_ep/train/normal/nlung__GCATGTACACTATCTT_LUNG_N08/vectors,vectors,normal,1,normal,1,0.2931767702102661,0.7068232297897339
./out_ep/train/normal/nlung__CAGTAACCAGTTCCCT_LUNG_N34/vectors,vectors,normal,1,normal,1,0.29794690012931824,0.7020531296730042
./out_ep/train/normal/nlung__GCACTCTCACATTTCT_LUNG_N09/vectors,vectors,normal,1,normal,1,0.34501561522483826,0.6549844145774841
./out_ep/train/normal/nlung__CGATGTACACCTCGTT_LUNG_N28/vectors,vectors,normal,1,normal,1,0.2948221266269684,0.705177903175354
./out_ep/train/normal/nlung__GCTTGAACAATAAGCA_LUNG_N31/vectors,vectors,normal,1,cancer,0,0.6310225129127502,0.36897751688957214
./out_ep/train/normal/nlung__CGACTTCCACATCTTT_LUNG_N09/vectors,vectors,normal,1,normal,1,0.2830825746059418,0.7169174551963806
./out_ep/train/normal/nlung__GGAACTTCATGCTAGT_LUNG_N18/vectors,vectors,normal,1,normal,1,0.2751738429069519,0.7248261570930481
./out_ep/train/normal/nlung__AGTGGGAGTCCAGTGC_LUNG_N34/vectors,vectors,normal,1,normal,1,0.2816818654537201,0.7183181047439575
./out_ep/train/normal/nlung__GGTGCGTCACCTTGTC_LUNG_N01/vectors,vectors,normal,1,normal,1,0.2987198829650879,0.7012801170349121
./out_ep/train/normal/nlung__GAGCAGAGTCTTCGTC_LUNG_N34/vectors,vectors,normal,1,normal,1,0.2839038670063019,0.7160961031913757
./out_ep/train/normal/nlung__GGACATTTCAGTACGT_LUNG_N31/vectors,vectors,normal,1,normal,1,0.2737366557121277,0.7262633442878723
./out_ep/train/normal/nlung__AGCGGTCAGTGGAGTC_LUNG_N31/vectors,vectors,normal,1,normal,1,0.280728816986084,0.719271183013916
./out_ep/train/normal/nlung__GGCTGGTCATTGGGCC_LUNG_N09/vectors,vectors,normal,1,normal,1,0.28462880849838257,0.7153711915016174
./out_ep/train/normal/nlung__GCTTCCACAAGCCGCT_LUNG_N34/vectors,vectors,normal,1,normal,1,0.27803775668144226,0.7219622731208801
./out_ep/train/normal/nlung__CACATAGTCTTGAGAC_LUNG_N28/vectors,vectors,normal,1,normal,1,0.3266102969646454,0.673389732837677
./out_ep/train/normal/nlung__CCTTACGGTGTGAATA_LUNG_N30/vectors,vectors,normal,1,normal,1,0.27584999799728394,0.7241500616073608
./out_ep/train/normal/nlung__ATTGGACAGACTGGGT_LUNG_N30/vectors,vectors,normal,1,normal,1,0.2739429473876953,0.7260570526123047
./out_ep/train/normal/nlung__CCTTACGCATTAGGCT_LUNG_N09/vectors,vectors,normal,1,normal,1,0.28240329027175903,0.7175966501235962
./out_ep/train/normal/nlung__ATCACGACACCATGTA_LUNG_N01/vectors,vectors,normal,1,normal,1,0.2878898084163666,0.7121102213859558
./out_ep/train/normal/nlung__GTACTCCTCATCTGTT_LUNG_N31/vectors,vectors,normal,1,normal,1,0.30107781291007996,0.6989221572875977
./out_ep/train/normal/nlung__TTGAACGAGTGCTGCC_LUNG_N01/vectors,vectors,normal,1,normal,1,0.27862462401390076,0.7213753461837769
./out_ep/train/normal/nlung__GTTACAGCATGCATGT_LUNG_N08/vectors,vectors,normal,1,normal,1,0.2736486792564392,0.7263513207435608
./out_ep/train/normal/nlung__GATCGATAGCTAACTC_LUNG_N20/vectors,vectors,normal,1,normal,1,0.2772787809371948,0.72272127866745
./out_ep/train/normal/nlung__CTAAGACCACCACCAG_LUNG_N01/vectors,vectors,normal,1,normal,1,0.27345460653305054,0.7265453338623047
./out_ep/train/normal/nlung__TAGAGCTAGTGCAAGC_LUNG_N30/vectors,vectors,normal,1,normal,1,0.27927225828170776,0.720727801322937
./out_ep/train/normal/nlung__CCCATACCAATGACCT_LUNG_N19/vectors,vectors,normal,1,normal,1,0.27844375371932983,0.7215562462806702
./out_ep/train/normal/nlung__CACTCCAAGTAAGTAC_LUNG_N31/vectors,vectors,normal,1,normal,1,0.29418808221817017,0.7058119773864746
./out_ep/train/normal/nlung__TTCTTAGTCTGTCAAG_LUNG_N06/vectors,vectors,normal,1,normal,1,0.27606645226478577,0.7239335179328918
./out_ep/train/normal/nlung__TTGGAACAGAAACCGC_LUNG_N20/vectors,vectors,normal,1,normal,1,0.2736653685569763,0.7263346910476685
./out_ep/train/normal/nlung__ATCATCTGTTAAGACA_LUNG_N18/vectors,vectors,normal,1,normal,1,0.27828437089920044,0.7217156291007996
./out_ep/train/normal/nlung__GCTTCCATCGTTGACA_LUNG_N19/vectors,vectors,normal,1,normal,1,0.3057362139225006,0.6942638158798218
./out_ep/train/normal/nlung__CATGGCGGTGCTTCTC_LUNG_N18/vectors,vectors,normal,1,normal,1,0.27551180124282837,0.7244881987571716
./out_ep/train/normal/nlung__GTTCATTTCATGCAAC_LUNG_N18/vectors,vectors,normal,1,normal,1,0.2730334401130676,0.7269665598869324
./out_ep/train/normal/nlung__CCTAAAGTCACAAACC_LUNG_N09/vectors,vectors,normal,1,normal,1,0.29258421063423157,0.707415759563446
./out_ep/train/normal/nlung__GATCTAGTCTTCCTTC_LUNG_N31/vectors,vectors,normal,1,normal,1,0.27556508779525757,0.7244348526000977
./out_ep/train/normal/nlung__GCTGCAGCATAAAGGT_LUNG_N20/vectors,vectors,normal,1,normal,1,0.28248369693756104,0.7175162434577942
./out_ep/train/normal/nlung__CGTAGCGAGCAACGGT_LUNG_N20/vectors,vectors,normal,1,normal,1,0.2745518982410431,0.7254480719566345
./out_ep/train/normal/nlung__TCGGTAATCTTATCTG_LUNG_N31/vectors,vectors,normal,1,normal,1,0.2859838008880615,0.7140161991119385
./out_ep/train/normal/nlung__GCTTCCACAATACGCT_LUNG_N30/vectors,vectors,normal,1,normal,1,0.27314552664756775,0.7268545031547546
./out_ep/train/normal/nlung__CGTCCATCACTTGGAT_LUNG_N20/vectors,vectors,normal,1,normal,1,0.28524282574653625,0.7147572040557861
./out_ep/train/normal/nlung__AAGGAGCGTGAAAGAG_LUNG_N28/vectors,vectors,normal,1,normal,1,0.2965380847454071,0.7034620046615601
./out_ep/train/normal/nlung__GCACTCTCAGTCAGAG_LUNG_N09/vectors,vectors,normal,1,normal,1,0.2762342095375061,0.7237657904624939
./out_ep/train/normal/nlung__CTCCTAGGTTCTGTTT_LUNG_N28/vectors,vectors,normal,1,normal,1,0.3667120039463043,0.6332880258560181
./out_ep/train/normal/nlung__ACTATCTGTCGAATCT_LUNG_N20/vectors,vectors,normal,1,normal,1,0.3045940697193146,0.695405900478363
./out_ep/train/normal/nlung__CTTAGGATCTGAAAGA_LUNG_N09/vectors,vectors,normal,1,normal,1,0.3050645887851715,0.6949354410171509
./out_ep/train/normal/nlung__CAAGGCCCAAACCTAC_LUNG_N34/vectors,vectors,normal,1,normal,1,0.2746552526950836,0.7253447771072388
./out_ep/train/normal/nlung__GAACATCTCTGCTGCT_LUNG_N19/vectors,vectors,normal,1,normal,1,0.28499868512153625,0.7150012850761414
./out_ep/train/normal/nlung__GAAGCAGAGGAATCGC_LUNG_N34/vectors,vectors,normal,1,normal,1,0.2773475646972656,0.7226524949073792
./out_ep/train/normal/nlung__TCGTAGATCCCTGACT_LUNG_N28/vectors,vectors,normal,1,normal,1,0.29254159331321716,0.7074583768844604
./out_ep/train/normal/nlung__CCGGTAGAGGCGTACA_LUNG_N28/vectors,vectors,normal,1,normal,1,0.2846055030822754,0.7153944373130798
./out_ep/train/normal/nlung__CACAAACAGTGGCACA_LUNG_N08/vectors,vectors,normal,1,normal,1,0.2758881151676178,0.7241118550300598
./out_ep/train/normal/nlung__GTATTCTGTACCCAAT_LUNG_N31/vectors,vectors,normal,1,normal,1,0.2778601348400116,0.7221398949623108
./out_ep/train/normal/nlung__GTGTTAGGTAGAAGGA_LUNG_N19/vectors,vectors,normal,1,normal,1,0.28195980191230774,0.7180402278900146
./out_ep/train/normal/nlung__TGCCCATGTAGGAGTC_LUNG_N18/vectors,vectors,normal,1,normal,1,0.2812945246696472,0.7187055349349976
./out_ep/train/normal/nlung__AAGCCGCAGAAACCTA_LUNG_N20/vectors,vectors,normal,1,normal,1,0.3048494756221771,0.6951504945755005
./out_ep/train/normal/nlung__AACGTTGTCGACAGCC_LUNG_N19/vectors,vectors,normal,1,normal,1,0.2777208089828491,0.7222791910171509
./out_ep/train/normal/nlung__CCTCAGTGTGCACCAC_LUNG_N06/vectors,vectors,normal,1,normal,1,0.27376851439476013,0.7262314558029175
./out_ep/train/normal/nlung__TAGTGGTCACTGCCAG_LUNG_N09/vectors,vectors,normal,1,normal,1,0.28012531995773315,0.7198746800422668
./out_ep/train/normal/nlung__TTATGCTTCATCGGAT_LUNG_N28/vectors,vectors,normal,1,normal,1,0.3440972864627838,0.6559027433395386
./out_ep/train/normal/nlung__AAACCTGTCCTATTCA_LUNG_N34/vectors,vectors,normal,1,normal,1,0.27355924248695374,0.7264407873153687
./out_ep/train/normal/nlung__ACACCAAGTTCCCTTG_LUNG_N28/vectors,vectors,normal,1,normal,1,0.2737427353858948,0.72625732421875
./out_ep/train/normal/nlung__GATCGATAGCAGCGTA_LUNG_N19/vectors,vectors,normal,1,normal,1,0.28616613149642944,0.7138339281082153
./out_ep/train/normal/nlung__GGACGTCAGAAAGTGG_LUNG_N31/vectors,vectors,normal,1,normal,1,0.2972913980484009,0.7027086615562439
./out_ep/train/normal/nlung__CCTTCCCCAGAGTGTG_LUNG_N34/vectors,vectors,normal,1,normal,1,0.2746734917163849,0.7253265380859375
./out_ep/train/normal/nlung__TACTTGTTCGTGACAT_LUNG_N34/vectors,vectors,normal,1,normal,1,0.2822147011756897,0.7177852392196655
./out_ep/train/normal/nlung__CGAGCCAAGCGTGTCC_LUNG_N08/vectors,vectors,normal,1,normal,1,0.27743473649024963,0.722565233707428
./out_ep/train/normal/nlung__TCTATTGAGAGACTTA_LUNG_N18/vectors,vectors,normal,1,normal,1,0.27442121505737305,0.7255787253379822
./out_ep/train/normal/nlung__TGCCCTACATCAGTCA_LUNG_N09/vectors,vectors,normal,1,normal,1,0.27429062128067017,0.7257093787193298
./out_ep/train/normal/nlung__TTAACTCTCCCAAGAT_LUNG_N01/vectors,vectors,normal,1,normal,1,0.2870834171772003,0.7129166126251221
./out_ep/train/normal/nlung__TCGGTAACACTACAGT_LUNG_N31/vectors,vectors,normal,1,normal,1,0.2742769420146942,0.7257230281829834
./out_ep/train/normal/nlung__AACTCAGGTGGACGAT_LUNG_N09/vectors,vectors,normal,1,normal,1,0.2807164788246155,0.7192835807800293
./out_ep/train/normal/nlung__GCGCAGTCATCTATGG_LUNG_N31/vectors,vectors,normal,1,normal,1,0.2789268493652344,0.7210731506347656
./out_ep/train/normal/nlung__TAGCCGGCATCAGTAC_LUNG_N34/vectors,vectors,normal,1,normal,1,0.27879032492637634,0.721209704875946
./out_ep/train/normal/nlung__CTCGTCATCATCACCC_LUNG_N18/vectors,vectors,normal,1,normal,1,0.27813422679901123,0.7218658328056335
./out_ep/train/normal/nlung__GGACAAGTCTCGTTTA_LUNG_N01/vectors,vectors,normal,1,normal,1,0.27328944206237793,0.7267105579376221
./out_ep/train/normal/nlung__CATCAGAGTCTCCACT_LUNG_N01/vectors,vectors,normal,1,normal,1,0.27434223890304565,0.7256577610969543
./out_ep/train/normal/nlung__CCCAGTTGTGGTAACG_LUNG_N28/vectors,vectors,normal,1,normal,1,0.2742374539375305,0.7257624864578247
./out_ep/train/normal/nlung__GTTCTCGTCAAAGACA_LUNG_N09/vectors,vectors,normal,1,normal,1,0.30845868587493896,0.691541314125061
./out_ep/train/normal/nlung__AGCCTAACAGTTCCCT_LUNG_N01/vectors,vectors,normal,1,normal,1,0.2734849452972412,0.7265151143074036
./out_ep/train/normal/nlung__GTGCGGTAGGCCGAAT_LUNG_N01/vectors,vectors,normal,1,normal,1,0.27655312418937683,0.7234469056129456
./out_ep/train/normal/nlung__ACATGGTTCGAATGCT_LUNG_N08/vectors,vectors,normal,1,normal,1,0.28074732422828674,0.7192527055740356
./out_ep/train/normal/nlung__CTAGAGTCAGGCTCAC_LUNG_N30/vectors,vectors,normal,1,normal,1,0.2979660630226135,0.7020339965820312
./out_ep/train/normal/nlung__CTGAAGTGTCGTCTTC_LUNG_N09/vectors,vectors,normal,1,normal,1,0.2830825746059418,0.7169174551963806
./out_ep/train/normal/nlung__GAGGTGATCGTCTGCT_LUNG_N08/vectors,vectors,normal,1,normal,1,0.2762143909931183,0.7237856388092041
./out_ep/train/normal/nlung__GCTGCTTAGGCAGTCA_LUNG_N31/vectors,vectors,normal,1,normal,1,0.2811680734157562,0.7188320159912109
./out_ep/train/normal/nlung__CCTACACCACATCCGG_LUNG_N01/vectors,vectors,normal,1,normal,1,0.28207412362098694,0.7179259657859802
./out_ep/train/normal/nlung__AACGTTGCACCCATTC_LUNG_N34/vectors,vectors,normal,1,normal,1,0.27884092926979065,0.721159040927887
./out_ep/train/normal/nlung__TTAGGACTCTCCTATA_LUNG_N31/vectors,vectors,normal,1,normal,1,0.27787235379219055,0.7221276760101318
./out_ep/train/normal/nlung__TAGGCATTCTAACCGA_LUNG_N19/vectors,vectors,normal,1,normal,1,0.35165539383888245,0.6483446359634399
./out_ep/train/normal/nlung__GTCACAATCTATCCCG_LUNG_N31/vectors,vectors,normal,1,normal,1,0.292044460773468,0.7079554796218872
./out_ep/train/normal/nlung__TCAATCTAGGCTAGGT_LUNG_N31/vectors,vectors,normal,1,normal,1,0.46166518330574036,0.5383347868919373
./out_ep/train/normal/nlung__AATCCAGAGACAAGCC_LUNG_N31/vectors,vectors,normal,1,normal,1,0.27394598722457886,0.7260539531707764
./out_ep/train/normal/nlung__TACTTACCACTTACGA_LUNG_N20/vectors,vectors,normal,1,normal,1,0.2820231318473816,0.7179769277572632
./out_ep/train/normal/nlung__AGGGAGTAGAGCTTCT_LUNG_N09/vectors,vectors,normal,1,normal,1,0.2827513515949249,0.7172487378120422
./out_ep/train/normal/nlung__ATTGGTGTCGCAGGCT_LUNG_N06/vectors,vectors,normal,1,normal,1,0.27497756481170654,0.7250224351882935
./out_ep/train/normal/nlung__CGAACATTCTAAGCCA_LUNG_N20/vectors,vectors,normal,1,normal,1,0.2731439769268036,0.7268560528755188
./out_ep/train/normal/nlung__GGACAGATCGTCTGAA_LUNG_N01/vectors,vectors,normal,1,normal,1,0.2774133086204529,0.7225866317749023
./out_ep/train/normal/nlung__TCTCATATCTCTGCTG_LUNG_N09/vectors,vectors,normal,1,normal,1,0.440034955739975,0.5599650740623474
./out_ep/train/normal/nlung__ACATGGTCACAGATTC_LUNG_N18/vectors,vectors,normal,1,normal,1,0.2740006446838379,0.7259993553161621
./out_ep/train/normal/nlung__GTGAAGGTCAAGAAGT_LUNG_N34/vectors,vectors,normal,1,normal,1,0.3791969418525696,0.6208029985427856
./out_ep/train/normal/nlung__TTCGGTCGTACTTCTT_LUNG_N28/vectors,vectors,normal,1,normal,1,0.27635473012924194,0.7236452698707581
./out_ep/train/normal/nlung__GGGAGATAGGTGCACA_LUNG_N06/vectors,vectors,normal,1,normal,1,0.2738397717475891,0.7261601686477661
./out_ep/train/normal/nlung__CACACAAGTCCAGTAT_LUNG_N20/vectors,vectors,normal,1,normal,1,0.27894219756126404,0.7210577726364136
./out_ep/train/normal/nlung__AGGGAGTGTTCTCATT_LUNG_N34/vectors,vectors,normal,1,normal,1,0.2796071171760559,0.7203928828239441
./out_ep/train/normal/nlung__CACCAGGAGCGTAATA_LUNG_N09/vectors,vectors,normal,1,normal,1,0.4230818450450897,0.5769182443618774
./out_ep/train/normal/nlung__ATCCACCAGCTCCTCT_LUNG_N20/vectors,vectors,normal,1,normal,1,0.32270270586013794,0.6772972941398621
./out_ep/train/normal/nlung__GCATACAGTGGTACAG_LUNG_N08/vectors,vectors,normal,1,normal,1,0.2824558615684509,0.7175441384315491
./out_ep/train/normal/nlung__GCGAGAAGTGACTCAT_LUNG_N18/vectors,vectors,normal,1,normal,1,0.27396875619888306,0.7260312438011169
./out_ep/train/normal/nlung__TGGCGCACACCATCCT_LUNG_N09/vectors,vectors,normal,1,normal,1,0.31630656123161316,0.6836934685707092
./out_ep/train/normal/nlung__CTCGGAGCAACGCACC_LUNG_N01/vectors,vectors,normal,1,normal,1,0.29048213362693787,0.7095178365707397
./out_ep/train/normal/nlung__TCAGATGCATGTAAGA_LUNG_N30/vectors,vectors,normal,1,normal,1,0.27894067764282227,0.7210593223571777
./out_ep/train/normal/nlung__CTCATTAGTCCGAATT_LUNG_N01/vectors,vectors,normal,1,normal,1,0.27451997995376587,0.7254800796508789
./out_ep/train/normal/nlung__GTCAAGTCAAGCCATT_LUNG_N09/vectors,vectors,normal,1,normal,1,0.27397939562797546,0.7260206341743469
./out_ep/train/normal/nlung__GACACGCCATGCCTTC_LUNG_N31/vectors,vectors,normal,1,normal,1,0.27584999799728394,0.7241500616073608
./out_ep/train/normal/nlung__CATGGCGGTAGCGTCC_LUNG_N06/vectors,vectors,normal,1,normal,1,0.2745351791381836,0.7254647612571716
./out_ep/train/normal/nlung__ACATCAGTCTATCCCG_LUNG_N31/vectors,vectors,normal,1,normal,1,0.2769899070262909,0.7230101227760315
./out_ep/train/normal/nlung__CGATGTAAGGGTCTCC_LUNG_N18/vectors,vectors,normal,1,normal,1,0.27781879901885986,0.7221812605857849
./out_ep/train/normal/nlung__GCATGTACAATGGTCT_LUNG_N09/vectors,vectors,normal,1,normal,1,0.3444141745567322,0.6555858850479126
./out_ep/train/normal/nlung__TTCCCAGCATCCGTGG_LUNG_N19/vectors,vectors,normal,1,normal,1,0.30743274092674255,0.6925672292709351
./out_ep/train/normal/nlung__CAGAATCAGATGTAAC_LUNG_N28/vectors,vectors,normal,1,normal,1,0.2815414071083069,0.7184586524963379
./out_ep/train/normal/nlung__GTCTCGTTCGAACGGA_LUNG_N06/vectors,vectors,normal,1,normal,1,0.2754204273223877,0.7245795726776123
./out_ep/train/normal/nlung__GACGGCTCACGAGGTA_LUNG_N06/vectors,vectors,normal,1,normal,1,0.27438628673553467,0.7256137132644653
./out_ep/train/normal/nlung__TTTACTGGTCATCCCT_LUNG_N31/vectors,vectors,normal,1,normal,1,0.28165403008461,0.7183459401130676
./out_ep/train/normal/nlung__ATAACGCAGGTGCTTT_LUNG_N01/vectors,vectors,normal,1,normal,1,0.30627575516700745,0.6937242150306702
./out_ep/train/normal/nlung__CCGTACTAGATCGGGT_LUNG_N28/vectors,vectors,normal,1,normal,1,0.2860180735588074,0.7139818668365479
./out_ep/train/normal/nlung__CGAGCACCATATACGC_LUNG_N01/vectors,vectors,normal,1,normal,1,0.27357742190361023,0.7264226078987122
./out_ep/train/normal/nlung__CTAACTTCAATGGTCT_LUNG_N09/vectors,vectors,normal,1,normal,1,0.2767699360847473,0.7232300639152527
./out_ep/train/normal/nlung__ACTATCTCAGCGATCC_LUNG_N31/vectors,vectors,normal,1,cancer,0,0.5175918340682983,0.48240819573402405
./out_ep/train/normal/nlung__CGATCGGGTTAAGAAC_LUNG_N31/vectors,vectors,normal,1,normal,1,0.2750125825405121,0.7249874472618103
./out_ep/train/normal/nlung__CACATTTGTCGCTTCT_LUNG_N34/vectors,vectors,normal,1,normal,1,0.27978387475013733,0.7202160954475403
./out_ep/train/normal/nlung__TCAATCTCAAATACAG_LUNG_N08/vectors,vectors,normal,1,normal,1,0.3042095899581909,0.6957904100418091
./out_ep/train/normal/nlung__TCTATTGGTAGGGTAC_LUNG_N08/vectors,vectors,normal,1,normal,1,0.27835795283317566,0.7216421365737915
./out_ep/train/normal/nlung__GCGCAGTAGCCACGCT_LUNG_N09/vectors,vectors,normal,1,normal,1,0.3288947641849518,0.6711052656173706
./out_ep/train/normal/nlung__GCACTCTTCGCAGGCT_LUNG_N31/vectors,vectors,normal,1,normal,1,0.2788654863834381,0.7211345434188843
./out_ep/train/normal/nlung__ACGGCCAGTTCCTCCA_LUNG_N18/vectors,vectors,normal,1,normal,1,0.2765043079853058,0.7234957218170166
./out_ep/train/normal/nlung__CGTCCATCAAGGTGTG_LUNG_N19/vectors,vectors,normal,1,normal,1,0.28514328598976135,0.714856743812561
./out_ep/train/normal/nlung__TACGGTATCATATCGG_LUNG_N09/vectors,vectors,normal,1,normal,1,0.27600547671318054,0.7239945530891418
./out_ep/train/normal/nlung__GTGCAGCCACTTGGAT_LUNG_N20/vectors,vectors,normal,1,normal,1,0.2790588438510895,0.7209411859512329
./out_ep/train/normal/nlung__CTCAGAATCCTCCTAG_LUNG_N09/vectors,vectors,normal,1,normal,1,0.2745640277862549,0.7254359126091003
./out_ep/train/normal/nlung__TGACAACAGAGGACGG_LUNG_N28/vectors,vectors,normal,1,normal,1,0.2766340374946594,0.7233659625053406
./out_ep/train/normal/nlung__ACATACGGTCCTGCTT_LUNG_N18/vectors,vectors,normal,1,normal,1,0.2832900881767273,0.7167099118232727
./out_ep/train/normal/nlung__TTAGGCATCGCAAGCC_LUNG_N08/vectors,vectors,normal,1,normal,1,0.2729804515838623,0.7270195484161377
./out_ep/train/normal/nlung__AGTGTCACAAACTGTC_LUNG_N34/vectors,vectors,normal,1,normal,1,0.27387621998786926,0.7261238098144531
./out_ep/train/normal/nlung__GATCTAGCACAACGTT_LUNG_N34/vectors,vectors,normal,1,normal,1,0.2761884331703186,0.7238115072250366
./out_ep/train/normal/nlung__CGGTTAACAATGACCT_LUNG_N01/vectors,vectors,normal,1,normal,1,0.3374064862728119,0.6625935435295105
./out_ep/train/normal/nlung__CCTTTCTGTAGGCATG_LUNG_N34/vectors,vectors,normal,1,normal,1,0.29706037044525146,0.7029396891593933
./out_ep/train/normal/nlung__CCCAGTTGTAGGACAC_LUNG_N20/vectors,vectors,normal,1,normal,1,0.27352434396743774,0.7264755964279175
./out_ep/train/normal/nlung__AGTTGGTAGCTGAAAT_LUNG_N19/vectors,vectors,normal,1,normal,1,0.2796962857246399,0.7203037738800049
./out_ep/train/normal/nlung__CGGAGTCAGGGATCTG_LUNG_N19/vectors,vectors,normal,1,normal,1,0.3260785937309265,0.6739214658737183
./out_ep/train/normal/nlung__CTTACCGGTGACGGTA_LUNG_N09/vectors,vectors,normal,1,normal,1,0.2749791145324707,0.7250209450721741
./out_ep/train/normal/nlung__CGAGAAGCAGGGATTG_LUNG_N09/vectors,vectors,normal,1,normal,1,0.2988605499267578,0.7011394500732422
./out_ep/train/normal/nlung__GGCTGGTAGTCTCCTC_LUNG_N01/vectors,vectors,normal,1,normal,1,0.27347129583358765,0.7265287041664124
./out_ep/train/normal/nlung__ATCGAGTAGTACGATA_LUNG_N01/vectors,vectors,normal,1,normal,1,0.2836247682571411,0.7163752317428589
./out_ep/train/normal/nlung__ATCTACTTCCAAGTAC_LUNG_N18/vectors,vectors,normal,1,normal,1,0.2934708893299103,0.7065290212631226
./out_ep/train/normal/nlung__AGGTCCGTCTTGCATT_LUNG_N19/vectors,vectors,normal,1,normal,1,0.28121280670166016,0.7187872529029846
./out_ep/train/normal/nlung__ACGGCCATCAAAGTAG_LUNG_N34/vectors,vectors,normal,1,normal,1,0.29365605115890503,0.706343948841095
./out_ep/train/normal/nlung__ACCAGTAGTACCGTTA_LUNG_N30/vectors,vectors,normal,1,normal,1,0.2740415930747986,0.7259584069252014
./out_ep/train/normal/nlung__ACTGAGTAGAAGATTC_LUNG_N09/vectors,vectors,normal,1,normal,1,0.3657008409500122,0.6342991590499878
./out_ep/train/normal/nlung__ATAACGCGTTCCCGAG_LUNG_N18/vectors,vectors,normal,1,normal,1,0.30883151292800903,0.691168487071991
./out_ep/train/normal/nlung__GTACTTTCAGGGCATA_LUNG_N31/vectors,vectors,normal,1,normal,1,0.32587242126464844,0.6741276383399963
./out_ep/train/normal/nlung__CCGGTAGAGCTGAACG_LUNG_N01/vectors,vectors,normal,1,normal,1,0.2923174202442169,0.7076826095581055
./out_ep/train/normal/nlung__AAACGGGGTCTTGCGG_LUNG_N08/vectors,vectors,normal,1,normal,1,0.2817729711532593,0.7182271480560303
./out_ep/train/normal/nlung__GTCACGGAGTGTGAAT_LUNG_N09/vectors,vectors,normal,1,normal,1,0.27694711089134216,0.7230529189109802
./out_ep/train/normal/nlung__CGCTATCGTGTAAGTA_LUNG_N18/vectors,vectors,normal,1,normal,1,0.27375030517578125,0.7262496948242188
./out_ep/train/normal/nlung__GCAGCCAGTGTTTGTG_LUNG_N08/vectors,vectors,normal,1,normal,1,0.2759460210800171,0.7240539789199829
./out_ep/train/normal/nlung__TCTATTGCACAGGCCT_LUNG_N34/vectors,vectors,normal,1,normal,1,0.28634852170944214,0.7136515378952026
./out_ep/train/normal/nlung__CTTAGGAAGCGATATA_LUNG_N34/vectors,vectors,normal,1,normal,1,0.2732424736022949,0.7267575263977051
./out_ep/train/normal/nlung__GCACTCTTCAACACCA_LUNG_N19/vectors,vectors,normal,1,normal,1,0.27413421869277954,0.7258657813072205
./out_ep/train/normal/nlung__GCGGGTTAGCTCAACT_LUNG_N34/vectors,vectors,normal,1,normal,1,0.2773643732070923,0.7226355671882629
./out_ep/train/normal/nlung__TTGAACGTCCTTGGTC_LUNG_N31/vectors,vectors,normal,1,normal,1,0.2804793119430542,0.7195206880569458
./out_ep/train/normal/nlung__GATGAAACATTGAGCT_LUNG_N31/vectors,vectors,normal,1,normal,1,0.27755865454673767,0.7224413156509399
./out_ep/train/normal/nlung__ATAACGCAGCAGACTG_LUNG_N06/vectors,vectors,normal,1,normal,1,0.2751312255859375,0.7248687148094177
./out_ep/train/normal/nlung__CCTCAGTTCTTGTATC_LUNG_N08/vectors,vectors,normal,1,normal,1,0.29105329513549805,0.7089467644691467
./out_ep/train/normal/nlung__ACTGATGTCTCATTCA_LUNG_N31/vectors,vectors,normal,1,normal,1,0.27308189868927,0.7269181609153748
./out_ep/train/normal/nlung__AGCTCTCTCCCTCTTT_LUNG_N09/vectors,vectors,normal,1,normal,1,0.2757219970226288,0.7242779731750488
./out_ep/train/normal/nlung__CGATTGAGTGTTCGAT_LUNG_N34/vectors,vectors,normal,1,normal,1,0.31956747174263,0.6804324984550476
./out_ep/train/normal/nlung__AGTGGGACAGATCGGA_LUNG_N08/vectors,vectors,normal,1,normal,1,0.27407652139663696,0.7259234189987183
./out_ep/train/normal/nlung__CTCGGAGGTCTTCGTC_LUNG_N01/vectors,vectors,normal,1,normal,1,0.2949490249156952,0.705051064491272
./out_ep/train/normal/nlung__GCGCAGTTCGGTCCGA_LUNG_N31/vectors,vectors,normal,1,normal,1,0.27445921301841736,0.7255407571792603
./out_ep/train/normal/nlung__CACTCCAAGGATGTAT_LUNG_N34/vectors,vectors,normal,1,normal,1,0.27525144815444946,0.7247486114501953
./out_ep/train/normal/nlung__TATGCCCGTAAGAGAG_LUNG_N08/vectors,vectors,normal,1,normal,1,0.2939726412296295,0.7060273885726929
./out_ep/train/normal/nlung__TTGCGTCGTTTCCACC_LUNG_N19/vectors,vectors,normal,1,normal,1,0.27671191096305847,0.7232881188392639
./out_ep/train/normal/nlung__CGTCTACAGGGTATCG_LUNG_N08/vectors,vectors,normal,1,normal,1,0.30085307359695435,0.6991468667984009
./out_ep/train/normal/nlung__GTAGTCATCGAACGGA_LUNG_N31/vectors,vectors,normal,1,normal,1,0.2737017571926117,0.7262982130050659
./out_ep/train/normal/nlung__CGTCACTAGTTGTCGT_LUNG_N08/vectors,vectors,normal,1,normal,1,0.27472060918807983,0.7252793908119202
./out_ep/train/normal/nlung__TCTCATACACAGGTTT_LUNG_N28/vectors,vectors,normal,1,normal,1,0.28849077224731445,0.7115092277526855
./out_ep/train/normal/nlung__CTCGAAACAGCCTTTC_LUNG_N09/vectors,vectors,normal,1,normal,1,0.3117230534553528,0.688277006149292
./out_ep/train/normal/nlung__TGCCCATAGCGATTCT_LUNG_N31/vectors,vectors,normal,1,normal,1,0.27399304509162903,0.7260069251060486
./out_ep/train/normal/nlung__GTTTCTAAGACCTTTG_LUNG_N31/vectors,vectors,normal,1,normal,1,0.2735304534435272,0.7264695763587952
./out_ep/train/normal/nlung__TCGCGTTCAGAGTGTG_LUNG_N34/vectors,vectors,normal,1,normal,1,0.2786170244216919,0.7213830351829529
./out_ep/train/normal/nlung__TTCTCCTCATTTGCCC_LUNG_N20/vectors,vectors,normal,1,normal,1,0.2954426407814026,0.7045572996139526
./out_ep/train/normal/nlung__CTCTACGTCAACTCTT_LUNG_N06/vectors,vectors,normal,1,normal,1,0.2802484333515167,0.7197515964508057
./out_ep/train/normal/nlung__GACTACATCCACTGGG_LUNG_N09/vectors,vectors,normal,1,normal,1,0.274983674287796,0.7250162959098816
./out_ep/train/normal/nlung__TTTATGCGTTCGCGAC_LUNG_N09/vectors,vectors,normal,1,normal,1,0.29230797290802,0.7076920866966248
./out_ep/train/normal/nlung__AGCTTGAGTAAGTGTA_LUNG_N34/vectors,vectors,normal,1,normal,1,0.27499279379844666,0.725007176399231
./out_ep/train/normal/nlung__ACTGATGAGAGAACAG_LUNG_N34/vectors,vectors,normal,1,normal,1,0.2758195102214813,0.7241804599761963
./out_ep/train/normal/nlung__TACGGTAAGATCCCAT_LUNG_N31/vectors,vectors,normal,1,normal,1,0.27970394492149353,0.7202960848808289
./out_ep/train/normal/nlung__GCGAGAATCGAATGCT_LUNG_N30/vectors,vectors,normal,1,normal,1,0.27893760800361633,0.721062421798706
./out_ep/train/normal/nlung__GGAACTTGTGTGCCTG_LUNG_N09/vectors,vectors,normal,1,normal,1,0.2741084396839142,0.725891649723053
./out_ep/train/normal/nlung__AACCGCGTCTTTCCTC_LUNG_N18/vectors,vectors,normal,1,normal,1,0.2736213803291321,0.7263786196708679
./out_ep/train/normal/nlung__CCTTACGGTGAGGGAG_LUNG_N09/vectors,vectors,normal,1,normal,1,0.28176212310791016,0.7182378768920898
./out_ep/train/normal/nlung__ACACTGATCATGGTCA_LUNG_N34/vectors,vectors,normal,1,normal,1,0.28182390332221985,0.7181761264801025
./out_ep/train/normal/nlung__GATCGCGGTCTAGTCA_LUNG_N09/vectors,vectors,normal,1,normal,1,0.29284802079200745,0.7071519494056702
./out_ep/train/normal/nlung__TACCTATCAGGTTTCA_LUNG_N08/vectors,vectors,normal,1,normal,1,0.2727881968021393,0.7272118330001831
./out_ep/train/normal/nlung__TACTTACCATCAGTAC_LUNG_N31/vectors,vectors,normal,1,normal,1,0.27924612164497375,0.7207538485527039
./out_ep/train/normal/nlung__GCTCCTAGTATGGTTC_LUNG_N06/vectors,vectors,normal,1,normal,1,0.2750323712825775,0.7249676585197449
./out_ep/train/normal/nlung__GTTCGGGTCTCCCTGA_LUNG_N08/vectors,vectors,normal,1,normal,1,0.2736198604106903,0.7263801097869873
./out_ep/train/normal/nlung__GGGAATGAGTGTACGG_LUNG_N06/vectors,vectors,normal,1,normal,1,0.2756900191307068,0.7243099808692932
./out_ep/train/normal/nlung__CGTTGGGTCCTAGTGA_LUNG_N34/vectors,vectors,normal,1,normal,1,0.274799644947052,0.7252002954483032
./out_ep/train/normal/nlung__ATTTCTGCATTGCGGC_LUNG_N20/vectors,vectors,normal,1,normal,1,0.2940343916416168,0.7059656381607056
./out_ep/train/normal/nlung__ATTGGACGTCACTTCC_LUNG_N28/vectors,vectors,normal,1,normal,1,0.2783564031124115,0.7216436266899109
./out_ep/train/normal/nlung__CTGAAACGTAGCAAAT_LUNG_N30/vectors,vectors,normal,1,normal,1,0.279913067817688,0.7200869917869568
./out_ep/train/normal/nlung__TATGCCCCACCATGTA_LUNG_N09/vectors,vectors,normal,1,normal,1,0.27578452229499817,0.724215567111969
./out_ep/train/normal/nlung__ACAGCCGCATGCCTAA_LUNG_N31/vectors,vectors,normal,1,normal,1,0.2768844664096832,0.7231155633926392
./out_ep/train/normal/nlung__TGCTACCTCTGGTTCC_LUNG_N18/vectors,vectors,normal,1,normal,1,0.27342426776885986,0.7265756726264954
./out_ep/train/normal/nlung__AACACGTCAGTGGGAT_LUNG_N20/vectors,vectors,normal,1,normal,1,0.2820339798927307,0.7179661393165588
./out_ep/train/normal/nlung__GAATGAATCCTAGGGC_LUNG_N34/vectors,vectors,normal,1,normal,1,0.28011149168014526,0.7198885679244995
./out_ep/train/normal/nlung__TTTGCGCGTTACGTCA_LUNG_N28/vectors,vectors,normal,1,normal,1,0.2981240451335907,0.7018759846687317
./out_ep/train/normal/nlung__TTGCGTCGTCGGGTCT_LUNG_N31/vectors,vectors,normal,1,normal,1,0.2812189757823944,0.718781054019928
./out_ep/train/normal/nlung__GTCGTAAAGCTGAAAT_LUNG_N06/vectors,vectors,normal,1,normal,1,0.2771778702735901,0.7228221297264099
./out_ep/train/normal/nlung__TCTCATAAGCCGCCTA_LUNG_N08/vectors,vectors,normal,1,normal,1,0.2758561074733734,0.7241438627243042
./out_ep/train/normal/nlung__ACTGATGGTGCAGTAG_LUNG_N34/vectors,vectors,normal,1,normal,1,0.2855228781700134,0.7144770622253418
./out_ep/train/normal/nlung__ATCATGGCATATACGC_LUNG_N08/vectors,vectors,normal,1,normal,1,0.2806394696235657,0.7193605303764343
./out_ep/train/normal/nlung__CGTTAGATCTGTCCGT_LUNG_N34/vectors,vectors,normal,1,cancer,0,0.7318932414054871,0.26810672879219055
./out_ep/train/normal/nlung__ATGAGGGAGGTAAACT_LUNG_N30/vectors,vectors,normal,1,normal,1,0.3074018955230713,0.6925981640815735
./out_ep/train/normal/nlung__GACTACAGTCTCTTTA_LUNG_N18/vectors,vectors,normal,1,normal,1,0.2780178189277649,0.7219821214675903
./out_ep/train/normal/nlung__TCGGGACAGATCCCGC_LUNG_N19/vectors,vectors,normal,1,normal,1,0.31643033027648926,0.6835697293281555
./out_ep/train/normal/nlung__CCGGGATTCCCTAATT_LUNG_N30/vectors,vectors,normal,1,normal,1,0.2761457562446594,0.7238543033599854
./out_ep/train/normal/nlung__TCGGGACTCTAACTTC_LUNG_N01/vectors,vectors,normal,1,normal,1,0.2761076092720032,0.7238923907279968
./out_ep/train/normal/nlung__GACACGCGTACGACCC_LUNG_N20/vectors,vectors,normal,1,normal,1,0.2769501805305481,0.7230498194694519
./out_ep/train/normal/nlung__TACCTATCAGACGTAG_LUNG_N18/vectors,vectors,normal,1,normal,1,0.27916017174720764,0.7208398580551147
./out_ep/train/normal/nlung__CGTGTAATCAGCTTAG_LUNG_N06/vectors,vectors,normal,1,normal,1,0.2739081084728241,0.7260919213294983
./out_ep/train/normal/nlung__TATTACCGTGGTAACG_LUNG_N30/vectors,vectors,normal,1,normal,1,0.2734909653663635,0.7265089750289917
./out_ep/train/normal/nlung__CTAACTTCAATACGCT_LUNG_N20/vectors,vectors,normal,1,normal,1,0.27473729848861694,0.7252626419067383
./out_ep/train/normal/nlung__AGCGGTCGTAGCTTGT_LUNG_N01/vectors,vectors,normal,1,normal,1,0.27357590198516846,0.7264240980148315
./out_ep/train/normal/nlung__TTTGTCAGTGATGTCT_LUNG_N28/vectors,vectors,normal,1,normal,1,0.2805301249027252,0.7194698452949524
./out_ep/train/normal/nlung__AGGGATGTCTAGCACA_LUNG_N34/vectors,vectors,normal,1,normal,1,0.2775005102157593,0.7224994897842407
./out_ep/train/normal/nlung__GCTCTGTCAGGGAGAG_LUNG_N01/vectors,vectors,normal,1,normal,1,0.27755865454673767,0.7224413156509399
./out_ep/train/normal/nlung__GGGATGAAGCCTCGTG_LUNG_N09/vectors,vectors,normal,1,normal,1,0.28738173842430115,0.7126182913780212
./out_ep/train/normal/nlung__GTGCAGCTCCAATGGT_LUNG_N28/vectors,vectors,normal,1,normal,1,0.28002840280532837,0.7199715971946716
./out_ep/train/normal/nlung__ACTTACTCAGCCTGTG_LUNG_N01/vectors,vectors,normal,1,normal,1,0.27317583560943604,0.7268242239952087
./out_ep/train/normal/nlung__ACGGCCATCAGGCGAA_LUNG_N28/vectors,vectors,normal,1,normal,1,0.2785724997520447,0.7214274406433105
./out_ep/train/normal/nlung__CATTCGCGTAACGACG_LUNG_N34/vectors,vectors,normal,1,normal,1,0.2789836525917053,0.7210164070129395
./out_ep/train/normal/nlung__CCGTGGATCTCTGCTG_LUNG_N20/vectors,vectors,normal,1,normal,1,0.27897748351097107,0.7210225462913513
./out_ep/train/normal/nlung__CATCAGAGTTAGTGGG_LUNG_N28/vectors,vectors,normal,1,normal,1,0.27872434258461,0.7212756872177124
./out_ep/train/normal/nlung__CTAGCCTAGTGCGTGA_LUNG_N31/vectors,vectors,normal,1,normal,1,0.2735092043876648,0.72649085521698
./out_ep/train/normal/nlung__TCAGGATCATCCAACA_LUNG_N09/vectors,vectors,normal,1,normal,1,0.2935943007469177,0.7064056396484375
./out_ep/train/normal/nlung__CTAGCCTAGTGACTCT_LUNG_N19/vectors,vectors,normal,1,normal,1,0.3594519793987274,0.640548050403595
./out_ep/train/normal/nlung__GCAGTTAAGTTGTAGA_LUNG_N20/vectors,vectors,normal,1,normal,1,0.27550268173217773,0.7244973182678223
./out_ep/train/normal/nlung__CGGACTGTCCTTTACA_LUNG_N08/vectors,vectors,normal,1,normal,1,0.27551940083503723,0.7244806289672852
./out_ep/train/normal/nlung__TCAACGACAATTGCTG_LUNG_N31/vectors,vectors,normal,1,normal,1,0.2770189344882965,0.7229810357093811
./out_ep/train/normal/nlung__CCGTACTAGCTAGTGG_LUNG_N30/vectors,vectors,normal,1,normal,1,0.3099987506866455,0.6900012493133545
./out_ep/train/normal/nlung__ACAGCCGTCCCAGGTG_LUNG_N18/vectors,vectors,normal,1,normal,1,0.2827807366847992,0.7172192931175232
./out_ep/train/normal/nlung__CTCCTAGGTGTGACCC_LUNG_N01/vectors,vectors,normal,1,normal,1,0.27612289786338806,0.7238771319389343
./out_ep/train/normal/nlung__TGTATTCCAAGACACG_LUNG_N34/vectors,vectors,normal,1,normal,1,0.30955997109413147,0.6904401183128357
./out_ep/train/normal/nlung__CATGGCGTCTATCGCC_LUNG_N09/vectors,vectors,normal,1,normal,1,0.2928369343280792,0.7071629762649536
./out_ep/train/normal/nlung__AACTGGTTCGGAGGTA_LUNG_N34/vectors,vectors,normal,1,normal,1,0.2794995903968811,0.7205004692077637
./out_ep/train/normal/nlung__CTGGTCTCATGGTCTA_LUNG_N34/vectors,vectors,normal,1,normal,1,0.347585529088974,0.6524144411087036
./out_ep/train/normal/nlung__GAATGAATCTCTGAGA_LUNG_N01/vectors,vectors,normal,1,normal,1,0.2735668420791626,0.7264332175254822
./out_ep/train/normal/nlung__GACAGAGAGCGACGTA_LUNG_N34/vectors,vectors,normal,1,normal,1,0.29952117800712585,0.7004787921905518
./out_ep/train/normal/nlung__CTGATAGGTCTTGATG_LUNG_N06/vectors,vectors,normal,1,normal,1,0.2735576927661896,0.726442277431488
./out_ep/train/normal/nlung__ACCAGTATCGCTGATA_LUNG_N09/vectors,vectors,normal,1,normal,1,0.2765485644340515,0.7234514951705933
./out_ep/train/normal/nlung__CATCCACCACCACCAG_LUNG_N34/vectors,vectors,normal,1,normal,1,0.2738959491252899,0.7261040806770325
./out_ep/train/normal/nlung__TAAGTGCGTCTGCAAT_LUNG_N31/vectors,vectors,normal,1,normal,1,0.2787427306175232,0.721257209777832
./out_ep/train/normal/nlung__TCAGGATAGTGCAAGC_LUNG_N06/vectors,vectors,normal,1,normal,1,0.27979618310928345,0.7202038168907166
./out_ep/train/normal/nlung__GAACGGATCAATCTCT_LUNG_N01/vectors,vectors,normal,1,normal,1,0.2758667469024658,0.7241332530975342
./out_ep/train/normal/nlung__CTCGAAAGTGCGAAAC_LUNG_N18/vectors,vectors,normal,1,normal,1,0.27842384576797485,0.7215761542320251
./out_ep/train/normal/nlung__CACTCCATCTGACCTC_LUNG_N28/vectors,vectors,normal,1,normal,1,0.30279678106307983,0.6972032189369202
./out_ep/train/normal/nlung__TGCCAAACAATCGAAA_LUNG_N31/vectors,vectors,normal,1,normal,1,0.2760954201221466,0.7239046096801758
./out_ep/train/normal/nlung__CGGACACTCACTCTTA_LUNG_N20/vectors,vectors,normal,1,normal,1,0.27807146310806274,0.721928596496582
./out_ep/train/normal/nlung__GCGAGAAGTGGTTTCA_LUNG_N34/vectors,vectors,normal,1,normal,1,0.27389442920684814,0.7261056303977966
./out_ep/train/normal/nlung__GTCAAGTTCGCAAACT_LUNG_N34/vectors,vectors,normal,1,normal,1,0.29164713621139526,0.7083528637886047
./out_ep/train/normal/nlung__CTCACACCAGGCTGAA_LUNG_N09/vectors,vectors,normal,1,normal,1,0.30474114418029785,0.6952587962150574
./out_ep/train/normal/nlung__TGACTAGAGGCTCATT_LUNG_N18/vectors,vectors,normal,1,normal,1,0.28587010502815247,0.7141299247741699
./out_ep/train/normal/nlung__GGTGAAGCACAACGCC_LUNG_N31/vectors,vectors,normal,1,normal,1,0.2754950523376465,0.7245049476623535
./out_ep/train/normal/nlung__CGTGTCTGTGCCTGCA_LUNG_N09/vectors,vectors,normal,1,normal,1,0.2764188051223755,0.7235811948776245
./out_ep/train/normal/nlung__AGCTCTCAGCGCTTAT_LUNG_N28/vectors,vectors,normal,1,normal,1,0.27400821447372437,0.7259917259216309
./out_ep/train/normal/nlung__TCTCTAACACCAGGCT_LUNG_N18/vectors,vectors,normal,1,normal,1,0.2856909930706024,0.7143089771270752
./out_ep/train/normal/nlung__TTGTAGGAGAATGTTG_LUNG_N30/vectors,vectors,normal,1,normal,1,0.3261137902736664,0.6738861799240112
./out_ep/train/normal/nlung__TTTACTGTCACCACCT_LUNG_N34/vectors,vectors,normal,1,normal,1,0.2779994606971741,0.7220005393028259
./out_ep/train/normal/nlung__CCTCAGTAGAAGGTTT_LUNG_N08/vectors,vectors,normal,1,normal,1,0.2874707877635956,0.7125292420387268
./out_ep/train/normal/nlung__CGTCACTAGGTAGCCA_LUNG_N18/vectors,vectors,normal,1,normal,1,0.2850748598575592,0.7149251103401184
./out_ep/train/normal/nlung__CAAGTTGAGTCCGGTC_LUNG_N09/vectors,vectors,normal,1,normal,1,0.2733621895313263,0.7266378998756409
./out_ep/train/normal/nlung__TCATTACCAAAGGTGC_LUNG_N20/vectors,vectors,normal,1,normal,1,0.27315157651901245,0.7268484830856323
./out_ep/train/normal/nlung__TGGGCGTGTAAACGCG_LUNG_N19/vectors,vectors,normal,1,normal,1,0.2904459834098816,0.7095540165901184
./out_ep/train/normal/nlung__CCAATCCTCGAACGGA_LUNG_N28/vectors,vectors,normal,1,normal,1,0.3005530834197998,0.6994469165802002
./out_ep/train/normal/nlung__CTCATTAGTAGAGTGC_LUNG_N18/vectors,vectors,normal,1,normal,1,0.2768997550010681,0.7231003046035767
./out_ep/train/normal/nlung__GAAGCAGTCTAGCACA_LUNG_N19/vectors,vectors,normal,1,normal,1,0.2955411374568939,0.7044588923454285
./out_ep/train/normal/nlung__GCGCGATGTTCCACTC_LUNG_N28/vectors,vectors,normal,1,normal,1,0.2740902304649353,0.7259098291397095
./out_ep/train/normal/nlung__TTGACTTGTGACAAAT_LUNG_N09/vectors,vectors,normal,1,normal,1,0.30158373713493347,0.6984161734580994
./out_ep/train/normal/nlung__GGACAAGCAGACACTT_LUNG_N08/vectors,vectors,normal,1,normal,1,0.2971750497817993,0.7028249502182007
./out_ep/train/normal/nlung__AAGTCTGAGACCTTTG_LUNG_N18/vectors,vectors,normal,1,normal,1,0.2858545184135437,0.7141454815864563
./out_ep/train/normal/nlung__GCATGTACAGACAGGT_LUNG_N09/vectors,vectors,normal,1,normal,1,0.2743391990661621,0.7256607413291931
./out_ep/train/normal/nlung__ATCCACCAGACCTAGG_LUNG_N31/vectors,vectors,normal,1,normal,1,0.2809491753578186,0.7190508842468262
./out_ep/train/normal/nlung__ACACCAAGTATGCTTG_LUNG_N34/vectors,vectors,normal,1,normal,1,0.29388710856437683,0.7061128616333008
./out_ep/train/normal/nlung__CGATGTAGTTGTGGCC_LUNG_N28/vectors,vectors,normal,1,normal,1,0.2821498215198517,0.7178502082824707
./out_ep/train/normal/nlung__GCGCAACTCATCACCC_LUNG_N09/vectors,vectors,normal,1,normal,1,0.2762433588504791,0.7237566113471985
./out_ep/train/normal/nlung__ATCCACCTCGGAGCAA_LUNG_N30/vectors,vectors,normal,1,normal,1,0.2765745222568512,0.723425567150116
./out_ep/train/normal/nlung__TACCTTAAGTCTCCTC_LUNG_N28/vectors,vectors,normal,1,normal,1,0.3061833381652832,0.6938166618347168
./out_ep/train/normal/nlung__CTTACCGAGGACTGGT_LUNG_N18/vectors,vectors,normal,1,normal,1,0.27484074234962463,0.7251592874526978
./out_ep/train/normal/nlung__CGTCACTCATTACCTT_LUNG_N30/vectors,vectors,normal,1,normal,1,0.27343037724494934,0.7265695929527283
./out_ep/train/normal/nlung__GGACAAGAGTGAACAT_LUNG_N18/vectors,vectors,normal,1,normal,1,0.2750186622142792,0.7249813079833984
./out_ep/train/normal/nlung__CATGGCGAGCAGACTG_LUNG_N28/vectors,vectors,normal,1,normal,1,0.28067952394485474,0.7193204760551453
./out_ep/train/normal/nlung__TAGCCGGAGCCGTCGT_LUNG_N18/vectors,vectors,normal,1,normal,1,0.27540522813796997,0.7245948314666748
./out_ep/train/normal/nlung__GGATTACGTACTCAAC_LUNG_N34/vectors,vectors,normal,1,normal,1,0.27902811765670776,0.7209718823432922
./out_ep/train/normal/nlung__GGGCACTCACGGTAAG_LUNG_N31/vectors,vectors,normal,1,normal,1,0.30873382091522217,0.6912662386894226
./out_ep/train/normal/nlung__GACGTTATCAAAGTAG_LUNG_N34/vectors,vectors,normal,1,normal,1,0.35946425795555115,0.6405357122421265
./out_ep/train/normal/nlung__GACGCGTTCTCCTATA_LUNG_N01/vectors,vectors,normal,1,normal,1,0.27391868829727173,0.7260813117027283
./out_ep/train/normal/nlung__TGGCTGGCATCACGAT_LUNG_N20/vectors,vectors,normal,1,normal,1,0.2923143208026886,0.7076857686042786
./out_ep/train/normal/nlung__CCCATACAGTAATCCC_LUNG_N31/vectors,vectors,normal,1,normal,1,0.27922001481056213,0.7207800149917603
./out_ep/train/normal/nlung__TGGGAAGGTATCGCAT_LUNG_N09/vectors,vectors,normal,1,normal,1,0.28005918860435486,0.7199408411979675
./out_ep/train/normal/nlung__TTGGAACGTGCGGTAA_LUNG_N31/vectors,vectors,normal,1,normal,1,0.2739657163619995,0.7260342240333557
./out_ep/train/normal/nlung__CCTAAAGCATTAGGCT_LUNG_N34/vectors,vectors,normal,1,normal,1,0.273331880569458,0.726668119430542
./out_ep/train/normal/nlung__TAGTGGTTCAGTTGAC_LUNG_N30/vectors,vectors,normal,1,normal,1,0.27298352122306824,0.7270166277885437
./out_ep/train/normal/nlung__GACGTTACACCCTATC_LUNG_N08/vectors,vectors,normal,1,normal,1,0.2750049829483032,0.7249950170516968
./out_ep/train/normal/nlung__TTTCCTCCAATGGAAT_LUNG_N30/vectors,vectors,normal,1,normal,1,0.2974364459514618,0.7025635838508606
./out_ep/train/normal/nlung__CGGTTAAAGACTAGGC_LUNG_N18/vectors,vectors,normal,1,normal,1,0.37301716208457947,0.6269828677177429
./out_ep/train/normal/nlung__CGTCAGGCAGGGTTAG_LUNG_N09/vectors,vectors,normal,1,normal,1,0.36341214179992676,0.636587917804718
./out_ep/train/normal/nlung__CCTTCCCCATTGGGCC_LUNG_N09/vectors,vectors,normal,1,normal,1,0.2734288275241852,0.7265710830688477
./out_ep/train/normal/nlung__GAGGTGAGTAGTACCT_LUNG_N01/vectors,vectors,normal,1,normal,1,0.2737472653388977,0.7262527346611023
./out_ep/train/normal/nlung__AAAGATGGTATAGTAG_LUNG_N31/vectors,vectors,normal,1,normal,1,0.28194278478622437,0.7180571556091309
./out_ep/train/normal/nlung__CTCACACTCGTAGGTT_LUNG_N30/vectors,vectors,normal,1,normal,1,0.2759871780872345,0.7240127921104431
./out_ep/train/normal/nlung__AAGACCTTCTGCTTGC_LUNG_N08/vectors,vectors,normal,1,normal,1,0.2765699028968811,0.7234300971031189
./out_ep/train/normal/nlung__TGCCCTATCATTCACT_LUNG_N34/vectors,vectors,normal,1,normal,1,0.28897178173065186,0.7110281586647034
./out_ep/train/normal/nlung__TCGCGTTAGTCGAGTG_LUNG_N06/vectors,vectors,normal,1,normal,1,0.2813778519630432,0.7186222076416016
./out_ep/train/normal/nlung__TGCTGCTCAAGACACG_LUNG_N28/vectors,vectors,normal,1,normal,1,0.2876599431037903,0.7123400568962097
./out_ep/train/normal/nlung__TCTTTCCAGGGTCTCC_LUNG_N34/vectors,vectors,normal,1,normal,1,0.2781587243080139,0.7218412756919861
./out_ep/train/normal/nlung__CAGTAACAGATATACG_LUNG_N08/vectors,vectors,normal,1,normal,1,0.2773154675960541,0.7226845622062683
./out_ep/train/normal/nlung__GACACGCCAATGAATG_LUNG_N30/vectors,vectors,normal,1,normal,1,0.27658364176750183,0.7234163284301758
./out_ep/train/normal/nlung__CCAATCCAGCGTAATA_LUNG_N31/vectors,vectors,normal,1,normal,1,0.2743559181690216,0.725644052028656
./out_ep/train/normal/nlung__ACTATCTGTGCCTGCA_LUNG_N31/vectors,vectors,normal,1,normal,1,0.27385497093200684,0.7261450290679932
./out_ep/train/normal/nlung__TCGCGTTTCACAATGC_LUNG_N09/vectors,vectors,normal,1,normal,1,0.27378976345062256,0.7262102365493774
./out_ep/train/normal/nlung__TGAGGGATCTCAAGTG_LUNG_N34/vectors,vectors,normal,1,normal,1,0.27465978264808655,0.7253401875495911
./out_ep/train/normal/nlung__CCCTCCTTCTCGTTTA_LUNG_N09/vectors,vectors,normal,1,normal,1,0.2774546444416046,0.722545325756073
./out_ep/train/normal/nlung__CGGACTGTCGTTTAGG_LUNG_N08/vectors,vectors,normal,1,normal,1,0.33742010593414307,0.6625798344612122
./out_ep/train/normal/nlung__TGAGCCGAGGACGAAA_LUNG_N18/vectors,vectors,normal,1,normal,1,0.2763150632381439,0.7236849069595337
./out_ep/train/normal/nlung__ATTGGTGTCGTGGTCG_LUNG_N18/vectors,vectors,normal,1,normal,1,0.2774714529514313,0.7225285172462463
./out_ep/train/normal/nlung__CAGATCAGTCTTGTCC_LUNG_N09/vectors,vectors,normal,1,normal,1,0.27858173847198486,0.7214182615280151
./out_ep/train/normal/nlung__GAACCTATCACCAGGC_LUNG_N18/vectors,vectors,normal,1,normal,1,0.27789074182510376,0.7221092581748962
./out_ep/train/normal/nlung__CAGCTAACAATCACAC_LUNG_N19/vectors,vectors,normal,1,normal,1,0.28379690647125244,0.7162031531333923
./out_ep/train/normal/nlung__CTGCCTATCAAACAAG_LUNG_N18/vectors,vectors,normal,1,normal,1,0.3295198082923889,0.6704801917076111
./out_ep/train/normal/nlung__GCTTCCAAGCGGATCA_LUNG_N19/vectors,vectors,normal,1,normal,1,0.28419867157936096,0.7158012986183167
./out_ep/train/normal/nlung__ATCTACTAGCAAATCA_LUNG_N30/vectors,vectors,normal,1,normal,1,0.2744956612586975,0.7255043387413025
./out_ep/train/normal/nlung__CATCGAATCGTGTAGT_LUNG_N06/vectors,vectors,normal,1,normal,1,0.2838341295719147,0.7161659598350525
./out_ep/train/normal/nlung__TCTTCGGTCTGCTTGC_LUNG_N09/vectors,vectors,normal,1,normal,1,0.27562451362609863,0.7243755459785461
./out_ep/train/normal/nlung__AGCGTCGTCAGGTTCA_LUNG_N01/vectors,vectors,normal,1,normal,1,0.2793689966201782,0.7206310033798218
./out_ep/train/normal/nlung__CAGCCGACAAGCCGTC_LUNG_N09/vectors,vectors,normal,1,normal,1,0.2741144597530365,0.7258855104446411
./out_ep/train/normal/nlung__CTAGAGTTCAACGGCC_LUNG_N34/vectors,vectors,normal,1,normal,1,0.2730940282344818,0.7269059419631958
./out_ep/train/normal/nlung__GGATTACGTCTAGGTT_LUNG_N34/vectors,vectors,normal,1,normal,1,0.27351829409599304,0.7264817357063293
./out_ep/train/normal/nlung__CGAGCACTCCACTGGG_LUNG_N08/vectors,vectors,normal,1,normal,1,0.27334851026535034,0.7266514301300049
./out_ep/train/normal/nlung__TTTATGCTCGGAAACG_LUNG_N34/vectors,vectors,normal,1,normal,1,0.27481183409690857,0.725188136100769
./out_ep/train/normal/nlung__GCAATCAGTCCATGAT_LUNG_N34/vectors,vectors,normal,1,normal,1,0.29627710580825806,0.7037228941917419
./out_ep/train/normal/nlung__AGGGAGTGTTGCTCCT_LUNG_N18/vectors,vectors,normal,1,normal,1,0.2772955894470215,0.7227044105529785
./out_ep/train/normal/nlung__AAACGGGTCGCAGGCT_LUNG_N28/vectors,vectors,normal,1,normal,1,0.2977634072303772,0.7022366523742676
./out_ep/train/normal/nlung__TTCTTAGTCTTGACGA_LUNG_N09/vectors,vectors,normal,1,normal,1,0.34293073415756226,0.657069206237793
./out_ep/train/normal/nlung__AGGCCACTCTTATCTG_LUNG_N01/vectors,vectors,normal,1,normal,1,0.2817559838294983,0.7182440757751465
./out_ep/train/normal/nlung__ACGGGCTAGCCAGGAT_LUNG_N19/vectors,vectors,normal,1,normal,1,0.45300284028053284,0.5469971299171448
./out_ep/train/normal/nlung__GGTGAAGCAGTATAAG_LUNG_N08/vectors,vectors,normal,1,normal,1,0.27753567695617676,0.7224643230438232
./out_ep/train/normal/nlung__TTCTACAGTATGAAAC_LUNG_N08/vectors,vectors,normal,1,normal,1,0.2750566899776459,0.7249433398246765
./out_ep/train/normal/nlung__GTAACGTCATAAAGGT_LUNG_N20/vectors,vectors,normal,1,normal,1,0.2767607569694519,0.7232392430305481
./out_ep/train/normal/nlung__TTCTCCTTCATCATTC_LUNG_N09/vectors,vectors,normal,1,normal,1,0.27756476402282715,0.7224352359771729
./out_ep/train/normal/nlung__GTCGGGTTCAAGCCTA_LUNG_N28/vectors,vectors,normal,1,normal,1,0.2951870560646057,0.7048129439353943
./out_ep/train/normal/nlung__AACTCTTTCGGACAAG_LUNG_N34/vectors,vectors,normal,1,normal,1,0.2802053689956665,0.7197946906089783
./out_ep/train/normal/nlung__TTAGGACCATTAGCCA_LUNG_N09/vectors,vectors,normal,1,normal,1,0.318612664937973,0.6813873052597046
./out_ep/train/normal/nlung__GAGTCCGGTAAGTTCC_LUNG_N31/vectors,vectors,normal,1,normal,1,0.2736213803291321,0.7263786196708679
./out_ep/train/normal/nlung__AACGTTGAGCAGCGTA_LUNG_N18/vectors,vectors,normal,1,normal,1,0.2731182873249054,0.726881742477417
./out_ep/train/normal/nlung__TCGTACCCATCACAAC_LUNG_N18/vectors,vectors,normal,1,normal,1,0.2763364613056183,0.7236635684967041
./out_ep/train/normal/nlung__CGCGGTACAATGGTCT_LUNG_N09/vectors,vectors,normal,1,normal,1,0.32204607129096985,0.6779538989067078
./out_ep/train/normal/nlung__ACTGAACGTTGGAGGT_LUNG_N09/vectors,vectors,normal,1,normal,1,0.2769486606121063,0.7230513691902161
./out_ep/train/normal/nlung__CTGCTGTTCCATGAGT_LUNG_N34/vectors,vectors,normal,1,normal,1,0.2756321132183075,0.7243679165840149
./out_ep/train/normal/nlung__GTAACTGCAGACAGGT_LUNG_N31/vectors,vectors,normal,1,normal,1,0.27311673760414124,0.7268832921981812
./out_ep/train/normal/nlung__TTGGCAACATACCATG_LUNG_N31/vectors,vectors,normal,1,normal,1,0.28107404708862305,0.7189260125160217
./out_ep/train/normal/nlung__TCTTCGGCAGCATGAG_LUNG_N31/vectors,vectors,normal,1,normal,1,0.2745123505592346,0.7254875302314758
./out_ep/train/normal/nlung__GACCAATGTCTCTTAT_LUNG_N08/vectors,vectors,normal,1,normal,1,0.27307283878326416,0.7269271612167358
./out_ep/train/normal/nlung__ATTACTCCACAGACTT_LUNG_N31/vectors,vectors,normal,1,normal,1,0.27293503284454346,0.7270649671554565
./out_ep/train/normal/nlung__ACGCAGCGTTCAGTAC_LUNG_N30/vectors,vectors,normal,1,normal,1,0.28226569294929504,0.7177342176437378
./out_ep/train/normal/nlung__CCTCTGAGTAGCACGA_LUNG_N01/vectors,vectors,normal,1,normal,1,0.2733045518398285,0.7266954183578491
./out_ep/train/normal/nlung__CCGTACTAGTTGTCGT_LUNG_N34/vectors,vectors,normal,1,normal,1,0.2775723934173584,0.7224276065826416
./out_ep/train/normal/nlung__ACCAGTACACGGACAA_LUNG_N06/vectors,vectors,normal,1,normal,1,0.2834930419921875,0.7165069580078125
./out_ep/train/normal/nlung__AGATTGCGTCACTGGC_LUNG_N18/vectors,vectors,normal,1,normal,1,0.2738155126571655,0.7261844873428345
./out_ep/train/normal/nlung__GGGCATCAGCTGTTCA_LUNG_N34/vectors,vectors,normal,1,normal,1,0.30925020575523376,0.6907498240470886
./out_ep/train/normal/nlung__AGCCTAACACAGACAG_LUNG_N18/vectors,vectors,normal,1,normal,1,0.2832575738430023,0.7167425155639648
./out_ep/train/normal/nlung__GTGCGGTCAAAGCGGT_LUNG_N18/vectors,vectors,normal,1,normal,1,0.27405983209609985,0.7259401679039001
./out_ep/train/normal/nlung__AACTTTCCAGACGTAG_LUNG_N30/vectors,vectors,normal,1,normal,1,0.27348339557647705,0.726516604423523
./out_ep/train/normal/nlung__GCAGCCACACAGGAGT_LUNG_N08/vectors,vectors,normal,1,normal,1,0.2733985483646393,0.7266014814376831
./out_ep/train/normal/nlung__GGAAAGCAGGCTCTTA_LUNG_N20/vectors,vectors,normal,1,normal,1,0.35098427534103394,0.6490157246589661
./out_ep/train/normal/nlung__CCCTCCTCACGCGAAA_LUNG_N18/vectors,vectors,normal,1,normal,1,0.3102370500564575,0.6897628903388977
./out_ep/train/normal/nlung__CCACGGACAGACGCTC_LUNG_N06/vectors,vectors,normal,1,normal,1,0.2733667492866516,0.7266333103179932
./out_ep/train/normal/nlung__GCTGCGAGTAGCACGA_LUNG_N20/vectors,vectors,normal,1,normal,1,0.27759841084480286,0.7224015593528748
./out_ep/train/normal/nlung__ATGTGTGTCTGTACGA_LUNG_N31/vectors,vectors,normal,1,normal,1,0.27537932991981506,0.7246206998825073
./out_ep/train/normal/nlung__CATCCACGTCTTCGTC_LUNG_N18/vectors,vectors,normal,1,normal,1,0.2729456424713135,0.7270543575286865
./out_ep/train/normal/nlung__CATATGGTCCAAACTG_LUNG_N34/vectors,vectors,normal,1,normal,1,0.27417826652526855,0.7258217334747314
./out_ep/train/normal/nlung__CGCTATCCATTACCTT_LUNG_N34/vectors,vectors,normal,1,normal,1,0.30919480323791504,0.690805196762085
./out_ep/train/normal/nlung__CAGATCAGTCACTTCC_LUNG_N09/vectors,vectors,normal,1,normal,1,0.27338337898254395,0.726616621017456
./out_ep/train/normal/nlung__CTGATAGGTGCCTGCA_LUNG_N20/vectors,vectors,normal,1,normal,1,0.27387773990631104,0.726122260093689
./out_ep/train/normal/nlung__CGGGTCAGTTCGCGAC_LUNG_N28/vectors,vectors,normal,1,normal,1,0.2902510464191437,0.7097489833831787
./out_ep/train/normal/nlung__GAAGCAGCAAACGCGA_LUNG_N34/vectors,vectors,normal,1,normal,1,0.2859588861465454,0.7140411138534546
./out_ep/train/normal/nlung__CGCGTTTAGACTCGGA_LUNG_N19/vectors,vectors,normal,1,normal,1,0.2808212339878082,0.7191787958145142
./out_ep/train/normal/nlung__GTTAAGCTCCAGATCA_LUNG_N28/vectors,vectors,normal,1,normal,1,0.27949804067611694,0.7205019593238831
./out_ep/train/normal/nlung__CGTGTAACAGCTCGAC_LUNG_N08/vectors,vectors,normal,1,normal,1,0.30936264991760254,0.6906373500823975
./out_ep/train/normal/nlung__TGAGCATTCTTGAGGT_LUNG_N34/vectors,vectors,normal,1,normal,1,0.27426934242248535,0.7257306575775146
./out_ep/train/normal/nlung__CTCGGAGGTCCGAGTC_LUNG_N09/vectors,vectors,normal,1,normal,1,0.2837984561920166,0.7162015438079834
./out_ep/train/normal/nlung__CAGCAGCCAAGAGGCT_LUNG_N34/vectors,vectors,normal,1,normal,1,0.3246718645095825,0.6753281354904175
./out_ep/train/normal/nlung__CCTCAGTTCCGTTGTC_LUNG_N34/vectors,vectors,normal,1,normal,1,0.2778555452823639,0.7221444845199585
./out_ep/train/normal/nlung__AGAGCGAGTTAAGAAC_LUNG_N34/vectors,vectors,normal,1,normal,1,0.28219157457351685,0.7178084850311279
./out_ep/train/normal/nlung__CTCTAATGTTATTCTC_LUNG_N34/vectors,vectors,normal,1,normal,1,0.2731000483036041,0.7268998622894287
./out_ep/train/normal/nlung__TTGGAACAGAATAGGG_LUNG_N19/vectors,vectors,normal,1,normal,1,0.2802576422691345,0.7197423577308655
./out_ep/train/normal/nlung__ATCTACTAGGAATTAC_LUNG_N30/vectors,vectors,normal,1,normal,1,0.27389898896217346,0.7261010408401489
./out_ep/train/normal/nlung__AACGTTGCAAGACGTG_LUNG_N09/vectors,vectors,normal,1,normal,1,0.28059637546539307,0.7194036841392517
./out_ep/train/normal/nlung__GGTGAAGTCCATGAAC_LUNG_N01/vectors,vectors,normal,1,normal,1,0.36355507373809814,0.6364448666572571
./out_ep/train/normal/nlung__AAACCTGGTGCAGTAG_LUNG_N18/vectors,vectors,normal,1,normal,1,0.2750247120857239,0.7249752283096313
./out_ep/train/normal/nlung__GTAACGTGTTATGCGT_LUNG_N31/vectors,vectors,normal,1,normal,1,0.3175800144672394,0.682420015335083
./out_ep/train/normal/nlung__CCCAGTTGTATATGGA_LUNG_N18/vectors,vectors,normal,1,normal,1,0.2738276720046997,0.7261723279953003
./out_ep/train/normal/nlung__CCACCTAAGCTCCCAG_LUNG_N20/vectors,vectors,normal,1,normal,1,0.28018996119499207,0.7198101282119751
./out_ep/train/normal/nlung__ACTTGTTAGCGTGAGT_LUNG_N06/vectors,vectors,normal,1,normal,1,0.31004607677459717,0.6899539232254028
./out_ep/train/normal/nlung__TTGCGTCAGTACGCCC_LUNG_N08/vectors,vectors,normal,1,normal,1,0.27309852838516235,0.7269014716148376
./out_ep/train/normal/nlung__ACTTACTTCGGCATCG_LUNG_N09/vectors,vectors,normal,1,normal,1,0.27358195185661316,0.7264180183410645
./out_ep/train/normal/nlung__TTCTACATCAGTACGT_LUNG_N09/vectors,vectors,normal,1,normal,1,0.3167637884616852,0.6832362413406372
./out_ep/train/normal/nlung__GCGCCAAGTCAACTGT_LUNG_N08/vectors,vectors,normal,1,normal,1,0.2835008203983307,0.7164992690086365
./out_ep/train/normal/nlung__TAGTGGTCAGCCTATA_LUNG_N20/vectors,vectors,normal,1,normal,1,0.27610915899276733,0.7238909006118774
./out_ep/train/normal/nlung__CCGGGATTCCAGTATG_LUNG_N20/vectors,vectors,normal,1,normal,1,0.27904966473579407,0.7209504246711731
./out_ep/train/normal/nlung__CTTCTCTAGGCTAGGT_LUNG_N09/vectors,vectors,normal,1,normal,1,0.28084126114845276,0.7191587090492249
./out_ep/train/normal/nlung__TGATTTCGTCTCGTTC_LUNG_N20/vectors,vectors,normal,1,normal,1,0.2785097062587738,0.7214903831481934
./out_ep/train/normal/nlung__TAGGCATGTACAGTTC_LUNG_N09/vectors,vectors,normal,1,normal,1,0.3238610625267029,0.6761389374732971
./out_ep/train/normal/nlung__AACCATGGTGTGCCTG_LUNG_N34/vectors,vectors,normal,1,normal,1,0.35236021876335144,0.647639811038971
./out_ep/train/normal/nlung__TACACGACAGGGCATA_LUNG_N34/vectors,vectors,normal,1,normal,1,0.2943781912326813,0.7056218385696411
./out_ep/train/normal/nlung__AGCTCCTAGTCTCAAC_LUNG_N06/vectors,vectors,normal,1,normal,1,0.30477508902549744,0.6952248811721802
./out_ep/train/normal/nlung__AGACGTTAGCAGCGTA_LUNG_N08/vectors,vectors,normal,1,normal,1,0.28831538558006287,0.7116845846176147
./out_ep/train/normal/nlung__GGATTACTCCAGTAGT_LUNG_N06/vectors,vectors,normal,1,normal,1,0.3044034242630005,0.6955965161323547
./out_ep/train/normal/nlung__CACAGTATCACCACCT_LUNG_N28/vectors,vectors,normal,1,normal,1,0.28106629848480225,0.7189337015151978
./out_ep/train/normal/nlung__GTTACAGGTAGGGTAC_LUNG_N18/vectors,vectors,normal,1,normal,1,0.2831413745880127,0.7168585658073425
./out_ep/train/normal/nlung__GCGAGAAAGAGAGCTC_LUNG_N09/vectors,vectors,normal,1,normal,1,0.36113834381103516,0.6388617157936096
./out_ep/train/normal/nlung__TTCTTAGGTACCCAAT_LUNG_N19/vectors,vectors,normal,1,normal,1,0.39912164211273193,0.6008783578872681
./out_ep/train/normal/nlung__ATCACGATCCCATTAT_LUNG_N20/vectors,vectors,normal,1,normal,1,0.28250694274902344,0.7174931168556213
./out_ep/train/normal/nlung__GCAGCCAGTCATGCAT_LUNG_N34/vectors,vectors,normal,1,normal,1,0.2738064229488373,0.7261935472488403
./out_ep/train/normal/nlung__CTCACACTCTTGACGA_LUNG_N09/vectors,vectors,normal,1,normal,1,0.27553310990333557,0.7244669198989868
./out_ep/train/normal/nlung__CAGAATCCAGTTCATG_LUNG_N34/vectors,vectors,normal,1,normal,1,0.365660160779953,0.6343398094177246
./out_ep/train/normal/nlung__TGGCGCAAGCTACCGC_LUNG_N28/vectors,vectors,normal,1,normal,1,0.27940741181373596,0.7205926775932312
./out_ep/train/normal/nlung__CCTTCCCCACATGACT_LUNG_N31/vectors,vectors,normal,1,normal,1,0.2733379304409027,0.7266620993614197
./out_ep/train/normal/nlung__TTTGCGCTCCGCATAA_LUNG_N31/vectors,vectors,normal,1,normal,1,0.2731182873249054,0.726881742477417
./out_ep/train/normal/nlung__CAGATCATCTACTCAT_LUNG_N20/vectors,vectors,normal,1,normal,1,0.27696850895881653,0.7230314612388611
./out_ep/train/normal/nlung__CTCGAGGGTGCAACGA_LUNG_N18/vectors,vectors,normal,1,normal,1,0.2767012119293213,0.7232987880706787
./out_ep/train/normal/nlung__ACATCAGGTTATCCGA_LUNG_N08/vectors,vectors,normal,1,normal,1,0.28447967767715454,0.7155203223228455
./out_ep/train/normal/nlung__TTTCCTCTCAGAGCTT_LUNG_N09/vectors,vectors,normal,1,normal,1,0.28248369693756104,0.7175162434577942
./out_ep/train/normal/nlung__AAAGCAAGTAGCGCTC_LUNG_N34/vectors,vectors,normal,1,normal,1,0.27478599548339844,0.7252140641212463
./out_ep/train/normal/nlung__AGAATAGGTGGCAAAC_LUNG_N31/vectors,vectors,normal,1,normal,1,0.2729910612106323,0.7270089983940125
./out_ep/train/normal/nlung__CGGCTAGCACATGTGT_LUNG_N08/vectors,vectors,normal,1,normal,1,0.28949564695358276,0.7105043530464172
./out_ep/train/normal/nlung__GAGGTGAAGGCATGTG_LUNG_N34/vectors,vectors,normal,1,normal,1,0.2746613025665283,0.7253386378288269
./out_ep/train/normal/nlung__AGCATACTCGGCATCG_LUNG_N19/vectors,vectors,normal,1,normal,1,0.306757390499115,0.693242609500885
./out_ep/train/normal/nlung__TCAACGATCCTTCAAT_LUNG_N01/vectors,vectors,normal,1,cancer,0,0.727924108505249,0.27207592129707336
./out_ep/train/normal/nlung__TCTGGAAAGATGCCTT_LUNG_N18/vectors,vectors,normal,1,normal,1,0.27341824769973755,0.7265817523002625
./out_ep/train/normal/nlung__CGTAGCGGTACATGTC_LUNG_N30/vectors,vectors,normal,1,normal,1,0.2905104458332062,0.7094895243644714
./out_ep/train/normal/nlung__CAAGAAACAGTGGAGT_LUNG_N30/vectors,vectors,normal,1,normal,1,0.27676382660865784,0.7232361435890198
./out_ep/train/normal/nlung__AACTTTCAGGGCTTCC_LUNG_N18/vectors,vectors,normal,1,normal,1,0.2736956477165222,0.726304292678833
./out_ep/train/normal/nlung__TGATTTCAGGAACTGC_LUNG_N31/vectors,vectors,normal,1,normal,1,0.2779657542705536,0.722034215927124
./out_ep/train/normal/nlung__CTCTACGGTTTAGCTG_LUNG_N30/vectors,vectors,normal,1,normal,1,0.2732606530189514,0.7267393469810486
./out_ep/train/normal/nlung__CCTTCCCTCTTAACCT_LUNG_N08/vectors,vectors,normal,1,normal,1,0.2735365033149719,0.7264635562896729
./out_ep/train/normal/nlung__TGTGTTTGTATATGAG_LUNG_N31/vectors,vectors,normal,1,normal,1,0.282227098941803,0.7177729606628418
./out_ep/train/normal/nlung__CTCTAATCACTTGGAT_LUNG_N28/vectors,vectors,normal,1,normal,1,0.286403089761734,0.7135969996452332
./out_ep/train/normal/nlung__GACGTTAAGGTGCACA_LUNG_N18/vectors,vectors,normal,1,normal,1,0.2743179500102997,0.7256820201873779
./out_ep/train/normal/nlung__GTGTGCGAGTAAGTAC_LUNG_N31/vectors,vectors,normal,1,normal,1,0.2747936248779297,0.7252064347267151
./out_ep/train/normal/nlung__CCGGTAGCATTATCTC_LUNG_N34/vectors,vectors,normal,1,normal,1,0.27784788608551025,0.7221521139144897
./out_ep/train/normal/nlung__TTGGAACGTCACCTAA_LUNG_N09/vectors,vectors,normal,1,normal,1,0.28666043281555176,0.7133395671844482
./out_ep/train/normal/nlung__TCGTACCAGGGAACGG_LUNG_N20/vectors,vectors,normal,1,normal,1,0.301681786775589,0.6983181238174438
./out_ep/train/normal/nlung__CTCGGAGAGTTATCGC_LUNG_N30/vectors,vectors,normal,1,normal,1,0.295052170753479,0.7049478888511658
./out_ep/train/normal/nlung__GTCACGGAGGAGTACC_LUNG_N06/vectors,vectors,normal,1,normal,1,0.2764737904071808,0.7235262393951416
./out_ep/train/normal/nlung__TTAGGACGTACCGCTG_LUNG_N30/vectors,vectors,normal,1,normal,1,0.29351046681404114,0.7064895629882812
./out_ep/train/normal/nlung__CAACCAAAGTGCCAGA_LUNG_N30/vectors,vectors,normal,1,normal,1,0.2885267734527588,0.7114731669425964
./out_ep/train/normal/nlung__CACCACTTCGTGACAT_LUNG_N30/vectors,vectors,normal,1,normal,1,0.28329163789749146,0.7167083621025085
./out_ep/train/normal/nlung__ACTATCTGTTCAGGCC_LUNG_N19/vectors,vectors,normal,1,normal,1,0.2788792848587036,0.7211206555366516
./out_ep/train/normal/nlung__CGTTCTGGTCATATGC_LUNG_N06/vectors,vectors,normal,1,normal,1,0.2753519117832184,0.7246480584144592
./out_ep/train/normal/nlung__GTCATTTTCGTGACAT_LUNG_N01/vectors,vectors,normal,1,normal,1,0.27313342690467834,0.7268666625022888
./out_ep/train/normal/nlung__TGGCCAGAGGCAGTCA_LUNG_N30/vectors,vectors,normal,1,normal,1,0.27401280403137207,0.7259871959686279
./out_ep/train/normal/nlung__GGAAAGCGTATCACCA_LUNG_N34/vectors,vectors,normal,1,normal,1,0.32295793294906616,0.6770421266555786
./out_ep/train/normal/nlung__ACGCCAGAGACAAAGG_LUNG_N34/vectors,vectors,normal,1,normal,1,0.2800237834453583,0.7199761867523193
./out_ep/train/normal/nlung__TGTGTTTCAATAGAGT_LUNG_N30/vectors,vectors,normal,1,normal,1,0.27735063433647156,0.7226493954658508
./out_ep/train/normal/nlung__ATCGAGTTCCCATTTA_LUNG_N08/vectors,vectors,normal,1,normal,1,0.280060738325119,0.7199392914772034
./out_ep/train/normal/nlung__GGATGTTAGAGTACCG_LUNG_N31/vectors,vectors,normal,1,normal,1,0.27291837334632874,0.7270815968513489
./out_ep/train/normal/nlung__AATCCAGGTCCTCCAT_LUNG_N20/vectors,vectors,normal,1,normal,1,0.2759780287742615,0.7240219712257385
./out_ep/train/normal/nlung__TGGGCGTCACCGTTGG_LUNG_N19/vectors,vectors,normal,1,normal,1,0.2904805541038513,0.7095194458961487
./out_ep/train/normal/nlung__CGCGGTACAGTCACTA_LUNG_N31/vectors,vectors,normal,1,normal,1,0.2896682918071747,0.7103316783905029
./out_ep/train/normal/nlung__TCCACACTCGTCACGG_LUNG_N09/vectors,vectors,normal,1,normal,1,0.30020517110824585,0.6997948884963989
./out_ep/train/normal/nlung__TTAGGCATCAAGGTAA_LUNG_N34/vectors,vectors,normal,1,normal,1,0.27354103326797485,0.7264589667320251
./out_ep/train/normal/nlung__CTCATTATCTCGTATT_LUNG_N30/vectors,vectors,normal,1,normal,1,0.2735197842121124,0.72648024559021
./out_ep/train/normal/nlung__CCGTGGAAGGCCCGTT_LUNG_N20/vectors,vectors,normal,1,normal,1,0.28060096502304077,0.7193990349769592
./out_ep/train/normal/nlung__CGCGGTAGTGTATGGG_LUNG_N28/vectors,vectors,normal,1,normal,1,0.31211933493614197,0.6878806948661804
./out_ep/train/normal/nlung__CATGACATCGATAGAA_LUNG_N08/vectors,vectors,normal,1,normal,1,0.2728109061717987,0.7271891236305237
./out_ep/train/normal/nlung__GCTTCCATCAGCGACC_LUNG_N01/vectors,vectors,normal,1,normal,1,0.2845899760723114,0.715410053730011
./out_ep/train/normal/nlung__TACCTTACAATCTGCA_LUNG_N09/vectors,vectors,normal,1,normal,1,0.28433841466903687,0.7156615853309631
./out_ep/train/normal/nlung__AACTGGTAGAGGTTAT_LUNG_N34/vectors,vectors,normal,1,normal,1,0.28419867157936096,0.7158012986183167
./out_ep/train/normal/nlung__GGGACCTAGCTGCGAA_LUNG_N34/vectors,vectors,normal,1,normal,1,0.3799228072166443,0.6200771927833557
./out_ep/train/normal/nlung__GCTGCAGTCAAGATCC_LUNG_N01/vectors,vectors,normal,1,normal,1,0.2741038501262665,0.7258961200714111
./out_ep/train/normal/nlung__GGACAAGTCCGGCACA_LUNG_N09/vectors,vectors,normal,1,normal,1,0.27569305896759033,0.7243069410324097
./out_ep/train/normal/nlung__AAGGTTCTCCTACAGA_LUNG_N28/vectors,vectors,normal,1,normal,1,0.2783701717853546,0.7216298580169678
./out_ep/train/normal/nlung__ACGCCAGGTTGAGTTC_LUNG_N34/vectors,vectors,normal,1,normal,1,0.2753762900829315,0.7246237397193909
./out_ep/train/normal/nlung__TATTACCCAATGTAAG_LUNG_N09/vectors,vectors,normal,1,normal,1,0.28346359729766846,0.7165363430976868
./out_ep/train/normal/nlung__GTGTGCGCAGTAACGG_LUNG_N28/vectors,vectors,normal,1,normal,1,0.2823353111743927,0.7176647186279297
./out_ep/train/normal/nlung__ACGCCAGTCACCACCT_LUNG_N09/vectors,vectors,normal,1,normal,1,0.30467328429222107,0.6953267455101013
./out_ep/train/normal/nlung__CAAGAAATCTTCAACT_LUNG_N09/vectors,vectors,normal,1,normal,1,0.279842346906662,0.7201576828956604
./out_ep/train/normal/nlung__TGCGCAGGTCACTTCC_LUNG_N09/vectors,vectors,normal,1,normal,1,0.2785709798336029,0.7214289903640747
./out_ep/train/normal/nlung__AGAGTGGCACGAAGCA_LUNG_N28/vectors,vectors,normal,1,normal,1,0.28125444054603577,0.7187455892562866
./out_ep/train/normal/nlung__TCAATCTGTTAAGGGC_LUNG_N20/vectors,vectors,normal,1,normal,1,0.3583478033542633,0.6416522264480591
./out_ep/train/normal/nlung__GGTGTTAAGTCCCACG_LUNG_N09/vectors,vectors,normal,1,normal,1,0.2751951515674591,0.7248048186302185
./out_ep/train/normal/nlung__TGACTTTGTTGGAGGT_LUNG_N01/vectors,vectors,normal,1,normal,1,0.2761259078979492,0.7238740921020508
./out_ep/train/normal/nlung__TCAGCTCAGAGCTTCT_LUNG_N08/vectors,vectors,normal,1,normal,1,0.27364110946655273,0.7263588309288025
./out_ep/train/normal/nlung__TGCGCAGTCATTATCC_LUNG_N19/vectors,vectors,normal,1,normal,1,0.27318641543388367,0.7268136143684387
./out_ep/train/normal/nlung__AGCTCTCTCTTGTACT_LUNG_N34/vectors,vectors,normal,1,normal,1,0.2755589783191681,0.7244409918785095
./out_ep/train/normal/nlung__TGATTTCTCCGTAGTA_LUNG_N09/vectors,vectors,normal,1,normal,1,0.2987310588359833,0.7012689709663391
./out_ep/train/normal/nlung__CATCAGAGTATATCCG_LUNG_N19/vectors,vectors,normal,1,normal,1,0.275137335062027,0.7248626947402954
./out_ep/train/normal/nlung__TCAGCTCGTCATGCAT_LUNG_N28/vectors,vectors,normal,1,normal,1,0.2916896939277649,0.7083103060722351
./out_ep/train/normal/nlung__GTCACGGTCGCAAGCC_LUNG_N20/vectors,vectors,normal,1,normal,1,0.2819289267063141,0.7180711030960083
./out_ep/train/normal/nlung__CCTACACAGTCCGTAT_LUNG_N31/vectors,vectors,normal,1,normal,1,0.27964094281196594,0.7203590869903564
./out_ep/train/normal/nlung__CAGCTAAGTGTTCTTT_LUNG_N18/vectors,vectors,normal,1,normal,1,0.28001609444618225,0.7199839353561401
./out_ep/train/normal/nlung__TACTTGTCACTAGTAC_LUNG_N34/vectors,vectors,normal,1,normal,1,0.2788762152194977,0.7211237549781799
./out_ep/train/normal/nlung__AGCCTAAAGAGGTTGC_LUNG_N18/vectors,vectors,normal,1,normal,1,0.2756367027759552,0.7243632674217224
./out_ep/train/normal/nlung__CTCGGGAGTGTTTGGT_LUNG_N34/vectors,vectors,normal,1,normal,1,0.2778019607067108,0.7221980094909668
./out_ep/train/normal/nlung__CGTGTCTAGACCTAGG_LUNG_N08/vectors,vectors,normal,1,normal,1,0.2729729115962982,0.727027177810669
./out_ep/train/normal/nlung__CAGAATCCAAGGTGTG_LUNG_N28/vectors,vectors,normal,1,normal,1,0.2799791693687439,0.7200208306312561
./out_ep/train/normal/nlung__GACGCGTGTTATTCTC_LUNG_N08/vectors,vectors,normal,1,normal,1,0.27554529905319214,0.7244547009468079
./out_ep/train/normal/nlung__AGCAGCCTCGCCGTGA_LUNG_N08/vectors,vectors,normal,1,normal,1,0.37521806359291077,0.6247819066047668
./out_ep/train/normal/nlung__CACCAGGCAGCTATTG_LUNG_N09/vectors,vectors,normal,1,normal,1,0.28616926074028015,0.713830828666687
./out_ep/train/normal/nlung__GAACATCTCCCTAACC_LUNG_N19/vectors,vectors,normal,1,normal,1,0.294891893863678,0.7051080465316772
./out_ep/train/normal/nlung__TGAAAGAAGGTAAACT_LUNG_N34/vectors,vectors,normal,1,normal,1,0.2735365033149719,0.7264635562896729
./out_ep/train/normal/nlung__CGTCTACTCAACACCA_LUNG_N09/vectors,vectors,normal,1,normal,1,0.2971113622188568,0.7028886675834656
./out_ep/train/normal/nlung__ACGGGTCTCTATCGCC_LUNG_N34/vectors,vectors,normal,1,normal,1,0.2772756814956665,0.7227243185043335
./out_ep/train/normal/nlung__TGCCAAAGTGGGTCAA_LUNG_N06/vectors,vectors,normal,1,normal,1,0.27286842465400696,0.7271316051483154
./out_ep/train/normal/nlung__GTGAAGGGTGGCTCCA_LUNG_N30/vectors,vectors,normal,1,normal,1,0.2824821472167969,0.7175177931785583
./out_ep/train/normal/nlung__GCGCCAAAGCTGATAA_LUNG_N09/vectors,vectors,normal,1,normal,1,0.2735607326030731,0.7264392375946045
./out_ep/train/normal/nlung__ACGCAGCAGATGTCGG_LUNG_N01/vectors,vectors,normal,1,normal,1,0.4059711992740631,0.5940288305282593
./out_ep/train/normal/nlung__CTACACCTCAGGATCT_LUNG_N34/vectors,vectors,normal,1,normal,1,0.28422197699546814,0.7157780528068542
./out_ep/train/normal/nlung__TTGCCGTCACATCTTT_LUNG_N31/vectors,vectors,normal,1,normal,1,0.2760222554206848,0.72397780418396
./out_ep/train/normal/nlung__GGGATGACATTAGCCA_LUNG_N20/vectors,vectors,normal,1,normal,1,0.33392226696014404,0.6660777926445007
./out_ep/train/normal/nlung__ATCGAGTCAGGTCGTC_LUNG_N09/vectors,vectors,normal,1,normal,1,0.297725111246109,0.7022748589515686
./out_ep/train/normal/nlung__TCGCGTTGTGCCTTGG_LUNG_N18/vectors,vectors,normal,1,normal,1,0.3011741638183594,0.6988258957862854
./out_ep/train/normal/nlung__GGATGTTCACCAGTTA_LUNG_N20/vectors,vectors,normal,1,cancer,0,0.52938312292099,0.4706168472766876
./out_ep/train/normal/nlung__GGCTGGTCACAGCCCA_LUNG_N30/vectors,vectors,normal,1,normal,1,0.2748817801475525,0.7251182198524475
./out_ep/train/normal/nlung__AACGTTGTCTCAACTT_LUNG_N18/vectors,vectors,normal,1,normal,1,0.28063178062438965,0.7193682789802551
./out_ep/train/normal/nlung__GCGGGTTCAGATGGCA_LUNG_N19/vectors,vectors,normal,1,normal,1,0.3689171373844147,0.6310829520225525
./out_ep/train/normal/nlung__ACACTGAAGTTGTCGT_LUNG_N34/vectors,vectors,normal,1,normal,1,0.3309727609157562,0.6690272688865662
./out_ep/train/normal/nlung__CATCGAAAGATACACA_LUNG_N31/vectors,vectors,normal,1,normal,1,0.27613505721092224,0.7238648533821106
./out_ep/train/normal/nlung__TTGGAACCAATGGAGC_LUNG_N34/vectors,vectors,normal,1,normal,1,0.2776733934879303,0.7223265767097473
./out_ep/train/normal/nlung__ATTACTCGTTACCGAT_LUNG_N08/vectors,vectors,normal,1,normal,1,0.275752454996109,0.7242474555969238
./out_ep/train/normal/nlung__GACCTGGAGCTAGGCA_LUNG_N34/vectors,vectors,normal,1,normal,1,0.2797178030014038,0.7202821969985962
./out_ep/train/normal/nlung__AACGTTGAGCGTGAAC_LUNG_N20/vectors,vectors,normal,1,normal,1,0.3073856234550476,0.6926143765449524
./out_ep/train/normal/nlung__TAGTTGGGTGATGTCT_LUNG_N08/vectors,vectors,normal,1,normal,1,0.2968596816062927,0.703140377998352
./out_ep/train/normal/nlung__TTAGTTCTCTTGTCAT_LUNG_N31/vectors,vectors,normal,1,normal,1,0.31176233291625977,0.6882376670837402
./out_ep/train/normal/nlung__CATCGAAAGACGCTTT_LUNG_N09/vectors,vectors,normal,1,normal,1,0.2781970500946045,0.7218030095100403
./out_ep/train/normal/nlung__TCTATTGCAAACGTGG_LUNG_N30/vectors,vectors,normal,1,normal,1,0.2786492109298706,0.7213507890701294
./out_ep/train/normal/nlung__GACTAACAGATCACGG_LUNG_N18/vectors,vectors,normal,1,normal,1,0.2865091562271118,0.713490903377533
./out_ep/train/normal/nlung__ACTTACTCAGGACCCT_LUNG_N09/vectors,vectors,normal,1,normal,1,0.2734318673610687,0.7265681028366089
./out_ep/train/normal/nlung__GTAGGCCCATACCATG_LUNG_N31/vectors,vectors,normal,1,normal,1,0.27418285608291626,0.7258172631263733
./out_ep/train/normal/nlung__TTTGGTTTCTGCGACG_LUNG_N01/vectors,vectors,normal,1,normal,1,0.27551940083503723,0.7244806289672852
./out_ep/train/normal/nlung__TTGACTTCAATCGGTT_LUNG_N01/vectors,vectors,normal,1,normal,1,0.2852816879749298,0.7147182822227478
./out_ep/train/normal/nlung__TCCACACTCTCCCTGA_LUNG_N01/vectors,vectors,normal,1,normal,1,0.31197842955589294,0.6880214810371399
./out_ep/train/normal/nlung__GGACAAGTCCGGGTGT_LUNG_N20/vectors,vectors,normal,1,normal,1,0.2751130163669586,0.7248870134353638
./out_ep/train/normal/nlung__CAGAGAGCATGTAGTC_LUNG_N18/vectors,vectors,normal,1,normal,1,0.2795042097568512,0.720495879650116
./out_ep/train/normal/nlung__GTAGGCCTCGGAATCT_LUNG_N09/vectors,vectors,normal,1,normal,1,0.27980852127075195,0.7201915383338928
./out_ep/train/normal/nlung__TGAAAGACAGGTCTCG_LUNG_N20/vectors,vectors,normal,1,normal,1,0.2753717005252838,0.7246283292770386
./out_ep/train/normal/nlung__CTACATTAGGCCATAG_LUNG_N28/vectors,vectors,normal,1,normal,1,0.28727397322654724,0.7127261161804199
./out_ep/train/normal/nlung__GGGCACTCATCTACGA_LUNG_N01/vectors,vectors,normal,1,normal,1,0.27923694252967834,0.720763087272644
./out_ep/train/normal/nlung__ATCCGAAGTGCGATAG_LUNG_N08/vectors,vectors,normal,1,normal,1,0.27348947525024414,0.7265104651451111
./out_ep/train/normal/nlung__AGTCTTTAGCCACTAT_LUNG_N01/vectors,vectors,normal,1,normal,1,0.2731257975101471,0.7268742322921753
./out_ep/train/normal/nlung__CTCATTACAGTCCTTC_LUNG_N19/vectors,vectors,normal,1,normal,1,0.3032592535018921,0.6967407464981079
./out_ep/train/normal/nlung__AAATGCCTCAGCACAT_LUNG_N09/vectors,vectors,normal,1,normal,1,0.2756214737892151,0.7243785858154297
./out_ep/train/normal/nlung__ACATCAGGTACCGCTG_LUNG_N18/vectors,vectors,normal,1,normal,1,0.27721452713012695,0.722785472869873
./out_ep/train/normal/nlung__CCGGTAGCAGGGAGAG_LUNG_N20/vectors,vectors,normal,1,normal,1,0.30633407831192017,0.6936658620834351
./out_ep/train/normal/nlung__CCGTTCAAGATCGATA_LUNG_N06/vectors,vectors,normal,1,normal,1,0.276412695646286,0.7235872745513916
./out_ep/train/normal/nlung__CCTTTCTTCTTGTCAT_LUNG_N09/vectors,vectors,normal,1,normal,1,0.2751631736755371,0.7248368263244629
./out_ep/train/normal/nlung__GGTATTGGTCGGGTCT_LUNG_N34/vectors,vectors,normal,1,normal,1,0.27424657344818115,0.7257534265518188
./out_ep/train/normal/nlung__CAGTAACGTCGGCATC_LUNG_N19/vectors,vectors,normal,1,normal,1,0.31782808899879456,0.6821719408035278
./out_ep/train/normal/nlung__CAACCTCCATCGACGC_LUNG_N28/vectors,vectors,normal,1,normal,1,0.281635582447052,0.7183645367622375
./out_ep/train/normal/nlung__GACGTGCGTGGCCCTA_LUNG_N30/vectors,vectors,normal,1,normal,1,0.32536813616752625,0.6746318936347961
./out_ep/train/normal/nlung__GTAGTCATCCTGTAGA_LUNG_N30/vectors,vectors,normal,1,normal,1,0.27657753229141235,0.7234224677085876
./out_ep/train/normal/nlung__CGACCTTAGATCTGCT_LUNG_N31/vectors,vectors,normal,1,normal,1,0.30567467212677,0.6943252682685852
./out_ep/train/normal/nlung__CGAGAAGCATTCTCAT_LUNG_N34/vectors,vectors,normal,1,normal,1,0.27895599603652954,0.7210439443588257
./out_ep/train/normal/nlung__TTCTTAGGTCTCCACT_LUNG_N18/vectors,vectors,normal,1,normal,1,0.27812349796295166,0.7218764424324036
./out_ep/train/normal/nlung__AGGGATGAGTAAGTAC_LUNG_N18/vectors,vectors,normal,1,normal,1,0.2839395999908447,0.7160605192184448
./out_ep/train/normal/nlung__GTTCATTAGGCCCGTT_LUNG_N31/vectors,vectors,normal,1,normal,1,0.3117656111717224,0.6882343888282776
./out_ep/train/normal/nlung__AGCGGTCGTAAGTTCC_LUNG_N31/vectors,vectors,normal,1,normal,1,0.2787918448448181,0.7212080955505371
./out_ep/train/normal/nlung__CGGAGCTAGACCGGAT_LUNG_N31/vectors,vectors,normal,1,normal,1,0.29023849964141846,0.7097615599632263
./out_ep/train/normal/nlung__ACTATCTTCTGGCGTG_LUNG_N28/vectors,vectors,normal,1,normal,1,0.28232136368751526,0.7176786065101624
./out_ep/train/normal/nlung__CTGCCTAGTCCGTTAA_LUNG_N18/vectors,vectors,normal,1,normal,1,0.2738034129142761,0.7261966466903687
./out_ep/train/normal/nlung__TACCTATCAACGCACC_LUNG_N08/vectors,vectors,normal,1,normal,1,0.2764996886253357,0.7235003113746643
./out_ep/train/normal/nlung__GACCTGGGTCTGGTCG_LUNG_N08/vectors,vectors,normal,1,normal,1,0.2735971510410309,0.7264029383659363
./out_ep/train/normal/nlung__ATGCGATAGCGATTCT_LUNG_N09/vectors,vectors,normal,1,normal,1,0.29237109422683716,0.7076289057731628
./out_ep/train/normal/nlung__ACTTTCAGTGGCAAAC_LUNG_N18/vectors,vectors,normal,1,normal,1,0.2753991186618805,0.7246008515357971
./out_ep/train/normal/nlung__TCAGGTACATTTGCTT_LUNG_N20/vectors,vectors,normal,1,normal,1,0.27379730343818665,0.7262027263641357
./out_ep/train/normal/nlung__GAAACTCCATACTACG_LUNG_N31/vectors,vectors,normal,1,normal,1,0.27969780564308167,0.7203022241592407
./out_ep/train/normal/nlung__GCGAGAACAGCCTATA_LUNG_N34/vectors,vectors,normal,1,normal,1,0.2744956612586975,0.7255043387413025
./out_ep/train/normal/nlung__ATTCTACCATCGACGC_LUNG_N08/vectors,vectors,normal,1,normal,1,0.276786744594574,0.723213255405426
./out_ep/train/normal/nlung__ATTTCTGGTTCTCATT_LUNG_N18/vectors,vectors,normal,1,normal,1,0.27544936537742615,0.7245506644248962
./out_ep/train/normal/nlung__GTATCTTAGACGACGT_LUNG_N08/vectors,vectors,normal,1,normal,1,0.31822851300239563,0.681771457195282
./out_ep/train/normal/nlung__GCATACAGTCACCTAA_LUNG_N06/vectors,vectors,normal,1,normal,1,0.27609696984291077,0.7239030599594116
./out_ep/train/normal/nlung__CTCGTCAAGCGATAGC_LUNG_N28/vectors,vectors,normal,1,normal,1,0.2920381724834442,0.7079617977142334
./out_ep/train/normal/nlung__TGGCTGGAGCGCTTAT_LUNG_N31/vectors,vectors,normal,1,normal,1,0.3027630150318146,0.6972370147705078
./out_ep/train/normal/nlung__TACAGTGTCATGTGGT_LUNG_N18/vectors,vectors,normal,1,normal,1,0.2741888463497162,0.7258110642433167
./out_ep/train/normal/nlung__ACGAGGAGTAATCACC_LUNG_N19/vectors,vectors,normal,1,normal,1,0.2851075232028961,0.7148924469947815
./out_ep/train/normal/nlung__CTGTTTATCGCGTAGC_LUNG_N34/vectors,vectors,normal,1,normal,1,0.43606290221214294,0.5639371871948242
./out_ep/train/normal/nlung__TGATTTCCATAAAGGT_LUNG_N31/vectors,vectors,normal,1,normal,1,0.28516820073127747,0.7148318886756897
./out_ep/train/normal/nlung__CAGGTGCCAGGAACGT_LUNG_N31/vectors,vectors,normal,1,normal,1,0.2790895402431488,0.7209104895591736
./out_ep/train/normal/nlung__CTAGAGTAGCGTAATA_LUNG_N18/vectors,vectors,normal,1,normal,1,0.3342481255531311,0.6657518744468689
./out_ep/train/normal/nlung__GTCGTAAAGCCACGCT_LUNG_N34/vectors,vectors,normal,1,normal,1,0.27494868636131287,0.7250513434410095
./out_ep/train/normal/nlung__CCTTTCTTCAACACAC_LUNG_N34/vectors,vectors,normal,1,normal,1,0.2850531041622162,0.7149469256401062
./out_ep/train/normal/nlung__CCTTCCCCACATGTGT_LUNG_N31/vectors,vectors,normal,1,normal,1,0.28113725781440735,0.718862771987915
./out_ep/train/normal/nlung__TTTGCGCTCGTATCAG_LUNG_N19/vectors,vectors,normal,1,normal,1,0.2757204473018646,0.7242794632911682
./out_ep/train/normal/nlung__ACGGAGATCTTCTGGC_LUNG_N08/vectors,vectors,normal,1,normal,1,0.28223326802253723,0.7177667021751404
./out_ep/train/normal/nlung__CCCAGTTGTGCAGTAG_LUNG_N09/vectors,vectors,normal,1,normal,1,0.27927836775779724,0.7207216024398804
./out_ep/train/normal/nlung__TAGCCGGCAAGAAAGG_LUNG_N01/vectors,vectors,normal,1,normal,1,0.28009453415870667,0.719905436038971
./out_ep/train/normal/nlung__TTGACTTAGTGGCACA_LUNG_N01/vectors,vectors,normal,1,normal,1,0.3151906430721283,0.6848093867301941
./out_ep/train/normal/nlung__CATCAAGTCACCATAG_LUNG_N09/vectors,vectors,normal,1,normal,1,0.2810647487640381,0.7189352512359619
./out_ep/train/normal/nlung__CCGGGATGTACTTCTT_LUNG_N18/vectors,vectors,normal,1,normal,1,0.27586981654167175,0.7241302132606506
./out_ep/train/normal/nlung__TGATTTCTCAGGTAAA_LUNG_N31/vectors,vectors,normal,1,normal,1,0.282412588596344,0.717587411403656
./out_ep/train/normal/nlung__TTTCCTCTCTGCAGTA_LUNG_N30/vectors,vectors,normal,1,normal,1,0.30251821875572205,0.6974817514419556
./out_ep/train/normal/nlung__CGACCTTAGCGATATA_LUNG_N06/vectors,vectors,normal,1,normal,1,0.2741600275039673,0.7258399724960327
./out_ep/train/normal/nlung__AAGCCGCTCTGTGCAA_LUNG_N06/vectors,vectors,normal,1,normal,1,0.273274302482605,0.726725697517395
./out_ep/train/normal/nlung__CTGATCCCATGCCACG_LUNG_N09/vectors,vectors,normal,1,normal,1,0.294503390789032,0.705496609210968
./out_ep/train/normal/nlung__GCATGTAGTGTCTGAT_LUNG_N18/vectors,vectors,normal,1,normal,1,0.2735197842121124,0.72648024559021
./out_ep/train/normal/nlung__CAGCTGGAGTGGAGAA_LUNG_N06/vectors,vectors,normal,1,normal,1,0.27563366293907166,0.7243663668632507
./out_ep/train/normal/nlung__TCAGATGCACGGACAA_LUNG_N31/vectors,vectors,normal,1,normal,1,0.2738064229488373,0.7261935472488403
./out_ep/train/normal/nlung__CTACCCACAGGTCGTC_LUNG_N20/vectors,vectors,normal,1,normal,1,0.40361642837524414,0.5963835120201111
./out_ep/train/normal/nlung__ACGCCGATCATCATTC_LUNG_N09/vectors,vectors,normal,1,normal,1,0.33462342619895935,0.665376603603363
./out_ep/train/normal/nlung__CGAGCCACAGATTGCT_LUNG_N19/vectors,vectors,normal,1,normal,1,0.3041643798351288,0.6958355903625488
./out_ep/train/normal/nlung__AAGGCAGTCTATGTGG_LUNG_N18/vectors,vectors,normal,1,normal,1,0.27535954117774963,0.724640429019928
./out_ep/train/normal/nlung__CAGCTGGGTAAAGGAG_LUNG_N18/vectors,vectors,normal,1,normal,1,0.27305009961128235,0.72694993019104
./out_ep/train/normal/nlung__TGGCGCAGTTGCGCAC_LUNG_N09/vectors,vectors,normal,1,normal,1,0.28226882219314575,0.717731237411499
./out_ep/train/normal/nlung__TTTGTCATCAGCTCTC_LUNG_N28/vectors,vectors,normal,1,normal,1,0.27560776472091675,0.7243922352790833
./out_ep/train/normal/nlung__TGCGGGTTCAGTTAGC_LUNG_N20/vectors,vectors,normal,1,normal,1,0.2741751968860626,0.725824773311615
./out_ep/train/normal/nlung__GTGCGGTAGTGGACGT_LUNG_N09/vectors,vectors,normal,1,normal,1,0.27685391902923584,0.7231460213661194
./out_ep/train/normal/nlung__AGCTTGAAGTCAATAG_LUNG_N20/vectors,vectors,normal,1,normal,1,0.27589571475982666,0.7241042852401733
./out_ep/train/normal/nlung__GAACATCTCCGATATG_LUNG_N19/vectors,vectors,normal,1,normal,1,0.2768264710903168,0.7231736183166504
./out_ep/train/normal/nlung__CAACCAAAGCTCTCGG_LUNG_N30/vectors,vectors,normal,1,normal,1,0.2739050090312958,0.7260949611663818
./out_ep/train/normal/nlung__TGGCCAGTCTGAAAGA_LUNG_N34/vectors,vectors,normal,1,normal,1,0.2779137194156647,0.7220863103866577
./out_ep/train/normal/nlung__GCACTCTTCTGTCAAG_LUNG_N09/vectors,vectors,normal,1,normal,1,0.2791586220264435,0.7208413481712341
./out_ep/train/normal/nlung__CGTCCATTCGTTTGCC_LUNG_N19/vectors,vectors,normal,1,normal,1,0.29018503427505493,0.7098149657249451
./out_ep/train/normal/nlung__GATGCTACAACGATCT_LUNG_N08/vectors,vectors,normal,1,normal,1,0.283088743686676,0.7169113159179688
./out_ep/train/normal/nlung__CACCACTCAAACGCGA_LUNG_N31/vectors,vectors,normal,1,normal,1,0.2732636630535126,0.726736307144165
./out_ep/train/normal/nlung__AGTGAGGTCTATCGCC_LUNG_N18/vectors,vectors,normal,1,normal,1,0.27465373277664185,0.7253462672233582
./out_ep/train/normal/nlung__CCACCTATCCATGAGT_LUNG_N28/vectors,vectors,normal,1,normal,1,0.2767546772956848,0.72324538230896
./out_ep/train/normal/nlung__ACTTTCACAGACGTAG_LUNG_N18/vectors,vectors,normal,1,normal,1,0.28852835297584534,0.711471676826477
./out_ep/train/normal/nlung__GTACTCCGTTACGACT_LUNG_N31/vectors,vectors,normal,1,normal,1,0.2774714529514313,0.7225285172462463
./out_ep/train/normal/nlung__GTGCTTCCACGCTTTC_LUNG_N01/vectors,vectors,normal,1,normal,1,0.27837327122688293,0.7216268181800842
./out_ep/train/normal/nlung__AACTCAGTCTTCATGT_LUNG_N31/vectors,vectors,normal,1,normal,1,0.2803438603878021,0.7196561694145203
./out_ep/train/normal/nlung__AACTCTTTCCTAAGTG_LUNG_N34/vectors,vectors,normal,1,normal,1,0.2973487973213196,0.7026512026786804
./out_ep/train/normal/nlung__GTGCGGTCACAAGACG_LUNG_N31/vectors,vectors,normal,1,normal,1,0.30047932267189026,0.6995206475257874
./out_ep/train/normal/nlung__CAACCAAAGAGCAATT_LUNG_N09/vectors,vectors,normal,1,normal,1,0.286124050617218,0.7138760089874268
./out_ep/train/normal/nlung__GATCGTAAGAAGAAGC_LUNG_N18/vectors,vectors,normal,1,normal,1,0.34640657901763916,0.6535934805870056
./out_ep/train/normal/nlung__TCTTTCCAGACTAGAT_LUNG_N19/vectors,vectors,normal,1,normal,1,0.28053784370422363,0.7194622159004211
./out_ep/train/normal/nlung__CTCACACCATAACCTG_LUNG_N19/vectors,vectors,normal,1,normal,1,0.2786492109298706,0.7213507890701294
./out_ep/train/normal/nlung__CGGAGCTGTCTAGTGT_LUNG_N31/vectors,vectors,normal,1,normal,1,0.2735379934310913,0.7264620065689087
./out_ep/train/normal/nlung__CCTCTGAGTTAGAACA_LUNG_N09/vectors,vectors,normal,1,normal,1,0.28083664178848267,0.7191633582115173
./out_ep/train/normal/nlung__TCTTCGGGTACAAGTA_LUNG_N09/vectors,vectors,normal,1,normal,1,0.288967102766037,0.7110328674316406
./out_ep/train/normal/nlung__CGTTGGGTCCGAACGC_LUNG_N20/vectors,vectors,normal,1,normal,1,0.2817220091819763,0.7182780504226685
./out_ep/train/normal/nlung__CATATTCAGCACCGCT_LUNG_N20/vectors,vectors,normal,1,normal,1,0.2868351936340332,0.7131648659706116
./out_ep/train/normal/nlung__GAACATCTCCTCGCAT_LUNG_N09/vectors,vectors,normal,1,normal,1,0.27827364206314087,0.7217263579368591
./out_ep/train/normal/nlung__TTTGGTTTCAGTACGT_LUNG_N09/vectors,vectors,normal,1,normal,1,0.2983683943748474,0.7016316056251526
./out_ep/train/normal/nlung__ATTCTACCAGTATCTG_LUNG_N08/vectors,vectors,normal,1,normal,1,0.2733227610588074,0.7266772389411926
./out_ep/train/normal/nlung__TTTACTGGTCACCCAG_LUNG_N08/vectors,vectors,normal,1,normal,1,0.2738443613052368,0.7261556386947632
./out_ep/train/normal/nlung__AAAGATGAGAGCCCAA_LUNG_N31/vectors,vectors,normal,1,normal,1,0.2784253656864166,0.721574604511261
./out_ep/train/normal/nlung__CCAATCCGTAACGACG_LUNG_N30/vectors,vectors,normal,1,normal,1,0.29410091042518616,0.7058990597724915
./out_ep/train/normal/nlung__CATCAAGAGAGACGAA_LUNG_N08/vectors,vectors,normal,1,normal,1,0.2732985317707062,0.7267014980316162
./out_ep/train/normal/nlung__CTCATTACATCGTCGG_LUNG_N09/vectors,vectors,normal,1,normal,1,0.32550549507141113,0.6744945645332336
./out_ep/train/normal/nlung__CAGCTAACATTGAGCT_LUNG_N30/vectors,vectors,normal,1,normal,1,0.2758576273918152,0.7241423726081848
./out_ep/train/normal/nlung__AGCATACCATCACAAC_LUNG_N20/vectors,vectors,normal,1,normal,1,0.27374422550201416,0.7262558341026306
./out_ep/train/normal/nlung__GTCATTTGTTGCGTTA_LUNG_N34/vectors,vectors,normal,1,normal,1,0.2738094627857208,0.7261905074119568
./out_ep/train/normal/nlung__ATCGAGTAGACCTAGG_LUNG_N09/vectors,vectors,normal,1,normal,1,0.27804386615753174,0.721956193447113
./out_ep/train/normal/nlung__TCCACACTCAGATAAG_LUNG_N20/vectors,vectors,normal,1,normal,1,0.2827342748641968,0.7172657251358032
./out_ep/train/normal/nlung__GTGGGTCGTCGGCATC_LUNG_N20/vectors,vectors,normal,1,normal,1,0.30273720622062683,0.6972627639770508
./out_ep/train/normal/nlung__GCAATCAAGAACTGTA_LUNG_N31/vectors,vectors,normal,1,normal,1,0.27487874031066895,0.725121259689331
./out_ep/train/normal/nlung__CTGAAGTAGTCGCCGT_LUNG_N30/vectors,vectors,normal,1,normal,1,0.3382051885128021,0.6617948412895203
./out_ep/train/normal/nlung__AAGGAGCCACTTCGAA_LUNG_N34/vectors,vectors,normal,1,normal,1,0.3484199047088623,0.6515800952911377
./out_ep/train/normal/nlung__ATTGGTGGTTCGTGAT_LUNG_N18/vectors,vectors,normal,1,normal,1,0.2966829240322113,0.7033171057701111
./out_ep/train/normal/nlung__ATCCACCAGAAACGAG_LUNG_N09/vectors,vectors,normal,1,normal,1,0.3126961886882782,0.6873037815093994
./out_ep/train/normal/nlung__CCCATACTCGTGACAT_LUNG_N09/vectors,vectors,normal,1,normal,1,0.28600096702575684,0.7139990925788879
./out_ep/train/normal/nlung__CGAATGTGTGTCCTCT_LUNG_N34/vectors,vectors,normal,1,normal,1,0.2899274230003357,0.7100726366043091
./out_ep/train/normal/nlung__AGGGATGCAGCTGCTG_LUNG_N34/vectors,vectors,normal,1,cancer,0,0.5738071799278259,0.42619287967681885
./out_ep/train/normal/nlung__ACCGTAATCCTTGGTC_LUNG_N09/vectors,vectors,normal,1,normal,1,0.27538082003593445,0.7246191501617432
./out_ep/train/normal/nlung__AGTGTCATCGGTTCGG_LUNG_N09/vectors,vectors,normal,1,normal,1,0.32816600799560547,0.6718339920043945
./out_ep/train/normal/nlung__TCGAGGCTCCTTTCTC_LUNG_N08/vectors,vectors,normal,1,normal,1,0.27429670095443726,0.7257032990455627
./out_ep/train/normal/nlung__CAAGATCCATGTCGAT_LUNG_N08/vectors,vectors,normal,1,normal,1,0.2730410099029541,0.7269589900970459
./out_ep/train/normal/nlung__CCTTTCTCAGGCTCAC_LUNG_N09/vectors,vectors,normal,1,normal,1,0.27537932991981506,0.7246206998825073
./out_ep/train/normal/nlung__TGGGAAGGTTGAGTTC_LUNG_N09/vectors,vectors,normal,1,normal,1,0.2775188684463501,0.7224810719490051
./out_ep/train/normal/nlung__ACTGAGTAGTGCGTGA_LUNG_N34/vectors,vectors,normal,1,normal,1,0.30232349038124084,0.6976764798164368
./out_ep/train/normal/nlung__GGGAGATTCTTGCCGT_LUNG_N30/vectors,vectors,normal,1,normal,1,0.28081047534942627,0.7191895246505737
./out_ep/train/normal/nlung__TTGACTTTCTGTCTCG_LUNG_N09/vectors,vectors,normal,1,normal,1,0.352243572473526,0.6477564573287964
./out_ep/train/normal/nlung__CCTCTGACATACTCTT_LUNG_N09/vectors,vectors,normal,1,normal,1,0.30690181255340576,0.693098247051239
./out_ep/train/normal/nlung__AGTTGGTGTTATCACG_LUNG_N18/vectors,vectors,normal,1,normal,1,0.2781081795692444,0.7218918204307556
./out_ep/train/normal/nlung__CTTGGCTTCCTTGCCA_LUNG_N09/vectors,vectors,normal,1,normal,1,0.2822796404361725,0.7177203893661499
./out_ep/train/normal/nlung__GTAGGCCTCATGGTCA_LUNG_N31/vectors,vectors,normal,1,normal,1,0.281354695558548,0.7186453342437744
./out_ep/train/normal/nlung__CGGAGTCAGAAGCCCA_LUNG_N01/vectors,vectors,normal,1,normal,1,0.28047317266464233,0.7195268869400024
./out_ep/train/normal/nlung__ATGGGAGGTAAGGATT_LUNG_N19/vectors,vectors,normal,1,normal,1,0.28857535123825073,0.7114245891571045
./out_ep/train/normal/nlung__GACCAATCACTGTCGG_LUNG_N09/vectors,vectors,normal,1,normal,1,0.2909320890903473,0.7090678811073303
./out_ep/train/normal/nlung__GGGCATCTCTTGCATT_LUNG_N18/vectors,vectors,normal,1,normal,1,0.27883633971214294,0.7211636304855347
./out_ep/train/normal/nlung__TTCGGTCCATAAGACA_LUNG_N20/vectors,vectors,normal,1,normal,1,0.2735910713672638,0.7264088988304138
./out_ep/train/normal/nlung__TGCTACCCACGAAATA_LUNG_N20/vectors,vectors,normal,1,normal,1,0.28743019700050354,0.7125698328018188
./out_ep/train/normal/nlung__AGCCTAAGTCGTGGCT_LUNG_N01/vectors,vectors,normal,1,normal,1,0.31359219551086426,0.6864078640937805
./out_ep/train/normal/nlung__CCGGTAGAGACTACAA_LUNG_N30/vectors,vectors,normal,1,normal,1,0.2776336073875427,0.7223663926124573
./out_ep/train/normal/nlung__CACAGTAAGTTCCACA_LUNG_N31/vectors,vectors,normal,1,normal,1,0.2836945354938507,0.7163054347038269
./out_ep/train/normal/nlung__TAGTTGGAGAGGTAGA_LUNG_N31/vectors,vectors,normal,1,normal,1,0.2754584848880768,0.7245414853096008
./out_ep/train/normal/nlung__GCTCTGTTCACATACG_LUNG_N28/vectors,vectors,normal,1,normal,1,0.2838605046272278,0.716139554977417
./out_ep/train/normal/nlung__CCTTCGATCTAGAGTC_LUNG_N20/vectors,vectors,normal,1,normal,1,0.28384652733802795,0.7161535024642944
./out_ep/train/normal/nlung__CAGCTGGCAAGAAGAG_LUNG_N08/vectors,vectors,normal,1,normal,1,0.27668747305870056,0.7233125567436218
./out_ep/train/normal/nlung__TTGCGTCAGTCGATAA_LUNG_N06/vectors,vectors,normal,1,normal,1,0.2744850516319275,0.7255149483680725
./out_ep/train/normal/nlung__CCTATTAAGCCCGAAA_LUNG_N19/vectors,vectors,normal,1,normal,1,0.29470789432525635,0.7052921056747437
./out_ep/train/normal/nlung__GTGCGGTGTGTAAGTA_LUNG_N30/vectors,vectors,normal,1,normal,1,0.2741767168045044,0.7258232831954956
./out_ep/train/normal/nlung__GACGTGCGTTAAGATG_LUNG_N34/vectors,vectors,normal,1,normal,1,0.27469173073768616,0.7253082394599915
./out_ep/train/normal/nlung__ATTATCCCACTGTTAG_LUNG_N19/vectors,vectors,normal,1,normal,1,0.28637346625328064,0.7136265635490417
./out_ep/train/normal/nlung__TGCGGGTCACATTTCT_LUNG_N20/vectors,vectors,normal,1,normal,1,0.2749806344509125,0.7250193953514099
./out_ep/train/normal/nlung__GTACTCCAGGTGCTAG_LUNG_N20/vectors,vectors,normal,1,normal,1,0.29277852177619934,0.707221508026123
./out_ep/train/normal/nlung__TCATTTGCATATGCTG_LUNG_N31/vectors,vectors,normal,1,normal,1,0.29787829518318176,0.7021217346191406
./out_ep/train/normal/nlung__CGATGGCAGTAGTGCG_LUNG_N09/vectors,vectors,normal,1,normal,1,0.30814793705940247,0.6918520331382751
./out_ep/train/normal/nlung__CCCAGTTGTAGCGTCC_LUNG_N30/vectors,vectors,normal,1,normal,1,0.44105225801467896,0.558947741985321
./out_ep/train/normal/nlung__TGACAACCAGACAGGT_LUNG_N20/vectors,vectors,normal,1,normal,1,0.2730652689933777,0.7269347906112671
./out_ep/train/normal/nlung__GAGCAGAAGGATTCGG_LUNG_N06/vectors,vectors,normal,1,normal,1,0.2763318717479706,0.7236681580543518
./out_ep/train/normal/nlung__GAAGCAGGTTCCGTCT_LUNG_N18/vectors,vectors,normal,1,normal,1,0.2769791781902313,0.7230207920074463
./out_ep/train/normal/nlung__ACGAGCCTCCACTCCA_LUNG_N34/vectors,vectors,normal,1,normal,1,0.276795893907547,0.7232041358947754
./out_ep/train/normal/nlung__GTGCTTCAGCACCGTC_LUNG_N34/vectors,vectors,normal,1,normal,1,0.2766706645488739,0.7233293056488037
./out_ep/train/normal/nlung__CCTAGCTTCAGCAACT_LUNG_N20/vectors,vectors,normal,1,normal,1,0.28526771068573,0.71473228931427
./out_ep/train/normal/nlung__ACTGAACAGGCGACAT_LUNG_N08/vectors,vectors,normal,1,normal,1,0.2830082178115845,0.7169918417930603
./out_ep/train/normal/nlung__GCGCGATTCGCAAGCC_LUNG_N09/vectors,vectors,normal,1,normal,1,0.2775968611240387,0.7224030494689941
./out_ep/train/normal/nlung__AAACCTGTCCGTAGGC_LUNG_N08/vectors,vectors,normal,1,normal,1,0.2743574380874634,0.7256425619125366
./out_ep/train/normal/nlung__TCAGCAATCAGTCCCT_LUNG_N20/vectors,vectors,normal,1,normal,1,0.2808983325958252,0.7191017270088196
./out_ep/train/normal/nlung__TCATTTGAGATTACCC_LUNG_N30/vectors,vectors,normal,1,normal,1,0.2729729115962982,0.727027177810669
./out_ep/train/normal/nlung__GTGCGGTAGTCTTGCA_LUNG_N09/vectors,vectors,normal,1,normal,1,0.274950236082077,0.7250498533248901
./out_ep/train/normal/nlung__AGACGTTCAACTGCTA_LUNG_N20/vectors,vectors,normal,1,normal,1,0.2747327387332916,0.725267231464386
./out_ep/train/normal/nlung__TGAGCATTCTGTTGAG_LUNG_N08/vectors,vectors,normal,1,normal,1,0.28012993931770325,0.7198700904846191
./out_ep/train/normal/nlung__ACGGGTCGTGCTAGCC_LUNG_N09/vectors,vectors,normal,1,normal,1,0.29396945238113403,0.7060304880142212
./out_ep/train/normal/nlung__GGTATTGTCGATGAGG_LUNG_N19/vectors,vectors,normal,1,normal,1,0.28065332770347595,0.7193467020988464
./out_ep/train/normal/nlung__GGGTCTGAGGTAGCCA_LUNG_N20/vectors,vectors,normal,1,normal,1,0.2836976647377014,0.7163023352622986
./out_ep/train/normal/nlung__CGCGTTTAGATGCCAG_LUNG_N09/vectors,vectors,normal,1,normal,1,0.2816200852394104,0.7183799147605896
./out_ep/train/normal/nlung__GACGTGCCATGATCCA_LUNG_N09/vectors,vectors,normal,1,normal,1,0.29441145062446594,0.7055885791778564
./out_ep/train/normal/nlung__CTGATCCAGCGCCTCA_LUNG_N20/vectors,vectors,normal,1,normal,1,0.28502821922302246,0.7149717807769775
./out_ep/train/normal/nlung__ACGGAGATCCTCAACC_LUNG_N30/vectors,vectors,normal,1,normal,1,0.39201855659484863,0.6079814434051514
./out_ep/train/normal/nlung__ACGAGCCGTAAACGCG_LUNG_N09/vectors,vectors,normal,1,normal,1,0.38186588883399963,0.6181341409683228
./out_ep/train/normal/nlung__AACTCAGCAGTTAACC_LUNG_N18/vectors,vectors,normal,1,normal,1,0.2788670063018799,0.7211329936981201
./out_ep/train/normal/nlung__GGACAGACACGGCGTT_LUNG_N09/vectors,vectors,normal,1,normal,1,0.31396839022636414,0.6860316395759583
./out_ep/train/normal/nlung__TACTTACTCAACGGCC_LUNG_N31/vectors,vectors,normal,1,normal,1,0.28900471329689026,0.7109952569007874
./out_ep/train/normal/nlung__CAAGATCGTTCAACCA_LUNG_N31/vectors,vectors,normal,1,normal,1,0.2925431728363037,0.7074568271636963
./out_ep/train/normal/nlung__TGTGGTACAGATGGCA_LUNG_N09/vectors,vectors,normal,1,normal,1,0.3552016019821167,0.6447985172271729
./out_ep/train/normal/nlung__TCATTTGAGTGAAGAG_LUNG_N34/vectors,vectors,normal,1,normal,1,0.2771090865135193,0.7228909134864807
./out_ep/train/normal/nlung__CGGAGTCCATCGGAAG_LUNG_N28/vectors,vectors,normal,1,normal,1,0.27627384662628174,0.7237260937690735
./out_ep/train/normal/nlung__ACACCGGCACGGTTTA_LUNG_N09/vectors,vectors,normal,1,normal,1,0.3147478401660919,0.6852521896362305
./out_ep/train/normal/nlung__CTGAAGTCAAGTTAAG_LUNG_N28/vectors,vectors,normal,1,normal,1,0.2758408486843109,0.7241591215133667
./out_ep/train/normal/nlung__TAGGCATTCGGCGCAT_LUNG_N06/vectors,vectors,normal,1,normal,1,0.274579256772995,0.7254207730293274
./out_ep/train/normal/nlung__GCGCAACTCCCTGACT_LUNG_N19/vectors,vectors,normal,1,normal,1,0.283176988363266,0.7168229818344116
./out_ep/train/normal/nlung__TAGTTGGGTGCATCTA_LUNG_N31/vectors,vectors,normal,1,normal,1,0.2737472653388977,0.7262527346611023
./out_ep/train/normal/nlung__GCGACCAAGCACCGTC_LUNG_N34/vectors,vectors,normal,1,normal,1,0.2735501229763031,0.7264499068260193
./out_ep/train/normal/nlung__GCGACCAAGCTAACTC_LUNG_N34/vectors,vectors,normal,1,normal,1,0.27369415760040283,0.7263057827949524
./out_ep/train/normal/nlung__GCTCCTACATATACCG_LUNG_N30/vectors,vectors,normal,1,normal,1,0.27516472339630127,0.7248353362083435
./out_ep/train/normal/nlung__GATGAGGGTTTGCATG_LUNG_N30/vectors,vectors,normal,1,normal,1,0.2729744017124176,0.7270256876945496
./out_ep/train/normal/nlung__ATAAGAGGTAGCGCTC_LUNG_N31/vectors,vectors,normal,1,normal,1,0.27586981654167175,0.7241302132606506
./out_ep/train/normal/nlung__AGTGTCAAGATCACGG_LUNG_N09/vectors,vectors,normal,1,normal,1,0.28202468156814575,0.717975378036499
./out_ep/train/normal/nlung__GATCGATCAATTCCTT_LUNG_N08/vectors,vectors,normal,1,normal,1,0.28138092160224915,0.7186191082000732
./out_ep/train/normal/nlung__GATGCTAGTCCTCTTG_LUNG_N20/vectors,vectors,normal,1,normal,1,0.28730830550193787,0.7126917243003845
./out_ep/train/normal/nlung__CGTAGCGAGTGCAAGC_LUNG_N01/vectors,vectors,normal,1,normal,1,0.2742435336112976,0.7257564663887024
./out_ep/train/normal/nlung__GAATGAACACTGAAGG_LUNG_N19/vectors,vectors,normal,1,normal,1,0.32634860277175903,0.6736514568328857
./out_ep/train/normal/nlung__TCACGAAGTTAGGGTG_LUNG_N30/vectors,vectors,normal,1,normal,1,0.2772221863269806,0.722777783870697
./out_ep/train/normal/nlung__TTCTACATCCGTTGTC_LUNG_N31/vectors,vectors,normal,1,normal,1,0.276786744594574,0.723213255405426
./out_ep/train/normal/nlung__ACGCCGAGTGCACCAC_LUNG_N08/vectors,vectors,normal,1,normal,1,0.2881370186805725,0.7118630409240723
./out_ep/train/normal/nlung__AAAGATGCAGATAATG_LUNG_N09/vectors,vectors,normal,1,normal,1,0.30776745080947876,0.6922324895858765
./out_ep/train/normal/nlung__CCTAGCTAGACCACGA_LUNG_N18/vectors,vectors,normal,1,normal,1,0.3169718384742737,0.6830281615257263
./out_ep/train/normal/nlung__CACACCTAGGCCCTTG_LUNG_N09/vectors,vectors,normal,1,normal,1,0.28070417046546936,0.719295859336853
./out_ep/train/normal/nlung__ACGGAGAAGAGACTAT_LUNG_N28/vectors,vectors,normal,1,normal,1,0.27407652139663696,0.7259234189987183
./out_ep/train/normal/nlung__CAGAATCCATGACATC_LUNG_N09/vectors,vectors,normal,1,normal,1,0.2752484083175659,0.7247515916824341
./out_ep/train/normal/nlung__CATTATCTCGTTTGCC_LUNG_N31/vectors,vectors,normal,1,normal,1,0.27530020475387573,0.724699854850769
./out_ep/train/normal/nlung__CAGTAACAGTTGTCGT_LUNG_N30/vectors,vectors,normal,1,normal,1,0.2730652689933777,0.7269347906112671
./out_ep/train/normal/nlung__AGAATAGCAAGTCTGT_LUNG_N09/vectors,vectors,normal,1,normal,1,0.2880963087081909,0.7119036912918091
./out_ep/train/normal/nlung__AACTTTCAGTGTTTGC_LUNG_N19/vectors,vectors,normal,1,normal,1,0.2762891352176666,0.7237108945846558
./out_ep/train/normal/nlung__TTTATGCAGGAATGGA_LUNG_N34/vectors,vectors,normal,1,normal,1,0.27324092388153076,0.7267590761184692
./out_ep/train/normal/nlung__CATATGGTCGACGGAA_LUNG_N34/vectors,vectors,normal,1,normal,1,0.27581343054771423,0.7241865992546082
./out_ep/train/normal/nlung__GAATAAGAGAGCAATT_LUNG_N09/vectors,vectors,normal,1,normal,1,0.3168182671070099,0.6831817030906677
./out_ep/train/normal/nlung__GCTGCTTCACACCGCA_LUNG_N31/vectors,vectors,normal,1,normal,1,0.27415695786476135,0.7258430123329163
./out_ep/train/normal/nlung__CGGAGCTAGGTGACCA_LUNG_N09/vectors,vectors,normal,1,normal,1,0.27815571427345276,0.7218443751335144
./out_ep/train/normal/nlung__GAATAAGGTCAGAATA_LUNG_N18/vectors,vectors,normal,1,normal,1,0.273568332195282,0.7264317274093628
./out_ep/train/normal/nlung__TTATGCTTCCTTTCGG_LUNG_N34/vectors,vectors,normal,1,normal,1,0.2821127474308014,0.717887282371521
./out_ep/train/normal/nlung__CATATGGAGAGCTATA_LUNG_N30/vectors,vectors,normal,1,normal,1,0.28778818249702454,0.7122119069099426
./out_ep/train/normal/nlung__ATTATCCCACAGTCGC_LUNG_N34/vectors,vectors,normal,1,normal,1,0.284355491399765,0.7156445384025574
./out_ep/train/normal/nlung__TGGACGCAGACACTAA_LUNG_N08/vectors,vectors,normal,1,normal,1,0.3061720132827759,0.6938279867172241
./out_ep/train/normal/nlung__CTTACCGAGAAACGAG_LUNG_N01/vectors,vectors,normal,1,normal,1,0.2750445306301117,0.7249555587768555
./out_ep/train/normal/nlung__TAGTGGTGTTGGTTTG_LUNG_N01/vectors,vectors,normal,1,normal,1,0.2875974178314209,0.7124025821685791
./out_ep/train/normal/nlung__TACTTACCATTCTCAT_LUNG_N31/vectors,vectors,normal,1,normal,1,0.2780269980430603,0.7219729423522949
./out_ep/train/normal/nlung__AAGTCTGAGCTAGTGG_LUNG_N08/vectors,vectors,normal,1,normal,1,0.2751159965991974,0.7248839735984802
./out_ep/train/normal/nlung__ACGCCAGAGTACGTAA_LUNG_N01/vectors,vectors,normal,1,normal,1,0.2729107737541199,0.7270891666412354
./out_ep/train/normal/nlung__CGAATGTAGTTGCAGG_LUNG_N09/vectors,vectors,normal,1,normal,1,0.2802361249923706,0.7197639346122742
./out_ep/train/normal/nlung__GGGACCTTCGTCGTTC_LUNG_N09/vectors,vectors,normal,1,normal,1,0.29292070865631104,0.7070793509483337
./out_ep/train/normal/nlung__TGCGGGTTCAACACCA_LUNG_N31/vectors,vectors,normal,1,normal,1,0.2731228172779083,0.7268772125244141
./out_ep/train/normal/nlung__CAGCTAATCCTCGCAT_LUNG_N30/vectors,vectors,normal,1,normal,1,0.27319854497909546,0.7268014550209045
./out_ep/train/normal/nlung__TGATTTCGTGCTAGCC_LUNG_N34/vectors,vectors,normal,1,normal,1,0.2732606530189514,0.7267393469810486
./out_ep/train/normal/nlung__AACTTTCAGGCGTACA_LUNG_N20/vectors,vectors,normal,1,normal,1,0.28152748942375183,0.7184725403785706
./out_ep/train/normal/nlung__ACGAGGATCGAACGGA_LUNG_N19/vectors,vectors,normal,1,normal,1,0.28373172879219055,0.7162681818008423
./out_ep/train/normal/nlung__ACTGTCCGTTTACTCT_LUNG_N06/vectors,vectors,normal,1,normal,1,0.2865091562271118,0.713490903377533
./out_ep/train/normal/nlung__ATTTCTGAGCGTTTAC_LUNG_N06/vectors,vectors,normal,1,normal,1,0.2734167277812958,0.7265833020210266
./out_ep/train/normal/nlung__TGACAACGTAACGTTC_LUNG_N28/vectors,vectors,normal,1,normal,1,0.2807627022266388,0.7192373275756836
./out_ep/train/normal/nlung__CGGACTGCACCAGCAC_LUNG_N06/vectors,vectors,normal,1,normal,1,0.28024226427078247,0.7197577953338623
./out_ep/train/normal/nlung__GCGCAGTCAGGTGGAT_LUNG_N28/vectors,vectors,normal,1,normal,1,0.32852602005004883,0.6714739203453064
./out_ep/train/normal/nlung__TGACTAGTCTGGCGTG_LUNG_N19/vectors,vectors,normal,1,normal,1,0.29557135701179504,0.7044287323951721
./out_ep/train/normal/nlung__TCTATTGTCCAGTAGT_LUNG_N31/vectors,vectors,normal,1,normal,1,0.2775723934173584,0.7224276065826416
./out_ep/train/normal/nlung__TGTGGTAGTCATATCG_LUNG_N09/vectors,vectors,normal,1,normal,1,0.2793966233730316,0.720603346824646
./out_ep/train/normal/nlung__GGCGACTAGTACGTAA_LUNG_N31/vectors,vectors,normal,1,normal,1,0.2761792838573456,0.723820686340332
./out_ep/train/normal/nlung__AACGTTGAGCTGCCCA_LUNG_N18/vectors,vectors,normal,1,normal,1,0.2732985317707062,0.7267014980316162
./out_ep/train/normal/nlung__CATTATCGTTCGTTGA_LUNG_N08/vectors,vectors,normal,1,normal,1,0.27341368794441223,0.7265862822532654
./out_ep/train/normal/nlung__CCTATTACAGTCACTA_LUNG_N08/vectors,vectors,normal,1,normal,1,0.2948110103607178,0.7051889896392822
./out_ep/train/normal/nlung__CCTCTGAAGTTACGGG_LUNG_N06/vectors,vectors,normal,1,normal,1,0.2734439969062805,0.7265560030937195
./out_ep/train/normal/nlung__TCGTACCGTCGCCATG_LUNG_N09/vectors,vectors,normal,1,normal,1,0.2793244421482086,0.720675528049469
./out_ep/train/normal/nlung__AAGGAGCTCTCTTATG_LUNG_N28/vectors,vectors,normal,1,normal,1,0.27961480617523193,0.7203851938247681
./out_ep/train/normal/nlung__TAAACCGCATTTGCCC_LUNG_N18/vectors,vectors,normal,1,normal,1,0.2740902304649353,0.7259098291397095
./out_ep/train/normal/nlung__GGAATAAGTTCGGCAC_LUNG_N08/vectors,vectors,normal,1,normal,1,0.2729516923427582,0.7270483374595642
./out_ep/train/normal/nlung__TGACTTTCACGGTAGA_LUNG_N19/vectors,vectors,normal,1,normal,1,0.27481332421302795,0.7251866459846497
./out_ep/train/normal/nlung__TTCTCAATCCCTCAGT_LUNG_N08/vectors,vectors,normal,1,normal,1,0.27478599548339844,0.7252140641212463
./out_ep/train/normal/nlung__CCTCAGTGTGACGGTA_LUNG_N06/vectors,vectors,normal,1,normal,1,0.3096056282520294,0.690394401550293
./out_ep/train/normal/nlung__CCTACCAAGTGACATA_LUNG_N19/vectors,vectors,normal,1,normal,1,0.4382667541503906,0.5617333054542542
./out_ep/train/normal/nlung__AGCTCCTGTCTGCGGT_LUNG_N09/vectors,vectors,normal,1,normal,1,0.2926916182041168,0.7073084115982056
./out_ep/train/normal/nlung__CTCTGGTCATCCGCGA_LUNG_N09/vectors,vectors,normal,1,normal,1,0.27627694606781006,0.7237230539321899
./out_ep/train/normal/nlung__GGCTGGTTCCTTAATC_LUNG_N34/vectors,vectors,normal,1,normal,1,0.29493632912635803,0.7050637006759644
./out_ep/train/normal/nlung__GGGTCTGGTGGCGAAT_LUNG_N18/vectors,vectors,normal,1,normal,1,0.2831104099750519,0.7168896198272705
./out_ep/train/normal/nlung__CATGACATCTTAACCT_LUNG_N34/vectors,vectors,normal,1,normal,1,0.2777116596698761,0.7222883701324463
./out_ep/train/normal/nlung__GACGGCTAGCGGATCA_LUNG_N28/vectors,vectors,normal,1,normal,1,0.2766951024532318,0.7233048677444458
./out_ep/train/normal/nlung__CAGTAACGTCTTTCAT_LUNG_N08/vectors,vectors,normal,1,normal,1,0.27321067452430725,0.7267893552780151
./out_ep/train/normal/nlung__CACATAGAGCTGAAAT_LUNG_N34/vectors,vectors,normal,1,normal,1,0.27703115344047546,0.7229688167572021
./out_ep/train/normal/nlung__TGCCCTAGTCTTCAAG_LUNG_N09/vectors,vectors,normal,1,normal,1,0.3503762185573578,0.6496238112449646
./out_ep/train/normal/nlung__GACAGAGCAAGTCTAC_LUNG_N34/vectors,vectors,normal,1,normal,1,0.27563825249671936,0.724361777305603
./out_ep/train/normal/nlung__TGCTGCTCAGTCAGAG_LUNG_N01/vectors,vectors,normal,1,normal,1,0.2738382816314697,0.7261617183685303
./out_ep/train/normal/nlung__GCGACCATCTCACATT_LUNG_N34/vectors,vectors,normal,1,normal,1,0.2797639071941376,0.7202361226081848
./out_ep/train/normal/nlung__CTGTTTAAGTCATGCT_LUNG_N09/vectors,vectors,normal,1,normal,1,0.27537932991981506,0.7246206998825073
./out_ep/train/normal/nlung__GCGCCAAGTCATGCAT_LUNG_N18/vectors,vectors,normal,1,normal,1,0.2924800217151642,0.7075200080871582
./out_ep/train/normal/nlung__AGCTTGAGTAGTGAAT_LUNG_N30/vectors,vectors,normal,1,normal,1,0.30252790451049805,0.6974720358848572
./out_ep/train/normal/nlung__CGATGGCAGGGTCTCC_LUNG_N28/vectors,vectors,normal,1,normal,1,0.27383676171302795,0.7261631488800049
./out_ep/train/normal/nlung__ATCATCTGTACCGTTA_LUNG_N34/vectors,vectors,normal,1,normal,1,0.45442867279052734,0.5455713272094727
./out_ep/train/normal/nlung__TCAGCTCTCGAATGGG_LUNG_N09/vectors,vectors,normal,1,normal,1,0.28330865502357483,0.7166913151741028
./out_ep/train/normal/nlung__TGCTGCTTCAGAAATG_LUNG_N28/vectors,vectors,normal,1,normal,1,0.2851153016090393,0.7148847579956055
./out_ep/train/normal/nlung__ACCCACTCATTATCTC_LUNG_N34/vectors,vectors,normal,1,normal,1,0.2978527247905731,0.7021472454071045
./out_ep/train/normal/nlung__CATTATCGTCAGAGGT_LUNG_N01/vectors,vectors,normal,1,normal,1,0.2745063602924347,0.7254937291145325
./out_ep/train/normal/nlung__GATGCTAAGTGTACTC_LUNG_N06/vectors,vectors,normal,1,normal,1,0.28375038504600525,0.7162496447563171
./out_ep/train/normal/nlung__TCAGATGCAGCTCCGA_LUNG_N09/vectors,vectors,normal,1,normal,1,0.27455949783325195,0.725440502166748
./out_ep/train/normal/nlung__CACAGGCAGGCAATTA_LUNG_N09/vectors,vectors,normal,1,normal,1,0.27693796157836914,0.7230620980262756
./out_ep/train/normal/nlung__CCTTCCCGTTAAAGAC_LUNG_N18/vectors,vectors,normal,1,normal,1,0.2736971974372864,0.7263027429580688
./out_ep/train/normal/nlung__GTGTGCGCACAACTGT_LUNG_N09/vectors,vectors,normal,1,normal,1,0.3120325207710266,0.6879674792289734
./out_ep/train/normal/nlung__GATCGCGAGCCAGAAC_LUNG_N19/vectors,vectors,normal,1,normal,1,0.29419124126434326,0.7058088183403015
./out_ep/train/normal/nlung__CATTCGCGTTGTACAC_LUNG_N18/vectors,vectors,normal,1,normal,1,0.3362288475036621,0.6637711524963379
./out_ep/train/normal/nlung__AAGCCGCGTTGTTTGG_LUNG_N31/vectors,vectors,normal,1,normal,1,0.28899845480918884,0.7110015749931335
./out_ep/train/normal/nlung__CGGGTCACATATACGC_LUNG_N28/vectors,vectors,normal,1,normal,1,0.2784407138824463,0.7215592861175537
./out_ep/train/normal/nlung__GTTAAGCGTAAGGGAA_LUNG_N09/vectors,vectors,normal,1,normal,1,0.2757463753223419,0.7242536544799805
./out_ep/train/normal/nlung__GAAGCAGGTCTTCAAG_LUNG_N19/vectors,vectors,normal,1,cancer,0,0.605075478553772,0.394924521446228
./out_ep/train/normal/nlung__GACAGAGGTGTGCCTG_LUNG_N18/vectors,vectors,normal,1,normal,1,0.27983155846595764,0.72016841173172
./out_ep/train/normal/nlung__CGGACACCAATCCAAC_LUNG_N08/vectors,vectors,normal,1,normal,1,0.2734500765800476,0.7265499234199524
./out_ep/train/normal/nlung__AACTCTTAGACCTTTG_LUNG_N08/vectors,vectors,normal,1,normal,1,0.27395814657211304,0.726041853427887
./out_ep/train/normal/nlung__CCCATACGTCTCACCT_LUNG_N31/vectors,vectors,normal,1,normal,1,0.2756047248840332,0.7243953347206116
./out_ep/train/normal/nlung__TCAATCTAGCAACGGT_LUNG_N28/vectors,vectors,normal,1,normal,1,0.2778417468070984,0.7221581935882568
./out_ep/train/normal/nlung__TGTGTTTTCGGTGTCG_LUNG_N34/vectors,vectors,normal,1,normal,1,0.3310149908065796,0.6689850091934204
./out_ep/train/normal/nlung__TCTCATAAGACGACGT_LUNG_N09/vectors,vectors,normal,1,normal,1,0.2906944751739502,0.7093055248260498
./out_ep/train/normal/nlung__CAAGAAACAGTCCTTC_LUNG_N18/vectors,vectors,normal,1,normal,1,0.27410537004470825,0.7258946299552917
./out_ep/train/normal/nlung__TTATGCTCAATGTAAG_LUNG_N34/vectors,vectors,normal,1,normal,1,0.2849706709384918,0.7150293588638306
./out_ep/train/normal/nlung__TTGGCAATCTTTCCTC_LUNG_N31/vectors,vectors,normal,1,normal,1,0.28447195887565613,0.715528130531311
./out_ep/train/normal/nlung__ATAGACCGTTACAGAA_LUNG_N01/vectors,vectors,normal,1,normal,1,0.29071491956710815,0.7092850804328918
./out_ep/train/normal/nlung__GGCGACTAGCACCGCT_LUNG_N08/vectors,vectors,normal,1,normal,1,0.2741129696369171,0.7258870005607605
./out_ep/train/normal/nlung__CGTCAGGAGAATAGGG_LUNG_N09/vectors,vectors,normal,1,normal,1,0.2796470820903778,0.7203529477119446
./out_ep/train/normal/nlung__TTAGGCAGTTGACGTT_LUNG_N06/vectors,vectors,normal,1,normal,1,0.2867119014263153,0.7132880687713623
./out_ep/train/normal/nlung__CAAGAAATCCAAGTAC_LUNG_N31/vectors,vectors,normal,1,normal,1,0.2763654291629791,0.7236346006393433
./out_ep/train/normal/nlung__CTGTGCTTCGGAGCAA_LUNG_N09/vectors,vectors,normal,1,normal,1,0.3061103820800781,0.6938895583152771
./out_ep/train/normal/nlung__CTAATGGCATGACATC_LUNG_N18/vectors,vectors,normal,1,normal,1,0.28110021352767944,0.7188997864723206
./out_ep/train/normal/nlung__TTTGTCAAGCGATATA_LUNG_N31/vectors,vectors,normal,1,normal,1,0.27346521615982056,0.7265347242355347
./out_ep/train/normal/nlung__CGTTGGGAGTCCCACG_LUNG_N28/vectors,vectors,normal,1,normal,1,0.2761945426464081,0.7238054275512695
./out_ep/train/normal/nlung__CGCTTCATCAGGCCCA_LUNG_N31/vectors,vectors,normal,1,normal,1,0.321864515542984,0.6781354546546936
./out_ep/train/normal/nlung__GGTGCGTAGTGTTTGC_LUNG_N19/vectors,vectors,normal,1,normal,1,0.28759270906448364,0.7124072909355164
./out_ep/train/normal/nlung__CATCGGGTCCCTCTTT_LUNG_N34/vectors,vectors,normal,1,normal,1,0.338733047246933,0.6612669825553894
./out_ep/train/normal/nlung__TACTCGCTCCAGTATG_LUNG_N18/vectors,vectors,normal,1,normal,1,0.28351473808288574,0.7164852619171143
./out_ep/train/normal/nlung__CGTCAGGTCGCCCTTA_LUNG_N18/vectors,vectors,normal,1,normal,1,0.3332878649234772,0.6667121648788452
./out_ep/train/normal/nlung__CGCCAAGGTCGGGTCT_LUNG_N09/vectors,vectors,normal,1,normal,1,0.27540063858032227,0.724599301815033
./out_ep/train/normal/nlung__GGATGTTGTACAGACG_LUNG_N20/vectors,vectors,normal,1,normal,1,0.2743179500102997,0.7256820201873779
./out_ep/train/normal/nlung__GGAACTTAGGAATCGC_LUNG_N31/vectors,vectors,normal,1,normal,1,0.27974697947502136,0.720253050327301
./out_ep/train/normal/nlung__GTGGGTCAGTTGAGTA_LUNG_N19/vectors,vectors,normal,1,normal,1,0.356241911649704,0.6437581181526184
./out_ep/train/normal/nlung__GACGTGCCAAGCCCAC_LUNG_N09/vectors,vectors,normal,1,normal,1,0.33772552013397217,0.6622745394706726
./out_ep/train/normal/nlung__CATCGAAGTAAAGGAG_LUNG_N01/vectors,vectors,normal,1,normal,1,0.2741524279117584,0.7258475422859192
./out_ep/train/normal/nlung__CCCAGTTTCCGCGTTT_LUNG_N20/vectors,vectors,normal,1,normal,1,0.29083606600761414,0.7091639637947083
./out_ep/train/normal/nlung__GGATTACGTTCTGAAC_LUNG_N20/vectors,vectors,normal,1,normal,1,0.27638527750968933,0.7236147522926331
./out_ep/train/normal/nlung__AAATGCCAGGCATGGT_LUNG_N19/vectors,vectors,normal,1,normal,1,0.2738534212112427,0.7261465191841125
./out_ep/train/normal/nlung__TCTCTAACATTTGCTT_LUNG_N31/vectors,vectors,normal,1,normal,1,0.3101162314414978,0.6898837089538574
./out_ep/train/normal/nlung__CTCGGGATCTTCTGGC_LUNG_N06/vectors,vectors,normal,1,normal,1,0.28876960277557373,0.7112303376197815
./out_ep/train/normal/nlung__TACCTATAGCTGATAA_LUNG_N09/vectors,vectors,normal,1,normal,1,0.29281169176101685,0.7071883082389832
./out_ep/train/normal/nlung__AGGTCCGAGTTAACGA_LUNG_N34/vectors,vectors,normal,1,normal,1,0.27719923853874207,0.7228006720542908
./out_ep/train/normal/nlung__ACACCGGCATGTAGTC_LUNG_N30/vectors,vectors,normal,1,normal,1,0.43056443333625793,0.5694355368614197
./out_ep/train/normal/nlung__CGCGGTACATCTATGG_LUNG_N30/vectors,vectors,normal,1,normal,1,0.2826244533061981,0.7173755764961243
./out_ep/train/normal/nlung__GTCGTAATCAGGCAAG_LUNG_N19/vectors,vectors,normal,1,normal,1,0.302791953086853,0.6972079873085022
./out_ep/train/normal/nlung__GCCAAATTCCTTGGTC_LUNG_N30/vectors,vectors,normal,1,normal,1,0.2741296589374542,0.7258703112602234
./out_ep/train/normal/nlung__GGTGCGTCACGGTAAG_LUNG_N28/vectors,vectors,normal,1,normal,1,0.3018184304237366,0.6981815099716187
./out_ep/train/normal/nlung__GTCATTTGTGACGCCT_LUNG_N28/vectors,vectors,normal,1,normal,1,0.2766416668891907,0.7233583927154541
./out_ep/train/normal/nlung__GGACATTCAATCTGCA_LUNG_N08/vectors,vectors,normal,1,normal,1,0.2838744521141052,0.7161256074905396
./out_ep/train/normal/nlung__GTCATTTCAGATGGCA_LUNG_N31/vectors,vectors,normal,1,normal,1,0.2766035199165344,0.7233964800834656
./out_ep/train/normal/nlung__TGCCAAACAATTCCTT_LUNG_N34/vectors,vectors,normal,1,normal,1,0.2756260335445404,0.7243739366531372
./out_ep/train/normal/nlung__GTGCTTCCAAGCGCTC_LUNG_N09/vectors,vectors,normal,1,normal,1,0.28503134846687317,0.7149686813354492
./out_ep/train/normal/nlung__AGATTGCTCGTACGGC_LUNG_N06/vectors,vectors,normal,1,normal,1,0.27372753620147705,0.7262724041938782
./out_ep/train/normal/nlung__GTGTTAGCATGGATGG_LUNG_N09/vectors,vectors,normal,1,normal,1,0.2873411178588867,0.7126589417457581
./out_ep/train/normal/nlung__CATATTCTCCAAGTAC_LUNG_N08/vectors,vectors,normal,1,normal,1,0.27399611473083496,0.7260039448738098
./out_ep/train/normal/nlung__CGAGCCAAGCTGCAAG_LUNG_N28/vectors,vectors,normal,1,normal,1,0.28892165422439575,0.711078405380249
./out_ep/train/normal/nlung__TCGGGACGTCCAGTTA_LUNG_N34/vectors,vectors,normal,1,normal,1,0.27733075618743896,0.722669243812561
./out_ep/train/normal/nlung__CAAGAAATCCTTTCGG_LUNG_N09/vectors,vectors,normal,1,normal,1,0.2847965955734253,0.7152033448219299
./out_ep/train/normal/nlung__TACCTATCACGAAAGC_LUNG_N01/vectors,vectors,normal,1,normal,1,0.2740507125854492,0.7259492874145508
./out_ep/train/normal/nlung__CGGTTAAAGACTTGAA_LUNG_N20/vectors,vectors,normal,1,normal,1,0.3058544397354126,0.6941456198692322
./out_ep/train/normal/nlung__ACTTTCAAGCTTTGGT_LUNG_N18/vectors,vectors,normal,1,normal,1,0.2744835317134857,0.7255164980888367
./out_ep/train/normal/nlung__GCACATAGTTGGGACA_LUNG_N08/vectors,vectors,normal,1,normal,1,0.27535346150398254,0.7246465682983398
./out_ep/train/normal/nlung__TCCCGATGTTGCCTCT_LUNG_N01/vectors,vectors,normal,1,normal,1,0.3364417850971222,0.6635582447052002
./out_ep/train/normal/nlung__TGAGAGGGTGCTGTAT_LUNG_N01/vectors,vectors,normal,1,normal,1,0.27429214119911194,0.7257078886032104
./out_ep/train/normal/nlung__CAGCGACGTCGCGTGT_LUNG_N08/vectors,vectors,normal,1,normal,1,0.28769904375076294,0.7123010754585266
./out_ep/train/normal/nlung__GGCTCGAGTAGCGCAA_LUNG_N06/vectors,vectors,normal,1,normal,1,0.2759521007537842,0.724047839641571
./out_ep/train/normal/nlung__CAGCGACTCAAACCAC_LUNG_N01/vectors,vectors,normal,1,normal,1,0.2731379270553589,0.7268620729446411
./out_ep/train/normal/nlung__AACTCCCGTTATCACG_LUNG_N09/vectors,vectors,normal,1,normal,1,0.27363350987434387,0.7263664603233337
./out_ep/train/normal/nlung__TTAGGACAGGTGTGGT_LUNG_N06/vectors,vectors,normal,1,normal,1,0.27759385108947754,0.7224062085151672
./out_ep/train/normal/nlung__AGTGTCACATACGCCG_LUNG_N09/vectors,vectors,normal,1,normal,1,0.2882089614868164,0.7117910385131836
./out_ep/train/normal/nlung__GCATGATCAGTCCTTC_LUNG_N34/vectors,vectors,normal,1,normal,1,0.27456557750701904,0.725434422492981
./out_ep/train/normal/nlung__CAGATCACAGCCTTGG_LUNG_N34/vectors,vectors,normal,1,normal,1,0.27624183893203735,0.7237581610679626
./out_ep/train/normal/nlung__ATGGGAGAGGTGATAT_LUNG_N06/vectors,vectors,normal,1,normal,1,0.27808982133865356,0.7219101786613464
./out_ep/train/normal/nlung__TTTGCGCTCGGCTTGG_LUNG_N18/vectors,vectors,normal,1,normal,1,0.32760611176490784,0.6723939180374146
./out_ep/train/normal/nlung__TGAGGGATCCTTTCGG_LUNG_N30/vectors,vectors,normal,1,normal,1,0.27469930052757263,0.725300669670105
./out_ep/train/normal/nlung__GCCTCTATCCGTTGCT_LUNG_N08/vectors,vectors,normal,1,normal,1,0.2852490544319153,0.7147509455680847
./out_ep/train/normal/nlung__GATCGATTCTGATTCT_LUNG_N18/vectors,vectors,normal,1,normal,1,0.30691805481910706,0.6930819749832153
./out_ep/train/normal/nlung__TCCACACTCGCCTGAG_LUNG_N34/vectors,vectors,normal,1,normal,1,0.3501504957675934,0.6498494744300842
./out_ep/train/normal/nlung__CGTAGGCCAAACAACA_LUNG_N34/vectors,vectors,normal,1,normal,1,0.28362637758255005,0.7163736820220947
./out_ep/train/normal/nlung__CGACTTCAGTGTCCCG_LUNG_N30/vectors,vectors,normal,1,normal,1,0.2826879024505615,0.7173121571540833
./out_ep/train/normal/nlung__GCTGCTTAGAATGTGT_LUNG_N34/vectors,vectors,normal,1,normal,1,0.3255774974822998,0.674422562122345
./out_ep/train/normal/nlung__CGCGTTTTCCGAACGC_LUNG_N09/vectors,vectors,normal,1,normal,1,0.27674397826194763,0.72325599193573
./out_ep/train/normal/nlung__AGCGTCGTCACTTACT_LUNG_N31/vectors,vectors,normal,1,normal,1,0.273415207862854,0.726584792137146
./out_ep/train/normal/nlung__ACTGTCCTCTAACCGA_LUNG_N08/vectors,vectors,normal,1,normal,1,0.27404919266700745,0.7259507775306702
./out_ep/train/normal/nlung__ACGATGTCACGCATCG_LUNG_N18/vectors,vectors,normal,1,normal,1,0.28293702006340027,0.7170629501342773
./out_ep/train/normal/nlung__GTTACAGTCAACCAAC_LUNG_N06/vectors,vectors,normal,1,normal,1,0.28813230991363525,0.7118677496910095
./out_ep/train/normal/nlung__CTCTAATAGACAAGCC_LUNG_N19/vectors,vectors,normal,1,normal,1,0.2743300795555115,0.7256698608398438
./out_ep/train/normal/nlung__TCAGCTCGTTCGGCAC_LUNG_N01/vectors,vectors,normal,1,normal,1,0.2794550657272339,0.7205450534820557
./out_ep/train/normal/nlung__TGCGGGTGTGTCCTCT_LUNG_N19/vectors,vectors,normal,1,normal,1,0.274061381816864,0.7259386777877808
./out_ep/train/normal/nlung__GCACATAGTGCACTTA_LUNG_N20/vectors,vectors,normal,1,normal,1,0.2752058207988739,0.7247942090034485
./out_ep/train/normal/nlung__TTAACTCAGTCAAGGC_LUNG_N08/vectors,vectors,normal,1,normal,1,0.27381858229637146,0.7261813879013062
./out_ep/train/normal/nlung__AGGGAGTAGCGATTCT_LUNG_N09/vectors,vectors,normal,1,normal,1,0.2988637089729309,0.7011362910270691
./out_ep/train/normal/nlung__GATGCTAAGAAACCAT_LUNG_N09/vectors,vectors,normal,1,normal,1,0.2899540960788727,0.7100459337234497
./out_ep/train/normal/nlung__ACATACGAGCAAATCA_LUNG_N30/vectors,vectors,normal,1,normal,1,0.27387621998786926,0.7261238098144531
./out_ep/train/normal/nlung__GTCGTAAGTGTCGCTG_LUNG_N19/vectors,vectors,normal,1,normal,1,0.28078117966651917,0.7192187905311584
./out_ep/train/normal/nlung__TTGTAGGTCCCAAGAT_LUNG_N31/vectors,vectors,normal,1,normal,1,0.27293503284454346,0.7270649671554565
./out_ep/train/normal/nlung__TTATGCTGTGACTCAT_LUNG_N28/vectors,vectors,normal,1,normal,1,0.28427010774612427,0.7157299518585205
./out_ep/train/normal/nlung__CACACAACAGTGGAGT_LUNG_N18/vectors,vectors,normal,1,normal,1,0.27716413140296936,0.7228359580039978
./out_ep/train/normal/nlung__CGGACACGTCATATCG_LUNG_N01/vectors,vectors,normal,1,normal,1,0.27455344796180725,0.7254465818405151
./out_ep/train/normal/nlung__CGGCTAGCACACGCTG_LUNG_N06/vectors,vectors,normal,1,normal,1,0.2972882091999054,0.7027117609977722
./out_ep/train/normal/nlung__TCGGTAAGTACTCTCC_LUNG_N01/vectors,vectors,normal,1,normal,1,0.2753336727619171,0.7246663570404053
./out_ep/train/normal/nlung__CATTATCGTTAAGTAG_LUNG_N18/vectors,vectors,normal,1,normal,1,0.27505362033843994,0.7249463796615601
./out_ep/train/normal/nlung__TCAGGTACAGCATACT_LUNG_N19/vectors,vectors,normal,1,normal,1,0.2864280343055725,0.7135720252990723
./out_ep/train/normal/nlung__TCTGAGACAGTAGAGC_LUNG_N34/vectors,vectors,normal,1,normal,1,0.2743954360485077,0.7256045937538147
./out_ep/train/normal/nlung__GATCGTATCATCTGCC_LUNG_N18/vectors,vectors,normal,1,normal,1,0.2923726737499237,0.7076272964477539
./out_ep/train/normal/nlung__CCTACCAGTCGGCATC_LUNG_N18/vectors,vectors,normal,1,normal,1,0.2758256196975708,0.7241743803024292
./out_ep/train/normal/nlung__AGCCTAAAGTCGAGTG_LUNG_N30/vectors,vectors,normal,1,normal,1,0.2737078368663788,0.7262921929359436
./out_ep/train/normal/nlung__CTCTACGTCGCCATAA_LUNG_N09/vectors,vectors,normal,1,normal,1,0.27413421869277954,0.7258657813072205
./out_ep/train/normal/nlung__ACGCCGACAAGCTGAG_LUNG_N01/vectors,vectors,normal,1,normal,1,0.2891615331172943,0.7108385562896729
./out_ep/train/normal/nlung__AGCTCCTCATTAGCCA_LUNG_N01/vectors,vectors,normal,1,normal,1,0.2775326371192932,0.722467303276062
./out_ep/train/normal/nlung__TAGAGCTAGCTGATAA_LUNG_N18/vectors,vectors,normal,1,normal,1,0.30549657344818115,0.6945033669471741
./out_ep/train/normal/nlung__CTACCCATCGGCGGTT_LUNG_N28/vectors,vectors,normal,1,normal,1,0.44006502628326416,0.5599349141120911
./out_ep/train/normal/nlung__ATAGACCCACGGTAGA_LUNG_N20/vectors,vectors,normal,1,normal,1,0.28755834698677063,0.7124416828155518
./out_ep/train/normal/nlung__ACATACGGTACCGTTA_LUNG_N18/vectors,vectors,normal,1,normal,1,0.3220111131668091,0.6779888868331909
./out_ep/train/normal/nlung__CGTAGGCGTCCGTTAA_LUNG_N34/vectors,vectors,normal,1,normal,1,0.2865278422832489,0.7134722471237183
./out_ep/train/normal/nlung__GTCTTCGCAAGCCGTC_LUNG_N08/vectors,vectors,normal,1,normal,1,0.27346065640449524,0.7265393137931824
./out_ep/train/normal/nlung__CCCAATCAGAACAATC_LUNG_N34/vectors,vectors,normal,1,normal,1,0.2799084484577179,0.7200916409492493
./out_ep/train/normal/nlung__CCTTCGACATGCTGGC_LUNG_N31/vectors,vectors,normal,1,normal,1,0.27666303515434265,0.7233369946479797
./out_ep/train/normal/nlung__ATAGACCCACAGGTTT_LUNG_N31/vectors,vectors,normal,1,normal,1,0.27446380257606506,0.7255362868309021
./out_ep/train/normal/nlung__CAGATCACAGCTTCGG_LUNG_N19/vectors,vectors,normal,1,normal,1,0.2759719491004944,0.7240280508995056
./out_ep/train/normal/nlung__TCAGGTAGTAGCGCTC_LUNG_N28/vectors,vectors,normal,1,normal,1,0.27720844745635986,0.7227915525436401
./out_ep/train/normal/nlung__ATGCGATGTACCAGTT_LUNG_N20/vectors,vectors,normal,1,normal,1,0.2948554456233978,0.7051445841789246
./out_ep/train/normal/nlung__ACGGGTCCACGAAGCA_LUNG_N18/vectors,vectors,normal,1,normal,1,0.30084508657455444,0.6991549134254456
./out_ep/train/normal/nlung__GTTCTCGTCCGTCAAA_LUNG_N18/vectors,vectors,normal,1,normal,1,0.27540063858032227,0.724599301815033
./out_ep/train/normal/nlung__CATCAAGAGAGCAATT_LUNG_N09/vectors,vectors,normal,1,normal,1,0.30502575635910034,0.6949743032455444
./out_ep/train/normal/nlung__AAGCCGCAGGTGCACA_LUNG_N31/vectors,vectors,normal,1,normal,1,0.3856313228607178,0.614368736743927
./out_ep/train/normal/nlung__CGATGGCTCATCGGAT_LUNG_N34/vectors,vectors,normal,1,normal,1,0.2733197510242462,0.7266802787780762
./out_ep/train/normal/nlung__GTAGGCCCATGGTTGT_LUNG_N18/vectors,vectors,normal,1,normal,1,0.2728896141052246,0.7271104454994202
./out_ep/train/normal/nlung__TCCCGATTCCCACTTG_LUNG_N09/vectors,vectors,normal,1,normal,1,0.27984389662742615,0.7201562523841858
./out_ep/train/normal/nlung__CAAGAAATCGTCTGAA_LUNG_N34/vectors,vectors,normal,1,normal,1,0.2814920246601105,0.7185080051422119
./out_ep/train/normal/nlung__TACAGTGCAGCTGTTA_LUNG_N08/vectors,vectors,normal,1,normal,1,0.2754630744457245,0.7245369553565979
./out_ep/train/normal/nlung__ACGGAGAGTAACGTTC_LUNG_N34/vectors,vectors,normal,1,normal,1,0.2734031081199646,0.7265969514846802
./out_ep/train/normal/nlung__TACCTATGTTAAGAAC_LUNG_N08/vectors,vectors,normal,1,normal,1,0.34740564227104187,0.6525943279266357
./out_ep/train/normal/nlung__TTTACTGCACGTCAGC_LUNG_N01/vectors,vectors,normal,1,normal,1,0.30514055490493774,0.6948593854904175
./out_ep/train/normal/nlung__TGTTCCGTCCGTTGTC_LUNG_N19/vectors,vectors,normal,1,normal,1,0.2760131061077118,0.7239869236946106
./out_ep/train/normal/nlung__GCACATAAGAGGACGG_LUNG_N28/vectors,vectors,normal,1,normal,1,0.28511375188827515,0.7148862481117249
./out_ep/train/normal/nlung__CAGTAACGTGAGGGAG_LUNG_N09/vectors,vectors,normal,1,normal,1,0.28167104721069336,0.7183289527893066
./out_ep/train/normal/nlung__TCTGAGAGTCAGCTAT_LUNG_N31/vectors,vectors,normal,1,normal,1,0.2816741168498993,0.7183259129524231
./out_ep/train/normal/nlung__GTACTTTGTAGCGCAA_LUNG_N28/vectors,vectors,normal,1,normal,1,0.27558642625808716,0.7244136333465576
./out_ep/train/normal/nlung__TTGGCAACAGTTAACC_LUNG_N30/vectors,vectors,normal,1,normal,1,0.3289739191532135,0.6710261106491089
./out_ep/train/normal/nlung__CGGTTAACAAGTAGTA_LUNG_N18/vectors,vectors,normal,1,normal,1,0.27891308069229126,0.7210870385169983
./out_ep/train/normal/nlung__AGCAGCCAGTGTACCT_LUNG_N19/vectors,vectors,normal,1,normal,1,0.3383179008960724,0.6616820693016052
./out_ep/train/normal/nlung__CCTTACGCACGCCAGT_LUNG_N31/vectors,vectors,normal,1,normal,1,0.2773001492023468,0.7226998209953308
./out_ep/train/normal/nlung__ACGAGCCTCATCGCTC_LUNG_N09/vectors,vectors,normal,1,normal,1,0.46584877371788025,0.5341511964797974
./out_ep/train/normal/nlung__AAGACCTCAGTCAGAG_LUNG_N18/vectors,vectors,normal,1,normal,1,0.2734849452972412,0.7265151143074036
./out_ep/train/normal/nlung__AACACGTTCTCAAACG_LUNG_N06/vectors,vectors,normal,1,normal,1,0.2997549772262573,0.7002450823783875
./out_ep/train/normal/nlung__GTACGTATCTACCTGC_LUNG_N18/vectors,vectors,normal,1,normal,1,0.274027943611145,0.7259719967842102
./out_ep/train/normal/nlung__TCAATCTGTCTCATCC_LUNG_N01/vectors,vectors,normal,1,normal,1,0.273706316947937,0.7262937426567078
./out_ep/train/normal/nlung__GTCATTTCACGGCGTT_LUNG_N28/vectors,vectors,normal,1,normal,1,0.27618998289108276,0.7238100171089172
./out_ep/train/normal/nlung__ACTGAGTCAAACTGTC_LUNG_N34/vectors,vectors,normal,1,normal,1,0.2803915739059448,0.7196084856987
./out_ep/train/normal/nlung__AAAGATGTCACGCGGT_LUNG_N34/vectors,vectors,normal,1,normal,1,0.2731894254684448,0.7268105745315552
./out_ep/train/normal/nlung__TTCTCAACAATGGATA_LUNG_N01/vectors,vectors,normal,1,normal,1,0.28793826699256897,0.7120617032051086
./out_ep/train/normal/nlung__AGCTTGACACCAGATT_LUNG_N30/vectors,vectors,normal,1,normal,1,0.27469781041145325,0.7253022193908691
./out_ep/train/normal/nlung__TTGCCGTAGCCAGTAG_LUNG_N09/vectors,vectors,normal,1,normal,1,0.38086870312690735,0.619131326675415
./out_ep/train/normal/nlung__ACACCCTCACATCCGG_LUNG_N34/vectors,vectors,normal,1,normal,1,0.2788286805152893,0.7211713194847107
./out_ep/train/normal/nlung__GGAATAAAGACGCACA_LUNG_N28/vectors,vectors,normal,1,normal,1,0.29295387864112854,0.7070460915565491
./out_ep/train/normal/nlung__CGTGTAACAGCAGTTT_LUNG_N31/vectors,vectors,normal,1,normal,1,0.2908156216144562,0.7091844081878662
./out_ep/train/normal/nlung__TCACAAGGTTTCCACC_LUNG_N30/vectors,vectors,normal,1,normal,1,0.27441975474357605,0.7255802750587463
./out_ep/train/normal/nlung__CCGTTCACAATCGAAA_LUNG_N01/vectors,vectors,normal,1,normal,1,0.2734803855419159,0.7265195846557617
./out_ep/train/normal/nlung__ACGAGGATCACGCGGT_LUNG_N01/vectors,vectors,normal,1,normal,1,0.2791432738304138,0.7208567261695862
./out_ep/train/normal/nlung__GTAACGTAGGATTCGG_LUNG_N18/vectors,vectors,normal,1,normal,1,0.33007967472076416,0.6699203252792358
./out_ep/train/normal/nlung__CTTAACTGTCTGGAGA_LUNG_N20/vectors,vectors,normal,1,normal,1,0.3610820174217224,0.6389181017875671
./out_ep/train/normal/nlung__GCTCCTACATTCGACA_LUNG_N09/vectors,vectors,normal,1,normal,1,0.27663862705230713,0.7233614325523376
./out_ep/train/normal/nlung__TTCTCAACATTTGCTT_LUNG_N19/vectors,vectors,normal,1,normal,1,0.2745291292667389,0.7254709005355835
./out_ep/train/normal/nlung__GGCTGGTTCGTTACGA_LUNG_N34/vectors,vectors,normal,1,normal,1,0.306366503238678,0.693633496761322
./out_ep/train/normal/nlung__CACATAGGTACCGCTG_LUNG_N09/vectors,vectors,normal,1,normal,1,0.2745412588119507,0.7254586815834045
./out_ep/train/normal/nlung__GTCACGGTCTCTGCTG_LUNG_N18/vectors,vectors,normal,1,normal,1,0.27392929792404175,0.7260707020759583
./out_ep/train/normal/nlung__CTCGGAGTCATCGGAT_LUNG_N34/vectors,vectors,normal,1,normal,1,0.27748826146125793,0.7225117087364197
./out_ep/train/normal/nlung__TACGGGCGTTCGTTGA_LUNG_N31/vectors,vectors,normal,1,normal,1,0.2797808051109314,0.7202191948890686
./out_ep/train/normal/nlung__GAGGTGAGTCCCTTGT_LUNG_N28/vectors,vectors,normal,1,normal,1,0.2824357748031616,0.7175642251968384
./out_ep/train/normal/nlung__ATTATCCAGGGATCTG_LUNG_N09/vectors,vectors,normal,1,normal,1,0.3178810179233551,0.6821190118789673
./out_ep/train/normal/nlung__CGTCACTGTAGCCTAT_LUNG_N34/vectors,vectors,normal,1,normal,1,0.2804654538631439,0.7195345163345337
./out_ep/train/normal/nlung__GTCGTAATCACCGTAA_LUNG_N20/vectors,vectors,normal,1,normal,1,0.30547067523002625,0.6945292949676514
./out_ep/train/normal/nlung__AGTGGGAGTTCGGCAC_LUNG_N01/vectors,vectors,normal,1,normal,1,0.27467045187950134,0.7253295183181763
./out_ep/train/normal/nlung__GTTCATTTCCGAAGAG_LUNG_N06/vectors,vectors,normal,1,normal,1,0.2729925513267517,0.7270074486732483
./out_ep/train/normal/nlung__TCCCGATTCACAATGC_LUNG_N09/vectors,vectors,normal,1,normal,1,0.27393993735313416,0.7260600328445435
./out_ep/train/normal/nlung__AGAGCTTGTCGCATAT_LUNG_N09/vectors,vectors,normal,1,normal,1,0.2888244390487671,0.7111755609512329
./out_ep/train/normal/nlung__CAAGATCCAGCTGTAT_LUNG_N31/vectors,vectors,normal,1,normal,1,0.2817683219909668,0.718231737613678
./out_ep/train/normal/nlung__TGTCCCAAGCTGCAAG_LUNG_N09/vectors,vectors,normal,1,normal,1,0.2747282087802887,0.7252717614173889
./out_ep/train/normal/nlung__GTCTTCGTCCAAGCCG_LUNG_N08/vectors,vectors,normal,1,normal,1,0.29276272654533386,0.7072373032569885
./out_ep/train/normal/nlung__GGTGTTAGTACGACCC_LUNG_N06/vectors,vectors,normal,1,normal,1,0.27525752782821655,0.7247424125671387
./out_ep/train/normal/nlung__TGGGCGTAGCCAGGAT_LUNG_N20/vectors,vectors,normal,1,normal,1,0.2883138358592987,0.7116861343383789
./out_ep/train/normal/nlung__AAGACCTGTAAGGGCT_LUNG_N30/vectors,vectors,normal,1,normal,1,0.27343037724494934,0.7265695929527283
./out_ep/train/normal/nlung__ACGCCGACACGTCTCT_LUNG_N30/vectors,vectors,normal,1,normal,1,0.2778968811035156,0.7221031188964844
./out_ep/train/normal/nlung__GGCTGGTAGAAGAAGC_LUNG_N20/vectors,vectors,normal,1,normal,1,0.27903735637664795,0.7209627032279968
./out_ep/train/normal/nlung__AAACCTGTCGCTAGCG_LUNG_N28/vectors,vectors,normal,1,normal,1,0.2959097921848297,0.7040901780128479
./out_ep/train/normal/nlung__AAGTCTGTCCTGCAGG_LUNG_N34/vectors,vectors,normal,1,normal,1,0.28008994460105896,0.7199100852012634
./out_ep/train/normal/nlung__TGGTTCCTCTGGAGCC_LUNG_N34/vectors,vectors,normal,1,normal,1,0.28223171830177307,0.7177683115005493
./out_ep/train/normal/nlung__TTCTACAGTAACGACG_LUNG_N18/vectors,vectors,normal,1,normal,1,0.28080737590789795,0.719192624092102
./out_ep/train/normal/nlung__CCAGCGAGTTCGAATC_LUNG_N09/vectors,vectors,normal,1,normal,1,0.2830020487308502,0.7169979810714722
./out_ep/train/normal/nlung__GGTGTTACACGCTTTC_LUNG_N06/vectors,vectors,normal,1,normal,1,0.27399003505706787,0.7260099649429321
./out_ep/train/normal/nlung__AGGTCCGGTTGCGCAC_LUNG_N31/vectors,vectors,normal,1,normal,1,0.2796916961669922,0.7203084230422974
./out_ep/train/normal/nlung__CTGTTTATCGTGACAT_LUNG_N09/vectors,vectors,normal,1,normal,1,0.33003079891204834,0.6699692606925964
./out_ep/train/normal/nlung__GTCACAAGTCGAAAGC_LUNG_N18/vectors,vectors,normal,1,normal,1,0.2740810811519623,0.7259189486503601
./out_ep/train/normal/nlung__AAATGCCAGCCATCGC_LUNG_N09/vectors,vectors,normal,1,normal,1,0.2936069667339325,0.7063930630683899
./out_ep/train/normal/nlung__CAGCGACTCGACGGAA_LUNG_N09/vectors,vectors,normal,1,normal,1,0.2799622714519501,0.7200377583503723
./out_ep/train/normal/nlung__GTCTTCGCATCCTTGC_LUNG_N34/vectors,vectors,normal,1,normal,1,0.2739368975162506,0.726063072681427
./out_ep/train/normal/nlung__CATCAAGGTACCGGCT_LUNG_N34/vectors,vectors,normal,1,normal,1,0.2748057544231415,0.7251942753791809
./out_ep/train/normal/nlung__CACCACTCACTAAGTC_LUNG_N20/vectors,vectors,normal,1,normal,1,0.28767871856689453,0.7123213410377502
./out_ep/train/normal/nlung__ACGCAGCCAGCTATTG_LUNG_N31/vectors,vectors,normal,1,normal,1,0.2742435336112976,0.7257564663887024
./out_ep/train/normal/nlung__GATGAGGAGCTCCTTC_LUNG_N08/vectors,vectors,normal,1,normal,1,0.2877771854400635,0.7122228145599365
./out_ep/train/normal/nlung__ATTATCCGTCCGTTAA_LUNG_N34/vectors,vectors,normal,1,normal,1,0.2739611864089966,0.7260388731956482
./out_ep/train/normal/nlung__TTTCCTCAGCGAAGGG_LUNG_N30/vectors,vectors,normal,1,normal,1,0.27698224782943726,0.7230177521705627
./out_ep/train/normal/nlung__TCAATCTCACAGGAGT_LUNG_N34/vectors,vectors,normal,1,normal,1,0.2734803855419159,0.7265195846557617
./out_ep/train/normal/nlung__GCGCCAACACAACGCC_LUNG_N31/vectors,vectors,normal,1,normal,1,0.27514341473579407,0.7248565554618835
./out_ep/train/normal/nlung__AGCAGCCCAATACGCT_LUNG_N06/vectors,vectors,normal,1,normal,1,0.2815629839897156,0.7184370160102844
./out_ep/train/normal/nlung__CATTATCCACATCTTT_LUNG_N34/vectors,vectors,normal,1,normal,1,0.2733985483646393,0.7266014814376831
./out_ep/train/normal/nlung__GAAATGAGTTACTGAC_LUNG_N18/vectors,vectors,normal,1,normal,1,0.2785296142101288,0.7214703559875488
./out_ep/train/normal/nlung__GGCTCGAGTTACGACT_LUNG_N18/vectors,vectors,normal,1,normal,1,0.28779444098472595,0.7122055888175964
./out_ep/train/normal/nlung__AGGGATGTCCTATGTT_LUNG_N08/vectors,vectors,normal,1,normal,1,0.2811141014099121,0.7188858985900879
./out_ep/train/normal/nlung__TGACGGCGTTCGGGCT_LUNG_N30/vectors,vectors,normal,1,normal,1,0.29960763454437256,0.7003923058509827
./out_ep/train/normal/nlung__TCTGAGATCTGATACG_LUNG_N31/vectors,vectors,normal,1,normal,1,0.27351829409599304,0.7264817357063293
./out_ep/train/normal/nlung__TACACGATCGCGCCAA_LUNG_N01/vectors,vectors,normal,1,normal,1,0.27375486493110657,0.7262451648712158
./out_ep/train/normal/nlung__CTGATAGAGTTAGCGG_LUNG_N06/vectors,vectors,normal,1,normal,1,0.27453672885894775,0.7254632711410522
./out_ep/train/normal/nlung__CAGCAGCAGAACAACT_LUNG_N09/vectors,vectors,normal,1,normal,1,0.2827528715133667,0.7172471284866333
./out_ep/train/normal/nlung__ATTATCCTCCGTAGGC_LUNG_N09/vectors,vectors,normal,1,normal,1,0.2857595384120941,0.7142404913902283
./out_ep/train/normal/nlung__CAACCAACAGCCAATT_LUNG_N31/vectors,vectors,normal,1,normal,1,0.27386102080345154,0.7261388897895813
./out_ep/train/normal/nlung__TCTGAGAGTCGACTAT_LUNG_N28/vectors,vectors,normal,1,normal,1,0.29406607151031494,0.7059339880943298
./out_ep/train/normal/nlung__GGTGTTATCGTTGACA_LUNG_N08/vectors,vectors,normal,1,normal,1,0.2772420644760132,0.7227579355239868
./out_ep/train/normal/nlung__CCGGGATGTGCGGTAA_LUNG_N34/vectors,vectors,normal,1,normal,1,0.31906336545944214,0.6809366345405579
./out_ep/train/normal/nlung__AAGGCAGGTCAAAGCG_LUNG_N28/vectors,vectors,normal,1,normal,1,0.28651535511016846,0.7134846448898315
./out_ep/train/normal/nlung__CTAATGGTCAGAGCTT_LUNG_N08/vectors,vectors,normal,1,normal,1,0.3164682984352112,0.6835317015647888
./out_ep/train/normal/nlung__TCGTAGAAGCGTGTCC_LUNG_N01/vectors,vectors,normal,1,normal,1,0.29010334610939026,0.7098966836929321
./out_ep/train/normal/nlung__AACCGCGTCGCATGAT_LUNG_N34/vectors,vectors,normal,1,normal,1,0.3043888807296753,0.6956110596656799
./out_ep/train/normal/nlung__GCTCTGTGTTAGGGTG_LUNG_N20/vectors,vectors,normal,1,normal,1,0.2757799029350281,0.7242200970649719
./out_ep/train/normal/nlung__CTCGTACGTATATCCG_LUNG_N20/vectors,vectors,normal,1,normal,1,0.2772405743598938,0.722759485244751
./out_ep/train/normal/nlung__TGGCGCAAGGTGATTA_LUNG_N09/vectors,vectors,normal,1,normal,1,0.2895694077014923,0.7104306221008301
./out_ep/train/normal/nlung__AGGCCGTGTTCATGGT_LUNG_N08/vectors,vectors,normal,1,normal,1,0.2793198525905609,0.7206801772117615
./out_ep/train/normal/nlung__TGCGGGTGTCTCCATC_LUNG_N18/vectors,vectors,normal,1,normal,1,0.27959635853767395,0.7204036116600037
./out_ep/train/normal/nlung__TAAGCGTAGCTCCCAG_LUNG_N31/vectors,vectors,normal,1,normal,1,0.28959921002388,0.7104007601737976
./out_ep/train/normal/nlung__CGGTTAACACCGGAAA_LUNG_N06/vectors,vectors,normal,1,normal,1,0.2801699638366699,0.7198300957679749
./out_ep/train/normal/nlung__CCTTCCCAGGCTCATT_LUNG_N01/vectors,vectors,normal,1,normal,1,0.2852972745895386,0.7147027850151062
./out_ep/train/normal/nlung__GTACTCCTCTGTCAAG_LUNG_N06/vectors,vectors,normal,1,normal,1,0.29820069670677185,0.7017993330955505
./out_ep/train/normal/nlung__AGATCTGCATTACCTT_LUNG_N01/vectors,vectors,normal,1,cancer,0,0.5578246116638184,0.44217538833618164
./out_ep/train/normal/nlung__ACATGGTCACCCATGG_LUNG_N09/vectors,vectors,normal,1,normal,1,0.275361031293869,0.7246389389038086
./out_ep/train/normal/nlung__CCAGCGAGTTGACGTT_LUNG_N09/vectors,vectors,normal,1,normal,1,0.2885534465312958,0.7114465832710266
./out_ep/train/normal/nlung__CTGAAACGTTCTGGTA_LUNG_N20/vectors,vectors,normal,1,normal,1,0.27528947591781616,0.7247105240821838
./out_ep/train/normal/nlung__TTAGGACGTAGAGCTG_LUNG_N09/vectors,vectors,normal,1,normal,1,0.2897326648235321,0.7102673053741455
./out_ep/train/normal/nlung__TTGGAACAGTTCGATC_LUNG_N01/vectors,vectors,normal,1,normal,1,0.2922511696815491,0.7077488303184509
./out_ep/train/normal/nlung__ACGTCAAAGCCAGAAC_LUNG_N34/vectors,vectors,normal,1,normal,1,0.2785296142101288,0.7214703559875488
./out_ep/train/normal/nlung__TCGCGAGGTGACTACT_LUNG_N01/vectors,vectors,normal,1,normal,1,0.2999071180820465,0.7000928521156311
./out_ep/train/normal/nlung__GGGTTGCGTCTTCAAG_LUNG_N01/vectors,vectors,normal,1,normal,1,0.2740294933319092,0.7259705066680908
./out_ep/train/normal/nlung__ATAACGCCAATGCCAT_LUNG_N34/vectors,vectors,normal,1,normal,1,0.2941088378429413,0.7058911919593811
./out_ep/train/normal/nlung__CTACACCGTGTAACGG_LUNG_N19/vectors,vectors,normal,1,normal,1,0.2845899760723114,0.715410053730011
./out_ep/train/normal/nlung__CGCGGTACAATGTAAG_LUNG_N18/vectors,vectors,normal,1,normal,1,0.27286389470100403,0.7271361351013184
./out_ep/train/normal/nlung__CGTTCTGTCTACGAGT_LUNG_N09/vectors,vectors,normal,1,normal,1,0.27888238430023193,0.7211176753044128
./out_ep/train/normal/nlung__GGGACCTAGTGGGCTA_LUNG_N18/vectors,vectors,normal,1,normal,1,0.3664551079273224,0.6335448622703552
./out_ep/train/normal/nlung__CTGGTCTCATGCTAGT_LUNG_N09/vectors,vectors,normal,1,normal,1,0.2757936120033264,0.7242063879966736
./out_ep/train/normal/nlung__CACCAGGAGAAGAAGC_LUNG_N08/vectors,vectors,normal,1,normal,1,0.2728941738605499,0.7271058559417725
./out_ep/train/normal/nlung__GTACTCCGTCTGCCAG_LUNG_N34/vectors,vectors,normal,1,normal,1,0.27545392513275146,0.7245460152626038
./out_ep/train/normal/nlung__GGCCGATTCTAGCACA_LUNG_N19/vectors,vectors,normal,1,normal,1,0.40203991532325745,0.5979600548744202
./out_ep/train/normal/nlung__CGCGGTATCTAACTCT_LUNG_N09/vectors,vectors,normal,1,normal,1,0.2856552004814148,0.7143447995185852
./out_ep/train/normal/nlung__TATTACCTCAACACAC_LUNG_N20/vectors,vectors,normal,1,normal,1,0.2822703421115875,0.7177296280860901
./out_ep/train/normal/nlung__TCAATCTCATGAAGTA_LUNG_N31/vectors,vectors,normal,1,normal,1,0.2731182873249054,0.726881742477417
./out_ep/train/normal/nlung__CACAAACGTTACGCGC_LUNG_N30/vectors,vectors,normal,1,normal,1,0.27374574542045593,0.7262541651725769
./out_ep/train/normal/nlung__GGATTACAGATATACG_LUNG_N20/vectors,vectors,normal,1,normal,1,0.27916938066482544,0.7208306193351746
./out_ep/train/normal/nlung__CCTAAAGCACAAGACG_LUNG_N08/vectors,vectors,normal,1,normal,1,0.27491676807403564,0.7250831723213196
./out_ep/train/normal/nlung__CCTTACGGTGAAATCA_LUNG_N09/vectors,vectors,normal,1,normal,1,0.2762647569179535,0.7237353324890137
./out_ep/train/normal/nlung__AGAGTGGCAGGGTATG_LUNG_N30/vectors,vectors,normal,1,normal,1,0.2735910713672638,0.7264088988304138
./out_ep/train/normal/nlung__TGAAAGAGTATGAAAC_LUNG_N20/vectors,vectors,normal,1,normal,1,0.27560925483703613,0.7243906855583191
./out_ep/train/normal/nlung__CAGCTGGGTTCGCGAC_LUNG_N34/vectors,vectors,normal,1,normal,1,0.2763517200946808,0.7236483097076416
./out_ep/train/normal/nlung__TCAGGTAAGACTTGAA_LUNG_N28/vectors,vectors,normal,1,normal,1,0.2917401194572449,0.7082598805427551
./out_ep/train/normal/nlung__GGGAGATCATGCGCAC_LUNG_N28/vectors,vectors,normal,1,normal,1,0.3164880871772766,0.6835119128227234
./out_ep/train/normal/nlung__GTACGTATCTGACCTC_LUNG_N34/vectors,vectors,normal,1,normal,1,0.27406591176986694,0.7259340882301331
./out_ep/train/normal/nlung__CGTAGCGAGAATAGGG_LUNG_N30/vectors,vectors,normal,1,normal,1,0.27351224422454834,0.7264877557754517
./out_ep/train/normal/nlung__CATCGGGTCGCTAGCG_LUNG_N08/vectors,vectors,normal,1,normal,1,0.2886160910129547,0.7113839387893677
./out_ep/train/normal/nlung__AAAGATGAGGTACTCT_LUNG_N18/vectors,vectors,normal,1,normal,1,0.3111782371997833,0.6888217926025391
./out_ep/train/normal/nlung__CATCAGATCCGGCACA_LUNG_N28/vectors,vectors,normal,1,normal,1,0.2742268145084381,0.7257731556892395
./out_ep/train/normal/nlung__ACTGAACGTTCCACAA_LUNG_N31/vectors,vectors,normal,1,normal,1,0.2729819715023041,0.7270180583000183
./out_ep/train/normal/nlung__CATTCGCTCAATCACG_LUNG_N01/vectors,vectors,normal,1,normal,1,0.29797881841659546,0.7020211219787598
./out_ep/train/normal/nlung__CGAATGTCATAGTAAG_LUNG_N28/vectors,vectors,normal,1,normal,1,0.28958043456077576,0.7104196548461914
./out_ep/train/normal/nlung__CATCAGACAGATGGCA_LUNG_N28/vectors,vectors,normal,1,normal,1,0.2845185697078705,0.7154814600944519
./out_ep/train/normal/nlung__CTGCTGTTCTCCAACC_LUNG_N09/vectors,vectors,normal,1,normal,1,0.39897528290748596,0.6010247468948364
./out_ep/train/normal/nlung__ATCCACCCAATGGTCT_LUNG_N34/vectors,vectors,normal,1,normal,1,0.31960561871528625,0.6803944110870361
./out_ep/train/normal/nlung__TTGTAGGGTAGGACAC_LUNG_N09/vectors,vectors,normal,1,normal,1,0.29760706424713135,0.7023929357528687
./out_ep/train/normal/nlung__AGAGCTTTCGACAGCC_LUNG_N31/vectors,vectors,normal,1,normal,1,0.30695536732673645,0.6930446028709412
./out_ep/train/normal/nlung__ACACCGGGTTACGTCA_LUNG_N01/vectors,vectors,normal,1,normal,1,0.27309098839759827,0.7269091010093689
./out_ep/train/normal/nlung__CGTAGGCCAGCGTCCA_LUNG_N31/vectors,vectors,normal,1,normal,1,0.2835038900375366,0.7164961099624634
./out_ep/train/normal/nlung__CCAATCCAGCCCAGCT_LUNG_N28/vectors,vectors,normal,1,normal,1,0.2741873562335968,0.7258126735687256
./out_ep/train/normal/nlung__CCTAGCTAGGTGCTAG_LUNG_N34/vectors,vectors,normal,1,normal,1,0.2780178189277649,0.7219821214675903
./out_ep/train/normal/nlung__ACTGAACTCAGCTTAG_LUNG_N01/vectors,vectors,normal,1,normal,1,0.2747920751571655,0.7252079248428345
./out_ep/train/normal/nlung__TTGAACGCAGTTAACC_LUNG_N18/vectors,vectors,normal,1,normal,1,0.2818331718444824,0.7181668877601624
./out_ep/train/normal/nlung__TGACTTTAGATATACG_LUNG_N06/vectors,vectors,normal,1,normal,1,0.27444252371788025,0.7255575060844421
./out_ep/train/normal/nlung__TGGCCAGCACACATGT_LUNG_N34/vectors,vectors,normal,1,normal,1,0.27522557973861694,0.7247743606567383
./out_ep/train/normal/nlung__GCACTCTTCATCGCTC_LUNG_N09/vectors,vectors,normal,1,normal,1,0.2759978473186493,0.7240021228790283
./out_ep/train/normal/nlung__CTGAAGTCAGTGGGAT_LUNG_N31/vectors,vectors,normal,1,normal,1,0.2733515501022339,0.7266484498977661
./out_ep/train/normal/nlung__CTAACTTAGCAATCTC_LUNG_N34/vectors,vectors,normal,1,normal,1,0.27277910709381104,0.7272209525108337
./out_ep/train/normal/nlung__TATCTCACACAAGACG_LUNG_N18/vectors,vectors,normal,1,normal,1,0.27746686339378357,0.722533106803894
./out_ep/train/normal/nlung__GTATCTTCAGCAGTTT_LUNG_N09/vectors,vectors,normal,1,normal,1,0.42829135060310364,0.5717086791992188
./out_ep/train/normal/nlung__CCTTTCTCATACGCTA_LUNG_N06/vectors,vectors,normal,1,normal,1,0.34426599740982056,0.6557340025901794
./out_ep/train/normal/nlung__ACAGCTATCCCTCTTT_LUNG_N20/vectors,vectors,normal,1,normal,1,0.3510763645172119,0.6489235758781433
./out_ep/train/normal/nlung__TTAGGCAAGCGATCCC_LUNG_N19/vectors,vectors,normal,1,normal,1,0.27696388959884644,0.7230361104011536
./out_ep/train/normal/nlung__TTTACTGAGCCATCGC_LUNG_N09/vectors,vectors,normal,1,normal,1,0.27932289242744446,0.7206770777702332
./out_ep/train/normal/nlung__TCGAGGCTCAGAAATG_LUNG_N18/vectors,vectors,normal,1,normal,1,0.2794012725353241,0.7205988168716431
./out_ep/train/normal/nlung__CGTAGGCAGCCGATTT_LUNG_N31/vectors,vectors,normal,1,normal,1,0.2745306193828583,0.7254693508148193
./out_ep/train/normal/nlung__GCATACACACCTATCC_LUNG_N20/vectors,vectors,normal,1,normal,1,0.2766554057598114,0.7233445644378662
./out_ep/train/normal/nlung__TTCGGTCTCTTAACCT_LUNG_N08/vectors,vectors,normal,1,normal,1,0.28253164887428284,0.7174683809280396
./out_ep/train/normal/nlung__CGTCACTGTCCGTCAG_LUNG_N28/vectors,vectors,normal,1,normal,1,0.3257249593734741,0.6742751002311707
./out_ep/train/normal/nlung__CCAGCGACAGCTATTG_LUNG_N34/vectors,vectors,normal,1,normal,1,0.2733379304409027,0.7266620993614197
./out_ep/train/normal/nlung__GACGTGCGTTAAAGAC_LUNG_N18/vectors,vectors,normal,1,normal,1,0.2743726372718811,0.7256274223327637
./out_ep/train/normal/nlung__TCACGAATCGCAAACT_LUNG_N20/vectors,vectors,normal,1,normal,1,0.30705761909484863,0.6929423809051514
./out_ep/train/normal/nlung__TTGGCAAAGGGCTTCC_LUNG_N08/vectors,vectors,normal,1,normal,1,0.2775723934173584,0.7224276065826416
./out_ep/train/normal/nlung__TGCCCATAGGTTCCTA_LUNG_N34/vectors,vectors,normal,1,normal,1,0.2759825885295868,0.7240173816680908
./out_ep/train/normal/nlung__GGGATGACATGACGGA_LUNG_N34/vectors,vectors,normal,1,normal,1,0.29221484065055847,0.7077850699424744
./out_ep/train/normal/nlung__GTATCTTGTGGTTTCA_LUNG_N06/vectors,vectors,normal,1,normal,1,0.27358803153038025,0.7264119982719421
./out_ep/train/normal/nlung__ATCGAGTAGCTAAACA_LUNG_N09/vectors,vectors,normal,1,cancer,0,0.5285923480987549,0.4714076519012451
./out_ep/train/normal/nlung__ACACCCTTCACGCATA_LUNG_N09/vectors,vectors,normal,1,normal,1,0.2802853584289551,0.7197146415710449
./out_ep/train/normal/nlung__TGCTGCTGTGTTCTTT_LUNG_N09/vectors,vectors,normal,1,normal,1,0.2835550308227539,0.7164449691772461
./out_ep/train/normal/nlung__GTACTCCCATCTCGCT_LUNG_N09/vectors,vectors,normal,1,normal,1,0.31069764494895935,0.6893023252487183
./out_ep/train/normal/nlung__GGTGCGTGTAGAAGGA_LUNG_N19/vectors,vectors,normal,1,normal,1,0.2870725095272064,0.7129275798797607
./out_ep/train/normal/nlung__GTCGGGTTCCAGTATG_LUNG_N20/vectors,vectors,normal,1,normal,1,0.277260422706604,0.7227395176887512
./out_ep/train/normal/nlung__AAGGTTCTCCGAGCCA_LUNG_N31/vectors,vectors,normal,1,normal,1,0.2801622152328491,0.7198377847671509
./out_ep/train/normal/nlung__TACGGTACACAGGCCT_LUNG_N28/vectors,vectors,normal,1,normal,1,0.2807011008262634,0.7192989587783813
./out_ep/train/normal/nlung__GTATCTTAGCCACTAT_LUNG_N31/vectors,vectors,normal,1,normal,1,0.2740704417228699,0.7259295582771301
./out_ep/train/normal/nlung__TAGACCACAGAAGCAC_LUNG_N20/vectors,vectors,normal,1,normal,1,0.2781081795692444,0.7218918204307556
./out_ep/train/normal/nlung__TTAGTTCTCAGAAATG_LUNG_N09/vectors,vectors,normal,1,normal,1,0.2897138297557831,0.7102861404418945
./out_ep/train/normal/nlung__TACGGTATCACAAACC_LUNG_N06/vectors,vectors,normal,1,normal,1,0.2737593948841095,0.7262405753135681
./out_ep/train/normal/nlung__GGATGTTAGAGTGACC_LUNG_N19/vectors,vectors,normal,1,normal,1,0.2882731258869171,0.7117268443107605
./out_ep/train/normal/nlung__TGCCCATAGGTGTTAA_LUNG_N18/vectors,vectors,normal,1,normal,1,0.2780652642250061,0.7219346761703491
./out_ep/train/normal/nlung__AACTCTTCAAGCTGGA_LUNG_N28/vectors,vectors,normal,1,normal,1,0.2764279544353485,0.7235720157623291
./out_ep/train/normal/nlung__GCGCAGTAGCGATAGC_LUNG_N01/vectors,vectors,normal,1,normal,1,0.27429062128067017,0.7257093787193298
./out_ep/train/normal/nlung__AGGTCCGCAGTGGGAT_LUNG_N34/vectors,vectors,normal,1,normal,1,0.2840745449066162,0.7159255146980286
./out_ep/train/normal/nlung__CCGTGGACATGCCTAA_LUNG_N20/vectors,vectors,normal,1,normal,1,0.32120707631111145,0.6787928938865662
./out_ep/train/normal/nlung__GAACCTAAGCGACGTA_LUNG_N01/vectors,vectors,normal,1,normal,1,0.2731833755970001,0.7268166542053223
./out_ep/train/normal/nlung__TCTGGAATCGCCTGTT_LUNG_N20/vectors,vectors,normal,1,normal,1,0.27314552664756775,0.7268545031547546
./out_ep/train/normal/nlung__CTCGTCAGTTCGTGAT_LUNG_N09/vectors,vectors,normal,1,normal,1,0.30766022205352783,0.6923398375511169
./out_ep/train/normal/nlung__CCCAATCGTCATGCCG_LUNG_N19/vectors,vectors,normal,1,normal,1,0.2778738737106323,0.7221261262893677
./out_ep/train/normal/nlung__ATTACTCAGAGGTAGA_LUNG_N20/vectors,vectors,normal,1,normal,1,0.28839054703712463,0.711609423160553
./out_ep/train/normal/nlung__GGAGCAAAGACATAAC_LUNG_N34/vectors,vectors,normal,1,normal,1,0.2752529978752136,0.7247470617294312
./out_ep/train/normal/nlung__TTCCCAGTCAGCACAT_LUNG_N19/vectors,vectors,normal,1,normal,1,0.29276108741760254,0.7072388529777527
./out_ep/train/normal/nlung__TGCGGGTAGAACAACT_LUNG_N18/vectors,vectors,normal,1,normal,1,0.27540522813796997,0.7245948314666748
./out_ep/train/normal/nlung__CTCGAGGAGATTACCC_LUNG_N01/vectors,vectors,normal,1,normal,1,0.28762710094451904,0.7123728394508362
./out_ep/train/normal/nlung__CCTTCCCGTCAATGTC_LUNG_N28/vectors,vectors,normal,1,normal,1,0.2960083484649658,0.7039916515350342
./out_ep/train/normal/nlung__CACCACTCATGGGAAC_LUNG_N34/vectors,vectors,normal,1,normal,1,0.2736077606678009,0.7263922691345215
./out_ep/train/normal/nlung__CGACCTTCACTTAACG_LUNG_N08/vectors,vectors,normal,1,normal,1,0.28667914867401123,0.7133208513259888
./out_ep/train/normal/nlung__GTAACGTGTAGTAGTA_LUNG_N09/vectors,vectors,normal,1,normal,1,0.2828163206577301,0.7171837091445923
./out_ep/train/normal/nlung__GATGCTACAATGAATG_LUNG_N09/vectors,vectors,normal,1,normal,1,0.28271418809890747,0.7172858715057373
./out_ep/train/normal/nlung__CACACAATCTGTCAAG_LUNG_N34/vectors,vectors,normal,1,normal,1,0.2737760841846466,0.726223886013031
./out_ep/train/normal/nlung__CGTCCATGTCGCGTGT_LUNG_N06/vectors,vectors,normal,1,normal,1,0.27306827902793884,0.7269316911697388
./out_ep/train/normal/nlung__GACGGCTTCCTAGAAC_LUNG_N34/vectors,vectors,normal,1,normal,1,0.28985828161239624,0.7101417183876038
./out_ep/train/normal/nlung__CCTACACCACGGTAAG_LUNG_N28/vectors,vectors,normal,1,normal,1,0.28806185722351074,0.7119381427764893
./out_ep/train/normal/nlung__CCTTCCCGTCCGAATT_LUNG_N31/vectors,vectors,normal,1,normal,1,0.4860894978046417,0.5139105319976807
./out_ep/train/normal/nlung__AGCCTAAAGCACGCCT_LUNG_N18/vectors,vectors,normal,1,normal,1,0.2808936834335327,0.7191063761711121
./out_ep/train/normal/nlung__TTATGCTGTCAACATC_LUNG_N19/vectors,vectors,normal,1,normal,1,0.2896745800971985,0.7103254199028015
./out_ep/train/normal/nlung__CAGCTGGAGCGAGAAA_LUNG_N08/vectors,vectors,normal,1,normal,1,0.31757673621177673,0.6824233531951904
./out_ep/train/normal/nlung__TCTTCGGTCCTAAGTG_LUNG_N20/vectors,vectors,normal,1,normal,1,0.27318641543388367,0.7268136143684387
./out_ep/train/normal/nlung__ATCGAGTTCGACCAGC_LUNG_N18/vectors,vectors,normal,1,normal,1,0.2730773985385895,0.7269226312637329
./out_ep/train/normal/nlung__TCCACACCAGACTCGC_LUNG_N34/vectors,vectors,normal,1,normal,1,0.2752499580383301,0.7247501015663147
./out_ep/train/normal/nlung__GCCAAATGTTACCAGT_LUNG_N31/vectors,vectors,normal,1,normal,1,0.28239092230796814,0.7176090478897095
./out_ep/train/normal/nlung__GGTGCGTTCCCTTGTG_LUNG_N31/vectors,vectors,normal,1,normal,1,0.2761473059654236,0.7238527536392212
./out_ep/train/normal/nlung__TCTGGAACAGGACCCT_LUNG_N01/vectors,vectors,normal,1,normal,1,0.27685391902923584,0.7231460213661194
./out_ep/train/normal/nlung__GAAATGACACAGTCGC_LUNG_N09/vectors,vectors,normal,1,normal,1,0.31009340286254883,0.6899065971374512
./out_ep/train/normal/nlung__CTCGTACCATTGAGCT_LUNG_N34/vectors,vectors,normal,1,normal,1,0.2782445549964905,0.7217555046081543
./out_ep/train/normal/nlung__GGTGCGTGTGCATCTA_LUNG_N06/vectors,vectors,normal,1,normal,1,0.27351224422454834,0.7264877557754517
./out_ep/train/normal/nlung__TCATTTGCACACATGT_LUNG_N34/vectors,vectors,normal,1,normal,1,0.28992268443107605,0.7100773453712463
./out_ep/train/normal/nlung__GAAACTCAGTGGGTTG_LUNG_N18/vectors,vectors,normal,1,normal,1,0.2854279577732086,0.714572012424469
./out_ep/train/normal/nlung__CAGCTGGAGTCAAGGC_LUNG_N08/vectors,vectors,normal,1,normal,1,0.2774255573749542,0.7225744128227234
./out_ep/train/normal/nlung__CCTAGCTCAGTCACTA_LUNG_N30/vectors,vectors,normal,1,normal,1,0.28241413831710815,0.7175858616828918
./out_ep/train/normal/nlung__CTGAAGTGTTACTGAC_LUNG_N01/vectors,vectors,normal,1,normal,1,0.3079787790775299,0.6920211911201477
./out_ep/train/normal/nlung__GATCGATTCGCAGGCT_LUNG_N08/vectors,vectors,normal,1,normal,1,0.27521494030952454,0.7247850894927979
./out_ep/train/normal/nlung__CGAATGTTCGCATGGC_LUNG_N30/vectors,vectors,normal,1,normal,1,0.2761106789112091,0.7238893508911133
./out_ep/train/normal/nlung__GTAACTGGTCGGCACT_LUNG_N06/vectors,vectors,normal,1,normal,1,0.27359408140182495,0.726405918598175
./out_ep/train/normal/nlung__CATCGGGCATTGGTAC_LUNG_N20/vectors,vectors,normal,1,normal,1,0.30479127168655396,0.6952086687088013
./out_ep/train/normal/nlung__AAGCCGCGTAACGCGA_LUNG_N34/vectors,vectors,normal,1,normal,1,0.30136042833328247,0.6986395716667175
./out_ep/train/normal/nlung__CATTCGCGTCAGCTAT_LUNG_N31/vectors,vectors,normal,1,normal,1,0.27340614795684814,0.7265939116477966
./out_ep/train/normal/nlung__AGTGTCAAGAAACGCC_LUNG_N06/vectors,vectors,normal,1,normal,1,0.27767032384872437,0.7223296761512756
./out_ep/train/normal/nlung__GTAACTGCAGGGCATA_LUNG_N09/vectors,vectors,normal,1,normal,1,0.2750703990459442,0.7249296307563782
./out_ep/train/normal/nlung__CGGACACGTTGCGTTA_LUNG_N31/vectors,vectors,normal,1,normal,1,0.28577667474746704,0.7142233848571777
./out_ep/train/normal/nlung__CCGTACTGTCACAAGG_LUNG_N18/vectors,vectors,normal,1,normal,1,0.2735622525215149,0.7264377474784851
./out_ep/train/normal/nlung__CACAAACGTTCTCATT_LUNG_N28/vectors,vectors,normal,1,normal,1,0.2753290832042694,0.724670946598053
./out_ep/train/normal/nlung__CACCACTCAATAAGCA_LUNG_N31/vectors,vectors,normal,1,normal,1,0.27569153904914856,0.724308431148529
./out_ep/train/normal/nlung__AGCGGTCGTCGACTAT_LUNG_N01/vectors,vectors,normal,1,normal,1,0.2956300973892212,0.7043699026107788
./out_ep/train/normal/nlung__GATCAGTAGGTGCACA_LUNG_N34/vectors,vectors,normal,1,normal,1,0.2766721844673157,0.7233277559280396
./out_ep/train/normal/nlung__GAACATCCACGAAGCA_LUNG_N30/vectors,vectors,normal,1,normal,1,0.27638983726501465,0.7236101627349854
./out_ep/train/normal/nlung__TCATTACGTTAAGAAC_LUNG_N34/vectors,vectors,normal,1,normal,1,0.2867290675640106,0.713270902633667
./out_ep/train/normal/nlung__GCTCTGTAGGAATTAC_LUNG_N18/vectors,vectors,normal,1,normal,1,0.27348798513412476,0.7265120148658752
./out_ep/train/normal/nlung__CTGAAACTCAGCTCTC_LUNG_N09/vectors,vectors,normal,1,normal,1,0.2779565751552582,0.7220433950424194
./out_ep/train/normal/nlung__CTAGAGTGTACGCACC_LUNG_N01/vectors,vectors,normal,1,normal,1,0.30579933524131775,0.6942006349563599
./out_ep/train/normal/nlung__CGCGGTATCGAACTGT_LUNG_N30/vectors,vectors,normal,1,normal,1,0.275562047958374,0.7244378924369812
./out_ep/train/normal/nlung__GACTGCGCAGCTGCTG_LUNG_N31/vectors,vectors,normal,1,normal,1,0.2733561098575592,0.7266438603401184
./out_ep/train/normal/nlung__TGACGGCAGTTTGCGT_LUNG_N31/vectors,vectors,normal,1,normal,1,0.29797402024269104,0.7020259499549866
./out_ep/train/normal/nlung__ACACCAATCGTTTGCC_LUNG_N34/vectors,vectors,normal,1,normal,1,0.2769410014152527,0.7230589985847473
./out_ep/train/normal/nlung__TGCTGCTTCAGTGCAT_LUNG_N09/vectors,vectors,normal,1,normal,1,0.27918779850006104,0.7208122611045837
./out_ep/train/normal/nlung__ACCCACTTCGAGAGCA_LUNG_N19/vectors,vectors,normal,1,normal,1,0.32452133297920227,0.6754786968231201
./out_ep/train/normal/nlung__GCGCCAAGTCTAAAGA_LUNG_N31/vectors,vectors,normal,1,normal,1,0.27301526069641113,0.7269847393035889
./out_ep/train/normal/nlung__CGTAGGCTCTCAAGTG_LUNG_N06/vectors,vectors,normal,1,normal,1,0.27584847807884216,0.7241514921188354
./out_ep/train/normal/nlung__CGACTTCCATTGGCGC_LUNG_N19/vectors,vectors,normal,1,normal,1,0.2879914939403534,0.712008535861969
./out_ep/train/normal/nlung__GTTTCTACACCCATTC_LUNG_N28/vectors,vectors,normal,1,normal,1,0.2784698009490967,0.7215301990509033
./out_ep/train/normal/nlung__CAAGATCCATTCTCAT_LUNG_N20/vectors,vectors,normal,1,normal,1,0.32065674662590027,0.6793432235717773
./out_ep/train/normal/nlung__AGCTCTCGTCCTCTTG_LUNG_N20/vectors,vectors,normal,1,normal,1,0.2771182656288147,0.7228817343711853
./out_ep/train/normal/nlung__CCGTGGAAGGAATTAC_LUNG_N30/vectors,vectors,normal,1,normal,1,0.2838945984840393,0.7161054611206055
./out_ep/train/normal/nlung__GCGCAACTCAAACCGT_LUNG_N20/vectors,vectors,normal,1,normal,1,0.28072571754455566,0.7192742824554443
./out_ep/train/normal/nlung__TACGGATAGGACGAAA_LUNG_N06/vectors,vectors,normal,1,normal,1,0.27959945797920227,0.7204006314277649
./out_ep/train/normal/nlung__ACTTACTCATGCAATC_LUNG_N31/vectors,vectors,normal,1,normal,1,0.31614822149276733,0.6838518381118774
./out_ep/train/normal/nlung__GCGCAACCATTGGTAC_LUNG_N34/vectors,vectors,normal,1,normal,1,0.2860165238380432,0.7139834761619568
./out_ep/train/normal/nlung__TGACGGCTCAGTTCGA_LUNG_N30/vectors,vectors,normal,1,normal,1,0.2834109365940094,0.716589093208313
./out_ep/train/normal/nlung__GAAGCAGGTCTGCCAG_LUNG_N31/vectors,vectors,normal,1,normal,1,0.2784913182258606,0.7215087413787842
./out_ep/train/normal/nlung__GCATGCGTCGCTTGTC_LUNG_N28/vectors,vectors,normal,1,normal,1,0.3057783246040344,0.6942217350006104
./out_ep/train/normal/nlung__ACTGAACTCGCCTGAG_LUNG_N09/vectors,vectors,normal,1,normal,1,0.2908124625682831,0.7091875076293945
./out_ep/train/normal/nlung__TGGGAAGGTACCGAGA_LUNG_N06/vectors,vectors,normal,1,normal,1,0.27381858229637146,0.7261813879013062
./out_ep/train/normal/nlung__CGCGTTTCAAAGGTGC_LUNG_N01/vectors,vectors,normal,1,normal,1,0.3555930554866791,0.6444069743156433
./out_ep/train/normal/nlung__AGATTGCTCGTCGTTC_LUNG_N09/vectors,vectors,normal,1,normal,1,0.29315146803855896,0.7068485021591187
./out_ep/train/normal/nlung__CGTCTACGTGAGTATA_LUNG_N28/vectors,vectors,normal,1,normal,1,0.2993547320365906,0.7006452083587646
./out_ep/train/normal/nlung__CCCAGTTTCATGCTCC_LUNG_N18/vectors,vectors,normal,1,normal,1,0.27443644404411316,0.7255635857582092
./out_ep/train/normal/nlung__TTGGCAACATTAGGCT_LUNG_N08/vectors,vectors,normal,1,normal,1,0.27696850895881653,0.7230314612388611
./out_ep/train/normal/nlung__TGTGGTACACGCTTTC_LUNG_N06/vectors,vectors,normal,1,normal,1,0.2755468189716339,0.7244531512260437
./out_ep/train/normal/nlung__GAACGGAAGCTAACTC_LUNG_N31/vectors,vectors,normal,1,normal,1,0.2800622582435608,0.7199377417564392
./out_ep/train/normal/nlung__GAACATCGTTCCGGCA_LUNG_N34/vectors,vectors,normal,1,normal,1,0.27583473920822144,0.7241652011871338
./out_ep/train/normal/nlung__TGCTGCTTCGAGGTAG_LUNG_N18/vectors,vectors,normal,1,normal,1,0.27569305896759033,0.7243069410324097
./out_ep/train/normal/nlung__CATGACATCCAAACTG_LUNG_N34/vectors,vectors,normal,1,normal,1,0.28818392753601074,0.7118160724639893
./out_ep/train/normal/nlung__CAGAGAGAGGAGTAGA_LUNG_N18/vectors,vectors,normal,1,normal,1,0.2734212577342987,0.7265786528587341
./out_ep/train/normal/nlung__AACACGTAGACTACAA_LUNG_N18/vectors,vectors,normal,1,normal,1,0.2788931131362915,0.721107006072998
./out_ep/train/normal/nlung__TTTCCTCGTTTAAGCC_LUNG_N09/vectors,vectors,normal,1,normal,1,0.28120508790016174,0.7187949419021606
./out_ep/train/normal/nlung__AAAGCAACATCGGAAG_LUNG_N34/vectors,vectors,normal,1,normal,1,0.27434679865837097,0.7256531715393066
./out_ep/train/normal/nlung__CTTAACTAGCTATGCT_LUNG_N01/vectors,vectors,normal,1,normal,1,0.2739141583442688,0.726085901260376
./out_ep/train/normal/nlung__GTACGTAGTAGCTCCG_LUNG_N08/vectors,vectors,normal,1,normal,1,0.2727806270122528,0.7272194027900696
./out_ep/train/normal/nlung__CGAGCCAGTATGAAAC_LUNG_N19/vectors,vectors,normal,1,normal,1,0.28019610047340393,0.7198039293289185
./out_ep/train/normal/nlung__AGTGTCATCAGTACGT_LUNG_N18/vectors,vectors,normal,1,normal,1,0.32183122634887695,0.678168773651123
./out_ep/train/normal/nlung__CGACCTTGTCAACTGT_LUNG_N01/vectors,vectors,normal,1,normal,1,0.2732439637184143,0.7267559766769409
./out_ep/train/normal/nlung__GGCAATTAGGCGCTCT_LUNG_N08/vectors,vectors,normal,1,normal,1,0.2741372287273407,0.7258627414703369
./out_ep/train/normal/nlung__CACAGGCGTCTTGTCC_LUNG_N18/vectors,vectors,normal,1,normal,1,0.2753519117832184,0.7246480584144592
./out_ep/train/normal/nlung__AAAGATGTCCGCATCT_LUNG_N18/vectors,vectors,normal,1,normal,1,0.290752649307251,0.7092472910881042
./out_ep/train/normal/nlung__TAAACCGAGTAGATGT_LUNG_N01/vectors,vectors,normal,1,normal,1,0.31978321075439453,0.6802167892456055
./out_ep/train/normal/nlung__CATCAAGAGGAGTACC_LUNG_N31/vectors,vectors,normal,1,normal,1,0.27885934710502625,0.7211406230926514
./out_ep/train/normal/nlung__CGTTAGAGTGATAAAC_LUNG_N28/vectors,vectors,normal,1,normal,1,0.2869194447994232,0.7130805850028992
./out_ep/train/normal/nlung__CGGACTGAGTGTACGG_LUNG_N19/vectors,vectors,normal,1,normal,1,0.27781572937965393,0.7221843004226685
./out_ep/train/normal/nlung__AGCGGTCCAAATTGCC_LUNG_N09/vectors,vectors,normal,1,normal,1,0.31962719559669495,0.6803727746009827
./out_ep/train/normal/nlung__CACAAACGTCACAAGG_LUNG_N28/vectors,vectors,normal,1,normal,1,0.29165026545524597,0.7083497047424316
./out_ep/train/normal/nlung__AGGCCGTAGGTCGGAT_LUNG_N34/vectors,vectors,normal,1,normal,1,0.2793352007865906,0.7206648588180542
./out_ep/train/normal/nlung__ATTTCTGTCTCGAGTA_LUNG_N34/vectors,vectors,normal,1,normal,1,0.27771317958831787,0.7222868204116821
./out_ep/train/normal/nlung__GATTCAGAGCGTGTCC_LUNG_N18/vectors,vectors,normal,1,normal,1,0.2734682559967041,0.7265317440032959
./out_ep/train/normal/nlung__AGGTCATCAATCGGTT_LUNG_N09/vectors,vectors,normal,1,normal,1,0.2774316966533661,0.7225683331489563
./out_ep/train/normal/nlung__CGTTCTGGTGGCAAAC_LUNG_N08/vectors,vectors,normal,1,normal,1,0.27294108271598816,0.7270589470863342
./out_ep/train/normal/nlung__CTACCCACATGCCTTC_LUNG_N06/vectors,vectors,normal,1,normal,1,0.2731197774410248,0.7268802523612976
./out_ep/train/normal/nlung__TCTGGAATCCGTCATC_LUNG_N34/vectors,vectors,normal,1,normal,1,0.2752758264541626,0.7247241735458374
./out_ep/train/normal/nlung__ACATGGTCACGAAACG_LUNG_N09/vectors,vectors,normal,1,normal,1,0.28375038504600525,0.7162496447563171
./out_ep/train/normal/nlung__CATCGAAGTCAGAAGC_LUNG_N06/vectors,vectors,normal,1,normal,1,0.2730183005332947,0.7269816994667053
./out_ep/train/normal/nlung__CGGGTCATCACAATGC_LUNG_N01/vectors,vectors,normal,1,normal,1,0.2893654704093933,0.7106346487998962
./out_ep/train/normal/nlung__AGTGGGATCTAAGCCA_LUNG_N09/vectors,vectors,normal,1,normal,1,0.2795042097568512,0.720495879650116
./out_ep/train/normal/nlung__GTATCTTGTCAAAGCG_LUNG_N34/vectors,vectors,normal,1,normal,1,0.2768600583076477,0.7231399416923523
./out_ep/train/normal/nlung__ACTGCTCGTAATCGTC_LUNG_N34/vectors,vectors,normal,1,normal,1,0.2987198829650879,0.7012801170349121
./out_ep/train/normal/nlung__GGCGACTTCATGCAAC_LUNG_N19/vectors,vectors,normal,1,normal,1,0.31125015020370483,0.6887497901916504
./out_ep/train/normal/nlung__TCTTTCCAGTTCGATC_LUNG_N28/vectors,vectors,normal,1,normal,1,0.27553004026412964,0.7244699001312256
./out_ep/train/normal/nlung__TAGACCAGTACGAAAT_LUNG_N31/vectors,vectors,normal,1,normal,1,0.2745351791381836,0.7254647612571716
./out_ep/train/normal/nlung__AAGGCAGTCTCTTGAT_LUNG_N18/vectors,vectors,normal,1,normal,1,0.29322418570518494,0.7067757844924927
./out_ep/train/normal/nlung__CTGCTGTGTCAAGCGA_LUNG_N18/vectors,vectors,normal,1,normal,1,0.2732151746749878,0.7267848253250122
./out_ep/train/normal/nlung__TCAGGATTCCTGCAGG_LUNG_N08/vectors,vectors,normal,1,normal,1,0.2747054100036621,0.7252945899963379
./out_ep/train/normal/nlung__AATCGGTAGACGCAAC_LUNG_N18/vectors,vectors,normal,1,normal,1,0.28015148639678955,0.7198485732078552
./out_ep/train/normal/nlung__GGATGTTTCTGGTATG_LUNG_N09/vectors,vectors,normal,1,normal,1,0.281808465719223,0.7181915640830994
./out_ep/train/normal/nlung__CTCGTCAGTCTAGCCG_LUNG_N18/vectors,vectors,normal,1,normal,1,0.2758515179157257,0.7241484522819519
./out_ep/train/normal/nlung__CAGTAACGTTGGAGGT_LUNG_N31/vectors,vectors,normal,1,normal,1,0.27688753604888916,0.7231125235557556
./out_ep/train/normal/nlung__TCTATTGTCCTAGTGA_LUNG_N30/vectors,vectors,normal,1,normal,1,0.30016347765922546,0.6998365521430969
./out_ep/train/normal/nlung__GTGCGGTAGTAGGTGC_LUNG_N08/vectors,vectors,normal,1,normal,1,0.29315146803855896,0.7068485021591187
./out_ep/train/normal/nlung__AACTCTTAGTTAGGTA_LUNG_N28/vectors,vectors,normal,1,normal,1,0.27468109130859375,0.7253188490867615
./out_ep/train/normal/nlung__CACAGGCGTGTGCCTG_LUNG_N18/vectors,vectors,normal,1,normal,1,0.27781879901885986,0.7221812605857849
./out_ep/train/normal/nlung__AGTGAGGTCACGGTTA_LUNG_N09/vectors,vectors,normal,1,normal,1,0.2859308421611786,0.7140691876411438
./out_ep/train/normal/nlung__TTCTCCTTCCTATGTT_LUNG_N34/vectors,vectors,normal,1,normal,1,0.28998079895973206,0.7100191712379456
./out_ep/train/normal/nlung__GTTCGGGCAGCCAGAA_LUNG_N31/vectors,vectors,normal,1,normal,1,0.27803927659988403,0.721960723400116
./out_ep/train/normal/nlung__GAAACTCTCATCATTC_LUNG_N09/vectors,vectors,normal,1,normal,1,0.27712589502334595,0.722874104976654
./out_ep/train/normal/nlung__GCTCTGTCAAGGTTTC_LUNG_N19/vectors,vectors,normal,1,normal,1,0.2984018921852112,0.701598048210144
./out_ep/train/normal/nlung__GAATGAATCGTACCGG_LUNG_N28/vectors,vectors,normal,1,normal,1,0.2965635359287262,0.7034364342689514
./out_ep/train/normal/nlung__GTCAAGTAGAGGTACC_LUNG_N20/vectors,vectors,normal,1,normal,1,0.3177420496940613,0.682257890701294
./out_ep/train/normal/nlung__CCTCTGAAGTACGACG_LUNG_N31/vectors,vectors,normal,1,normal,1,0.2738913893699646,0.7261086106300354
./out_ep/train/normal/nlung__AGAGTGGAGCTCCCAG_LUNG_N34/vectors,vectors,normal,1,normal,1,0.28104475140571594,0.7189552783966064
./out_ep/train/normal/nlung__CTGATCCGTTTGTGTG_LUNG_N34/vectors,vectors,normal,1,normal,1,0.3006557524204254,0.699344277381897
./out_ep/train/normal/nlung__CGTTCTGGTGCAGACA_LUNG_N31/vectors,vectors,normal,1,normal,1,0.2733803689479828,0.7266196608543396
./out_ep/train/normal/nlung__AGCTCTCCATCATCCC_LUNG_N28/vectors,vectors,normal,1,normal,1,0.3039190173149109,0.6960809826850891
./out_ep/train/normal/nlung__TGCCCATGTGGCGAAT_LUNG_N08/vectors,vectors,normal,1,normal,1,0.2759048640727997,0.7240951061248779
./out_ep/train/normal/nlung__GTGGGTCGTAGGCTGA_LUNG_N18/vectors,vectors,normal,1,normal,1,0.2820802927017212,0.7179197072982788
./out_ep/train/normal/nlung__AACTCTTGTATGAATG_LUNG_N18/vectors,vectors,normal,1,normal,1,0.28056707978248596,0.7194329500198364
./out_ep/train/normal/nlung__TTTGCGCCACCCATTC_LUNG_N19/vectors,vectors,normal,1,normal,1,0.29996317625045776,0.7000367641448975
./out_ep/train/normal/nlung__TGAGGGACACGTCTCT_LUNG_N34/vectors,vectors,normal,1,normal,1,0.27650731801986694,0.7234926819801331
./out_ep/train/normal/nlung__ATCCACCAGGCTCTTA_LUNG_N08/vectors,vectors,normal,1,normal,1,0.2776014804840088,0.7223985195159912
./out_ep/train/normal/nlung__CACAGTATCCGCGTTT_LUNG_N19/vectors,vectors,normal,1,normal,1,0.3018377125263214,0.6981622576713562
./out_ep/train/normal/nlung__TTGACTTCAGGCTGAA_LUNG_N34/vectors,vectors,normal,1,normal,1,0.2740021347999573,0.725997805595398
./out_ep/train/normal/nlung__GTCTCGTTCCTTCAAT_LUNG_N19/vectors,vectors,normal,1,normal,1,0.28568634390830994,0.7143136858940125
./out_ep/train/normal/nlung__GATCTAGGTACACCGC_LUNG_N01/vectors,vectors,normal,1,normal,1,0.27839624881744385,0.7216037511825562
./out_ep/train/normal/nlung__TACGGTAAGATGTGTA_LUNG_N08/vectors,vectors,normal,1,normal,1,0.28058403730392456,0.7194160223007202
./out_ep/train/normal/nlung__ACATGGTGTTGACGTT_LUNG_N19/vectors,vectors,normal,1,normal,1,0.4144229292869568,0.5855770707130432
./out_ep/train/normal/nlung__GACTAACAGCCAGTTT_LUNG_N28/vectors,vectors,normal,1,normal,1,0.32176461815834045,0.6782354116439819
./out_ep/train/normal/nlung__AGGCCGTGTGATAAAC_LUNG_N20/vectors,vectors,normal,1,normal,1,0.2955045998096466,0.704495370388031
./out_ep/train/normal/nlung__TGAGGGAGTCTAAACC_LUNG_N28/vectors,vectors,normal,1,normal,1,0.2751266658306122,0.7248733043670654
./out_ep/train/normal/nlung__TTTGCGCCACGAGAGT_LUNG_N09/vectors,vectors,normal,1,normal,1,0.32369399070739746,0.6763060092926025
./out_ep/train/normal/nlung__TTCCCAGTCTCTGAGA_LUNG_N09/vectors,vectors,normal,1,normal,1,0.275679349899292,0.724320650100708
./out_ep/train/normal/nlung__CGAGAAGGTCAAAGCG_LUNG_N31/vectors,vectors,normal,1,normal,1,0.3921458423137665,0.6078540682792664
./out_ep/train/normal/nlung__CTACGTCGTGACTACT_LUNG_N09/vectors,vectors,normal,1,normal,1,0.29291120171546936,0.7070887088775635
./out_ep/train/normal/nlung__CAGCATAGTTATCACG_LUNG_N20/vectors,vectors,normal,1,normal,1,0.29103124141693115,0.7089687585830688
./out_ep/train/normal/nlung__ACGGGCTAGATGTGGC_LUNG_N31/vectors,vectors,normal,1,normal,1,0.2923095226287842,0.707690417766571
./out_ep/train/normal/nlung__CAGTAACAGGTACTCT_LUNG_N34/vectors,vectors,normal,1,normal,1,0.27358347177505493,0.7264164686203003
./out_ep/train/normal/nlung__GTTCGGGCAAGACACG_LUNG_N30/vectors,vectors,normal,1,normal,1,0.3185895085334778,0.681410551071167
./out_ep/train/normal/nlung__TACGGTAGTTATTCTC_LUNG_N34/vectors,vectors,normal,1,normal,1,0.27780959010124207,0.7221903800964355
./out_ep/train/normal/nlung__AGAGTGGCAATTCCTT_LUNG_N18/vectors,vectors,normal,1,normal,1,0.2867400050163269,0.7132599949836731
./out_ep/train/normal/nlung__AACTTTCCAGGTTTCA_LUNG_N20/vectors,vectors,normal,1,normal,1,0.2816447913646698,0.7183552980422974
./out_ep/train/normal/nlung__ATTACTCCACAAGACG_LUNG_N31/vectors,vectors,normal,1,normal,1,0.3147938847541809,0.6852061152458191
./out_ep/train/normal/nlung__GGTGTTATCTAGAGTC_LUNG_N34/vectors,vectors,normal,1,normal,1,0.2768264710903168,0.7231736183166504
./out_ep/train/normal/nlung__AAGACCTTCGTCCAGG_LUNG_N06/vectors,vectors,normal,1,normal,1,0.27690890431404114,0.7230910658836365
./out_ep/train/normal/nlung__AGAGCGACATCACGTA_LUNG_N20/vectors,vectors,normal,1,normal,1,0.28005146980285645,0.7199485301971436
./out_ep/train/normal/nlung__ACCTTTAAGAAGGCCT_LUNG_N01/vectors,vectors,normal,1,normal,1,0.2838325500488281,0.7161675095558167
./out_ep/train/normal/nlung__GGAACTTAGAAGGTGA_LUNG_N19/vectors,vectors,normal,1,normal,1,0.2767393887042999,0.7232605814933777
./out_ep/train/normal/nlung__GGAATAAGTCTAAAGA_LUNG_N19/vectors,vectors,normal,1,normal,1,0.34586262702941895,0.654137372970581
./out_ep/train/normal/nlung__GCTGCTTAGGCCCTCA_LUNG_N30/vectors,vectors,normal,1,normal,1,0.2869085371494293,0.7130914926528931
./out_ep/train/normal/nlung__CAGCAGCAGCTGCCCA_LUNG_N01/vectors,vectors,normal,1,normal,1,0.28155219554901123,0.7184478044509888
./out_ep/train/normal/nlung__ATTGGTGTCTGTACGA_LUNG_N08/vectors,vectors,normal,1,normal,1,0.27686309814453125,0.7231369614601135
./out_ep/train/normal/nlung__TGTATTCGTACCGGCT_LUNG_N19/vectors,vectors,normal,1,normal,1,0.28934818506240845,0.7106518149375916
./out_ep/train/normal/nlung__AGGTCATTCTTATCTG_LUNG_N08/vectors,vectors,normal,1,normal,1,0.3710458278656006,0.6289541721343994
./out_ep/train/normal/nlung__CAGATCAGTGAAATCA_LUNG_N34/vectors,vectors,normal,1,normal,1,0.27617016434669495,0.7238298654556274
./out_ep/train/normal/nlung__GCGACCAAGTCGCCGT_LUNG_N34/vectors,vectors,normal,1,normal,1,0.27470237016677856,0.7252976894378662
./out_ep/train/normal/nlung__GTACTCCTCCGAAGAG_LUNG_N08/vectors,vectors,normal,1,normal,1,0.2782445549964905,0.7217555046081543
./out_ep/train/normal/nlung__ATCCGAATCTGGTGTA_LUNG_N30/vectors,vectors,normal,1,normal,1,0.27629679441452026,0.7237032651901245
./out_ep/train/normal/nlung__CCTACCACAGCTGTGC_LUNG_N09/vectors,vectors,normal,1,normal,1,0.3052230775356293,0.6947768926620483
./out_ep/train/normal/nlung__CTAGAGTGTCGAAAGC_LUNG_N34/vectors,vectors,normal,1,normal,1,0.2900891900062561,0.7099107503890991
./out_ep/train/normal/nlung__TTCCCAGGTAGAAAGG_LUNG_N28/vectors,vectors,normal,1,normal,1,0.3528757393360138,0.6471242904663086
./out_ep/train/normal/nlung__CTGCTGTGTCGGCATC_LUNG_N18/vectors,vectors,normal,1,normal,1,0.2734728455543518,0.726527214050293
./out_ep/train/normal/nlung__CCTAGCTGTCGACTAT_LUNG_N09/vectors,vectors,normal,1,normal,1,0.3122880756855011,0.6877118945121765
./out_ep/train/normal/nlung__GGGTTGCGTTCTGAAC_LUNG_N18/vectors,vectors,normal,1,normal,1,0.2775479257106781,0.7224520444869995
./out_ep/train/normal/nlung__TACCTATGTTTCCACC_LUNG_N01/vectors,vectors,normal,1,normal,1,0.273650199174881,0.7263497710227966
./out_ep/train/normal/nlung__GACTGCGTCTACTATC_LUNG_N06/vectors,vectors,normal,1,normal,1,0.27404463291168213,0.7259553074836731
./out_ep/train/normal/nlung__CTACACCTCGCACTCT_LUNG_N30/vectors,vectors,normal,1,normal,1,0.2733151614665985,0.7266847491264343
./out_ep/train/normal/nlung__GTATCTTGTCTGATTG_LUNG_N31/vectors,vectors,normal,1,normal,1,0.2809753715991974,0.719024658203125
./out_ep/train/normal/nlung__TGTATTCCATCACGAT_LUNG_N31/vectors,vectors,normal,1,normal,1,0.275147944688797,0.7248520255088806
./out_ep/train/normal/nlung__GAATAAGTCAACACTG_LUNG_N28/vectors,vectors,normal,1,normal,1,0.278548002243042,0.721451997756958
./out_ep/train/normal/nlung__CAGTAACCAAATACAG_LUNG_N20/vectors,vectors,normal,1,normal,1,0.28270798921585083,0.7172920107841492
./out_ep/train/normal/nlung__TTCTACAGTTGTTTGG_LUNG_N28/vectors,vectors,normal,1,normal,1,0.30066215991973877,0.6993378400802612
./out_ep/train/normal/nlung__CGATCGGTCTTTACGT_LUNG_N09/vectors,vectors,normal,1,normal,1,0.30417731404304504,0.6958226561546326
./out_ep/train/normal/nlung__GCTGGGTTCGTGTAGT_LUNG_N18/vectors,vectors,normal,1,normal,1,0.2747510075569153,0.7252489924430847
./out_ep/train/normal/nlung__TATCTCAGTATAAACG_LUNG_N30/vectors,vectors,normal,1,normal,1,0.29245951771736145,0.7075405120849609
./out_ep/train/normal/nlung__ATAGACCCACCACGTG_LUNG_N18/vectors,vectors,normal,1,normal,1,0.27356529235839844,0.7264347076416016
./out_ep/train/normal/nlung__TTCTCAACAATTGCTG_LUNG_N09/vectors,vectors,normal,1,normal,1,0.2823847830295563,0.7176153063774109
./out_ep/train/normal/nlung__CAGCAGCCAACCGCCA_LUNG_N09/vectors,vectors,normal,1,normal,1,0.283458948135376,0.716541051864624
./out_ep/train/normal/nlung__ACTATCTTCGTCTGCT_LUNG_N09/vectors,vectors,normal,1,normal,1,0.3014198839664459,0.6985800862312317
./out_ep/train/normal/nlung__GCACATACAATCCAAC_LUNG_N09/vectors,vectors,normal,1,normal,1,0.3268771469593048,0.6731228828430176
./out_ep/train/normal/nlung__GGTATTGTCCCGGATG_LUNG_N19/vectors,vectors,normal,1,normal,1,0.30582693219184875,0.6941730976104736
./out_ep/train/normal/nlung__GACAGAGGTTCACCTC_LUNG_N09/vectors,vectors,normal,1,normal,1,0.29970529675483704,0.7002946734428406
./out_ep/train/normal/nlung__AACTCAGAGCCAGAAC_LUNG_N34/vectors,vectors,normal,1,normal,1,0.2751571238040924,0.7248428463935852
./out_ep/train/normal/nlung__TCACGAACACGCTTTC_LUNG_N34/vectors,vectors,normal,1,normal,1,0.2761366069316864,0.7238633632659912
./out_ep/train/normal/nlung__GCTTCCAAGCTTTGGT_LUNG_N18/vectors,vectors,normal,1,normal,1,0.2934044599533081,0.7065954804420471
./out_ep/train/normal/nlung__CGATCGGAGTATCTCG_LUNG_N01/vectors,vectors,normal,1,normal,1,0.370462030172348,0.6295379996299744
./out_ep/train/normal/nlung__GGACATTCACCAACCG_LUNG_N09/vectors,vectors,normal,1,normal,1,0.2851961851119995,0.7148038744926453
./out_ep/train/normal/nlung__GGGTCTGGTAGCCTCG_LUNG_N09/vectors,vectors,normal,1,normal,1,0.283782958984375,0.7162171602249146
./out_ep/train/normal/nlung__GGCCGATCACGGTAGA_LUNG_N30/vectors,vectors,normal,1,normal,1,0.27384740114212036,0.7261525988578796
./out_ep/train/normal/nlung__ACGAGCCTCTCGGACG_LUNG_N01/vectors,vectors,normal,1,normal,1,0.33370843529701233,0.6662915349006653
./out_ep/train/normal/nlung__AAGTCTGTCTGTCCGT_LUNG_N18/vectors,vectors,normal,1,normal,1,0.27359259128570557,0.7264074087142944
./out_ep/train/normal/nlung__GAAACTCTCTCGTTTA_LUNG_N31/vectors,vectors,normal,1,normal,1,0.27435436844825745,0.7256456017494202
./out_ep/train/normal/nlung__TCGAGGCCAAAGGAAG_LUNG_N28/vectors,vectors,normal,1,normal,1,0.35319983959198,0.64680016040802
./out_ep/train/normal/nlung__TAAGCGTGTGTGAATA_LUNG_N19/vectors,vectors,normal,1,normal,1,0.4444630444049835,0.5555369257926941
./out_ep/train/normal/nlung__AGACGTTCACCCATGG_LUNG_N30/vectors,vectors,normal,1,normal,1,0.2946222722530365,0.7053776979446411
./out_ep/train/normal/nlung__ACTGATGAGCGCCTCA_LUNG_N08/vectors,vectors,normal,1,normal,1,0.2741144597530365,0.7258855104446411
./out_ep/train/normal/nlung__TCTGGAAAGCTGATAA_LUNG_N06/vectors,vectors,normal,1,normal,1,0.27300164103507996,0.7269983887672424
./out_ep/train/normal/nlung__ACGAGGATCTCTTATG_LUNG_N30/vectors,vectors,normal,1,normal,1,0.2752225399017334,0.7247774600982666
./out_ep/train/normal/nlung__GAGCAGAAGTCATCCA_LUNG_N18/vectors,vectors,normal,1,normal,1,0.2807519733905792,0.7192481756210327
./out_ep/train/normal/nlung__CAGATCAAGTCGTACT_LUNG_N31/vectors,vectors,normal,1,normal,1,0.278022438287735,0.7219775319099426
./out_ep/train/normal/nlung__GCACTCTTCCTTTCTC_LUNG_N09/vectors,vectors,normal,1,normal,1,0.28245124220848083,0.7175487875938416
./out_ep/train/normal/nlung__ACACTGATCGCACTCT_LUNG_N09/vectors,vectors,normal,1,normal,1,0.2916707396507263,0.7083291411399841
./out_ep/train/normal/nlung__GCTCCTACATGCCACG_LUNG_N08/vectors,vectors,normal,1,normal,1,0.27482855319976807,0.7251714468002319
./out_ep/train/normal/nlung__TTGCCGTCAAATTGCC_LUNG_N18/vectors,vectors,normal,1,normal,1,0.27520430088043213,0.7247957587242126
./out_ep/train/normal/nlung__GCATACATCTCTGAGA_LUNG_N31/vectors,vectors,normal,1,normal,1,0.2788071930408478,0.7211928367614746
./out_ep/train/normal/nlung__CGATGGCTCAGCTCTC_LUNG_N01/vectors,vectors,normal,1,normal,1,0.2863547205924988,0.7136452794075012
./out_ep/train/normal/nlung__TTGAACGGTTGATTCG_LUNG_N34/vectors,vectors,normal,1,normal,1,0.36015671491622925,0.6398433446884155
./out_ep/train/normal/nlung__ACACCGGCAGACAGGT_LUNG_N30/vectors,vectors,normal,1,normal,1,0.2767913043498993,0.7232086658477783
./out_ep/train/normal/nlung__GCAAACTAGTGGAGAA_LUNG_N31/vectors,vectors,normal,1,normal,1,0.2921501696109772,0.7078498005867004
./out_ep/train/normal/nlung__CGTTAGAAGGGAAACA_LUNG_N28/vectors,vectors,normal,1,normal,1,0.2794734835624695,0.7205265760421753
./out_ep/train/normal/nlung__ATTTCTGAGTGTGAAT_LUNG_N28/vectors,vectors,normal,1,normal,1,0.2948538064956665,0.7051461935043335
./out_ep/train/normal/nlung__CACACTCCAAGGGTCA_LUNG_N34/vectors,vectors,normal,1,normal,1,0.2803238332271576,0.7196762561798096
./out_ep/train/normal/nlung__CGCTGGACACTCGACG_LUNG_N34/vectors,vectors,normal,1,normal,1,0.2755849063396454,0.724415123462677
./out_ep/train/normal/nlung__GTGCATAAGTCACGCC_LUNG_N09/vectors,vectors,normal,1,normal,1,0.27977311611175537,0.7202268838882446
./out_ep/train/normal/nlung__TTGCGTCAGGTAGCCA_LUNG_N18/vectors,vectors,normal,1,normal,1,0.2768264710903168,0.7231736183166504
./out_ep/train/normal/nlung__GTTAAGCCATGCCTTC_LUNG_N09/vectors,vectors,normal,1,normal,1,0.2894674241542816,0.7105326056480408
./out_ep/train/normal/nlung__GGTATTGTCATCACCC_LUNG_N06/vectors,vectors,normal,1,normal,1,0.2728941738605499,0.7271058559417725
./out_ep/train/normal/nlung__TGTATTCCAGCATACT_LUNG_N18/vectors,vectors,normal,1,normal,1,0.3052813410758972,0.6947186589241028
./out_ep/train/normal/nlung__TTGCGTCAGGCTAGCA_LUNG_N09/vectors,vectors,normal,1,normal,1,0.3146951496601105,0.6853047609329224
./out_ep/train/normal/nlung__AAATGCCCAAGAGTCG_LUNG_N30/vectors,vectors,normal,1,normal,1,0.27482855319976807,0.7251714468002319
./out_ep/train/normal/nlung__AGCTTGACAAATTGCC_LUNG_N30/vectors,vectors,normal,1,normal,1,0.27587589621543884,0.7241240739822388
./out_ep/train/normal/nlung__AGCCTAACACGACTCG_LUNG_N34/vectors,vectors,normal,1,normal,1,0.32245931029319763,0.67754065990448
./out_ep/train/normal/nlung__CGGACACTCTTAACCT_LUNG_N34/vectors,vectors,normal,1,normal,1,0.27532756328582764,0.7246724367141724
./out_ep/train/normal/nlung__AATCCAGAGACAAGCC_LUNG_N09/vectors,vectors,normal,1,normal,1,0.27702048420906067,0.7229796051979065
./out_ep/train/normal/nlung__TGTGGTACAAGCCATT_LUNG_N28/vectors,vectors,normal,1,normal,1,0.28121432662010193,0.7187857031822205
./out_ep/train/normal/nlung__AGTGAGGCATCATCCC_LUNG_N31/vectors,vectors,normal,1,normal,1,0.2733546197414398,0.7266454100608826
./out_ep/train/normal/nlung__GGCTGGTAGCCCAACC_LUNG_N30/vectors,vectors,normal,1,normal,1,0.2753991186618805,0.7246008515357971
./out_ep/train/normal/nlung__ACATACGAGGATGGTC_LUNG_N01/vectors,vectors,normal,1,normal,1,0.2931767702102661,0.7068232297897339
./out_ep/train/normal/nlung__TACTCGCTCGCAGGCT_LUNG_N18/vectors,vectors,normal,1,normal,1,0.28601497411727905,0.7139850854873657
./out_ep/train/normal/nlung__TACCTATGTATTCTCT_LUNG_N34/vectors,vectors,normal,1,normal,1,0.27406740188598633,0.7259325385093689
./out_ep/train/normal/nlung__TTGAACGAGCCACTAT_LUNG_N06/vectors,vectors,normal,1,normal,1,0.2748255133628845,0.7251744270324707
./out_ep/train/normal/nlung__TGAGGGATCCAGATCA_LUNG_N34/vectors,vectors,normal,1,normal,1,0.2908942997455597,0.7091056704521179
./out_ep/train/normal/nlung__CATGGCGTCTCTTGAT_LUNG_N34/vectors,vectors,normal,1,normal,1,0.27693337202072144,0.7230666279792786
./out_ep/train/normal/nlung__GTCACAAAGAATGTGT_LUNG_N06/vectors,vectors,normal,1,normal,1,0.27312734723091125,0.7268726825714111
./out_ep/train/normal/nlung__CTTCTCTAGGACACCA_LUNG_N34/vectors,vectors,normal,1,normal,1,0.33415985107421875,0.665840208530426
./out_ep/train/normal/nlung__TTAACTCTCGCGTTTC_LUNG_N20/vectors,vectors,normal,1,normal,1,0.2745230197906494,0.7254769206047058
./out_ep/train/normal/nlung__GATCGTAGTAGGGTAC_LUNG_N20/vectors,vectors,normal,1,normal,1,0.28390854597091675,0.7160914540290833
./out_ep/train/normal/nlung__AAACCTGGTAGAGTGC_LUNG_N09/vectors,vectors,normal,1,normal,1,0.2945842444896698,0.7054157853126526
./out_ep/train/normal/nlung__TACAGTGGTGGTAACG_LUNG_N01/vectors,vectors,normal,1,normal,1,0.3255389928817749,0.6744611263275146
./out_ep/train/normal/nlung__TTATGCTGTCAACATC_LUNG_N09/vectors,vectors,normal,1,normal,1,0.2831042408943176,0.7168957591056824
./out_ep/train/normal/nlung__AACACGTTCTTGAGGT_LUNG_N20/vectors,vectors,normal,1,normal,1,0.2931356728076935,0.7068643569946289
./out_ep/train/normal/nlung__ACTTGTTCAAGTAATG_LUNG_N34/vectors,vectors,normal,1,normal,1,0.2731424868106842,0.7268575429916382
./out_ep/train/normal/nlung__AAACCTGAGTCGCCGT_LUNG_N30/vectors,vectors,normal,1,normal,1,0.2748863399028778,0.7251136898994446
./out_ep/train/normal/nlung__AGATTGCGTGGGTCAA_LUNG_N08/vectors,vectors,normal,1,normal,1,0.27725428342819214,0.7227456569671631
./out_ep/train/normal/nlung__ACAGCCGTCGTAGGTT_LUNG_N06/vectors,vectors,normal,1,normal,1,0.27396726608276367,0.7260327339172363
./out_ep/train/normal/nlung__TACTCGCTCAAAGACA_LUNG_N19/vectors,vectors,normal,1,normal,1,0.3183079957962036,0.6816920042037964
./out_ep/train/normal/nlung__CGTAGCGGTAATTGGA_LUNG_N30/vectors,vectors,normal,1,normal,1,0.29135873913764954,0.7086411714553833
./out_ep/train/normal/nlung__CGTGTCTCATGACGGA_LUNG_N28/vectors,vectors,normal,1,normal,1,0.2781403362751007,0.7218596339225769
./out_ep/train/normal/nlung__AGTGAGGAGAGGTTGC_LUNG_N08/vectors,vectors,normal,1,normal,1,0.2756442725658417,0.7243556976318359
./out_ep/train/normal/nlung__GGAGCAACAATGTTGC_LUNG_N20/vectors,vectors,normal,1,normal,1,0.2750871181488037,0.7249129414558411
./out_ep/train/normal/nlung__CGTAGCGCACCAGTTA_LUNG_N09/vectors,vectors,normal,1,normal,1,0.3006974160671234,0.6993025541305542
./out_ep/train/normal/nlung__AACACGTTCACTCCTG_LUNG_N34/vectors,vectors,normal,1,normal,1,0.3486364781856537,0.6513635516166687
./out_ep/train/normal/nlung__ATCTGCCAGGTGGGTT_LUNG_N30/vectors,vectors,normal,1,normal,1,0.2758423984050751,0.7241576313972473
./out_ep/train/normal/nlung__CGGAGCTGTCCATGAT_LUNG_N34/vectors,vectors,normal,1,normal,1,0.27309852838516235,0.7269014716148376
./out_ep/train/normal/nlung__AAGCCGCGTGTCTGAT_LUNG_N18/vectors,vectors,normal,1,normal,1,0.2736774981021881,0.7263225317001343
./out_ep/train/normal/nlung__AAAGTAGGTCTCATCC_LUNG_N20/vectors,vectors,normal,1,normal,1,0.2912910580635071,0.7087089419364929
./out_ep/train/normal/nlung__CTAGAGTAGATATGCA_LUNG_N08/vectors,vectors,normal,1,normal,1,0.27577686309814453,0.7242231965065002
./out_ep/train/normal/nlung__AGTCTTTAGTCGCCGT_LUNG_N08/vectors,vectors,normal,1,normal,1,0.2752377390861511,0.7247622013092041
./out_ep/train/normal/nlung__AACCGCGAGTGAAGAG_LUNG_N08/vectors,vectors,normal,1,normal,1,0.27512213587760925,0.7248778939247131
./out_ep/train/normal/nlung__ATGAGGGTCGATGAGG_LUNG_N19/vectors,vectors,normal,1,normal,1,0.2876380980014801,0.7123620510101318
./out_ep/train/normal/nlung__TCAGGATAGCGGCTTC_LUNG_N28/vectors,vectors,normal,1,normal,1,0.28764116764068604,0.712358832359314
./out_ep/train/normal/nlung__ATGTGTGTCACAAACC_LUNG_N01/vectors,vectors,normal,1,normal,1,0.2760634422302246,0.7239365577697754
./out_ep/train/normal/nlung__CTGTGCTAGTTGAGAT_LUNG_N30/vectors,vectors,normal,1,normal,1,0.2884218990802765,0.7115781307220459
./out_ep/train/normal/nlung__AAACGGGTCCTGCTTG_LUNG_N09/vectors,vectors,normal,1,normal,1,0.3219194710254669,0.6780804991722107
./out_ep/train/normal/nlung__CCACCTAAGCCAGGAT_LUNG_N19/vectors,vectors,normal,1,normal,1,0.27772387862205505,0.7222760915756226
./out_ep/train/normal/nlung__TTAGGACCAGGTCCAC_LUNG_N31/vectors,vectors,normal,1,normal,1,0.28944388031959534,0.710556149482727
./out_ep/train/normal/nlung__GTATTCTAGTGGTCCC_LUNG_N30/vectors,vectors,normal,1,normal,1,0.2761259078979492,0.7238740921020508
./out_ep/train/normal/nlung__TAGTTGGCATTAACCG_LUNG_N30/vectors,vectors,normal,1,normal,1,0.2808181643486023,0.7191818952560425
./out_ep/train/normal/nlung__CGTCCATGTAGTGAAT_LUNG_N08/vectors,vectors,normal,1,normal,1,0.308008074760437,0.691991925239563
./out_ep/train/normal/nlung__TGCGCAGCAAGTAGTA_LUNG_N31/vectors,vectors,normal,1,normal,1,0.27424201369285583,0.7257579565048218
./out_ep/train/normal/nlung__ACGCCAGCAATGACCT_LUNG_N01/vectors,vectors,normal,1,normal,1,0.30552083253860474,0.6944791078567505
./out_ep/train/normal/nlung__CGTCACTGTGACTCAT_LUNG_N01/vectors,vectors,normal,1,normal,1,0.289448618888855,0.7105514407157898
./out_ep/train/normal/nlung__CTACCCATCCCTCAGT_LUNG_N08/vectors,vectors,normal,1,normal,1,0.27397939562797546,0.7260206341743469
./out_ep/train/normal/nlung__ATAACGCAGCGATTCT_LUNG_N30/vectors,vectors,normal,1,normal,1,0.27393388748168945,0.7260661125183105
./out_ep/train/normal/nlung__CAAGGCCAGCCGCCTA_LUNG_N19/vectors,vectors,normal,1,normal,1,0.34877681732177734,0.6512231826782227
./out_ep/train/normal/nlung__GATCGATCAATGAAAC_LUNG_N18/vectors,vectors,normal,1,normal,1,0.28613027930259705,0.7138697504997253
./out_ep/train/normal/nlung__TGGCCAGTCTAACGGT_LUNG_N28/vectors,vectors,normal,1,normal,1,0.29663199186325073,0.703368067741394
./out_ep/train/normal/nlung__TTGAACGGTCTGATTG_LUNG_N08/vectors,vectors,normal,1,normal,1,0.27294108271598816,0.7270589470863342
./out_ep/train/normal/nlung__ATGAGGGGTTCAGGCC_LUNG_N01/vectors,vectors,normal,1,normal,1,0.28022533655166626,0.7197746634483337
./out_ep/train/normal/nlung__GCGCGATGTAAATACG_LUNG_N01/vectors,vectors,normal,1,normal,1,0.2888135015964508,0.7111865282058716
./out_ep/train/normal/nlung__TTTATGCGTCTCCCTA_LUNG_N30/vectors,vectors,normal,1,normal,1,0.29567936062812805,0.7043206095695496
./out_ep/train/normal/nlung__ACACCAAGTCTAAAGA_LUNG_N31/vectors,vectors,normal,1,normal,1,0.2928859293460846,0.707114040851593
./out_ep/train/normal/nlung__TGAGCATCAAGTTAAG_LUNG_N09/vectors,vectors,normal,1,normal,1,0.2869163751602173,0.7130836844444275
./out_ep/train/normal/nlung__ACATGGTGTTAAGACA_LUNG_N31/vectors,vectors,normal,1,normal,1,0.2741266191005707,0.7258734107017517
./out_ep/train/normal/nlung__ATTACTCAGCGTAGTG_LUNG_N19/vectors,vectors,normal,1,normal,1,0.36721181869506836,0.6327882409095764
./out_ep/train/normal/nlung__TCTCATATCGATGAGG_LUNG_N34/vectors,vectors,normal,1,normal,1,0.2755909860134125,0.7244090437889099
./out_ep/train/normal/nlung__TCAGGATTCCAACCAA_LUNG_N34/vectors,vectors,normal,1,normal,1,0.27896982431411743,0.7210302352905273
./out_ep/train/normal/nlung__CTAACTTTCACCTCGT_LUNG_N28/vectors,vectors,normal,1,normal,1,0.2780546247959137,0.7219454646110535
./out_ep/train/normal/nlung__GATCGCGGTAGAGTGC_LUNG_N19/vectors,vectors,normal,1,normal,1,0.2773720324039459,0.7226279973983765
./out_ep/train/normal/nlung__TACTCGCTCGCCGTGA_LUNG_N18/vectors,vectors,normal,1,normal,1,0.302648663520813,0.697351336479187
./out_ep/train/normal/nlung__ACATCAGTCGCGTAGC_LUNG_N30/vectors,vectors,normal,1,normal,1,0.2804315984249115,0.7195684909820557
./out_ep/train/normal/nlung__TGAGCATAGTTTAGGA_LUNG_N08/vectors,vectors,normal,1,normal,1,0.2750247120857239,0.7249752283096313
./out_ep/train/normal/nlung__ATTATCCCACCTGGTG_LUNG_N09/vectors,vectors,normal,1,normal,1,0.28243425488471985,0.7175658345222473
./out_ep/train/normal/nlung__CTAGAGTAGCTAGTGG_LUNG_N28/vectors,vectors,normal,1,normal,1,0.2849551737308502,0.7150448560714722
./out_ep/train/normal/nlung__CACATAGTCTACTCAT_LUNG_N18/vectors,vectors,normal,1,normal,1,0.27547982335090637,0.724520206451416
./out_ep/train/normal/nlung__GGCGTGTTCCGTCAAA_LUNG_N18/vectors,vectors,normal,1,normal,1,0.2733546197414398,0.7266454100608826
./out_ep/train/normal/nlung__GCGCAACAGCTCAACT_LUNG_N09/vectors,vectors,normal,1,normal,1,0.28530973196029663,0.7146902680397034
./out_ep/train/normal/nlung__ACGCAGCGTACCAGTT_LUNG_N01/vectors,vectors,normal,1,normal,1,0.27775144577026367,0.7222485542297363
./out_ep/train/normal/nlung__TTTGTCACATCTCGCT_LUNG_N19/vectors,vectors,normal,1,normal,1,0.2979804277420044,0.7020196318626404
./out_ep/train/normal/nlung__TGGCGCATCAGCCTAA_LUNG_N08/vectors,vectors,normal,1,normal,1,0.2736031711101532,0.7263967990875244
./out_ep/train/normal/nlung__TCTATTGTCCTCCTAG_LUNG_N06/vectors,vectors,normal,1,normal,1,0.2732015550136566,0.7267984747886658
./out_ep/train/normal/nlung__CTGAAGTCAGTGAGTG_LUNG_N09/vectors,vectors,normal,1,normal,1,0.3135494887828827,0.6864504814147949
./out_ep/train/normal/nlung__ATTCTACTCCACGTGG_LUNG_N28/vectors,vectors,normal,1,normal,1,0.28578755259513855,0.7142124772071838
./out_ep/train/normal/nlung__GTCTCGTTCTCAAACG_LUNG_N01/vectors,vectors,normal,1,normal,1,0.2737882137298584,0.7262117862701416
./out_ep/train/normal/nlung__CGATTGACATCCAACA_LUNG_N18/vectors,vectors,normal,1,normal,1,0.29114145040512085,0.7088585495948792
./out_ep/train/normal/nlung__TGAGGGAGTACTTAGC_LUNG_N31/vectors,vectors,normal,1,normal,1,0.2784269154071808,0.7215731143951416
./out_ep/train/normal/nlung__CTACCCAAGATCCGAG_LUNG_N06/vectors,vectors,normal,1,normal,1,0.27357590198516846,0.7264240980148315
./out_ep/train/normal/nlung__AACTGGTGTTACCAGT_LUNG_N19/vectors,vectors,normal,1,normal,1,0.2936781644821167,0.7063217759132385
./out_ep/train/normal/nlung__CGGAGTCGTGAAATCA_LUNG_N01/vectors,vectors,normal,1,normal,1,0.28083357214927673,0.7191664576530457
./out_ep/train/normal/nlung__GGATGTTTCTTTCCTC_LUNG_N06/vectors,vectors,normal,1,normal,1,0.2738686501979828,0.7261314392089844
./out_ep/train/normal/nlung__GTGCTTCAGATGTGTA_LUNG_N01/vectors,vectors,normal,1,normal,1,0.2950616478919983,0.7049382925033569
./out_ep/train/normal/nlung__GTCTTCGAGTCGAGTG_LUNG_N30/vectors,vectors,normal,1,normal,1,0.27439993619918823,0.725600004196167
./out_ep/train/normal/nlung__AGGGTGAAGAATGTGT_LUNG_N18/vectors,vectors,normal,1,normal,1,0.3090187907218933,0.6909811496734619
./out_ep/train/normal/nlung__CTTCTCTCAACACGCC_LUNG_N20/vectors,vectors,normal,1,normal,1,0.27513429522514343,0.7248656749725342
./out_ep/train/normal/nlung__TACTCATCATCCTTGC_LUNG_N09/vectors,vectors,normal,1,normal,1,0.2744850516319275,0.7255149483680725
./out_ep/train/normal/nlung__TCGGTAATCCACTGGG_LUNG_N09/vectors,vectors,normal,1,normal,1,0.2746446132659912,0.7253553867340088
./out_ep/train/normal/nlung__CACACTCAGCGCTTAT_LUNG_N09/vectors,vectors,normal,1,normal,1,0.29434171319007874,0.7056583166122437
./out_ep/train/normal/nlung__CCCTCCTGTTTAGCTG_LUNG_N30/vectors,vectors,normal,1,normal,1,0.27309250831604004,0.72690749168396
./out_ep/train/normal/nlung__GACTACAGTCGCGTGT_LUNG_N18/vectors,vectors,normal,1,normal,1,0.2752377390861511,0.7247622013092041
./out_ep/train/normal/nlung__GATGAGGCAGGACGTA_LUNG_N30/vectors,vectors,normal,1,normal,1,0.2753732204437256,0.7246267199516296
./out_ep/train/normal/nlung__TACACGAAGTGAACGC_LUNG_N31/vectors,vectors,normal,1,normal,1,0.28212353587150574,0.7178764939308167
./out_ep/train/normal/nlung__CTCACACTCTTCAACT_LUNG_N34/vectors,vectors,normal,1,normal,1,0.27911409735679626,0.7208859324455261
./out_ep/train/normal/nlung__CTGAAGTTCCGTAGGC_LUNG_N18/vectors,vectors,normal,1,normal,1,0.3095909059047699,0.6904090642929077
./out_ep/train/normal/nlung__TACTCGCTCATTCACT_LUNG_N30/vectors,vectors,normal,1,normal,1,0.27517688274383545,0.7248231172561646
./out_ep/train/normal/nlung__TCTGGAATCAACACAC_LUNG_N20/vectors,vectors,normal,1,normal,1,0.27586829662323,0.72413170337677
./out_ep/train/normal/nlung__GTAACGTCATAGGATA_LUNG_N34/vectors,vectors,normal,1,normal,1,0.2750779986381531,0.7249220609664917
./out_ep/train/normal/nlung__ACGAGCCGTCCCTACT_LUNG_N09/vectors,vectors,normal,1,normal,1,0.2874036431312561,0.7125964164733887
./out_ep/train/normal/nlung__TACGGATTCACTGGGC_LUNG_N09/vectors,vectors,normal,1,normal,1,0.29892605543136597,0.7010738849639893
./out_ep/train/normal/nlung__CGTAGGCGTATAGGTA_LUNG_N09/vectors,vectors,normal,1,normal,1,0.30845218896865845,0.6915477514266968
./out_ep/train/normal/nlung__CATTATCTCCGTTGTC_LUNG_N31/vectors,vectors,normal,1,normal,1,0.3182831406593323,0.681716799736023
./out_ep/train/normal/nlung__CTCACACGTTACGTCA_LUNG_N18/vectors,vectors,normal,1,normal,1,0.28213128447532654,0.7178686857223511
./out_ep/train/normal/nlung__AGCTCTCCACCCAGTG_LUNG_N01/vectors,vectors,normal,1,normal,1,0.33432620763778687,0.6656737923622131
./out_ep/train/normal/nlung__AACCGCGCAGGCTGAA_LUNG_N09/vectors,vectors,normal,1,normal,1,0.28919288516044617,0.7108070850372314
./out_ep/train/normal/nlung__TCGGGACCAGGTCCAC_LUNG_N18/vectors,vectors,normal,1,normal,1,0.27586981654167175,0.7241302132606506
./out_ep/train/normal/nlung__CGCTATCAGGATGTAT_LUNG_N08/vectors,vectors,normal,1,normal,1,0.2736653685569763,0.7263346910476685
./out_ep/train/normal/nlung__TCCACACAGTACCGGA_LUNG_N18/vectors,vectors,normal,1,normal,1,0.2976246178150177,0.7023753523826599
./out_ep/train/normal/nlung__CAGAGAGGTTCCAACA_LUNG_N01/vectors,vectors,normal,1,normal,1,0.38328415155410767,0.6167158484458923
./out_ep/train/normal/nlung__TACTTACTCCGCTGTT_LUNG_N19/vectors,vectors,normal,1,normal,1,0.27935823798179626,0.7206417918205261
./out_ep/train/normal/nlung__CGTTAGACAGTCAGAG_LUNG_N18/vectors,vectors,normal,1,normal,1,0.2758713364601135,0.7241286039352417
./out_ep/train/normal/nlung__TATTACCAGGACATTA_LUNG_N31/vectors,vectors,normal,1,normal,1,0.2737579047679901,0.7262421250343323
./out_ep/train/normal/nlung__GATCAGTCAGCCAATT_LUNG_N18/vectors,vectors,normal,1,normal,1,0.2781817317008972,0.7218182682991028
./out_ep/train/normal/nlung__TCGCGTTAGGATGTAT_LUNG_N30/vectors,vectors,normal,1,normal,1,0.29290175437927246,0.7070982456207275
./out_ep/train/normal/nlung__GACGTGCCAGAGTGTG_LUNG_N09/vectors,vectors,normal,1,normal,1,0.2776152789592743,0.7223848104476929
./out_ep/train/normal/nlung__CTGATAGGTCCGAGTC_LUNG_N19/vectors,vectors,normal,1,normal,1,0.4374817907810211,0.562518298625946
./out_ep/train/normal/nlung__GGACATTAGCGATATA_LUNG_N31/vectors,vectors,normal,1,normal,1,0.29324471950531006,0.7067552208900452
./out_ep/train/normal/nlung__CGGACTGCACCGAATT_LUNG_N06/vectors,vectors,normal,1,normal,1,0.2735092043876648,0.72649085521698
./out_ep/train/normal/nlung__CCTTCCCAGAACTGTA_LUNG_N28/vectors,vectors,normal,1,normal,1,0.2757677435874939,0.7242322564125061
./out_ep/train/normal/nlung__GCGCCAACATTACGAC_LUNG_N31/vectors,vectors,normal,1,normal,1,0.29777613282203674,0.7022238373756409
./out_ep/train/normal/nlung__ACACCCTTCATTGCCC_LUNG_N01/vectors,vectors,normal,1,normal,1,0.27707090973854065,0.7229291796684265
./out_ep/train/normal/nlung__ATGCGATTCCCATTAT_LUNG_N09/vectors,vectors,normal,1,normal,1,0.28282248973846436,0.7171775102615356
./out_ep/train/normal/nlung__CAGTAACGTAGGCATG_LUNG_N34/vectors,vectors,normal,1,normal,1,0.27373969554901123,0.7262603044509888
./out_ep/train/normal/nlung__CTCATTAGTACCAGTT_LUNG_N31/vectors,vectors,normal,1,normal,1,0.2735258638858795,0.7264741063117981
./out_ep/train/normal/nlung__CTCGAGGCATTACGAC_LUNG_N19/vectors,vectors,normal,1,cancer,0,0.6118640303611755,0.3881359398365021
./out_ep/train/normal/nlung__TACGGTACACGACTCG_LUNG_N30/vectors,vectors,normal,1,normal,1,0.2812313139438629,0.7187687754631042
./out_ep/train/normal/nlung__CCGGTAGGTGGACGAT_LUNG_N28/vectors,vectors,normal,1,normal,1,0.3066194951534271,0.6933804750442505
./out_ep/train/normal/nlung__TGATTTCTCGGTCTAA_LUNG_N34/vectors,vectors,normal,1,normal,1,0.2789989709854126,0.7210010290145874
./out_ep/train/normal/nlung__GCACATACACGTCAGC_LUNG_N34/vectors,vectors,normal,1,normal,1,0.2745504081249237,0.7254496216773987
./out_ep/train/normal/nlung__TTGAACGTCTACCAGA_LUNG_N19/vectors,vectors,normal,1,normal,1,0.31317847967147827,0.6868215203285217
./out_ep/train/normal/nlung__TTGCCGTTCAACACCA_LUNG_N30/vectors,vectors,normal,1,normal,1,0.2932194471359253,0.7067805528640747
./out_ep/train/normal/nlung__ACGGGCTAGCGTTTAC_LUNG_N06/vectors,vectors,normal,1,normal,1,0.2744865417480469,0.7255133986473083
./out_ep/train/normal/nlung__AAATGCCAGTTTCCTT_LUNG_N08/vectors,vectors,normal,1,normal,1,0.27334094047546387,0.7266590595245361
./out_ep/train/normal/nlung__TTGGCAACATATGGTC_LUNG_N30/vectors,vectors,normal,1,normal,1,0.2745306193828583,0.7254693508148193
./out_ep/train/normal/nlung__TCTTTCCTCTGACCTC_LUNG_N06/vectors,vectors,normal,1,normal,1,0.29127687215805054,0.7087230682373047
./out_ep/train/normal/nlung__AGTGGGAGTATAAACG_LUNG_N19/vectors,vectors,normal,1,normal,1,0.2750856280326843,0.7249144315719604
./out_ep/train/normal/nlung__TCAGCTCCACCGAAAG_LUNG_N34/vectors,vectors,normal,1,normal,1,0.28198450803756714,0.7180155515670776
./out_ep/train/normal/nlung__AAATGCCTCGCATGGC_LUNG_N18/vectors,vectors,normal,1,normal,1,0.3048688471317291,0.6951311230659485
./out_ep/train/normal/nlung__ACTGCTCCACCTATCC_LUNG_N09/vectors,vectors,normal,1,normal,1,0.28342950344085693,0.7165704965591431
./out_ep/train/normal/nlung__ATAGACCAGATATGGT_LUNG_N18/vectors,vectors,normal,1,normal,1,0.2754204273223877,0.7245795726776123
./out_ep/train/normal/nlung__ACAGCTATCACTTATC_LUNG_N08/vectors,vectors,normal,1,normal,1,0.2776810824871063,0.7223189473152161
./out_ep/train/normal/nlung__TTTGTCATCCACGTTC_LUNG_N30/vectors,vectors,normal,1,normal,1,0.29957884550094604,0.700421154499054
./out_ep/train/normal/nlung__AACTTTCTCGGTCCGA_LUNG_N18/vectors,vectors,normal,1,normal,1,0.2861318290233612,0.7138681411743164
./out_ep/train/normal/nlung__TCAGGATTCCAAGCCG_LUNG_N28/vectors,vectors,normal,1,cancer,0,0.5032653212547302,0.4967346489429474
./out_ep/train/normal/nlung__AAAGATGGTTCACGGC_LUNG_N08/vectors,vectors,normal,1,normal,1,0.27461114525794983,0.7253888249397278
./out_ep/train/normal/nlung__CTGTGCTCACCAGGCT_LUNG_N08/vectors,vectors,normal,1,normal,1,0.2752925455570221,0.7247074246406555
./out_ep/train/normal/nlung__CCAATCCGTCCTCCAT_LUNG_N18/vectors,vectors,normal,1,normal,1,0.3006541132926941,0.6993458271026611
./out_ep/train/normal/nlung__TAGAGCTAGGTGCAAC_LUNG_N09/vectors,vectors,normal,1,normal,1,0.275221049785614,0.7247790098190308
./out_ep/train/normal/nlung__GAAATGAGTCAGATAA_LUNG_N06/vectors,vectors,normal,1,normal,1,0.2747510075569153,0.7252489924430847
./out_ep/train/normal/nlung__AAACCTGCACCGAAAG_LUNG_N30/vectors,vectors,normal,1,normal,1,0.2750566899776459,0.7249433398246765
./out_ep/train/normal/nlung__CGTCACTTCACATAGC_LUNG_N20/vectors,vectors,normal,1,normal,1,0.27537932991981506,0.7246206998825073
./out_ep/train/normal/nlung__CGCGGTAGTAGCTCCG_LUNG_N20/vectors,vectors,normal,1,normal,1,0.27817249298095703,0.7218274474143982
./out_ep/train/normal/nlung__TAAGCGTCACATTAGC_LUNG_N31/vectors,vectors,normal,1,normal,1,0.2757982015609741,0.7242018580436707
./out_ep/train/normal/nlung__CGTTGGGCAGCAGTTT_LUNG_N31/vectors,vectors,normal,1,normal,1,0.28246670961380005,0.7175332903862
./out_ep/train/normal/nlung__ACGCCGATCAAACAAG_LUNG_N08/vectors,vectors,normal,1,normal,1,0.274579256772995,0.7254207730293274
./out_ep/train/normal/nlung__CACCAGGGTTCATGGT_LUNG_N19/vectors,vectors,normal,1,normal,1,0.29171332716941833,0.708286702632904
./out_ep/train/normal/nlung__GCATGATGTCCGAACC_LUNG_N09/vectors,vectors,normal,1,normal,1,0.2852848470211029,0.7147152423858643
./out_ep/train/normal/nlung__TACCTTAGTTACTGAC_LUNG_N31/vectors,vectors,normal,1,normal,1,0.29723721742630005,0.7027627825737
./out_ep/train/normal/nlung__GTGCGGTTCGGCGGTT_LUNG_N34/vectors,vectors,normal,1,normal,1,0.27444857358932495,0.725551426410675
./out_ep/train/normal/nlung__CTCTGGTCAGTCGTGC_LUNG_N30/vectors,vectors,normal,1,normal,1,0.27512213587760925,0.7248778939247131
./out_ep/train/normal/nlung__ATTGGACGTTCTGAAC_LUNG_N09/vectors,vectors,normal,1,normal,1,0.4837932288646698,0.5162068009376526
./out_ep/train/normal/nlung__GTGTTAGTCACGAAGG_LUNG_N34/vectors,vectors,normal,1,normal,1,0.2801222801208496,0.7198777794837952
./out_ep/train/normal/nlung__CGTGTAACATTCGACA_LUNG_N19/vectors,vectors,normal,1,normal,1,0.2824775278568268,0.7175225019454956
./out_ep/train/normal/nlung__CACAGTAGTAGGACAC_LUNG_N34/vectors,vectors,normal,1,normal,1,0.2730849087238312,0.7269150614738464
./out_ep/train/normal/nlung__GTAGTCATCCGGCACA_LUNG_N09/vectors,vectors,normal,1,normal,1,0.30740511417388916,0.6925948858261108
./out_ep/train/normal/nlung__CCGGTAGCACGAGGTA_LUNG_N34/vectors,vectors,normal,1,normal,1,0.2972117066383362,0.702788233757019
./out_ep/train/normal/nlung__AGTGGGAGTGAGCGAT_LUNG_N20/vectors,vectors,normal,1,normal,1,0.29266318678855896,0.7073367238044739
./out_ep/train/normal/nlung__CGGACTGTCGAACTGT_LUNG_N34/vectors,vectors,normal,1,normal,1,0.2739141583442688,0.726085901260376
./out_ep/train/normal/nlung__CTCGGGAGTATATCCG_LUNG_N34/vectors,vectors,normal,1,normal,1,0.3367382287979126,0.6632618308067322
./out_ep/train/normal/nlung__TAGTTGGAGATATACG_LUNG_N18/vectors,vectors,normal,1,normal,1,0.27615490555763245,0.7238450646400452
./out_ep/train/normal/nlung__AGCAGCCGTACCGCTG_LUNG_N34/vectors,vectors,normal,1,normal,1,0.2887899875640869,0.7112100124359131
./out_ep/train/normal/nlung__GAACGGAGTCTAGGTT_LUNG_N30/vectors,vectors,normal,1,normal,1,0.2987726330757141,0.7012274265289307
./out_ep/train/normal/nlung__CCAGCGAAGATCGGGT_LUNG_N08/vectors,vectors,normal,1,normal,1,0.2766447067260742,0.7233553528785706
./out_ep/train/normal/nlung__ATAACGCGTTTGTGTG_LUNG_N31/vectors,vectors,normal,1,normal,1,0.3069942891597748,0.6930056810379028
./out_ep/train/normal/nlung__GATCGCGGTGGAAAGA_LUNG_N09/vectors,vectors,normal,1,normal,1,0.27335911989212036,0.7266408801078796
./out_ep/train/normal/nlung__CGCCAAGAGCGTGAAC_LUNG_N28/vectors,vectors,normal,1,normal,1,0.39093896746635437,0.6090610027313232
./out_ep/train/normal/nlung__TGACAACAGAAACCTA_LUNG_N09/vectors,vectors,normal,1,normal,1,0.2973758578300476,0.7026241421699524
./out_ep/train/normal/nlung__CCACCTATCGATCCCT_LUNG_N08/vectors,vectors,normal,1,normal,1,0.2745139002799988,0.7254860401153564
./out_ep/train/normal/nlung__CTCGTACTCCCATTAT_LUNG_N30/vectors,vectors,normal,1,normal,1,0.27295470237731934,0.7270452976226807
./out_ep/train/normal/nlung__ACTATCTAGCCGATTT_LUNG_N18/vectors,vectors,normal,1,normal,1,0.2977793514728546,0.702220618724823
./out_ep/train/normal/nlung__CGGGTCAGTCACAAGG_LUNG_N34/vectors,vectors,normal,1,normal,1,0.2750217020511627,0.7249782681465149
./out_ep/train/normal/nlung__TTTCCTCGTAAGTGTA_LUNG_N09/vectors,vectors,normal,1,normal,1,0.27624794840812683,0.7237520813941956
./out_ep/train/normal/nlung__TCTCTAATCCAACCAA_LUNG_N31/vectors,vectors,normal,1,normal,1,0.27409628033638,0.7259037494659424
./out_ep/train/normal/nlung__CCGTGGATCAGCTTAG_LUNG_N28/vectors,vectors,normal,1,normal,1,0.2824326455593109,0.7175672650337219
./out_ep/train/normal/nlung__CTCATTAAGACAGACC_LUNG_N01/vectors,vectors,normal,1,normal,1,0.27844375371932983,0.7215562462806702
./out_ep/train/normal/nlung__CTCTACGAGATGAGAG_LUNG_N34/vectors,vectors,normal,1,normal,1,0.30744731426239014,0.6925526261329651
./out_ep/train/normal/nlung__TTAACTCTCATGCATG_LUNG_N01/vectors,vectors,normal,1,normal,1,0.33486127853393555,0.6651386618614197
./out_ep/train/normal/nlung__TGAGGGACAATGAAAC_LUNG_N09/vectors,vectors,normal,1,normal,1,0.2755514085292816,0.7244486212730408
./out_ep/train/normal/nlung__GTATCTTCAAACTGCT_LUNG_N08/vectors,vectors,normal,1,normal,1,0.274210125207901,0.7257898449897766
./out_ep/train/normal/nlung__TGGTTCCGTTTGTGTG_LUNG_N31/vectors,vectors,normal,1,normal,1,0.28008684515953064,0.7199131846427917
./out_ep/train/normal/nlung__GTTACAGTCGCTTGTC_LUNG_N06/vectors,vectors,normal,1,normal,1,0.2730758488178253,0.7269241809844971
./out_ep/train/normal/nlung__GGGACCTCATTGAGCT_LUNG_N34/vectors,vectors,normal,1,normal,1,0.2783717215061188,0.7216283082962036
./out_ep/train/normal/nlung__GTCTCGTTCGGCTACG_LUNG_N31/vectors,vectors,normal,1,normal,1,0.27903735637664795,0.7209627032279968
./out_ep/train/normal/nlung__TAAGAGAGTGATAAAC_LUNG_N08/vectors,vectors,normal,1,normal,1,0.28315070271492004,0.7168493270874023
./out_ep/train/normal/nlung__ACGGGCTAGACCTTTG_LUNG_N09/vectors,vectors,normal,1,normal,1,0.2824079394340515,0.7175921201705933
./out_ep/train/normal/nlung__GACGCGTGTCTCACCT_LUNG_N06/vectors,vectors,normal,1,normal,1,0.28615209460258484,0.7138479351997375
./out_ep/train/normal/nlung__TACTCGCGTTACTGAC_LUNG_N18/vectors,vectors,normal,1,normal,1,0.27752193808555603,0.7224780321121216
./out_ep/train/normal/nlung__CGATTGAGTAGCTAAA_LUNG_N09/vectors,vectors,normal,1,normal,1,0.2838605046272278,0.716139554977417
./out_ep/train/normal/nlung__ATCCGAATCAGCACAT_LUNG_N01/vectors,vectors,normal,1,normal,1,0.2766309678554535,0.7233690023422241
./out_ep/train/normal/nlung__GCGAGAATCAGATAAG_LUNG_N20/vectors,vectors,normal,1,normal,1,0.40101322531700134,0.598986804485321
./out_ep/train/normal/nlung__TCGCGAGTCCATGCTC_LUNG_N34/vectors,vectors,normal,1,normal,1,0.28553223609924316,0.7144677639007568
./out_ep/train/normal/nlung__GCTCTGTGTCAGAGGT_LUNG_N09/vectors,vectors,normal,1,normal,1,0.2783809006214142,0.7216191291809082
./out_ep/train/normal/nlung__ACGTCAAGTGATAAAC_LUNG_N31/vectors,vectors,normal,1,normal,1,0.2895364761352539,0.7104635238647461
./out_ep/train/normal/nlung__GGCGACTGTAGCGTCC_LUNG_N20/vectors,vectors,normal,1,normal,1,0.28249919414520264,0.7175008058547974
./out_ep/train/normal/nlung__TGATTTCGTGGGTCAA_LUNG_N06/vectors,vectors,normal,1,normal,1,0.2753336727619171,0.7246663570404053
./out_ep/train/normal/nlung__TCAGCTCGTTTGACTG_LUNG_N09/vectors,vectors,normal,1,normal,1,0.3117034137248993,0.6882966160774231
./out_ep/train/normal/nlung__AGCTTGAGTTGGTTTG_LUNG_N34/vectors,vectors,normal,1,normal,1,0.29708901047706604,0.7029109001159668
./out_ep/train/normal/nlung__ATTGGTGCATTGGGCC_LUNG_N20/vectors,vectors,normal,1,normal,1,0.2851634919643402,0.7148365378379822
./out_ep/train/normal/nlung__GAACATCGTTGCGCAC_LUNG_N18/vectors,vectors,normal,1,normal,1,0.2857673168182373,0.7142326831817627
./out_ep/train/normal/nlung__CTCGAGGCACCCATGG_LUNG_N01/vectors,vectors,normal,1,normal,1,0.27525752782821655,0.7247424125671387
./out_ep/train/normal/nlung__GCATGCGAGAAAGTGG_LUNG_N01/vectors,vectors,normal,1,normal,1,0.27799028158187866,0.7220097780227661
./out_ep/train/normal/nlung__CAGTAACAGCCACGTC_LUNG_N19/vectors,vectors,normal,1,normal,1,0.2757509648799896,0.724249005317688
./out_ep/train/normal/nlung__CGGACGTGTCTCTCGT_LUNG_N19/vectors,vectors,normal,1,normal,1,0.29054346680641174,0.7094565033912659
./out_ep/train/normal/nlung__GGTGAAGGTCAGCTAT_LUNG_N31/vectors,vectors,normal,1,normal,1,0.2738625407218933,0.7261373996734619
./out_ep/train/normal/nlung__GTCCTCAAGCCCAATT_LUNG_N34/vectors,vectors,normal,1,normal,1,0.28226882219314575,0.717731237411499
./out_ep/train/normal/nlung__CGTGTCTAGTGCCATT_LUNG_N06/vectors,vectors,normal,1,normal,1,0.3813473582267761,0.6186526417732239
./out_ep/train/normal/nlung__CTTCTCTGTATAATGG_LUNG_N06/vectors,vectors,normal,1,normal,1,0.27463093400001526,0.7253690361976624
./out_ep/train/normal/nlung__GACTAACCAGTATAAG_LUNG_N08/vectors,vectors,normal,1,normal,1,0.28157690167427063,0.7184231877326965
./out_ep/train/normal/nlung__TGTTCCGAGTAACCCT_LUNG_N28/vectors,vectors,normal,1,normal,1,0.29992473125457764,0.7000752687454224
./out_ep/train/normal/nlung__GCTCCTAGTCCAGTAT_LUNG_N09/vectors,vectors,normal,1,normal,1,0.29547762870788574,0.7045223712921143
./out_ep/train/normal/nlung__CGAGCACAGAAACGAG_LUNG_N34/vectors,vectors,normal,1,normal,1,0.2729395627975464,0.7270604372024536
./out_ep/train/normal/nlung__AGCCTAAAGTGGTCCC_LUNG_N09/vectors,vectors,normal,1,normal,1,0.29175275564193726,0.7082473039627075
./out_ep/train/normal/nlung__ACACCGGGTCCTCTTG_LUNG_N20/vectors,vectors,normal,1,normal,1,0.2742389738559723,0.7257609367370605
./out_ep/train/normal/nlung__TGCTGCTGTCAACATC_LUNG_N30/vectors,vectors,normal,1,normal,1,0.2774653136730194,0.7225346565246582
./out_ep/train/normal/nlung__GGTGAAGAGAGTGACC_LUNG_N34/vectors,vectors,normal,1,normal,1,0.2766920328140259,0.7233079075813293
./out_ep/train/normal/nlung__CACAAACTCTGATACG_LUNG_N30/vectors,vectors,normal,1,normal,1,0.2821374237537384,0.7178625464439392
./out_ep/train/normal/nlung__ACTGTCCCACCTATCC_LUNG_N19/vectors,vectors,normal,1,normal,1,0.27453213930130005,0.7254678606987
./out_ep/train/normal/nlung__TGGTTAGAGCTGGAAC_LUNG_N01/vectors,vectors,normal,1,normal,1,0.28195515275001526,0.7180448174476624
./out_ep/train/normal/nlung__CTAGCCTAGGTGATTA_LUNG_N08/vectors,vectors,normal,1,normal,1,0.2779412865638733,0.7220587134361267
./out_ep/train/normal/nlung__GTCACGGTCACTTACT_LUNG_N01/vectors,vectors,normal,1,normal,1,0.2762082815170288,0.7237916588783264
./out_ep/train/normal/nlung__TGATTTCAGTATCTCG_LUNG_N34/vectors,vectors,normal,1,normal,1,0.2730304002761841,0.7269695401191711
./out_ep/train/normal/nlung__CCACTACCACATCTTT_LUNG_N18/vectors,vectors,normal,1,normal,1,0.27352434396743774,0.7264755964279175
./out_ep/train/normal/nlung__TCGGGACAGCCACCTG_LUNG_N08/vectors,vectors,normal,1,normal,1,0.2731682062149048,0.7268317937850952
./out_ep/train/normal/nlung__ATTTCTGTCACATAGC_LUNG_N18/vectors,vectors,normal,1,normal,1,0.2971193194389343,0.7028807401657104
./out_ep/train/normal/nlung__GTCCTCAGTAAATACG_LUNG_N09/vectors,vectors,normal,1,normal,1,0.34532430768013,0.6546757221221924
./out_ep/train/normal/nlung__TACGGGCAGCTGCCCA_LUNG_N09/vectors,vectors,normal,1,normal,1,0.3261221945285797,0.6738778352737427
./out_ep/train/normal/nlung__CCCATACCAGTACACT_LUNG_N09/vectors,vectors,normal,1,normal,1,0.3964168131351471,0.6035832166671753
./out_ep/train/normal/nlung__GTCACGGCATTCGACA_LUNG_N30/vectors,vectors,normal,1,normal,1,0.28173279762268066,0.7182672023773193
./out_ep/train/normal/nlung__CGCTTCAAGCTGTCTA_LUNG_N09/vectors,vectors,normal,1,normal,1,0.3213934600353241,0.6786065697669983
./out_ep/train/normal/nlung__CATTCGCCAAGAGGCT_LUNG_N34/vectors,vectors,normal,1,normal,1,0.36147287487983704,0.6385272145271301
./out_ep/train/normal/nlung__ATTGGACAGCTCCTCT_LUNG_N09/vectors,vectors,normal,1,normal,1,0.28655746579170227,0.7134425640106201
./out_ep/train/normal/nlung__CTGCCTAGTCAAGCGA_LUNG_N34/vectors,vectors,normal,1,normal,1,0.30375438928604126,0.696245551109314
./out_ep/train/normal/nlung__ACTGCTCCACAGACTT_LUNG_N18/vectors,vectors,normal,1,normal,1,0.29407399892807007,0.7059260010719299
./out_ep/train/normal/nlung__GGGAGATCACGGATAG_LUNG_N34/vectors,vectors,normal,1,normal,1,0.2734728455543518,0.726527214050293
./out_ep/train/normal/nlung__CTACGTCTCGGATGGA_LUNG_N08/vectors,vectors,normal,1,normal,1,0.27489545941352844,0.7251045107841492
./out_ep/train/normal/nlung__ACCTTTAGTAGAGTGC_LUNG_N08/vectors,vectors,normal,1,normal,1,0.27938130497932434,0.720618724822998
./out_ep/train/normal/nlung__ACGAGGAGTCTAAACC_LUNG_N34/vectors,vectors,normal,1,cancer,0,0.7693023681640625,0.2306976020336151
